
===========================================================================
report_checks -path_delay min (Hold)
============================================================================
======================= nom_ss_100C_1v60 Corner ===================================

Startpoint: _18570_ (rising edge-triggered flip-flop clocked by clk)
Endpoint: _18571_ (rising edge-triggered flip-flop clocked by clk)
Path Group: clk
Path Type: min

Fanout         Cap        Slew       Delay        Time   Description
---------------------------------------------------------------------------------------------
                      0.150000    0.000000    0.000000   clock clk (rise edge)
                                  0.000000    0.000000   clock network delay (ideal)
                      0.150000    0.000000    0.000000 ^ _18570_/CLK (sky130_fd_sc_hd__dfrtp_1)
     1    0.001853    0.069470    0.659265    0.659265 ^ _18570_/Q (sky130_fd_sc_hd__dfrtp_1)
                                                         v_r (net)
                      0.069470    0.000000    0.659265 ^ _18571_/D (sky130_fd_sc_hd__dfrtp_1)
                                              0.659265   data arrival time

                      0.150000    0.000000    0.000000   clock clk (rise edge)
                                  0.000000    0.000000   clock network delay (ideal)
                                  0.250000    0.250000   clock uncertainty
                                  0.000000    0.250000   clock reconvergence pessimism
                                              0.250000 ^ _18571_/CLK (sky130_fd_sc_hd__dfrtp_1)
                                 -0.063692    0.186308   library hold time
                                              0.186308   data required time
---------------------------------------------------------------------------------------------
                                              0.186308   data required time
                                             -0.659265   data arrival time
---------------------------------------------------------------------------------------------
                                              0.472957   slack (MET)


Startpoint: a[0] (input port clocked by clk)
Endpoint: _18474_ (rising edge-triggered flip-flop clocked by clk)
Path Group: clk
Path Type: min

Fanout         Cap        Slew       Delay        Time   Description
---------------------------------------------------------------------------------------------
                      0.150000    0.000000    0.000000   clock clk (rise edge)
                                  0.000000    0.000000   clock network delay (ideal)
                                  2.000000    2.000000 v input external delay
     1    0.001838    0.015196    0.006181    2.006181 v a[0] (in)
                                                         a[0] (net)
                      0.015196    0.000000    2.006181 v _18474_/D (sky130_fd_sc_hd__dfrtp_1)
                                              2.006181   data arrival time

                      0.150000    0.000000    0.000000   clock clk (rise edge)
                                  0.000000    0.000000   clock network delay (ideal)
                                  0.250000    0.250000   clock uncertainty
                                  0.000000    0.250000   clock reconvergence pessimism
                                              0.250000 ^ _18474_/CLK (sky130_fd_sc_hd__dfrtp_1)
                                 -0.057429    0.192571   library hold time
                                              0.192571   data required time
---------------------------------------------------------------------------------------------
                                              0.192571   data required time
                                             -2.006181   data arrival time
---------------------------------------------------------------------------------------------
                                              1.813610   slack (MET)


Startpoint: a[1] (input port clocked by clk)
Endpoint: _18475_ (rising edge-triggered flip-flop clocked by clk)
Path Group: clk
Path Type: min

Fanout         Cap        Slew       Delay        Time   Description
---------------------------------------------------------------------------------------------
                      0.150000    0.000000    0.000000   clock clk (rise edge)
                                  0.000000    0.000000   clock network delay (ideal)
                                  2.000000    2.000000 v input external delay
     1    0.001838    0.015196    0.006181    2.006181 v a[1] (in)
                                                         a[1] (net)
                      0.015196    0.000000    2.006181 v _18475_/D (sky130_fd_sc_hd__dfrtp_1)
                                              2.006181   data arrival time

                      0.150000    0.000000    0.000000   clock clk (rise edge)
                                  0.000000    0.000000   clock network delay (ideal)
                                  0.250000    0.250000   clock uncertainty
                                  0.000000    0.250000   clock reconvergence pessimism
                                              0.250000 ^ _18475_/CLK (sky130_fd_sc_hd__dfrtp_1)
                                 -0.057429    0.192571   library hold time
                                              0.192571   data required time
---------------------------------------------------------------------------------------------
                                              0.192571   data required time
                                             -2.006181   data arrival time
---------------------------------------------------------------------------------------------
                                              1.813610   slack (MET)


Startpoint: a[2] (input port clocked by clk)
Endpoint: _18476_ (rising edge-triggered flip-flop clocked by clk)
Path Group: clk
Path Type: min

Fanout         Cap        Slew       Delay        Time   Description
---------------------------------------------------------------------------------------------
                      0.150000    0.000000    0.000000   clock clk (rise edge)
                                  0.000000    0.000000   clock network delay (ideal)
                                  2.000000    2.000000 v input external delay
     1    0.001838    0.015196    0.006181    2.006181 v a[2] (in)
                                                         a[2] (net)
                      0.015196    0.000000    2.006181 v _18476_/D (sky130_fd_sc_hd__dfrtp_1)
                                              2.006181   data arrival time

                      0.150000    0.000000    0.000000   clock clk (rise edge)
                                  0.000000    0.000000   clock network delay (ideal)
                                  0.250000    0.250000   clock uncertainty
                                  0.000000    0.250000   clock reconvergence pessimism
                                              0.250000 ^ _18476_/CLK (sky130_fd_sc_hd__dfrtp_1)
                                 -0.057429    0.192571   library hold time
                                              0.192571   data required time
---------------------------------------------------------------------------------------------
                                              0.192571   data required time
                                             -2.006181   data arrival time
---------------------------------------------------------------------------------------------
                                              1.813610   slack (MET)


Startpoint: a[3] (input port clocked by clk)
Endpoint: _18477_ (rising edge-triggered flip-flop clocked by clk)
Path Group: clk
Path Type: min

Fanout         Cap        Slew       Delay        Time   Description
---------------------------------------------------------------------------------------------
                      0.150000    0.000000    0.000000   clock clk (rise edge)
                                  0.000000    0.000000   clock network delay (ideal)
                                  2.000000    2.000000 v input external delay
     1    0.001838    0.015196    0.006181    2.006181 v a[3] (in)
                                                         a[3] (net)
                      0.015196    0.000000    2.006181 v _18477_/D (sky130_fd_sc_hd__dfrtp_1)
                                              2.006181   data arrival time

                      0.150000    0.000000    0.000000   clock clk (rise edge)
                                  0.000000    0.000000   clock network delay (ideal)
                                  0.250000    0.250000   clock uncertainty
                                  0.000000    0.250000   clock reconvergence pessimism
                                              0.250000 ^ _18477_/CLK (sky130_fd_sc_hd__dfrtp_1)
                                 -0.057429    0.192571   library hold time
                                              0.192571   data required time
---------------------------------------------------------------------------------------------
                                              0.192571   data required time
                                             -2.006181   data arrival time
---------------------------------------------------------------------------------------------
                                              1.813610   slack (MET)


Startpoint: a[4] (input port clocked by clk)
Endpoint: _18478_ (rising edge-triggered flip-flop clocked by clk)
Path Group: clk
Path Type: min

Fanout         Cap        Slew       Delay        Time   Description
---------------------------------------------------------------------------------------------
                      0.150000    0.000000    0.000000   clock clk (rise edge)
                                  0.000000    0.000000   clock network delay (ideal)
                                  2.000000    2.000000 v input external delay
     1    0.001838    0.015196    0.006181    2.006181 v a[4] (in)
                                                         a[4] (net)
                      0.015196    0.000000    2.006181 v _18478_/D (sky130_fd_sc_hd__dfrtp_1)
                                              2.006181   data arrival time

                      0.150000    0.000000    0.000000   clock clk (rise edge)
                                  0.000000    0.000000   clock network delay (ideal)
                                  0.250000    0.250000   clock uncertainty
                                  0.000000    0.250000   clock reconvergence pessimism
                                              0.250000 ^ _18478_/CLK (sky130_fd_sc_hd__dfrtp_1)
                                 -0.057429    0.192571   library hold time
                                              0.192571   data required time
---------------------------------------------------------------------------------------------
                                              0.192571   data required time
                                             -2.006181   data arrival time
---------------------------------------------------------------------------------------------
                                              1.813610   slack (MET)


Startpoint: a[5] (input port clocked by clk)
Endpoint: _18479_ (rising edge-triggered flip-flop clocked by clk)
Path Group: clk
Path Type: min

Fanout         Cap        Slew       Delay        Time   Description
---------------------------------------------------------------------------------------------
                      0.150000    0.000000    0.000000   clock clk (rise edge)
                                  0.000000    0.000000   clock network delay (ideal)
                                  2.000000    2.000000 v input external delay
     1    0.001838    0.015196    0.006181    2.006181 v a[5] (in)
                                                         a[5] (net)
                      0.015196    0.000000    2.006181 v _18479_/D (sky130_fd_sc_hd__dfrtp_1)
                                              2.006181   data arrival time

                      0.150000    0.000000    0.000000   clock clk (rise edge)
                                  0.000000    0.000000   clock network delay (ideal)
                                  0.250000    0.250000   clock uncertainty
                                  0.000000    0.250000   clock reconvergence pessimism
                                              0.250000 ^ _18479_/CLK (sky130_fd_sc_hd__dfrtp_1)
                                 -0.057429    0.192571   library hold time
                                              0.192571   data required time
---------------------------------------------------------------------------------------------
                                              0.192571   data required time
                                             -2.006181   data arrival time
---------------------------------------------------------------------------------------------
                                              1.813610   slack (MET)


Startpoint: a[6] (input port clocked by clk)
Endpoint: _18480_ (rising edge-triggered flip-flop clocked by clk)
Path Group: clk
Path Type: min

Fanout         Cap        Slew       Delay        Time   Description
---------------------------------------------------------------------------------------------
                      0.150000    0.000000    0.000000   clock clk (rise edge)
                                  0.000000    0.000000   clock network delay (ideal)
                                  2.000000    2.000000 v input external delay
     1    0.001838    0.015196    0.006181    2.006181 v a[6] (in)
                                                         a[6] (net)
                      0.015196    0.000000    2.006181 v _18480_/D (sky130_fd_sc_hd__dfrtp_1)
                                              2.006181   data arrival time

                      0.150000    0.000000    0.000000   clock clk (rise edge)
                                  0.000000    0.000000   clock network delay (ideal)
                                  0.250000    0.250000   clock uncertainty
                                  0.000000    0.250000   clock reconvergence pessimism
                                              0.250000 ^ _18480_/CLK (sky130_fd_sc_hd__dfrtp_1)
                                 -0.057429    0.192571   library hold time
                                              0.192571   data required time
---------------------------------------------------------------------------------------------
                                              0.192571   data required time
                                             -2.006181   data arrival time
---------------------------------------------------------------------------------------------
                                              1.813610   slack (MET)


Startpoint: a[7] (input port clocked by clk)
Endpoint: _18481_ (rising edge-triggered flip-flop clocked by clk)
Path Group: clk
Path Type: min

Fanout         Cap        Slew       Delay        Time   Description
---------------------------------------------------------------------------------------------
                      0.150000    0.000000    0.000000   clock clk (rise edge)
                                  0.000000    0.000000   clock network delay (ideal)
                                  2.000000    2.000000 v input external delay
     1    0.001838    0.015196    0.006181    2.006181 v a[7] (in)
                                                         a[7] (net)
                      0.015196    0.000000    2.006181 v _18481_/D (sky130_fd_sc_hd__dfrtp_1)
                                              2.006181   data arrival time

                      0.150000    0.000000    0.000000   clock clk (rise edge)
                                  0.000000    0.000000   clock network delay (ideal)
                                  0.250000    0.250000   clock uncertainty
                                  0.000000    0.250000   clock reconvergence pessimism
                                              0.250000 ^ _18481_/CLK (sky130_fd_sc_hd__dfrtp_1)
                                 -0.057429    0.192571   library hold time
                                              0.192571   data required time
---------------------------------------------------------------------------------------------
                                              0.192571   data required time
                                             -2.006181   data arrival time
---------------------------------------------------------------------------------------------
                                              1.813610   slack (MET)


Startpoint: a[8] (input port clocked by clk)
Endpoint: _18482_ (rising edge-triggered flip-flop clocked by clk)
Path Group: clk
Path Type: min

Fanout         Cap        Slew       Delay        Time   Description
---------------------------------------------------------------------------------------------
                      0.150000    0.000000    0.000000   clock clk (rise edge)
                                  0.000000    0.000000   clock network delay (ideal)
                                  2.000000    2.000000 v input external delay
     1    0.001838    0.015196    0.006181    2.006181 v a[8] (in)
                                                         a[8] (net)
                      0.015196    0.000000    2.006181 v _18482_/D (sky130_fd_sc_hd__dfrtp_1)
                                              2.006181   data arrival time

                      0.150000    0.000000    0.000000   clock clk (rise edge)
                                  0.000000    0.000000   clock network delay (ideal)
                                  0.250000    0.250000   clock uncertainty
                                  0.000000    0.250000   clock reconvergence pessimism
                                              0.250000 ^ _18482_/CLK (sky130_fd_sc_hd__dfrtp_1)
                                 -0.057429    0.192571   library hold time
                                              0.192571   data required time
---------------------------------------------------------------------------------------------
                                              0.192571   data required time
                                             -2.006181   data arrival time
---------------------------------------------------------------------------------------------
                                              1.813610   slack (MET)


Startpoint: a[9] (input port clocked by clk)
Endpoint: _18483_ (rising edge-triggered flip-flop clocked by clk)
Path Group: clk
Path Type: min

Fanout         Cap        Slew       Delay        Time   Description
---------------------------------------------------------------------------------------------
                      0.150000    0.000000    0.000000   clock clk (rise edge)
                                  0.000000    0.000000   clock network delay (ideal)
                                  2.000000    2.000000 v input external delay
     1    0.001838    0.015196    0.006181    2.006181 v a[9] (in)
                                                         a[9] (net)
                      0.015196    0.000000    2.006181 v _18483_/D (sky130_fd_sc_hd__dfrtp_1)
                                              2.006181   data arrival time

                      0.150000    0.000000    0.000000   clock clk (rise edge)
                                  0.000000    0.000000   clock network delay (ideal)
                                  0.250000    0.250000   clock uncertainty
                                  0.000000    0.250000   clock reconvergence pessimism
                                              0.250000 ^ _18483_/CLK (sky130_fd_sc_hd__dfrtp_1)
                                 -0.057429    0.192571   library hold time
                                              0.192571   data required time
---------------------------------------------------------------------------------------------
                                              0.192571   data required time
                                             -2.006181   data arrival time
---------------------------------------------------------------------------------------------
                                              1.813610   slack (MET)


Startpoint: a[10] (input port clocked by clk)
Endpoint: _18484_ (rising edge-triggered flip-flop clocked by clk)
Path Group: clk
Path Type: min

Fanout         Cap        Slew       Delay        Time   Description
---------------------------------------------------------------------------------------------
                      0.150000    0.000000    0.000000   clock clk (rise edge)
                                  0.000000    0.000000   clock network delay (ideal)
                                  2.000000    2.000000 v input external delay
     1    0.001838    0.015196    0.006181    2.006181 v a[10] (in)
                                                         a[10] (net)
                      0.015196    0.000000    2.006181 v _18484_/D (sky130_fd_sc_hd__dfrtp_1)
                                              2.006181   data arrival time

                      0.150000    0.000000    0.000000   clock clk (rise edge)
                                  0.000000    0.000000   clock network delay (ideal)
                                  0.250000    0.250000   clock uncertainty
                                  0.000000    0.250000   clock reconvergence pessimism
                                              0.250000 ^ _18484_/CLK (sky130_fd_sc_hd__dfrtp_1)
                                 -0.057429    0.192571   library hold time
                                              0.192571   data required time
---------------------------------------------------------------------------------------------
                                              0.192571   data required time
                                             -2.006181   data arrival time
---------------------------------------------------------------------------------------------
                                              1.813610   slack (MET)


Startpoint: a[11] (input port clocked by clk)
Endpoint: _18485_ (rising edge-triggered flip-flop clocked by clk)
Path Group: clk
Path Type: min

Fanout         Cap        Slew       Delay        Time   Description
---------------------------------------------------------------------------------------------
                      0.150000    0.000000    0.000000   clock clk (rise edge)
                                  0.000000    0.000000   clock network delay (ideal)
                                  2.000000    2.000000 v input external delay
     1    0.001838    0.015196    0.006181    2.006181 v a[11] (in)
                                                         a[11] (net)
                      0.015196    0.000000    2.006181 v _18485_/D (sky130_fd_sc_hd__dfrtp_1)
                                              2.006181   data arrival time

                      0.150000    0.000000    0.000000   clock clk (rise edge)
                                  0.000000    0.000000   clock network delay (ideal)
                                  0.250000    0.250000   clock uncertainty
                                  0.000000    0.250000   clock reconvergence pessimism
                                              0.250000 ^ _18485_/CLK (sky130_fd_sc_hd__dfrtp_1)
                                 -0.057429    0.192571   library hold time
                                              0.192571   data required time
---------------------------------------------------------------------------------------------
                                              0.192571   data required time
                                             -2.006181   data arrival time
---------------------------------------------------------------------------------------------
                                              1.813610   slack (MET)


Startpoint: a[12] (input port clocked by clk)
Endpoint: _18486_ (rising edge-triggered flip-flop clocked by clk)
Path Group: clk
Path Type: min

Fanout         Cap        Slew       Delay        Time   Description
---------------------------------------------------------------------------------------------
                      0.150000    0.000000    0.000000   clock clk (rise edge)
                                  0.000000    0.000000   clock network delay (ideal)
                                  2.000000    2.000000 v input external delay
     1    0.001838    0.015196    0.006181    2.006181 v a[12] (in)
                                                         a[12] (net)
                      0.015196    0.000000    2.006181 v _18486_/D (sky130_fd_sc_hd__dfrtp_1)
                                              2.006181   data arrival time

                      0.150000    0.000000    0.000000   clock clk (rise edge)
                                  0.000000    0.000000   clock network delay (ideal)
                                  0.250000    0.250000   clock uncertainty
                                  0.000000    0.250000   clock reconvergence pessimism
                                              0.250000 ^ _18486_/CLK (sky130_fd_sc_hd__dfrtp_1)
                                 -0.057429    0.192571   library hold time
                                              0.192571   data required time
---------------------------------------------------------------------------------------------
                                              0.192571   data required time
                                             -2.006181   data arrival time
---------------------------------------------------------------------------------------------
                                              1.813610   slack (MET)


Startpoint: a[13] (input port clocked by clk)
Endpoint: _18487_ (rising edge-triggered flip-flop clocked by clk)
Path Group: clk
Path Type: min

Fanout         Cap        Slew       Delay        Time   Description
---------------------------------------------------------------------------------------------
                      0.150000    0.000000    0.000000   clock clk (rise edge)
                                  0.000000    0.000000   clock network delay (ideal)
                                  2.000000    2.000000 v input external delay
     1    0.001838    0.015196    0.006181    2.006181 v a[13] (in)
                                                         a[13] (net)
                      0.015196    0.000000    2.006181 v _18487_/D (sky130_fd_sc_hd__dfrtp_1)
                                              2.006181   data arrival time

                      0.150000    0.000000    0.000000   clock clk (rise edge)
                                  0.000000    0.000000   clock network delay (ideal)
                                  0.250000    0.250000   clock uncertainty
                                  0.000000    0.250000   clock reconvergence pessimism
                                              0.250000 ^ _18487_/CLK (sky130_fd_sc_hd__dfrtp_1)
                                 -0.057429    0.192571   library hold time
                                              0.192571   data required time
---------------------------------------------------------------------------------------------
                                              0.192571   data required time
                                             -2.006181   data arrival time
---------------------------------------------------------------------------------------------
                                              1.813610   slack (MET)


Startpoint: a[14] (input port clocked by clk)
Endpoint: _18488_ (rising edge-triggered flip-flop clocked by clk)
Path Group: clk
Path Type: min

Fanout         Cap        Slew       Delay        Time   Description
---------------------------------------------------------------------------------------------
                      0.150000    0.000000    0.000000   clock clk (rise edge)
                                  0.000000    0.000000   clock network delay (ideal)
                                  2.000000    2.000000 v input external delay
     1    0.001838    0.015196    0.006181    2.006181 v a[14] (in)
                                                         a[14] (net)
                      0.015196    0.000000    2.006181 v _18488_/D (sky130_fd_sc_hd__dfrtp_1)
                                              2.006181   data arrival time

                      0.150000    0.000000    0.000000   clock clk (rise edge)
                                  0.000000    0.000000   clock network delay (ideal)
                                  0.250000    0.250000   clock uncertainty
                                  0.000000    0.250000   clock reconvergence pessimism
                                              0.250000 ^ _18488_/CLK (sky130_fd_sc_hd__dfrtp_1)
                                 -0.057429    0.192571   library hold time
                                              0.192571   data required time
---------------------------------------------------------------------------------------------
                                              0.192571   data required time
                                             -2.006181   data arrival time
---------------------------------------------------------------------------------------------
                                              1.813610   slack (MET)


Startpoint: a[15] (input port clocked by clk)
Endpoint: _18489_ (rising edge-triggered flip-flop clocked by clk)
Path Group: clk
Path Type: min

Fanout         Cap        Slew       Delay        Time   Description
---------------------------------------------------------------------------------------------
                      0.150000    0.000000    0.000000   clock clk (rise edge)
                                  0.000000    0.000000   clock network delay (ideal)
                                  2.000000    2.000000 v input external delay
     1    0.001838    0.015196    0.006181    2.006181 v a[15] (in)
                                                         a[15] (net)
                      0.015196    0.000000    2.006181 v _18489_/D (sky130_fd_sc_hd__dfrtp_1)
                                              2.006181   data arrival time

                      0.150000    0.000000    0.000000   clock clk (rise edge)
                                  0.000000    0.000000   clock network delay (ideal)
                                  0.250000    0.250000   clock uncertainty
                                  0.000000    0.250000   clock reconvergence pessimism
                                              0.250000 ^ _18489_/CLK (sky130_fd_sc_hd__dfrtp_1)
                                 -0.057429    0.192571   library hold time
                                              0.192571   data required time
---------------------------------------------------------------------------------------------
                                              0.192571   data required time
                                             -2.006181   data arrival time
---------------------------------------------------------------------------------------------
                                              1.813610   slack (MET)


Startpoint: a[16] (input port clocked by clk)
Endpoint: _18490_ (rising edge-triggered flip-flop clocked by clk)
Path Group: clk
Path Type: min

Fanout         Cap        Slew       Delay        Time   Description
---------------------------------------------------------------------------------------------
                      0.150000    0.000000    0.000000   clock clk (rise edge)
                                  0.000000    0.000000   clock network delay (ideal)
                                  2.000000    2.000000 v input external delay
     1    0.001838    0.015196    0.006181    2.006181 v a[16] (in)
                                                         a[16] (net)
                      0.015196    0.000000    2.006181 v _18490_/D (sky130_fd_sc_hd__dfrtp_1)
                                              2.006181   data arrival time

                      0.150000    0.000000    0.000000   clock clk (rise edge)
                                  0.000000    0.000000   clock network delay (ideal)
                                  0.250000    0.250000   clock uncertainty
                                  0.000000    0.250000   clock reconvergence pessimism
                                              0.250000 ^ _18490_/CLK (sky130_fd_sc_hd__dfrtp_1)
                                 -0.057429    0.192571   library hold time
                                              0.192571   data required time
---------------------------------------------------------------------------------------------
                                              0.192571   data required time
                                             -2.006181   data arrival time
---------------------------------------------------------------------------------------------
                                              1.813610   slack (MET)


Startpoint: a[17] (input port clocked by clk)
Endpoint: _18491_ (rising edge-triggered flip-flop clocked by clk)
Path Group: clk
Path Type: min

Fanout         Cap        Slew       Delay        Time   Description
---------------------------------------------------------------------------------------------
                      0.150000    0.000000    0.000000   clock clk (rise edge)
                                  0.000000    0.000000   clock network delay (ideal)
                                  2.000000    2.000000 v input external delay
     1    0.001838    0.015196    0.006181    2.006181 v a[17] (in)
                                                         a[17] (net)
                      0.015196    0.000000    2.006181 v _18491_/D (sky130_fd_sc_hd__dfrtp_1)
                                              2.006181   data arrival time

                      0.150000    0.000000    0.000000   clock clk (rise edge)
                                  0.000000    0.000000   clock network delay (ideal)
                                  0.250000    0.250000   clock uncertainty
                                  0.000000    0.250000   clock reconvergence pessimism
                                              0.250000 ^ _18491_/CLK (sky130_fd_sc_hd__dfrtp_1)
                                 -0.057429    0.192571   library hold time
                                              0.192571   data required time
---------------------------------------------------------------------------------------------
                                              0.192571   data required time
                                             -2.006181   data arrival time
---------------------------------------------------------------------------------------------
                                              1.813610   slack (MET)


Startpoint: a[18] (input port clocked by clk)
Endpoint: _18492_ (rising edge-triggered flip-flop clocked by clk)
Path Group: clk
Path Type: min

Fanout         Cap        Slew       Delay        Time   Description
---------------------------------------------------------------------------------------------
                      0.150000    0.000000    0.000000   clock clk (rise edge)
                                  0.000000    0.000000   clock network delay (ideal)
                                  2.000000    2.000000 v input external delay
     1    0.001838    0.015196    0.006181    2.006181 v a[18] (in)
                                                         a[18] (net)
                      0.015196    0.000000    2.006181 v _18492_/D (sky130_fd_sc_hd__dfrtp_1)
                                              2.006181   data arrival time

                      0.150000    0.000000    0.000000   clock clk (rise edge)
                                  0.000000    0.000000   clock network delay (ideal)
                                  0.250000    0.250000   clock uncertainty
                                  0.000000    0.250000   clock reconvergence pessimism
                                              0.250000 ^ _18492_/CLK (sky130_fd_sc_hd__dfrtp_1)
                                 -0.057429    0.192571   library hold time
                                              0.192571   data required time
---------------------------------------------------------------------------------------------
                                              0.192571   data required time
                                             -2.006181   data arrival time
---------------------------------------------------------------------------------------------
                                              1.813610   slack (MET)


Startpoint: a[19] (input port clocked by clk)
Endpoint: _18493_ (rising edge-triggered flip-flop clocked by clk)
Path Group: clk
Path Type: min

Fanout         Cap        Slew       Delay        Time   Description
---------------------------------------------------------------------------------------------
                      0.150000    0.000000    0.000000   clock clk (rise edge)
                                  0.000000    0.000000   clock network delay (ideal)
                                  2.000000    2.000000 v input external delay
     1    0.001838    0.015196    0.006181    2.006181 v a[19] (in)
                                                         a[19] (net)
                      0.015196    0.000000    2.006181 v _18493_/D (sky130_fd_sc_hd__dfrtp_1)
                                              2.006181   data arrival time

                      0.150000    0.000000    0.000000   clock clk (rise edge)
                                  0.000000    0.000000   clock network delay (ideal)
                                  0.250000    0.250000   clock uncertainty
                                  0.000000    0.250000   clock reconvergence pessimism
                                              0.250000 ^ _18493_/CLK (sky130_fd_sc_hd__dfrtp_1)
                                 -0.057429    0.192571   library hold time
                                              0.192571   data required time
---------------------------------------------------------------------------------------------
                                              0.192571   data required time
                                             -2.006181   data arrival time
---------------------------------------------------------------------------------------------
                                              1.813610   slack (MET)


Startpoint: a[20] (input port clocked by clk)
Endpoint: _18494_ (rising edge-triggered flip-flop clocked by clk)
Path Group: clk
Path Type: min

Fanout         Cap        Slew       Delay        Time   Description
---------------------------------------------------------------------------------------------
                      0.150000    0.000000    0.000000   clock clk (rise edge)
                                  0.000000    0.000000   clock network delay (ideal)
                                  2.000000    2.000000 v input external delay
     1    0.001838    0.015196    0.006181    2.006181 v a[20] (in)
                                                         a[20] (net)
                      0.015196    0.000000    2.006181 v _18494_/D (sky130_fd_sc_hd__dfrtp_1)
                                              2.006181   data arrival time

                      0.150000    0.000000    0.000000   clock clk (rise edge)
                                  0.000000    0.000000   clock network delay (ideal)
                                  0.250000    0.250000   clock uncertainty
                                  0.000000    0.250000   clock reconvergence pessimism
                                              0.250000 ^ _18494_/CLK (sky130_fd_sc_hd__dfrtp_1)
                                 -0.057429    0.192571   library hold time
                                              0.192571   data required time
---------------------------------------------------------------------------------------------
                                              0.192571   data required time
                                             -2.006181   data arrival time
---------------------------------------------------------------------------------------------
                                              1.813610   slack (MET)


Startpoint: a[21] (input port clocked by clk)
Endpoint: _18495_ (rising edge-triggered flip-flop clocked by clk)
Path Group: clk
Path Type: min

Fanout         Cap        Slew       Delay        Time   Description
---------------------------------------------------------------------------------------------
                      0.150000    0.000000    0.000000   clock clk (rise edge)
                                  0.000000    0.000000   clock network delay (ideal)
                                  2.000000    2.000000 v input external delay
     1    0.001838    0.015196    0.006181    2.006181 v a[21] (in)
                                                         a[21] (net)
                      0.015196    0.000000    2.006181 v _18495_/D (sky130_fd_sc_hd__dfrtp_1)
                                              2.006181   data arrival time

                      0.150000    0.000000    0.000000   clock clk (rise edge)
                                  0.000000    0.000000   clock network delay (ideal)
                                  0.250000    0.250000   clock uncertainty
                                  0.000000    0.250000   clock reconvergence pessimism
                                              0.250000 ^ _18495_/CLK (sky130_fd_sc_hd__dfrtp_1)
                                 -0.057429    0.192571   library hold time
                                              0.192571   data required time
---------------------------------------------------------------------------------------------
                                              0.192571   data required time
                                             -2.006181   data arrival time
---------------------------------------------------------------------------------------------
                                              1.813610   slack (MET)


Startpoint: a[22] (input port clocked by clk)
Endpoint: _18496_ (rising edge-triggered flip-flop clocked by clk)
Path Group: clk
Path Type: min

Fanout         Cap        Slew       Delay        Time   Description
---------------------------------------------------------------------------------------------
                      0.150000    0.000000    0.000000   clock clk (rise edge)
                                  0.000000    0.000000   clock network delay (ideal)
                                  2.000000    2.000000 v input external delay
     1    0.001838    0.015196    0.006181    2.006181 v a[22] (in)
                                                         a[22] (net)
                      0.015196    0.000000    2.006181 v _18496_/D (sky130_fd_sc_hd__dfrtp_1)
                                              2.006181   data arrival time

                      0.150000    0.000000    0.000000   clock clk (rise edge)
                                  0.000000    0.000000   clock network delay (ideal)
                                  0.250000    0.250000   clock uncertainty
                                  0.000000    0.250000   clock reconvergence pessimism
                                              0.250000 ^ _18496_/CLK (sky130_fd_sc_hd__dfrtp_1)
                                 -0.057429    0.192571   library hold time
                                              0.192571   data required time
---------------------------------------------------------------------------------------------
                                              0.192571   data required time
                                             -2.006181   data arrival time
---------------------------------------------------------------------------------------------
                                              1.813610   slack (MET)


Startpoint: a[23] (input port clocked by clk)
Endpoint: _18497_ (rising edge-triggered flip-flop clocked by clk)
Path Group: clk
Path Type: min

Fanout         Cap        Slew       Delay        Time   Description
---------------------------------------------------------------------------------------------
                      0.150000    0.000000    0.000000   clock clk (rise edge)
                                  0.000000    0.000000   clock network delay (ideal)
                                  2.000000    2.000000 v input external delay
     1    0.001838    0.015196    0.006181    2.006181 v a[23] (in)
                                                         a[23] (net)
                      0.015196    0.000000    2.006181 v _18497_/D (sky130_fd_sc_hd__dfrtp_1)
                                              2.006181   data arrival time

                      0.150000    0.000000    0.000000   clock clk (rise edge)
                                  0.000000    0.000000   clock network delay (ideal)
                                  0.250000    0.250000   clock uncertainty
                                  0.000000    0.250000   clock reconvergence pessimism
                                              0.250000 ^ _18497_/CLK (sky130_fd_sc_hd__dfrtp_1)
                                 -0.057429    0.192571   library hold time
                                              0.192571   data required time
---------------------------------------------------------------------------------------------
                                              0.192571   data required time
                                             -2.006181   data arrival time
---------------------------------------------------------------------------------------------
                                              1.813610   slack (MET)


Startpoint: a[24] (input port clocked by clk)
Endpoint: _18498_ (rising edge-triggered flip-flop clocked by clk)
Path Group: clk
Path Type: min

Fanout         Cap        Slew       Delay        Time   Description
---------------------------------------------------------------------------------------------
                      0.150000    0.000000    0.000000   clock clk (rise edge)
                                  0.000000    0.000000   clock network delay (ideal)
                                  2.000000    2.000000 v input external delay
     1    0.001838    0.015196    0.006181    2.006181 v a[24] (in)
                                                         a[24] (net)
                      0.015196    0.000000    2.006181 v _18498_/D (sky130_fd_sc_hd__dfrtp_1)
                                              2.006181   data arrival time

                      0.150000    0.000000    0.000000   clock clk (rise edge)
                                  0.000000    0.000000   clock network delay (ideal)
                                  0.250000    0.250000   clock uncertainty
                                  0.000000    0.250000   clock reconvergence pessimism
                                              0.250000 ^ _18498_/CLK (sky130_fd_sc_hd__dfrtp_1)
                                 -0.057429    0.192571   library hold time
                                              0.192571   data required time
---------------------------------------------------------------------------------------------
                                              0.192571   data required time
                                             -2.006181   data arrival time
---------------------------------------------------------------------------------------------
                                              1.813610   slack (MET)


Startpoint: a[25] (input port clocked by clk)
Endpoint: _18499_ (rising edge-triggered flip-flop clocked by clk)
Path Group: clk
Path Type: min

Fanout         Cap        Slew       Delay        Time   Description
---------------------------------------------------------------------------------------------
                      0.150000    0.000000    0.000000   clock clk (rise edge)
                                  0.000000    0.000000   clock network delay (ideal)
                                  2.000000    2.000000 v input external delay
     1    0.001838    0.015196    0.006181    2.006181 v a[25] (in)
                                                         a[25] (net)
                      0.015196    0.000000    2.006181 v _18499_/D (sky130_fd_sc_hd__dfrtp_1)
                                              2.006181   data arrival time

                      0.150000    0.000000    0.000000   clock clk (rise edge)
                                  0.000000    0.000000   clock network delay (ideal)
                                  0.250000    0.250000   clock uncertainty
                                  0.000000    0.250000   clock reconvergence pessimism
                                              0.250000 ^ _18499_/CLK (sky130_fd_sc_hd__dfrtp_1)
                                 -0.057429    0.192571   library hold time
                                              0.192571   data required time
---------------------------------------------------------------------------------------------
                                              0.192571   data required time
                                             -2.006181   data arrival time
---------------------------------------------------------------------------------------------
                                              1.813610   slack (MET)


Startpoint: a[26] (input port clocked by clk)
Endpoint: _18500_ (rising edge-triggered flip-flop clocked by clk)
Path Group: clk
Path Type: min

Fanout         Cap        Slew       Delay        Time   Description
---------------------------------------------------------------------------------------------
                      0.150000    0.000000    0.000000   clock clk (rise edge)
                                  0.000000    0.000000   clock network delay (ideal)
                                  2.000000    2.000000 v input external delay
     1    0.001838    0.015196    0.006181    2.006181 v a[26] (in)
                                                         a[26] (net)
                      0.015196    0.000000    2.006181 v _18500_/D (sky130_fd_sc_hd__dfrtp_1)
                                              2.006181   data arrival time

                      0.150000    0.000000    0.000000   clock clk (rise edge)
                                  0.000000    0.000000   clock network delay (ideal)
                                  0.250000    0.250000   clock uncertainty
                                  0.000000    0.250000   clock reconvergence pessimism
                                              0.250000 ^ _18500_/CLK (sky130_fd_sc_hd__dfrtp_1)
                                 -0.057429    0.192571   library hold time
                                              0.192571   data required time
---------------------------------------------------------------------------------------------
                                              0.192571   data required time
                                             -2.006181   data arrival time
---------------------------------------------------------------------------------------------
                                              1.813610   slack (MET)


Startpoint: a[27] (input port clocked by clk)
Endpoint: _18501_ (rising edge-triggered flip-flop clocked by clk)
Path Group: clk
Path Type: min

Fanout         Cap        Slew       Delay        Time   Description
---------------------------------------------------------------------------------------------
                      0.150000    0.000000    0.000000   clock clk (rise edge)
                                  0.000000    0.000000   clock network delay (ideal)
                                  2.000000    2.000000 v input external delay
     1    0.001838    0.015196    0.006181    2.006181 v a[27] (in)
                                                         a[27] (net)
                      0.015196    0.000000    2.006181 v _18501_/D (sky130_fd_sc_hd__dfrtp_1)
                                              2.006181   data arrival time

                      0.150000    0.000000    0.000000   clock clk (rise edge)
                                  0.000000    0.000000   clock network delay (ideal)
                                  0.250000    0.250000   clock uncertainty
                                  0.000000    0.250000   clock reconvergence pessimism
                                              0.250000 ^ _18501_/CLK (sky130_fd_sc_hd__dfrtp_1)
                                 -0.057429    0.192571   library hold time
                                              0.192571   data required time
---------------------------------------------------------------------------------------------
                                              0.192571   data required time
                                             -2.006181   data arrival time
---------------------------------------------------------------------------------------------
                                              1.813610   slack (MET)


Startpoint: a[28] (input port clocked by clk)
Endpoint: _18502_ (rising edge-triggered flip-flop clocked by clk)
Path Group: clk
Path Type: min

Fanout         Cap        Slew       Delay        Time   Description
---------------------------------------------------------------------------------------------
                      0.150000    0.000000    0.000000   clock clk (rise edge)
                                  0.000000    0.000000   clock network delay (ideal)
                                  2.000000    2.000000 v input external delay
     1    0.001838    0.015196    0.006181    2.006181 v a[28] (in)
                                                         a[28] (net)
                      0.015196    0.000000    2.006181 v _18502_/D (sky130_fd_sc_hd__dfrtp_1)
                                              2.006181   data arrival time

                      0.150000    0.000000    0.000000   clock clk (rise edge)
                                  0.000000    0.000000   clock network delay (ideal)
                                  0.250000    0.250000   clock uncertainty
                                  0.000000    0.250000   clock reconvergence pessimism
                                              0.250000 ^ _18502_/CLK (sky130_fd_sc_hd__dfrtp_1)
                                 -0.057429    0.192571   library hold time
                                              0.192571   data required time
---------------------------------------------------------------------------------------------
                                              0.192571   data required time
                                             -2.006181   data arrival time
---------------------------------------------------------------------------------------------
                                              1.813610   slack (MET)


Startpoint: a[29] (input port clocked by clk)
Endpoint: _18503_ (rising edge-triggered flip-flop clocked by clk)
Path Group: clk
Path Type: min

Fanout         Cap        Slew       Delay        Time   Description
---------------------------------------------------------------------------------------------
                      0.150000    0.000000    0.000000   clock clk (rise edge)
                                  0.000000    0.000000   clock network delay (ideal)
                                  2.000000    2.000000 v input external delay
     1    0.001838    0.015196    0.006181    2.006181 v a[29] (in)
                                                         a[29] (net)
                      0.015196    0.000000    2.006181 v _18503_/D (sky130_fd_sc_hd__dfrtp_1)
                                              2.006181   data arrival time

                      0.150000    0.000000    0.000000   clock clk (rise edge)
                                  0.000000    0.000000   clock network delay (ideal)
                                  0.250000    0.250000   clock uncertainty
                                  0.000000    0.250000   clock reconvergence pessimism
                                              0.250000 ^ _18503_/CLK (sky130_fd_sc_hd__dfrtp_1)
                                 -0.057429    0.192571   library hold time
                                              0.192571   data required time
---------------------------------------------------------------------------------------------
                                              0.192571   data required time
                                             -2.006181   data arrival time
---------------------------------------------------------------------------------------------
                                              1.813610   slack (MET)


Startpoint: a[30] (input port clocked by clk)
Endpoint: _18504_ (rising edge-triggered flip-flop clocked by clk)
Path Group: clk
Path Type: min

Fanout         Cap        Slew       Delay        Time   Description
---------------------------------------------------------------------------------------------
                      0.150000    0.000000    0.000000   clock clk (rise edge)
                                  0.000000    0.000000   clock network delay (ideal)
                                  2.000000    2.000000 v input external delay
     1    0.001838    0.015196    0.006181    2.006181 v a[30] (in)
                                                         a[30] (net)
                      0.015196    0.000000    2.006181 v _18504_/D (sky130_fd_sc_hd__dfrtp_1)
                                              2.006181   data arrival time

                      0.150000    0.000000    0.000000   clock clk (rise edge)
                                  0.000000    0.000000   clock network delay (ideal)
                                  0.250000    0.250000   clock uncertainty
                                  0.000000    0.250000   clock reconvergence pessimism
                                              0.250000 ^ _18504_/CLK (sky130_fd_sc_hd__dfrtp_1)
                                 -0.057429    0.192571   library hold time
                                              0.192571   data required time
---------------------------------------------------------------------------------------------
                                              0.192571   data required time
                                             -2.006181   data arrival time
---------------------------------------------------------------------------------------------
                                              1.813610   slack (MET)


Startpoint: a[31] (input port clocked by clk)
Endpoint: _18505_ (rising edge-triggered flip-flop clocked by clk)
Path Group: clk
Path Type: min

Fanout         Cap        Slew       Delay        Time   Description
---------------------------------------------------------------------------------------------
                      0.150000    0.000000    0.000000   clock clk (rise edge)
                                  0.000000    0.000000   clock network delay (ideal)
                                  2.000000    2.000000 v input external delay
     1    0.001838    0.015196    0.006181    2.006181 v a[31] (in)
                                                         a[31] (net)
                      0.015196    0.000000    2.006181 v _18505_/D (sky130_fd_sc_hd__dfrtp_1)
                                              2.006181   data arrival time

                      0.150000    0.000000    0.000000   clock clk (rise edge)
                                  0.000000    0.000000   clock network delay (ideal)
                                  0.250000    0.250000   clock uncertainty
                                  0.000000    0.250000   clock reconvergence pessimism
                                              0.250000 ^ _18505_/CLK (sky130_fd_sc_hd__dfrtp_1)
                                 -0.057429    0.192571   library hold time
                                              0.192571   data required time
---------------------------------------------------------------------------------------------
                                              0.192571   data required time
                                             -2.006181   data arrival time
---------------------------------------------------------------------------------------------
                                              1.813610   slack (MET)


Startpoint: b[0] (input port clocked by clk)
Endpoint: _18506_ (rising edge-triggered flip-flop clocked by clk)
Path Group: clk
Path Type: min

Fanout         Cap        Slew       Delay        Time   Description
---------------------------------------------------------------------------------------------
                      0.150000    0.000000    0.000000   clock clk (rise edge)
                                  0.000000    0.000000   clock network delay (ideal)
                                  2.000000    2.000000 v input external delay
     1    0.001838    0.015196    0.006181    2.006181 v b[0] (in)
                                                         b[0] (net)
                      0.015196    0.000000    2.006181 v _18506_/D (sky130_fd_sc_hd__dfrtp_1)
                                              2.006181   data arrival time

                      0.150000    0.000000    0.000000   clock clk (rise edge)
                                  0.000000    0.000000   clock network delay (ideal)
                                  0.250000    0.250000   clock uncertainty
                                  0.000000    0.250000   clock reconvergence pessimism
                                              0.250000 ^ _18506_/CLK (sky130_fd_sc_hd__dfrtp_1)
                                 -0.057429    0.192571   library hold time
                                              0.192571   data required time
---------------------------------------------------------------------------------------------
                                              0.192571   data required time
                                             -2.006181   data arrival time
---------------------------------------------------------------------------------------------
                                              1.813610   slack (MET)


Startpoint: b[1] (input port clocked by clk)
Endpoint: _18507_ (rising edge-triggered flip-flop clocked by clk)
Path Group: clk
Path Type: min

Fanout         Cap        Slew       Delay        Time   Description
---------------------------------------------------------------------------------------------
                      0.150000    0.000000    0.000000   clock clk (rise edge)
                                  0.000000    0.000000   clock network delay (ideal)
                                  2.000000    2.000000 v input external delay
     1    0.001838    0.015196    0.006181    2.006181 v b[1] (in)
                                                         b[1] (net)
                      0.015196    0.000000    2.006181 v _18507_/D (sky130_fd_sc_hd__dfrtp_1)
                                              2.006181   data arrival time

                      0.150000    0.000000    0.000000   clock clk (rise edge)
                                  0.000000    0.000000   clock network delay (ideal)
                                  0.250000    0.250000   clock uncertainty
                                  0.000000    0.250000   clock reconvergence pessimism
                                              0.250000 ^ _18507_/CLK (sky130_fd_sc_hd__dfrtp_1)
                                 -0.057429    0.192571   library hold time
                                              0.192571   data required time
---------------------------------------------------------------------------------------------
                                              0.192571   data required time
                                             -2.006181   data arrival time
---------------------------------------------------------------------------------------------
                                              1.813610   slack (MET)


Startpoint: b[2] (input port clocked by clk)
Endpoint: _18508_ (rising edge-triggered flip-flop clocked by clk)
Path Group: clk
Path Type: min

Fanout         Cap        Slew       Delay        Time   Description
---------------------------------------------------------------------------------------------
                      0.150000    0.000000    0.000000   clock clk (rise edge)
                                  0.000000    0.000000   clock network delay (ideal)
                                  2.000000    2.000000 v input external delay
     1    0.001838    0.015196    0.006181    2.006181 v b[2] (in)
                                                         b[2] (net)
                      0.015196    0.000000    2.006181 v _18508_/D (sky130_fd_sc_hd__dfrtp_1)
                                              2.006181   data arrival time

                      0.150000    0.000000    0.000000   clock clk (rise edge)
                                  0.000000    0.000000   clock network delay (ideal)
                                  0.250000    0.250000   clock uncertainty
                                  0.000000    0.250000   clock reconvergence pessimism
                                              0.250000 ^ _18508_/CLK (sky130_fd_sc_hd__dfrtp_1)
                                 -0.057429    0.192571   library hold time
                                              0.192571   data required time
---------------------------------------------------------------------------------------------
                                              0.192571   data required time
                                             -2.006181   data arrival time
---------------------------------------------------------------------------------------------
                                              1.813610   slack (MET)


Startpoint: b[3] (input port clocked by clk)
Endpoint: _18509_ (rising edge-triggered flip-flop clocked by clk)
Path Group: clk
Path Type: min

Fanout         Cap        Slew       Delay        Time   Description
---------------------------------------------------------------------------------------------
                      0.150000    0.000000    0.000000   clock clk (rise edge)
                                  0.000000    0.000000   clock network delay (ideal)
                                  2.000000    2.000000 v input external delay
     1    0.001838    0.015196    0.006181    2.006181 v b[3] (in)
                                                         b[3] (net)
                      0.015196    0.000000    2.006181 v _18509_/D (sky130_fd_sc_hd__dfrtp_1)
                                              2.006181   data arrival time

                      0.150000    0.000000    0.000000   clock clk (rise edge)
                                  0.000000    0.000000   clock network delay (ideal)
                                  0.250000    0.250000   clock uncertainty
                                  0.000000    0.250000   clock reconvergence pessimism
                                              0.250000 ^ _18509_/CLK (sky130_fd_sc_hd__dfrtp_1)
                                 -0.057429    0.192571   library hold time
                                              0.192571   data required time
---------------------------------------------------------------------------------------------
                                              0.192571   data required time
                                             -2.006181   data arrival time
---------------------------------------------------------------------------------------------
                                              1.813610   slack (MET)


Startpoint: b[4] (input port clocked by clk)
Endpoint: _18510_ (rising edge-triggered flip-flop clocked by clk)
Path Group: clk
Path Type: min

Fanout         Cap        Slew       Delay        Time   Description
---------------------------------------------------------------------------------------------
                      0.150000    0.000000    0.000000   clock clk (rise edge)
                                  0.000000    0.000000   clock network delay (ideal)
                                  2.000000    2.000000 v input external delay
     1    0.001838    0.015196    0.006181    2.006181 v b[4] (in)
                                                         b[4] (net)
                      0.015196    0.000000    2.006181 v _18510_/D (sky130_fd_sc_hd__dfrtp_1)
                                              2.006181   data arrival time

                      0.150000    0.000000    0.000000   clock clk (rise edge)
                                  0.000000    0.000000   clock network delay (ideal)
                                  0.250000    0.250000   clock uncertainty
                                  0.000000    0.250000   clock reconvergence pessimism
                                              0.250000 ^ _18510_/CLK (sky130_fd_sc_hd__dfrtp_1)
                                 -0.057429    0.192571   library hold time
                                              0.192571   data required time
---------------------------------------------------------------------------------------------
                                              0.192571   data required time
                                             -2.006181   data arrival time
---------------------------------------------------------------------------------------------
                                              1.813610   slack (MET)


Startpoint: b[5] (input port clocked by clk)
Endpoint: _18511_ (rising edge-triggered flip-flop clocked by clk)
Path Group: clk
Path Type: min

Fanout         Cap        Slew       Delay        Time   Description
---------------------------------------------------------------------------------------------
                      0.150000    0.000000    0.000000   clock clk (rise edge)
                                  0.000000    0.000000   clock network delay (ideal)
                                  2.000000    2.000000 v input external delay
     1    0.001838    0.015196    0.006181    2.006181 v b[5] (in)
                                                         b[5] (net)
                      0.015196    0.000000    2.006181 v _18511_/D (sky130_fd_sc_hd__dfrtp_1)
                                              2.006181   data arrival time

                      0.150000    0.000000    0.000000   clock clk (rise edge)
                                  0.000000    0.000000   clock network delay (ideal)
                                  0.250000    0.250000   clock uncertainty
                                  0.000000    0.250000   clock reconvergence pessimism
                                              0.250000 ^ _18511_/CLK (sky130_fd_sc_hd__dfrtp_1)
                                 -0.057429    0.192571   library hold time
                                              0.192571   data required time
---------------------------------------------------------------------------------------------
                                              0.192571   data required time
                                             -2.006181   data arrival time
---------------------------------------------------------------------------------------------
                                              1.813610   slack (MET)


Startpoint: b[6] (input port clocked by clk)
Endpoint: _18512_ (rising edge-triggered flip-flop clocked by clk)
Path Group: clk
Path Type: min

Fanout         Cap        Slew       Delay        Time   Description
---------------------------------------------------------------------------------------------
                      0.150000    0.000000    0.000000   clock clk (rise edge)
                                  0.000000    0.000000   clock network delay (ideal)
                                  2.000000    2.000000 v input external delay
     1    0.001838    0.015196    0.006181    2.006181 v b[6] (in)
                                                         b[6] (net)
                      0.015196    0.000000    2.006181 v _18512_/D (sky130_fd_sc_hd__dfrtp_1)
                                              2.006181   data arrival time

                      0.150000    0.000000    0.000000   clock clk (rise edge)
                                  0.000000    0.000000   clock network delay (ideal)
                                  0.250000    0.250000   clock uncertainty
                                  0.000000    0.250000   clock reconvergence pessimism
                                              0.250000 ^ _18512_/CLK (sky130_fd_sc_hd__dfrtp_1)
                                 -0.057429    0.192571   library hold time
                                              0.192571   data required time
---------------------------------------------------------------------------------------------
                                              0.192571   data required time
                                             -2.006181   data arrival time
---------------------------------------------------------------------------------------------
                                              1.813610   slack (MET)


Startpoint: b[7] (input port clocked by clk)
Endpoint: _18513_ (rising edge-triggered flip-flop clocked by clk)
Path Group: clk
Path Type: min

Fanout         Cap        Slew       Delay        Time   Description
---------------------------------------------------------------------------------------------
                      0.150000    0.000000    0.000000   clock clk (rise edge)
                                  0.000000    0.000000   clock network delay (ideal)
                                  2.000000    2.000000 v input external delay
     1    0.001838    0.015196    0.006181    2.006181 v b[7] (in)
                                                         b[7] (net)
                      0.015196    0.000000    2.006181 v _18513_/D (sky130_fd_sc_hd__dfrtp_1)
                                              2.006181   data arrival time

                      0.150000    0.000000    0.000000   clock clk (rise edge)
                                  0.000000    0.000000   clock network delay (ideal)
                                  0.250000    0.250000   clock uncertainty
                                  0.000000    0.250000   clock reconvergence pessimism
                                              0.250000 ^ _18513_/CLK (sky130_fd_sc_hd__dfrtp_1)
                                 -0.057429    0.192571   library hold time
                                              0.192571   data required time
---------------------------------------------------------------------------------------------
                                              0.192571   data required time
                                             -2.006181   data arrival time
---------------------------------------------------------------------------------------------
                                              1.813610   slack (MET)


Startpoint: b[8] (input port clocked by clk)
Endpoint: _18514_ (rising edge-triggered flip-flop clocked by clk)
Path Group: clk
Path Type: min

Fanout         Cap        Slew       Delay        Time   Description
---------------------------------------------------------------------------------------------
                      0.150000    0.000000    0.000000   clock clk (rise edge)
                                  0.000000    0.000000   clock network delay (ideal)
                                  2.000000    2.000000 v input external delay
     1    0.001838    0.015196    0.006181    2.006181 v b[8] (in)
                                                         b[8] (net)
                      0.015196    0.000000    2.006181 v _18514_/D (sky130_fd_sc_hd__dfrtp_1)
                                              2.006181   data arrival time

                      0.150000    0.000000    0.000000   clock clk (rise edge)
                                  0.000000    0.000000   clock network delay (ideal)
                                  0.250000    0.250000   clock uncertainty
                                  0.000000    0.250000   clock reconvergence pessimism
                                              0.250000 ^ _18514_/CLK (sky130_fd_sc_hd__dfrtp_1)
                                 -0.057429    0.192571   library hold time
                                              0.192571   data required time
---------------------------------------------------------------------------------------------
                                              0.192571   data required time
                                             -2.006181   data arrival time
---------------------------------------------------------------------------------------------
                                              1.813610   slack (MET)


Startpoint: b[9] (input port clocked by clk)
Endpoint: _18515_ (rising edge-triggered flip-flop clocked by clk)
Path Group: clk
Path Type: min

Fanout         Cap        Slew       Delay        Time   Description
---------------------------------------------------------------------------------------------
                      0.150000    0.000000    0.000000   clock clk (rise edge)
                                  0.000000    0.000000   clock network delay (ideal)
                                  2.000000    2.000000 v input external delay
     1    0.001838    0.015196    0.006181    2.006181 v b[9] (in)
                                                         b[9] (net)
                      0.015196    0.000000    2.006181 v _18515_/D (sky130_fd_sc_hd__dfrtp_1)
                                              2.006181   data arrival time

                      0.150000    0.000000    0.000000   clock clk (rise edge)
                                  0.000000    0.000000   clock network delay (ideal)
                                  0.250000    0.250000   clock uncertainty
                                  0.000000    0.250000   clock reconvergence pessimism
                                              0.250000 ^ _18515_/CLK (sky130_fd_sc_hd__dfrtp_1)
                                 -0.057429    0.192571   library hold time
                                              0.192571   data required time
---------------------------------------------------------------------------------------------
                                              0.192571   data required time
                                             -2.006181   data arrival time
---------------------------------------------------------------------------------------------
                                              1.813610   slack (MET)


Startpoint: b[10] (input port clocked by clk)
Endpoint: _18516_ (rising edge-triggered flip-flop clocked by clk)
Path Group: clk
Path Type: min

Fanout         Cap        Slew       Delay        Time   Description
---------------------------------------------------------------------------------------------
                      0.150000    0.000000    0.000000   clock clk (rise edge)
                                  0.000000    0.000000   clock network delay (ideal)
                                  2.000000    2.000000 v input external delay
     1    0.001838    0.015196    0.006181    2.006181 v b[10] (in)
                                                         b[10] (net)
                      0.015196    0.000000    2.006181 v _18516_/D (sky130_fd_sc_hd__dfrtp_1)
                                              2.006181   data arrival time

                      0.150000    0.000000    0.000000   clock clk (rise edge)
                                  0.000000    0.000000   clock network delay (ideal)
                                  0.250000    0.250000   clock uncertainty
                                  0.000000    0.250000   clock reconvergence pessimism
                                              0.250000 ^ _18516_/CLK (sky130_fd_sc_hd__dfrtp_1)
                                 -0.057429    0.192571   library hold time
                                              0.192571   data required time
---------------------------------------------------------------------------------------------
                                              0.192571   data required time
                                             -2.006181   data arrival time
---------------------------------------------------------------------------------------------
                                              1.813610   slack (MET)


Startpoint: b[11] (input port clocked by clk)
Endpoint: _18517_ (rising edge-triggered flip-flop clocked by clk)
Path Group: clk
Path Type: min

Fanout         Cap        Slew       Delay        Time   Description
---------------------------------------------------------------------------------------------
                      0.150000    0.000000    0.000000   clock clk (rise edge)
                                  0.000000    0.000000   clock network delay (ideal)
                                  2.000000    2.000000 v input external delay
     1    0.001838    0.015196    0.006181    2.006181 v b[11] (in)
                                                         b[11] (net)
                      0.015196    0.000000    2.006181 v _18517_/D (sky130_fd_sc_hd__dfrtp_1)
                                              2.006181   data arrival time

                      0.150000    0.000000    0.000000   clock clk (rise edge)
                                  0.000000    0.000000   clock network delay (ideal)
                                  0.250000    0.250000   clock uncertainty
                                  0.000000    0.250000   clock reconvergence pessimism
                                              0.250000 ^ _18517_/CLK (sky130_fd_sc_hd__dfrtp_1)
                                 -0.057429    0.192571   library hold time
                                              0.192571   data required time
---------------------------------------------------------------------------------------------
                                              0.192571   data required time
                                             -2.006181   data arrival time
---------------------------------------------------------------------------------------------
                                              1.813610   slack (MET)


Startpoint: b[12] (input port clocked by clk)
Endpoint: _18518_ (rising edge-triggered flip-flop clocked by clk)
Path Group: clk
Path Type: min

Fanout         Cap        Slew       Delay        Time   Description
---------------------------------------------------------------------------------------------
                      0.150000    0.000000    0.000000   clock clk (rise edge)
                                  0.000000    0.000000   clock network delay (ideal)
                                  2.000000    2.000000 v input external delay
     1    0.001838    0.015196    0.006181    2.006181 v b[12] (in)
                                                         b[12] (net)
                      0.015196    0.000000    2.006181 v _18518_/D (sky130_fd_sc_hd__dfrtp_1)
                                              2.006181   data arrival time

                      0.150000    0.000000    0.000000   clock clk (rise edge)
                                  0.000000    0.000000   clock network delay (ideal)
                                  0.250000    0.250000   clock uncertainty
                                  0.000000    0.250000   clock reconvergence pessimism
                                              0.250000 ^ _18518_/CLK (sky130_fd_sc_hd__dfrtp_1)
                                 -0.057429    0.192571   library hold time
                                              0.192571   data required time
---------------------------------------------------------------------------------------------
                                              0.192571   data required time
                                             -2.006181   data arrival time
---------------------------------------------------------------------------------------------
                                              1.813610   slack (MET)


Startpoint: b[13] (input port clocked by clk)
Endpoint: _18519_ (rising edge-triggered flip-flop clocked by clk)
Path Group: clk
Path Type: min

Fanout         Cap        Slew       Delay        Time   Description
---------------------------------------------------------------------------------------------
                      0.150000    0.000000    0.000000   clock clk (rise edge)
                                  0.000000    0.000000   clock network delay (ideal)
                                  2.000000    2.000000 v input external delay
     1    0.001838    0.015196    0.006181    2.006181 v b[13] (in)
                                                         b[13] (net)
                      0.015196    0.000000    2.006181 v _18519_/D (sky130_fd_sc_hd__dfrtp_1)
                                              2.006181   data arrival time

                      0.150000    0.000000    0.000000   clock clk (rise edge)
                                  0.000000    0.000000   clock network delay (ideal)
                                  0.250000    0.250000   clock uncertainty
                                  0.000000    0.250000   clock reconvergence pessimism
                                              0.250000 ^ _18519_/CLK (sky130_fd_sc_hd__dfrtp_1)
                                 -0.057429    0.192571   library hold time
                                              0.192571   data required time
---------------------------------------------------------------------------------------------
                                              0.192571   data required time
                                             -2.006181   data arrival time
---------------------------------------------------------------------------------------------
                                              1.813610   slack (MET)


Startpoint: b[14] (input port clocked by clk)
Endpoint: _18520_ (rising edge-triggered flip-flop clocked by clk)
Path Group: clk
Path Type: min

Fanout         Cap        Slew       Delay        Time   Description
---------------------------------------------------------------------------------------------
                      0.150000    0.000000    0.000000   clock clk (rise edge)
                                  0.000000    0.000000   clock network delay (ideal)
                                  2.000000    2.000000 v input external delay
     1    0.001838    0.015196    0.006181    2.006181 v b[14] (in)
                                                         b[14] (net)
                      0.015196    0.000000    2.006181 v _18520_/D (sky130_fd_sc_hd__dfrtp_1)
                                              2.006181   data arrival time

                      0.150000    0.000000    0.000000   clock clk (rise edge)
                                  0.000000    0.000000   clock network delay (ideal)
                                  0.250000    0.250000   clock uncertainty
                                  0.000000    0.250000   clock reconvergence pessimism
                                              0.250000 ^ _18520_/CLK (sky130_fd_sc_hd__dfrtp_1)
                                 -0.057429    0.192571   library hold time
                                              0.192571   data required time
---------------------------------------------------------------------------------------------
                                              0.192571   data required time
                                             -2.006181   data arrival time
---------------------------------------------------------------------------------------------
                                              1.813610   slack (MET)


Startpoint: b[15] (input port clocked by clk)
Endpoint: _18521_ (rising edge-triggered flip-flop clocked by clk)
Path Group: clk
Path Type: min

Fanout         Cap        Slew       Delay        Time   Description
---------------------------------------------------------------------------------------------
                      0.150000    0.000000    0.000000   clock clk (rise edge)
                                  0.000000    0.000000   clock network delay (ideal)
                                  2.000000    2.000000 v input external delay
     1    0.001838    0.015196    0.006181    2.006181 v b[15] (in)
                                                         b[15] (net)
                      0.015196    0.000000    2.006181 v _18521_/D (sky130_fd_sc_hd__dfrtp_1)
                                              2.006181   data arrival time

                      0.150000    0.000000    0.000000   clock clk (rise edge)
                                  0.000000    0.000000   clock network delay (ideal)
                                  0.250000    0.250000   clock uncertainty
                                  0.000000    0.250000   clock reconvergence pessimism
                                              0.250000 ^ _18521_/CLK (sky130_fd_sc_hd__dfrtp_1)
                                 -0.057429    0.192571   library hold time
                                              0.192571   data required time
---------------------------------------------------------------------------------------------
                                              0.192571   data required time
                                             -2.006181   data arrival time
---------------------------------------------------------------------------------------------
                                              1.813610   slack (MET)


Startpoint: b[16] (input port clocked by clk)
Endpoint: _18522_ (rising edge-triggered flip-flop clocked by clk)
Path Group: clk
Path Type: min

Fanout         Cap        Slew       Delay        Time   Description
---------------------------------------------------------------------------------------------
                      0.150000    0.000000    0.000000   clock clk (rise edge)
                                  0.000000    0.000000   clock network delay (ideal)
                                  2.000000    2.000000 v input external delay
     1    0.001838    0.015196    0.006181    2.006181 v b[16] (in)
                                                         b[16] (net)
                      0.015196    0.000000    2.006181 v _18522_/D (sky130_fd_sc_hd__dfrtp_1)
                                              2.006181   data arrival time

                      0.150000    0.000000    0.000000   clock clk (rise edge)
                                  0.000000    0.000000   clock network delay (ideal)
                                  0.250000    0.250000   clock uncertainty
                                  0.000000    0.250000   clock reconvergence pessimism
                                              0.250000 ^ _18522_/CLK (sky130_fd_sc_hd__dfrtp_1)
                                 -0.057429    0.192571   library hold time
                                              0.192571   data required time
---------------------------------------------------------------------------------------------
                                              0.192571   data required time
                                             -2.006181   data arrival time
---------------------------------------------------------------------------------------------
                                              1.813610   slack (MET)


Startpoint: b[17] (input port clocked by clk)
Endpoint: _18523_ (rising edge-triggered flip-flop clocked by clk)
Path Group: clk
Path Type: min

Fanout         Cap        Slew       Delay        Time   Description
---------------------------------------------------------------------------------------------
                      0.150000    0.000000    0.000000   clock clk (rise edge)
                                  0.000000    0.000000   clock network delay (ideal)
                                  2.000000    2.000000 v input external delay
     1    0.001838    0.015196    0.006181    2.006181 v b[17] (in)
                                                         b[17] (net)
                      0.015196    0.000000    2.006181 v _18523_/D (sky130_fd_sc_hd__dfrtp_1)
                                              2.006181   data arrival time

                      0.150000    0.000000    0.000000   clock clk (rise edge)
                                  0.000000    0.000000   clock network delay (ideal)
                                  0.250000    0.250000   clock uncertainty
                                  0.000000    0.250000   clock reconvergence pessimism
                                              0.250000 ^ _18523_/CLK (sky130_fd_sc_hd__dfrtp_1)
                                 -0.057429    0.192571   library hold time
                                              0.192571   data required time
---------------------------------------------------------------------------------------------
                                              0.192571   data required time
                                             -2.006181   data arrival time
---------------------------------------------------------------------------------------------
                                              1.813610   slack (MET)


Startpoint: b[18] (input port clocked by clk)
Endpoint: _18524_ (rising edge-triggered flip-flop clocked by clk)
Path Group: clk
Path Type: min

Fanout         Cap        Slew       Delay        Time   Description
---------------------------------------------------------------------------------------------
                      0.150000    0.000000    0.000000   clock clk (rise edge)
                                  0.000000    0.000000   clock network delay (ideal)
                                  2.000000    2.000000 v input external delay
     1    0.001838    0.015196    0.006181    2.006181 v b[18] (in)
                                                         b[18] (net)
                      0.015196    0.000000    2.006181 v _18524_/D (sky130_fd_sc_hd__dfrtp_1)
                                              2.006181   data arrival time

                      0.150000    0.000000    0.000000   clock clk (rise edge)
                                  0.000000    0.000000   clock network delay (ideal)
                                  0.250000    0.250000   clock uncertainty
                                  0.000000    0.250000   clock reconvergence pessimism
                                              0.250000 ^ _18524_/CLK (sky130_fd_sc_hd__dfrtp_1)
                                 -0.057429    0.192571   library hold time
                                              0.192571   data required time
---------------------------------------------------------------------------------------------
                                              0.192571   data required time
                                             -2.006181   data arrival time
---------------------------------------------------------------------------------------------
                                              1.813610   slack (MET)


Startpoint: b[19] (input port clocked by clk)
Endpoint: _18525_ (rising edge-triggered flip-flop clocked by clk)
Path Group: clk
Path Type: min

Fanout         Cap        Slew       Delay        Time   Description
---------------------------------------------------------------------------------------------
                      0.150000    0.000000    0.000000   clock clk (rise edge)
                                  0.000000    0.000000   clock network delay (ideal)
                                  2.000000    2.000000 v input external delay
     1    0.001838    0.015196    0.006181    2.006181 v b[19] (in)
                                                         b[19] (net)
                      0.015196    0.000000    2.006181 v _18525_/D (sky130_fd_sc_hd__dfrtp_1)
                                              2.006181   data arrival time

                      0.150000    0.000000    0.000000   clock clk (rise edge)
                                  0.000000    0.000000   clock network delay (ideal)
                                  0.250000    0.250000   clock uncertainty
                                  0.000000    0.250000   clock reconvergence pessimism
                                              0.250000 ^ _18525_/CLK (sky130_fd_sc_hd__dfrtp_1)
                                 -0.057429    0.192571   library hold time
                                              0.192571   data required time
---------------------------------------------------------------------------------------------
                                              0.192571   data required time
                                             -2.006181   data arrival time
---------------------------------------------------------------------------------------------
                                              1.813610   slack (MET)


Startpoint: b[20] (input port clocked by clk)
Endpoint: _18526_ (rising edge-triggered flip-flop clocked by clk)
Path Group: clk
Path Type: min

Fanout         Cap        Slew       Delay        Time   Description
---------------------------------------------------------------------------------------------
                      0.150000    0.000000    0.000000   clock clk (rise edge)
                                  0.000000    0.000000   clock network delay (ideal)
                                  2.000000    2.000000 v input external delay
     1    0.001838    0.015196    0.006181    2.006181 v b[20] (in)
                                                         b[20] (net)
                      0.015196    0.000000    2.006181 v _18526_/D (sky130_fd_sc_hd__dfrtp_1)
                                              2.006181   data arrival time

                      0.150000    0.000000    0.000000   clock clk (rise edge)
                                  0.000000    0.000000   clock network delay (ideal)
                                  0.250000    0.250000   clock uncertainty
                                  0.000000    0.250000   clock reconvergence pessimism
                                              0.250000 ^ _18526_/CLK (sky130_fd_sc_hd__dfrtp_1)
                                 -0.057429    0.192571   library hold time
                                              0.192571   data required time
---------------------------------------------------------------------------------------------
                                              0.192571   data required time
                                             -2.006181   data arrival time
---------------------------------------------------------------------------------------------
                                              1.813610   slack (MET)


Startpoint: b[21] (input port clocked by clk)
Endpoint: _18527_ (rising edge-triggered flip-flop clocked by clk)
Path Group: clk
Path Type: min

Fanout         Cap        Slew       Delay        Time   Description
---------------------------------------------------------------------------------------------
                      0.150000    0.000000    0.000000   clock clk (rise edge)
                                  0.000000    0.000000   clock network delay (ideal)
                                  2.000000    2.000000 v input external delay
     1    0.001838    0.015196    0.006181    2.006181 v b[21] (in)
                                                         b[21] (net)
                      0.015196    0.000000    2.006181 v _18527_/D (sky130_fd_sc_hd__dfrtp_1)
                                              2.006181   data arrival time

                      0.150000    0.000000    0.000000   clock clk (rise edge)
                                  0.000000    0.000000   clock network delay (ideal)
                                  0.250000    0.250000   clock uncertainty
                                  0.000000    0.250000   clock reconvergence pessimism
                                              0.250000 ^ _18527_/CLK (sky130_fd_sc_hd__dfrtp_1)
                                 -0.057429    0.192571   library hold time
                                              0.192571   data required time
---------------------------------------------------------------------------------------------
                                              0.192571   data required time
                                             -2.006181   data arrival time
---------------------------------------------------------------------------------------------
                                              1.813610   slack (MET)


Startpoint: b[22] (input port clocked by clk)
Endpoint: _18528_ (rising edge-triggered flip-flop clocked by clk)
Path Group: clk
Path Type: min

Fanout         Cap        Slew       Delay        Time   Description
---------------------------------------------------------------------------------------------
                      0.150000    0.000000    0.000000   clock clk (rise edge)
                                  0.000000    0.000000   clock network delay (ideal)
                                  2.000000    2.000000 v input external delay
     1    0.001838    0.015196    0.006181    2.006181 v b[22] (in)
                                                         b[22] (net)
                      0.015196    0.000000    2.006181 v _18528_/D (sky130_fd_sc_hd__dfrtp_1)
                                              2.006181   data arrival time

                      0.150000    0.000000    0.000000   clock clk (rise edge)
                                  0.000000    0.000000   clock network delay (ideal)
                                  0.250000    0.250000   clock uncertainty
                                  0.000000    0.250000   clock reconvergence pessimism
                                              0.250000 ^ _18528_/CLK (sky130_fd_sc_hd__dfrtp_1)
                                 -0.057429    0.192571   library hold time
                                              0.192571   data required time
---------------------------------------------------------------------------------------------
                                              0.192571   data required time
                                             -2.006181   data arrival time
---------------------------------------------------------------------------------------------
                                              1.813610   slack (MET)


Startpoint: b[23] (input port clocked by clk)
Endpoint: _18529_ (rising edge-triggered flip-flop clocked by clk)
Path Group: clk
Path Type: min

Fanout         Cap        Slew       Delay        Time   Description
---------------------------------------------------------------------------------------------
                      0.150000    0.000000    0.000000   clock clk (rise edge)
                                  0.000000    0.000000   clock network delay (ideal)
                                  2.000000    2.000000 v input external delay
     1    0.001838    0.015196    0.006181    2.006181 v b[23] (in)
                                                         b[23] (net)
                      0.015196    0.000000    2.006181 v _18529_/D (sky130_fd_sc_hd__dfrtp_1)
                                              2.006181   data arrival time

                      0.150000    0.000000    0.000000   clock clk (rise edge)
                                  0.000000    0.000000   clock network delay (ideal)
                                  0.250000    0.250000   clock uncertainty
                                  0.000000    0.250000   clock reconvergence pessimism
                                              0.250000 ^ _18529_/CLK (sky130_fd_sc_hd__dfrtp_1)
                                 -0.057429    0.192571   library hold time
                                              0.192571   data required time
---------------------------------------------------------------------------------------------
                                              0.192571   data required time
                                             -2.006181   data arrival time
---------------------------------------------------------------------------------------------
                                              1.813610   slack (MET)


Startpoint: b[24] (input port clocked by clk)
Endpoint: _18530_ (rising edge-triggered flip-flop clocked by clk)
Path Group: clk
Path Type: min

Fanout         Cap        Slew       Delay        Time   Description
---------------------------------------------------------------------------------------------
                      0.150000    0.000000    0.000000   clock clk (rise edge)
                                  0.000000    0.000000   clock network delay (ideal)
                                  2.000000    2.000000 v input external delay
     1    0.001838    0.015196    0.006181    2.006181 v b[24] (in)
                                                         b[24] (net)
                      0.015196    0.000000    2.006181 v _18530_/D (sky130_fd_sc_hd__dfrtp_1)
                                              2.006181   data arrival time

                      0.150000    0.000000    0.000000   clock clk (rise edge)
                                  0.000000    0.000000   clock network delay (ideal)
                                  0.250000    0.250000   clock uncertainty
                                  0.000000    0.250000   clock reconvergence pessimism
                                              0.250000 ^ _18530_/CLK (sky130_fd_sc_hd__dfrtp_1)
                                 -0.057429    0.192571   library hold time
                                              0.192571   data required time
---------------------------------------------------------------------------------------------
                                              0.192571   data required time
                                             -2.006181   data arrival time
---------------------------------------------------------------------------------------------
                                              1.813610   slack (MET)


Startpoint: b[25] (input port clocked by clk)
Endpoint: _18531_ (rising edge-triggered flip-flop clocked by clk)
Path Group: clk
Path Type: min

Fanout         Cap        Slew       Delay        Time   Description
---------------------------------------------------------------------------------------------
                      0.150000    0.000000    0.000000   clock clk (rise edge)
                                  0.000000    0.000000   clock network delay (ideal)
                                  2.000000    2.000000 v input external delay
     1    0.001838    0.015196    0.006181    2.006181 v b[25] (in)
                                                         b[25] (net)
                      0.015196    0.000000    2.006181 v _18531_/D (sky130_fd_sc_hd__dfrtp_1)
                                              2.006181   data arrival time

                      0.150000    0.000000    0.000000   clock clk (rise edge)
                                  0.000000    0.000000   clock network delay (ideal)
                                  0.250000    0.250000   clock uncertainty
                                  0.000000    0.250000   clock reconvergence pessimism
                                              0.250000 ^ _18531_/CLK (sky130_fd_sc_hd__dfrtp_1)
                                 -0.057429    0.192571   library hold time
                                              0.192571   data required time
---------------------------------------------------------------------------------------------
                                              0.192571   data required time
                                             -2.006181   data arrival time
---------------------------------------------------------------------------------------------
                                              1.813610   slack (MET)


Startpoint: b[26] (input port clocked by clk)
Endpoint: _18532_ (rising edge-triggered flip-flop clocked by clk)
Path Group: clk
Path Type: min

Fanout         Cap        Slew       Delay        Time   Description
---------------------------------------------------------------------------------------------
                      0.150000    0.000000    0.000000   clock clk (rise edge)
                                  0.000000    0.000000   clock network delay (ideal)
                                  2.000000    2.000000 v input external delay
     1    0.001838    0.015196    0.006181    2.006181 v b[26] (in)
                                                         b[26] (net)
                      0.015196    0.000000    2.006181 v _18532_/D (sky130_fd_sc_hd__dfrtp_1)
                                              2.006181   data arrival time

                      0.150000    0.000000    0.000000   clock clk (rise edge)
                                  0.000000    0.000000   clock network delay (ideal)
                                  0.250000    0.250000   clock uncertainty
                                  0.000000    0.250000   clock reconvergence pessimism
                                              0.250000 ^ _18532_/CLK (sky130_fd_sc_hd__dfrtp_1)
                                 -0.057429    0.192571   library hold time
                                              0.192571   data required time
---------------------------------------------------------------------------------------------
                                              0.192571   data required time
                                             -2.006181   data arrival time
---------------------------------------------------------------------------------------------
                                              1.813610   slack (MET)


Startpoint: b[27] (input port clocked by clk)
Endpoint: _18533_ (rising edge-triggered flip-flop clocked by clk)
Path Group: clk
Path Type: min

Fanout         Cap        Slew       Delay        Time   Description
---------------------------------------------------------------------------------------------
                      0.150000    0.000000    0.000000   clock clk (rise edge)
                                  0.000000    0.000000   clock network delay (ideal)
                                  2.000000    2.000000 v input external delay
     1    0.001838    0.015196    0.006181    2.006181 v b[27] (in)
                                                         b[27] (net)
                      0.015196    0.000000    2.006181 v _18533_/D (sky130_fd_sc_hd__dfrtp_1)
                                              2.006181   data arrival time

                      0.150000    0.000000    0.000000   clock clk (rise edge)
                                  0.000000    0.000000   clock network delay (ideal)
                                  0.250000    0.250000   clock uncertainty
                                  0.000000    0.250000   clock reconvergence pessimism
                                              0.250000 ^ _18533_/CLK (sky130_fd_sc_hd__dfrtp_1)
                                 -0.057429    0.192571   library hold time
                                              0.192571   data required time
---------------------------------------------------------------------------------------------
                                              0.192571   data required time
                                             -2.006181   data arrival time
---------------------------------------------------------------------------------------------
                                              1.813610   slack (MET)


Startpoint: b[28] (input port clocked by clk)
Endpoint: _18534_ (rising edge-triggered flip-flop clocked by clk)
Path Group: clk
Path Type: min

Fanout         Cap        Slew       Delay        Time   Description
---------------------------------------------------------------------------------------------
                      0.150000    0.000000    0.000000   clock clk (rise edge)
                                  0.000000    0.000000   clock network delay (ideal)
                                  2.000000    2.000000 v input external delay
     1    0.001838    0.015196    0.006181    2.006181 v b[28] (in)
                                                         b[28] (net)
                      0.015196    0.000000    2.006181 v _18534_/D (sky130_fd_sc_hd__dfrtp_1)
                                              2.006181   data arrival time

                      0.150000    0.000000    0.000000   clock clk (rise edge)
                                  0.000000    0.000000   clock network delay (ideal)
                                  0.250000    0.250000   clock uncertainty
                                  0.000000    0.250000   clock reconvergence pessimism
                                              0.250000 ^ _18534_/CLK (sky130_fd_sc_hd__dfrtp_1)
                                 -0.057429    0.192571   library hold time
                                              0.192571   data required time
---------------------------------------------------------------------------------------------
                                              0.192571   data required time
                                             -2.006181   data arrival time
---------------------------------------------------------------------------------------------
                                              1.813610   slack (MET)


Startpoint: b[29] (input port clocked by clk)
Endpoint: _18535_ (rising edge-triggered flip-flop clocked by clk)
Path Group: clk
Path Type: min

Fanout         Cap        Slew       Delay        Time   Description
---------------------------------------------------------------------------------------------
                      0.150000    0.000000    0.000000   clock clk (rise edge)
                                  0.000000    0.000000   clock network delay (ideal)
                                  2.000000    2.000000 v input external delay
     1    0.001838    0.015196    0.006181    2.006181 v b[29] (in)
                                                         b[29] (net)
                      0.015196    0.000000    2.006181 v _18535_/D (sky130_fd_sc_hd__dfrtp_1)
                                              2.006181   data arrival time

                      0.150000    0.000000    0.000000   clock clk (rise edge)
                                  0.000000    0.000000   clock network delay (ideal)
                                  0.250000    0.250000   clock uncertainty
                                  0.000000    0.250000   clock reconvergence pessimism
                                              0.250000 ^ _18535_/CLK (sky130_fd_sc_hd__dfrtp_1)
                                 -0.057429    0.192571   library hold time
                                              0.192571   data required time
---------------------------------------------------------------------------------------------
                                              0.192571   data required time
                                             -2.006181   data arrival time
---------------------------------------------------------------------------------------------
                                              1.813610   slack (MET)


Startpoint: b[30] (input port clocked by clk)
Endpoint: _18536_ (rising edge-triggered flip-flop clocked by clk)
Path Group: clk
Path Type: min

Fanout         Cap        Slew       Delay        Time   Description
---------------------------------------------------------------------------------------------
                      0.150000    0.000000    0.000000   clock clk (rise edge)
                                  0.000000    0.000000   clock network delay (ideal)
                                  2.000000    2.000000 v input external delay
     1    0.001838    0.015196    0.006181    2.006181 v b[30] (in)
                                                         b[30] (net)
                      0.015196    0.000000    2.006181 v _18536_/D (sky130_fd_sc_hd__dfrtp_1)
                                              2.006181   data arrival time

                      0.150000    0.000000    0.000000   clock clk (rise edge)
                                  0.000000    0.000000   clock network delay (ideal)
                                  0.250000    0.250000   clock uncertainty
                                  0.000000    0.250000   clock reconvergence pessimism
                                              0.250000 ^ _18536_/CLK (sky130_fd_sc_hd__dfrtp_1)
                                 -0.057429    0.192571   library hold time
                                              0.192571   data required time
---------------------------------------------------------------------------------------------
                                              0.192571   data required time
                                             -2.006181   data arrival time
---------------------------------------------------------------------------------------------
                                              1.813610   slack (MET)


Startpoint: b[31] (input port clocked by clk)
Endpoint: _18537_ (rising edge-triggered flip-flop clocked by clk)
Path Group: clk
Path Type: min

Fanout         Cap        Slew       Delay        Time   Description
---------------------------------------------------------------------------------------------
                      0.150000    0.000000    0.000000   clock clk (rise edge)
                                  0.000000    0.000000   clock network delay (ideal)
                                  2.000000    2.000000 v input external delay
     1    0.001838    0.015196    0.006181    2.006181 v b[31] (in)
                                                         b[31] (net)
                      0.015196    0.000000    2.006181 v _18537_/D (sky130_fd_sc_hd__dfrtp_1)
                                              2.006181   data arrival time

                      0.150000    0.000000    0.000000   clock clk (rise edge)
                                  0.000000    0.000000   clock network delay (ideal)
                                  0.250000    0.250000   clock uncertainty
                                  0.000000    0.250000   clock reconvergence pessimism
                                              0.250000 ^ _18537_/CLK (sky130_fd_sc_hd__dfrtp_1)
                                 -0.057429    0.192571   library hold time
                                              0.192571   data required time
---------------------------------------------------------------------------------------------
                                              0.192571   data required time
                                             -2.006181   data arrival time
---------------------------------------------------------------------------------------------
                                              1.813610   slack (MET)


Startpoint: b[32] (input port clocked by clk)
Endpoint: _18538_ (rising edge-triggered flip-flop clocked by clk)
Path Group: clk
Path Type: min

Fanout         Cap        Slew       Delay        Time   Description
---------------------------------------------------------------------------------------------
                      0.150000    0.000000    0.000000   clock clk (rise edge)
                                  0.000000    0.000000   clock network delay (ideal)
                                  2.000000    2.000000 v input external delay
     1    0.001838    0.015196    0.006181    2.006181 v b[32] (in)
                                                         b[32] (net)
                      0.015196    0.000000    2.006181 v _18538_/D (sky130_fd_sc_hd__dfrtp_1)
                                              2.006181   data arrival time

                      0.150000    0.000000    0.000000   clock clk (rise edge)
                                  0.000000    0.000000   clock network delay (ideal)
                                  0.250000    0.250000   clock uncertainty
                                  0.000000    0.250000   clock reconvergence pessimism
                                              0.250000 ^ _18538_/CLK (sky130_fd_sc_hd__dfrtp_1)
                                 -0.057429    0.192571   library hold time
                                              0.192571   data required time
---------------------------------------------------------------------------------------------
                                              0.192571   data required time
                                             -2.006181   data arrival time
---------------------------------------------------------------------------------------------
                                              1.813610   slack (MET)


Startpoint: b[33] (input port clocked by clk)
Endpoint: _18539_ (rising edge-triggered flip-flop clocked by clk)
Path Group: clk
Path Type: min

Fanout         Cap        Slew       Delay        Time   Description
---------------------------------------------------------------------------------------------
                      0.150000    0.000000    0.000000   clock clk (rise edge)
                                  0.000000    0.000000   clock network delay (ideal)
                                  2.000000    2.000000 v input external delay
     1    0.001838    0.015196    0.006181    2.006181 v b[33] (in)
                                                         b[33] (net)
                      0.015196    0.000000    2.006181 v _18539_/D (sky130_fd_sc_hd__dfrtp_1)
                                              2.006181   data arrival time

                      0.150000    0.000000    0.000000   clock clk (rise edge)
                                  0.000000    0.000000   clock network delay (ideal)
                                  0.250000    0.250000   clock uncertainty
                                  0.000000    0.250000   clock reconvergence pessimism
                                              0.250000 ^ _18539_/CLK (sky130_fd_sc_hd__dfrtp_1)
                                 -0.057429    0.192571   library hold time
                                              0.192571   data required time
---------------------------------------------------------------------------------------------
                                              0.192571   data required time
                                             -2.006181   data arrival time
---------------------------------------------------------------------------------------------
                                              1.813610   slack (MET)


Startpoint: b[34] (input port clocked by clk)
Endpoint: _18540_ (rising edge-triggered flip-flop clocked by clk)
Path Group: clk
Path Type: min

Fanout         Cap        Slew       Delay        Time   Description
---------------------------------------------------------------------------------------------
                      0.150000    0.000000    0.000000   clock clk (rise edge)
                                  0.000000    0.000000   clock network delay (ideal)
                                  2.000000    2.000000 v input external delay
     1    0.001838    0.015196    0.006181    2.006181 v b[34] (in)
                                                         b[34] (net)
                      0.015196    0.000000    2.006181 v _18540_/D (sky130_fd_sc_hd__dfrtp_1)
                                              2.006181   data arrival time

                      0.150000    0.000000    0.000000   clock clk (rise edge)
                                  0.000000    0.000000   clock network delay (ideal)
                                  0.250000    0.250000   clock uncertainty
                                  0.000000    0.250000   clock reconvergence pessimism
                                              0.250000 ^ _18540_/CLK (sky130_fd_sc_hd__dfrtp_1)
                                 -0.057429    0.192571   library hold time
                                              0.192571   data required time
---------------------------------------------------------------------------------------------
                                              0.192571   data required time
                                             -2.006181   data arrival time
---------------------------------------------------------------------------------------------
                                              1.813610   slack (MET)


Startpoint: b[35] (input port clocked by clk)
Endpoint: _18541_ (rising edge-triggered flip-flop clocked by clk)
Path Group: clk
Path Type: min

Fanout         Cap        Slew       Delay        Time   Description
---------------------------------------------------------------------------------------------
                      0.150000    0.000000    0.000000   clock clk (rise edge)
                                  0.000000    0.000000   clock network delay (ideal)
                                  2.000000    2.000000 v input external delay
     1    0.001838    0.015196    0.006181    2.006181 v b[35] (in)
                                                         b[35] (net)
                      0.015196    0.000000    2.006181 v _18541_/D (sky130_fd_sc_hd__dfrtp_1)
                                              2.006181   data arrival time

                      0.150000    0.000000    0.000000   clock clk (rise edge)
                                  0.000000    0.000000   clock network delay (ideal)
                                  0.250000    0.250000   clock uncertainty
                                  0.000000    0.250000   clock reconvergence pessimism
                                              0.250000 ^ _18541_/CLK (sky130_fd_sc_hd__dfrtp_1)
                                 -0.057429    0.192571   library hold time
                                              0.192571   data required time
---------------------------------------------------------------------------------------------
                                              0.192571   data required time
                                             -2.006181   data arrival time
---------------------------------------------------------------------------------------------
                                              1.813610   slack (MET)


Startpoint: b[36] (input port clocked by clk)
Endpoint: _18542_ (rising edge-triggered flip-flop clocked by clk)
Path Group: clk
Path Type: min

Fanout         Cap        Slew       Delay        Time   Description
---------------------------------------------------------------------------------------------
                      0.150000    0.000000    0.000000   clock clk (rise edge)
                                  0.000000    0.000000   clock network delay (ideal)
                                  2.000000    2.000000 v input external delay
     1    0.001838    0.015196    0.006181    2.006181 v b[36] (in)
                                                         b[36] (net)
                      0.015196    0.000000    2.006181 v _18542_/D (sky130_fd_sc_hd__dfrtp_1)
                                              2.006181   data arrival time

                      0.150000    0.000000    0.000000   clock clk (rise edge)
                                  0.000000    0.000000   clock network delay (ideal)
                                  0.250000    0.250000   clock uncertainty
                                  0.000000    0.250000   clock reconvergence pessimism
                                              0.250000 ^ _18542_/CLK (sky130_fd_sc_hd__dfrtp_1)
                                 -0.057429    0.192571   library hold time
                                              0.192571   data required time
---------------------------------------------------------------------------------------------
                                              0.192571   data required time
                                             -2.006181   data arrival time
---------------------------------------------------------------------------------------------
                                              1.813610   slack (MET)


Startpoint: b[37] (input port clocked by clk)
Endpoint: _18543_ (rising edge-triggered flip-flop clocked by clk)
Path Group: clk
Path Type: min

Fanout         Cap        Slew       Delay        Time   Description
---------------------------------------------------------------------------------------------
                      0.150000    0.000000    0.000000   clock clk (rise edge)
                                  0.000000    0.000000   clock network delay (ideal)
                                  2.000000    2.000000 v input external delay
     1    0.001838    0.015196    0.006181    2.006181 v b[37] (in)
                                                         b[37] (net)
                      0.015196    0.000000    2.006181 v _18543_/D (sky130_fd_sc_hd__dfrtp_1)
                                              2.006181   data arrival time

                      0.150000    0.000000    0.000000   clock clk (rise edge)
                                  0.000000    0.000000   clock network delay (ideal)
                                  0.250000    0.250000   clock uncertainty
                                  0.000000    0.250000   clock reconvergence pessimism
                                              0.250000 ^ _18543_/CLK (sky130_fd_sc_hd__dfrtp_1)
                                 -0.057429    0.192571   library hold time
                                              0.192571   data required time
---------------------------------------------------------------------------------------------
                                              0.192571   data required time
                                             -2.006181   data arrival time
---------------------------------------------------------------------------------------------
                                              1.813610   slack (MET)


Startpoint: b[38] (input port clocked by clk)
Endpoint: _18544_ (rising edge-triggered flip-flop clocked by clk)
Path Group: clk
Path Type: min

Fanout         Cap        Slew       Delay        Time   Description
---------------------------------------------------------------------------------------------
                      0.150000    0.000000    0.000000   clock clk (rise edge)
                                  0.000000    0.000000   clock network delay (ideal)
                                  2.000000    2.000000 v input external delay
     1    0.001838    0.015196    0.006181    2.006181 v b[38] (in)
                                                         b[38] (net)
                      0.015196    0.000000    2.006181 v _18544_/D (sky130_fd_sc_hd__dfrtp_1)
                                              2.006181   data arrival time

                      0.150000    0.000000    0.000000   clock clk (rise edge)
                                  0.000000    0.000000   clock network delay (ideal)
                                  0.250000    0.250000   clock uncertainty
                                  0.000000    0.250000   clock reconvergence pessimism
                                              0.250000 ^ _18544_/CLK (sky130_fd_sc_hd__dfrtp_1)
                                 -0.057429    0.192571   library hold time
                                              0.192571   data required time
---------------------------------------------------------------------------------------------
                                              0.192571   data required time
                                             -2.006181   data arrival time
---------------------------------------------------------------------------------------------
                                              1.813610   slack (MET)


Startpoint: b[39] (input port clocked by clk)
Endpoint: _18545_ (rising edge-triggered flip-flop clocked by clk)
Path Group: clk
Path Type: min

Fanout         Cap        Slew       Delay        Time   Description
---------------------------------------------------------------------------------------------
                      0.150000    0.000000    0.000000   clock clk (rise edge)
                                  0.000000    0.000000   clock network delay (ideal)
                                  2.000000    2.000000 v input external delay
     1    0.001838    0.015196    0.006181    2.006181 v b[39] (in)
                                                         b[39] (net)
                      0.015196    0.000000    2.006181 v _18545_/D (sky130_fd_sc_hd__dfrtp_1)
                                              2.006181   data arrival time

                      0.150000    0.000000    0.000000   clock clk (rise edge)
                                  0.000000    0.000000   clock network delay (ideal)
                                  0.250000    0.250000   clock uncertainty
                                  0.000000    0.250000   clock reconvergence pessimism
                                              0.250000 ^ _18545_/CLK (sky130_fd_sc_hd__dfrtp_1)
                                 -0.057429    0.192571   library hold time
                                              0.192571   data required time
---------------------------------------------------------------------------------------------
                                              0.192571   data required time
                                             -2.006181   data arrival time
---------------------------------------------------------------------------------------------
                                              1.813610   slack (MET)


Startpoint: b[40] (input port clocked by clk)
Endpoint: _18546_ (rising edge-triggered flip-flop clocked by clk)
Path Group: clk
Path Type: min

Fanout         Cap        Slew       Delay        Time   Description
---------------------------------------------------------------------------------------------
                      0.150000    0.000000    0.000000   clock clk (rise edge)
                                  0.000000    0.000000   clock network delay (ideal)
                                  2.000000    2.000000 v input external delay
     1    0.001838    0.015196    0.006181    2.006181 v b[40] (in)
                                                         b[40] (net)
                      0.015196    0.000000    2.006181 v _18546_/D (sky130_fd_sc_hd__dfrtp_1)
                                              2.006181   data arrival time

                      0.150000    0.000000    0.000000   clock clk (rise edge)
                                  0.000000    0.000000   clock network delay (ideal)
                                  0.250000    0.250000   clock uncertainty
                                  0.000000    0.250000   clock reconvergence pessimism
                                              0.250000 ^ _18546_/CLK (sky130_fd_sc_hd__dfrtp_1)
                                 -0.057429    0.192571   library hold time
                                              0.192571   data required time
---------------------------------------------------------------------------------------------
                                              0.192571   data required time
                                             -2.006181   data arrival time
---------------------------------------------------------------------------------------------
                                              1.813610   slack (MET)


Startpoint: b[41] (input port clocked by clk)
Endpoint: _18547_ (rising edge-triggered flip-flop clocked by clk)
Path Group: clk
Path Type: min

Fanout         Cap        Slew       Delay        Time   Description
---------------------------------------------------------------------------------------------
                      0.150000    0.000000    0.000000   clock clk (rise edge)
                                  0.000000    0.000000   clock network delay (ideal)
                                  2.000000    2.000000 v input external delay
     1    0.001838    0.015196    0.006181    2.006181 v b[41] (in)
                                                         b[41] (net)
                      0.015196    0.000000    2.006181 v _18547_/D (sky130_fd_sc_hd__dfrtp_1)
                                              2.006181   data arrival time

                      0.150000    0.000000    0.000000   clock clk (rise edge)
                                  0.000000    0.000000   clock network delay (ideal)
                                  0.250000    0.250000   clock uncertainty
                                  0.000000    0.250000   clock reconvergence pessimism
                                              0.250000 ^ _18547_/CLK (sky130_fd_sc_hd__dfrtp_1)
                                 -0.057429    0.192571   library hold time
                                              0.192571   data required time
---------------------------------------------------------------------------------------------
                                              0.192571   data required time
                                             -2.006181   data arrival time
---------------------------------------------------------------------------------------------
                                              1.813610   slack (MET)


Startpoint: b[42] (input port clocked by clk)
Endpoint: _18548_ (rising edge-triggered flip-flop clocked by clk)
Path Group: clk
Path Type: min

Fanout         Cap        Slew       Delay        Time   Description
---------------------------------------------------------------------------------------------
                      0.150000    0.000000    0.000000   clock clk (rise edge)
                                  0.000000    0.000000   clock network delay (ideal)
                                  2.000000    2.000000 v input external delay
     1    0.001838    0.015196    0.006181    2.006181 v b[42] (in)
                                                         b[42] (net)
                      0.015196    0.000000    2.006181 v _18548_/D (sky130_fd_sc_hd__dfrtp_1)
                                              2.006181   data arrival time

                      0.150000    0.000000    0.000000   clock clk (rise edge)
                                  0.000000    0.000000   clock network delay (ideal)
                                  0.250000    0.250000   clock uncertainty
                                  0.000000    0.250000   clock reconvergence pessimism
                                              0.250000 ^ _18548_/CLK (sky130_fd_sc_hd__dfrtp_1)
                                 -0.057429    0.192571   library hold time
                                              0.192571   data required time
---------------------------------------------------------------------------------------------
                                              0.192571   data required time
                                             -2.006181   data arrival time
---------------------------------------------------------------------------------------------
                                              1.813610   slack (MET)


Startpoint: b[43] (input port clocked by clk)
Endpoint: _18549_ (rising edge-triggered flip-flop clocked by clk)
Path Group: clk
Path Type: min

Fanout         Cap        Slew       Delay        Time   Description
---------------------------------------------------------------------------------------------
                      0.150000    0.000000    0.000000   clock clk (rise edge)
                                  0.000000    0.000000   clock network delay (ideal)
                                  2.000000    2.000000 v input external delay
     1    0.001838    0.015196    0.006181    2.006181 v b[43] (in)
                                                         b[43] (net)
                      0.015196    0.000000    2.006181 v _18549_/D (sky130_fd_sc_hd__dfrtp_1)
                                              2.006181   data arrival time

                      0.150000    0.000000    0.000000   clock clk (rise edge)
                                  0.000000    0.000000   clock network delay (ideal)
                                  0.250000    0.250000   clock uncertainty
                                  0.000000    0.250000   clock reconvergence pessimism
                                              0.250000 ^ _18549_/CLK (sky130_fd_sc_hd__dfrtp_1)
                                 -0.057429    0.192571   library hold time
                                              0.192571   data required time
---------------------------------------------------------------------------------------------
                                              0.192571   data required time
                                             -2.006181   data arrival time
---------------------------------------------------------------------------------------------
                                              1.813610   slack (MET)


Startpoint: b[44] (input port clocked by clk)
Endpoint: _18550_ (rising edge-triggered flip-flop clocked by clk)
Path Group: clk
Path Type: min

Fanout         Cap        Slew       Delay        Time   Description
---------------------------------------------------------------------------------------------
                      0.150000    0.000000    0.000000   clock clk (rise edge)
                                  0.000000    0.000000   clock network delay (ideal)
                                  2.000000    2.000000 v input external delay
     1    0.001838    0.015196    0.006181    2.006181 v b[44] (in)
                                                         b[44] (net)
                      0.015196    0.000000    2.006181 v _18550_/D (sky130_fd_sc_hd__dfrtp_1)
                                              2.006181   data arrival time

                      0.150000    0.000000    0.000000   clock clk (rise edge)
                                  0.000000    0.000000   clock network delay (ideal)
                                  0.250000    0.250000   clock uncertainty
                                  0.000000    0.250000   clock reconvergence pessimism
                                              0.250000 ^ _18550_/CLK (sky130_fd_sc_hd__dfrtp_1)
                                 -0.057429    0.192571   library hold time
                                              0.192571   data required time
---------------------------------------------------------------------------------------------
                                              0.192571   data required time
                                             -2.006181   data arrival time
---------------------------------------------------------------------------------------------
                                              1.813610   slack (MET)


Startpoint: b[45] (input port clocked by clk)
Endpoint: _18551_ (rising edge-triggered flip-flop clocked by clk)
Path Group: clk
Path Type: min

Fanout         Cap        Slew       Delay        Time   Description
---------------------------------------------------------------------------------------------
                      0.150000    0.000000    0.000000   clock clk (rise edge)
                                  0.000000    0.000000   clock network delay (ideal)
                                  2.000000    2.000000 v input external delay
     1    0.001838    0.015196    0.006181    2.006181 v b[45] (in)
                                                         b[45] (net)
                      0.015196    0.000000    2.006181 v _18551_/D (sky130_fd_sc_hd__dfrtp_1)
                                              2.006181   data arrival time

                      0.150000    0.000000    0.000000   clock clk (rise edge)
                                  0.000000    0.000000   clock network delay (ideal)
                                  0.250000    0.250000   clock uncertainty
                                  0.000000    0.250000   clock reconvergence pessimism
                                              0.250000 ^ _18551_/CLK (sky130_fd_sc_hd__dfrtp_1)
                                 -0.057429    0.192571   library hold time
                                              0.192571   data required time
---------------------------------------------------------------------------------------------
                                              0.192571   data required time
                                             -2.006181   data arrival time
---------------------------------------------------------------------------------------------
                                              1.813610   slack (MET)


Startpoint: b[46] (input port clocked by clk)
Endpoint: _18552_ (rising edge-triggered flip-flop clocked by clk)
Path Group: clk
Path Type: min

Fanout         Cap        Slew       Delay        Time   Description
---------------------------------------------------------------------------------------------
                      0.150000    0.000000    0.000000   clock clk (rise edge)
                                  0.000000    0.000000   clock network delay (ideal)
                                  2.000000    2.000000 v input external delay
     1    0.001838    0.015196    0.006181    2.006181 v b[46] (in)
                                                         b[46] (net)
                      0.015196    0.000000    2.006181 v _18552_/D (sky130_fd_sc_hd__dfrtp_1)
                                              2.006181   data arrival time

                      0.150000    0.000000    0.000000   clock clk (rise edge)
                                  0.000000    0.000000   clock network delay (ideal)
                                  0.250000    0.250000   clock uncertainty
                                  0.000000    0.250000   clock reconvergence pessimism
                                              0.250000 ^ _18552_/CLK (sky130_fd_sc_hd__dfrtp_1)
                                 -0.057429    0.192571   library hold time
                                              0.192571   data required time
---------------------------------------------------------------------------------------------
                                              0.192571   data required time
                                             -2.006181   data arrival time
---------------------------------------------------------------------------------------------
                                              1.813610   slack (MET)


Startpoint: b[47] (input port clocked by clk)
Endpoint: _18553_ (rising edge-triggered flip-flop clocked by clk)
Path Group: clk
Path Type: min

Fanout         Cap        Slew       Delay        Time   Description
---------------------------------------------------------------------------------------------
                      0.150000    0.000000    0.000000   clock clk (rise edge)
                                  0.000000    0.000000   clock network delay (ideal)
                                  2.000000    2.000000 v input external delay
     1    0.001838    0.015196    0.006181    2.006181 v b[47] (in)
                                                         b[47] (net)
                      0.015196    0.000000    2.006181 v _18553_/D (sky130_fd_sc_hd__dfrtp_1)
                                              2.006181   data arrival time

                      0.150000    0.000000    0.000000   clock clk (rise edge)
                                  0.000000    0.000000   clock network delay (ideal)
                                  0.250000    0.250000   clock uncertainty
                                  0.000000    0.250000   clock reconvergence pessimism
                                              0.250000 ^ _18553_/CLK (sky130_fd_sc_hd__dfrtp_1)
                                 -0.057429    0.192571   library hold time
                                              0.192571   data required time
---------------------------------------------------------------------------------------------
                                              0.192571   data required time
                                             -2.006181   data arrival time
---------------------------------------------------------------------------------------------
                                              1.813610   slack (MET)


Startpoint: b[48] (input port clocked by clk)
Endpoint: _18554_ (rising edge-triggered flip-flop clocked by clk)
Path Group: clk
Path Type: min

Fanout         Cap        Slew       Delay        Time   Description
---------------------------------------------------------------------------------------------
                      0.150000    0.000000    0.000000   clock clk (rise edge)
                                  0.000000    0.000000   clock network delay (ideal)
                                  2.000000    2.000000 v input external delay
     1    0.001838    0.015196    0.006181    2.006181 v b[48] (in)
                                                         b[48] (net)
                      0.015196    0.000000    2.006181 v _18554_/D (sky130_fd_sc_hd__dfrtp_1)
                                              2.006181   data arrival time

                      0.150000    0.000000    0.000000   clock clk (rise edge)
                                  0.000000    0.000000   clock network delay (ideal)
                                  0.250000    0.250000   clock uncertainty
                                  0.000000    0.250000   clock reconvergence pessimism
                                              0.250000 ^ _18554_/CLK (sky130_fd_sc_hd__dfrtp_1)
                                 -0.057429    0.192571   library hold time
                                              0.192571   data required time
---------------------------------------------------------------------------------------------
                                              0.192571   data required time
                                             -2.006181   data arrival time
---------------------------------------------------------------------------------------------
                                              1.813610   slack (MET)


Startpoint: b[49] (input port clocked by clk)
Endpoint: _18555_ (rising edge-triggered flip-flop clocked by clk)
Path Group: clk
Path Type: min

Fanout         Cap        Slew       Delay        Time   Description
---------------------------------------------------------------------------------------------
                      0.150000    0.000000    0.000000   clock clk (rise edge)
                                  0.000000    0.000000   clock network delay (ideal)
                                  2.000000    2.000000 v input external delay
     1    0.001838    0.015196    0.006181    2.006181 v b[49] (in)
                                                         b[49] (net)
                      0.015196    0.000000    2.006181 v _18555_/D (sky130_fd_sc_hd__dfrtp_1)
                                              2.006181   data arrival time

                      0.150000    0.000000    0.000000   clock clk (rise edge)
                                  0.000000    0.000000   clock network delay (ideal)
                                  0.250000    0.250000   clock uncertainty
                                  0.000000    0.250000   clock reconvergence pessimism
                                              0.250000 ^ _18555_/CLK (sky130_fd_sc_hd__dfrtp_1)
                                 -0.057429    0.192571   library hold time
                                              0.192571   data required time
---------------------------------------------------------------------------------------------
                                              0.192571   data required time
                                             -2.006181   data arrival time
---------------------------------------------------------------------------------------------
                                              1.813610   slack (MET)


Startpoint: b[50] (input port clocked by clk)
Endpoint: _18556_ (rising edge-triggered flip-flop clocked by clk)
Path Group: clk
Path Type: min

Fanout         Cap        Slew       Delay        Time   Description
---------------------------------------------------------------------------------------------
                      0.150000    0.000000    0.000000   clock clk (rise edge)
                                  0.000000    0.000000   clock network delay (ideal)
                                  2.000000    2.000000 v input external delay
     1    0.001838    0.015196    0.006181    2.006181 v b[50] (in)
                                                         b[50] (net)
                      0.015196    0.000000    2.006181 v _18556_/D (sky130_fd_sc_hd__dfrtp_1)
                                              2.006181   data arrival time

                      0.150000    0.000000    0.000000   clock clk (rise edge)
                                  0.000000    0.000000   clock network delay (ideal)
                                  0.250000    0.250000   clock uncertainty
                                  0.000000    0.250000   clock reconvergence pessimism
                                              0.250000 ^ _18556_/CLK (sky130_fd_sc_hd__dfrtp_1)
                                 -0.057429    0.192571   library hold time
                                              0.192571   data required time
---------------------------------------------------------------------------------------------
                                              0.192571   data required time
                                             -2.006181   data arrival time
---------------------------------------------------------------------------------------------
                                              1.813610   slack (MET)


Startpoint: b[51] (input port clocked by clk)
Endpoint: _18557_ (rising edge-triggered flip-flop clocked by clk)
Path Group: clk
Path Type: min

Fanout         Cap        Slew       Delay        Time   Description
---------------------------------------------------------------------------------------------
                      0.150000    0.000000    0.000000   clock clk (rise edge)
                                  0.000000    0.000000   clock network delay (ideal)
                                  2.000000    2.000000 v input external delay
     1    0.001838    0.015196    0.006181    2.006181 v b[51] (in)
                                                         b[51] (net)
                      0.015196    0.000000    2.006181 v _18557_/D (sky130_fd_sc_hd__dfrtp_1)
                                              2.006181   data arrival time

                      0.150000    0.000000    0.000000   clock clk (rise edge)
                                  0.000000    0.000000   clock network delay (ideal)
                                  0.250000    0.250000   clock uncertainty
                                  0.000000    0.250000   clock reconvergence pessimism
                                              0.250000 ^ _18557_/CLK (sky130_fd_sc_hd__dfrtp_1)
                                 -0.057429    0.192571   library hold time
                                              0.192571   data required time
---------------------------------------------------------------------------------------------
                                              0.192571   data required time
                                             -2.006181   data arrival time
---------------------------------------------------------------------------------------------
                                              1.813610   slack (MET)


Startpoint: b[52] (input port clocked by clk)
Endpoint: _18558_ (rising edge-triggered flip-flop clocked by clk)
Path Group: clk
Path Type: min

Fanout         Cap        Slew       Delay        Time   Description
---------------------------------------------------------------------------------------------
                      0.150000    0.000000    0.000000   clock clk (rise edge)
                                  0.000000    0.000000   clock network delay (ideal)
                                  2.000000    2.000000 v input external delay
     1    0.001838    0.015196    0.006181    2.006181 v b[52] (in)
                                                         b[52] (net)
                      0.015196    0.000000    2.006181 v _18558_/D (sky130_fd_sc_hd__dfrtp_1)
                                              2.006181   data arrival time

                      0.150000    0.000000    0.000000   clock clk (rise edge)
                                  0.000000    0.000000   clock network delay (ideal)
                                  0.250000    0.250000   clock uncertainty
                                  0.000000    0.250000   clock reconvergence pessimism
                                              0.250000 ^ _18558_/CLK (sky130_fd_sc_hd__dfrtp_1)
                                 -0.057429    0.192571   library hold time
                                              0.192571   data required time
---------------------------------------------------------------------------------------------
                                              0.192571   data required time
                                             -2.006181   data arrival time
---------------------------------------------------------------------------------------------
                                              1.813610   slack (MET)


Startpoint: b[53] (input port clocked by clk)
Endpoint: _18559_ (rising edge-triggered flip-flop clocked by clk)
Path Group: clk
Path Type: min

Fanout         Cap        Slew       Delay        Time   Description
---------------------------------------------------------------------------------------------
                      0.150000    0.000000    0.000000   clock clk (rise edge)
                                  0.000000    0.000000   clock network delay (ideal)
                                  2.000000    2.000000 v input external delay
     1    0.001838    0.015196    0.006181    2.006181 v b[53] (in)
                                                         b[53] (net)
                      0.015196    0.000000    2.006181 v _18559_/D (sky130_fd_sc_hd__dfrtp_1)
                                              2.006181   data arrival time

                      0.150000    0.000000    0.000000   clock clk (rise edge)
                                  0.000000    0.000000   clock network delay (ideal)
                                  0.250000    0.250000   clock uncertainty
                                  0.000000    0.250000   clock reconvergence pessimism
                                              0.250000 ^ _18559_/CLK (sky130_fd_sc_hd__dfrtp_1)
                                 -0.057429    0.192571   library hold time
                                              0.192571   data required time
---------------------------------------------------------------------------------------------
                                              0.192571   data required time
                                             -2.006181   data arrival time
---------------------------------------------------------------------------------------------
                                              1.813610   slack (MET)


Startpoint: b[54] (input port clocked by clk)
Endpoint: _18560_ (rising edge-triggered flip-flop clocked by clk)
Path Group: clk
Path Type: min

Fanout         Cap        Slew       Delay        Time   Description
---------------------------------------------------------------------------------------------
                      0.150000    0.000000    0.000000   clock clk (rise edge)
                                  0.000000    0.000000   clock network delay (ideal)
                                  2.000000    2.000000 v input external delay
     1    0.001838    0.015196    0.006181    2.006181 v b[54] (in)
                                                         b[54] (net)
                      0.015196    0.000000    2.006181 v _18560_/D (sky130_fd_sc_hd__dfrtp_1)
                                              2.006181   data arrival time

                      0.150000    0.000000    0.000000   clock clk (rise edge)
                                  0.000000    0.000000   clock network delay (ideal)
                                  0.250000    0.250000   clock uncertainty
                                  0.000000    0.250000   clock reconvergence pessimism
                                              0.250000 ^ _18560_/CLK (sky130_fd_sc_hd__dfrtp_1)
                                 -0.057429    0.192571   library hold time
                                              0.192571   data required time
---------------------------------------------------------------------------------------------
                                              0.192571   data required time
                                             -2.006181   data arrival time
---------------------------------------------------------------------------------------------
                                              1.813610   slack (MET)


Startpoint: b[55] (input port clocked by clk)
Endpoint: _18561_ (rising edge-triggered flip-flop clocked by clk)
Path Group: clk
Path Type: min

Fanout         Cap        Slew       Delay        Time   Description
---------------------------------------------------------------------------------------------
                      0.150000    0.000000    0.000000   clock clk (rise edge)
                                  0.000000    0.000000   clock network delay (ideal)
                                  2.000000    2.000000 v input external delay
     1    0.001838    0.015196    0.006181    2.006181 v b[55] (in)
                                                         b[55] (net)
                      0.015196    0.000000    2.006181 v _18561_/D (sky130_fd_sc_hd__dfrtp_1)
                                              2.006181   data arrival time

                      0.150000    0.000000    0.000000   clock clk (rise edge)
                                  0.000000    0.000000   clock network delay (ideal)
                                  0.250000    0.250000   clock uncertainty
                                  0.000000    0.250000   clock reconvergence pessimism
                                              0.250000 ^ _18561_/CLK (sky130_fd_sc_hd__dfrtp_1)
                                 -0.057429    0.192571   library hold time
                                              0.192571   data required time
---------------------------------------------------------------------------------------------
                                              0.192571   data required time
                                             -2.006181   data arrival time
---------------------------------------------------------------------------------------------
                                              1.813610   slack (MET)


Startpoint: b[56] (input port clocked by clk)
Endpoint: _18562_ (rising edge-triggered flip-flop clocked by clk)
Path Group: clk
Path Type: min

Fanout         Cap        Slew       Delay        Time   Description
---------------------------------------------------------------------------------------------
                      0.150000    0.000000    0.000000   clock clk (rise edge)
                                  0.000000    0.000000   clock network delay (ideal)
                                  2.000000    2.000000 v input external delay
     1    0.001838    0.015196    0.006181    2.006181 v b[56] (in)
                                                         b[56] (net)
                      0.015196    0.000000    2.006181 v _18562_/D (sky130_fd_sc_hd__dfrtp_1)
                                              2.006181   data arrival time

                      0.150000    0.000000    0.000000   clock clk (rise edge)
                                  0.000000    0.000000   clock network delay (ideal)
                                  0.250000    0.250000   clock uncertainty
                                  0.000000    0.250000   clock reconvergence pessimism
                                              0.250000 ^ _18562_/CLK (sky130_fd_sc_hd__dfrtp_1)
                                 -0.057429    0.192571   library hold time
                                              0.192571   data required time
---------------------------------------------------------------------------------------------
                                              0.192571   data required time
                                             -2.006181   data arrival time
---------------------------------------------------------------------------------------------
                                              1.813610   slack (MET)


Startpoint: b[57] (input port clocked by clk)
Endpoint: _18563_ (rising edge-triggered flip-flop clocked by clk)
Path Group: clk
Path Type: min

Fanout         Cap        Slew       Delay        Time   Description
---------------------------------------------------------------------------------------------
                      0.150000    0.000000    0.000000   clock clk (rise edge)
                                  0.000000    0.000000   clock network delay (ideal)
                                  2.000000    2.000000 v input external delay
     1    0.001838    0.015196    0.006181    2.006181 v b[57] (in)
                                                         b[57] (net)
                      0.015196    0.000000    2.006181 v _18563_/D (sky130_fd_sc_hd__dfrtp_1)
                                              2.006181   data arrival time

                      0.150000    0.000000    0.000000   clock clk (rise edge)
                                  0.000000    0.000000   clock network delay (ideal)
                                  0.250000    0.250000   clock uncertainty
                                  0.000000    0.250000   clock reconvergence pessimism
                                              0.250000 ^ _18563_/CLK (sky130_fd_sc_hd__dfrtp_1)
                                 -0.057429    0.192571   library hold time
                                              0.192571   data required time
---------------------------------------------------------------------------------------------
                                              0.192571   data required time
                                             -2.006181   data arrival time
---------------------------------------------------------------------------------------------
                                              1.813610   slack (MET)


Startpoint: b[58] (input port clocked by clk)
Endpoint: _18564_ (rising edge-triggered flip-flop clocked by clk)
Path Group: clk
Path Type: min

Fanout         Cap        Slew       Delay        Time   Description
---------------------------------------------------------------------------------------------
                      0.150000    0.000000    0.000000   clock clk (rise edge)
                                  0.000000    0.000000   clock network delay (ideal)
                                  2.000000    2.000000 v input external delay
     1    0.001838    0.015196    0.006181    2.006181 v b[58] (in)
                                                         b[58] (net)
                      0.015196    0.000000    2.006181 v _18564_/D (sky130_fd_sc_hd__dfrtp_1)
                                              2.006181   data arrival time

                      0.150000    0.000000    0.000000   clock clk (rise edge)
                                  0.000000    0.000000   clock network delay (ideal)
                                  0.250000    0.250000   clock uncertainty
                                  0.000000    0.250000   clock reconvergence pessimism
                                              0.250000 ^ _18564_/CLK (sky130_fd_sc_hd__dfrtp_1)
                                 -0.057429    0.192571   library hold time
                                              0.192571   data required time
---------------------------------------------------------------------------------------------
                                              0.192571   data required time
                                             -2.006181   data arrival time
---------------------------------------------------------------------------------------------
                                              1.813610   slack (MET)


Startpoint: b[59] (input port clocked by clk)
Endpoint: _18565_ (rising edge-triggered flip-flop clocked by clk)
Path Group: clk
Path Type: min

Fanout         Cap        Slew       Delay        Time   Description
---------------------------------------------------------------------------------------------
                      0.150000    0.000000    0.000000   clock clk (rise edge)
                                  0.000000    0.000000   clock network delay (ideal)
                                  2.000000    2.000000 v input external delay
     1    0.001838    0.015196    0.006181    2.006181 v b[59] (in)
                                                         b[59] (net)
                      0.015196    0.000000    2.006181 v _18565_/D (sky130_fd_sc_hd__dfrtp_1)
                                              2.006181   data arrival time

                      0.150000    0.000000    0.000000   clock clk (rise edge)
                                  0.000000    0.000000   clock network delay (ideal)
                                  0.250000    0.250000   clock uncertainty
                                  0.000000    0.250000   clock reconvergence pessimism
                                              0.250000 ^ _18565_/CLK (sky130_fd_sc_hd__dfrtp_1)
                                 -0.057429    0.192571   library hold time
                                              0.192571   data required time
---------------------------------------------------------------------------------------------
                                              0.192571   data required time
                                             -2.006181   data arrival time
---------------------------------------------------------------------------------------------
                                              1.813610   slack (MET)


Startpoint: b[60] (input port clocked by clk)
Endpoint: _18566_ (rising edge-triggered flip-flop clocked by clk)
Path Group: clk
Path Type: min

Fanout         Cap        Slew       Delay        Time   Description
---------------------------------------------------------------------------------------------
                      0.150000    0.000000    0.000000   clock clk (rise edge)
                                  0.000000    0.000000   clock network delay (ideal)
                                  2.000000    2.000000 v input external delay
     1    0.001838    0.015196    0.006181    2.006181 v b[60] (in)
                                                         b[60] (net)
                      0.015196    0.000000    2.006181 v _18566_/D (sky130_fd_sc_hd__dfrtp_1)
                                              2.006181   data arrival time

                      0.150000    0.000000    0.000000   clock clk (rise edge)
                                  0.000000    0.000000   clock network delay (ideal)
                                  0.250000    0.250000   clock uncertainty
                                  0.000000    0.250000   clock reconvergence pessimism
                                              0.250000 ^ _18566_/CLK (sky130_fd_sc_hd__dfrtp_1)
                                 -0.057429    0.192571   library hold time
                                              0.192571   data required time
---------------------------------------------------------------------------------------------
                                              0.192571   data required time
                                             -2.006181   data arrival time
---------------------------------------------------------------------------------------------
                                              1.813610   slack (MET)


Startpoint: b[61] (input port clocked by clk)
Endpoint: _18567_ (rising edge-triggered flip-flop clocked by clk)
Path Group: clk
Path Type: min

Fanout         Cap        Slew       Delay        Time   Description
---------------------------------------------------------------------------------------------
                      0.150000    0.000000    0.000000   clock clk (rise edge)
                                  0.000000    0.000000   clock network delay (ideal)
                                  2.000000    2.000000 v input external delay
     1    0.001838    0.015196    0.006181    2.006181 v b[61] (in)
                                                         b[61] (net)
                      0.015196    0.000000    2.006181 v _18567_/D (sky130_fd_sc_hd__dfrtp_1)
                                              2.006181   data arrival time

                      0.150000    0.000000    0.000000   clock clk (rise edge)
                                  0.000000    0.000000   clock network delay (ideal)
                                  0.250000    0.250000   clock uncertainty
                                  0.000000    0.250000   clock reconvergence pessimism
                                              0.250000 ^ _18567_/CLK (sky130_fd_sc_hd__dfrtp_1)
                                 -0.057429    0.192571   library hold time
                                              0.192571   data required time
---------------------------------------------------------------------------------------------
                                              0.192571   data required time
                                             -2.006181   data arrival time
---------------------------------------------------------------------------------------------
                                              1.813610   slack (MET)


Startpoint: b[62] (input port clocked by clk)
Endpoint: _18568_ (rising edge-triggered flip-flop clocked by clk)
Path Group: clk
Path Type: min

Fanout         Cap        Slew       Delay        Time   Description
---------------------------------------------------------------------------------------------
                      0.150000    0.000000    0.000000   clock clk (rise edge)
                                  0.000000    0.000000   clock network delay (ideal)
                                  2.000000    2.000000 v input external delay
     1    0.001838    0.015196    0.006181    2.006181 v b[62] (in)
                                                         b[62] (net)
                      0.015196    0.000000    2.006181 v _18568_/D (sky130_fd_sc_hd__dfrtp_1)
                                              2.006181   data arrival time

                      0.150000    0.000000    0.000000   clock clk (rise edge)
                                  0.000000    0.000000   clock network delay (ideal)
                                  0.250000    0.250000   clock uncertainty
                                  0.000000    0.250000   clock reconvergence pessimism
                                              0.250000 ^ _18568_/CLK (sky130_fd_sc_hd__dfrtp_1)
                                 -0.057429    0.192571   library hold time
                                              0.192571   data required time
---------------------------------------------------------------------------------------------
                                              0.192571   data required time
                                             -2.006181   data arrival time
---------------------------------------------------------------------------------------------
                                              1.813610   slack (MET)


Startpoint: b[63] (input port clocked by clk)
Endpoint: _18569_ (rising edge-triggered flip-flop clocked by clk)
Path Group: clk
Path Type: min

Fanout         Cap        Slew       Delay        Time   Description
---------------------------------------------------------------------------------------------
                      0.150000    0.000000    0.000000   clock clk (rise edge)
                                  0.000000    0.000000   clock network delay (ideal)
                                  2.000000    2.000000 v input external delay
     1    0.001838    0.015196    0.006181    2.006181 v b[63] (in)
                                                         b[63] (net)
                      0.015196    0.000000    2.006181 v _18569_/D (sky130_fd_sc_hd__dfrtp_1)
                                              2.006181   data arrival time

                      0.150000    0.000000    0.000000   clock clk (rise edge)
                                  0.000000    0.000000   clock network delay (ideal)
                                  0.250000    0.250000   clock uncertainty
                                  0.000000    0.250000   clock reconvergence pessimism
                                              0.250000 ^ _18569_/CLK (sky130_fd_sc_hd__dfrtp_1)
                                 -0.057429    0.192571   library hold time
                                              0.192571   data required time
---------------------------------------------------------------------------------------------
                                              0.192571   data required time
                                             -2.006181   data arrival time
---------------------------------------------------------------------------------------------
                                              1.813610   slack (MET)


Startpoint: valid (input port clocked by clk)
Endpoint: _18570_ (rising edge-triggered flip-flop clocked by clk)
Path Group: clk
Path Type: min

Fanout         Cap        Slew       Delay        Time   Description
---------------------------------------------------------------------------------------------
                      0.150000    0.000000    0.000000   clock clk (rise edge)
                                  0.000000    0.000000   clock network delay (ideal)
                                  2.000000    2.000000 v input external delay
     1    0.001838    0.015196    0.006181    2.006181 v valid (in)
                                                         valid (net)
                      0.015196    0.000000    2.006181 v _18570_/D (sky130_fd_sc_hd__dfrtp_1)
                                              2.006181   data arrival time

                      0.150000    0.000000    0.000000   clock clk (rise edge)
                                  0.000000    0.000000   clock network delay (ideal)
                                  0.250000    0.250000   clock uncertainty
                                  0.000000    0.250000   clock reconvergence pessimism
                                              0.250000 ^ _18570_/CLK (sky130_fd_sc_hd__dfrtp_1)
                                 -0.057429    0.192571   library hold time
                                              0.192571   data required time
---------------------------------------------------------------------------------------------
                                              0.192571   data required time
                                             -2.006181   data arrival time
---------------------------------------------------------------------------------------------
                                              1.813610   slack (MET)


Startpoint: rst_n (input port clocked by clk)
Endpoint: _18473_ (removal check against rising-edge clock clk)
Path Group: asynchronous
Path Type: min

Fanout         Cap        Slew       Delay        Time   Description
---------------------------------------------------------------------------------------------
                      0.150000    0.000000    0.000000   clock clk (rise edge)
                                  0.000000    0.000000   clock network delay (ideal)
                                  2.000000    2.000000 ^ input external delay
   163    0.532195    3.756140    2.650405    4.650405 ^ rst_n (in)
                                                         rst_n (net)
                      3.756140    0.000000    4.650405 ^ _18473_/RESET_B (sky130_fd_sc_hd__dfrtp_1)
                                              4.650405   data arrival time

                      0.150000    0.000000    0.000000   clock clk (rise edge)
                                  0.000000    0.000000   clock network delay (ideal)
                                  0.250000    0.250000   clock uncertainty
                                  0.000000    0.250000   clock reconvergence pessimism
                                              0.250000 ^ _18473_/CLK (sky130_fd_sc_hd__dfrtp_1)
                                  1.727255    1.977254   library removal time
                                              1.977254   data required time
---------------------------------------------------------------------------------------------
                                              1.977254   data required time
                                             -4.650405   data arrival time
---------------------------------------------------------------------------------------------
                                              2.673151   slack (MET)


Startpoint: rst_n (input port clocked by clk)
Endpoint: _18474_ (removal check against rising-edge clock clk)
Path Group: asynchronous
Path Type: min

Fanout         Cap        Slew       Delay        Time   Description
---------------------------------------------------------------------------------------------
                      0.150000    0.000000    0.000000   clock clk (rise edge)
                                  0.000000    0.000000   clock network delay (ideal)
                                  2.000000    2.000000 ^ input external delay
   163    0.532195    3.756140    2.650405    4.650405 ^ rst_n (in)
                                                         rst_n (net)
                      3.756140    0.000000    4.650405 ^ _18474_/RESET_B (sky130_fd_sc_hd__dfrtp_1)
                                              4.650405   data arrival time

                      0.150000    0.000000    0.000000   clock clk (rise edge)
                                  0.000000    0.000000   clock network delay (ideal)
                                  0.250000    0.250000   clock uncertainty
                                  0.000000    0.250000   clock reconvergence pessimism
                                              0.250000 ^ _18474_/CLK (sky130_fd_sc_hd__dfrtp_1)
                                  1.727255    1.977254   library removal time
                                              1.977254   data required time
---------------------------------------------------------------------------------------------
                                              1.977254   data required time
                                             -4.650405   data arrival time
---------------------------------------------------------------------------------------------
                                              2.673151   slack (MET)


Startpoint: rst_n (input port clocked by clk)
Endpoint: _18475_ (removal check against rising-edge clock clk)
Path Group: asynchronous
Path Type: min

Fanout         Cap        Slew       Delay        Time   Description
---------------------------------------------------------------------------------------------
                      0.150000    0.000000    0.000000   clock clk (rise edge)
                                  0.000000    0.000000   clock network delay (ideal)
                                  2.000000    2.000000 ^ input external delay
   163    0.532195    3.756140    2.650405    4.650405 ^ rst_n (in)
                                                         rst_n (net)
                      3.756140    0.000000    4.650405 ^ _18475_/RESET_B (sky130_fd_sc_hd__dfrtp_1)
                                              4.650405   data arrival time

                      0.150000    0.000000    0.000000   clock clk (rise edge)
                                  0.000000    0.000000   clock network delay (ideal)
                                  0.250000    0.250000   clock uncertainty
                                  0.000000    0.250000   clock reconvergence pessimism
                                              0.250000 ^ _18475_/CLK (sky130_fd_sc_hd__dfrtp_1)
                                  1.727255    1.977254   library removal time
                                              1.977254   data required time
---------------------------------------------------------------------------------------------
                                              1.977254   data required time
                                             -4.650405   data arrival time
---------------------------------------------------------------------------------------------
                                              2.673151   slack (MET)


Startpoint: rst_n (input port clocked by clk)
Endpoint: _18476_ (removal check against rising-edge clock clk)
Path Group: asynchronous
Path Type: min

Fanout         Cap        Slew       Delay        Time   Description
---------------------------------------------------------------------------------------------
                      0.150000    0.000000    0.000000   clock clk (rise edge)
                                  0.000000    0.000000   clock network delay (ideal)
                                  2.000000    2.000000 ^ input external delay
   163    0.532195    3.756140    2.650405    4.650405 ^ rst_n (in)
                                                         rst_n (net)
                      3.756140    0.000000    4.650405 ^ _18476_/RESET_B (sky130_fd_sc_hd__dfrtp_1)
                                              4.650405   data arrival time

                      0.150000    0.000000    0.000000   clock clk (rise edge)
                                  0.000000    0.000000   clock network delay (ideal)
                                  0.250000    0.250000   clock uncertainty
                                  0.000000    0.250000   clock reconvergence pessimism
                                              0.250000 ^ _18476_/CLK (sky130_fd_sc_hd__dfrtp_1)
                                  1.727255    1.977254   library removal time
                                              1.977254   data required time
---------------------------------------------------------------------------------------------
                                              1.977254   data required time
                                             -4.650405   data arrival time
---------------------------------------------------------------------------------------------
                                              2.673151   slack (MET)


Startpoint: rst_n (input port clocked by clk)
Endpoint: _18477_ (removal check against rising-edge clock clk)
Path Group: asynchronous
Path Type: min

Fanout         Cap        Slew       Delay        Time   Description
---------------------------------------------------------------------------------------------
                      0.150000    0.000000    0.000000   clock clk (rise edge)
                                  0.000000    0.000000   clock network delay (ideal)
                                  2.000000    2.000000 ^ input external delay
   163    0.532195    3.756140    2.650405    4.650405 ^ rst_n (in)
                                                         rst_n (net)
                      3.756140    0.000000    4.650405 ^ _18477_/RESET_B (sky130_fd_sc_hd__dfrtp_1)
                                              4.650405   data arrival time

                      0.150000    0.000000    0.000000   clock clk (rise edge)
                                  0.000000    0.000000   clock network delay (ideal)
                                  0.250000    0.250000   clock uncertainty
                                  0.000000    0.250000   clock reconvergence pessimism
                                              0.250000 ^ _18477_/CLK (sky130_fd_sc_hd__dfrtp_1)
                                  1.727255    1.977254   library removal time
                                              1.977254   data required time
---------------------------------------------------------------------------------------------
                                              1.977254   data required time
                                             -4.650405   data arrival time
---------------------------------------------------------------------------------------------
                                              2.673151   slack (MET)


Startpoint: rst_n (input port clocked by clk)
Endpoint: _18478_ (removal check against rising-edge clock clk)
Path Group: asynchronous
Path Type: min

Fanout         Cap        Slew       Delay        Time   Description
---------------------------------------------------------------------------------------------
                      0.150000    0.000000    0.000000   clock clk (rise edge)
                                  0.000000    0.000000   clock network delay (ideal)
                                  2.000000    2.000000 ^ input external delay
   163    0.532195    3.756140    2.650405    4.650405 ^ rst_n (in)
                                                         rst_n (net)
                      3.756140    0.000000    4.650405 ^ _18478_/RESET_B (sky130_fd_sc_hd__dfrtp_1)
                                              4.650405   data arrival time

                      0.150000    0.000000    0.000000   clock clk (rise edge)
                                  0.000000    0.000000   clock network delay (ideal)
                                  0.250000    0.250000   clock uncertainty
                                  0.000000    0.250000   clock reconvergence pessimism
                                              0.250000 ^ _18478_/CLK (sky130_fd_sc_hd__dfrtp_1)
                                  1.727255    1.977254   library removal time
                                              1.977254   data required time
---------------------------------------------------------------------------------------------
                                              1.977254   data required time
                                             -4.650405   data arrival time
---------------------------------------------------------------------------------------------
                                              2.673151   slack (MET)


Startpoint: rst_n (input port clocked by clk)
Endpoint: _18479_ (removal check against rising-edge clock clk)
Path Group: asynchronous
Path Type: min

Fanout         Cap        Slew       Delay        Time   Description
---------------------------------------------------------------------------------------------
                      0.150000    0.000000    0.000000   clock clk (rise edge)
                                  0.000000    0.000000   clock network delay (ideal)
                                  2.000000    2.000000 ^ input external delay
   163    0.532195    3.756140    2.650405    4.650405 ^ rst_n (in)
                                                         rst_n (net)
                      3.756140    0.000000    4.650405 ^ _18479_/RESET_B (sky130_fd_sc_hd__dfrtp_1)
                                              4.650405   data arrival time

                      0.150000    0.000000    0.000000   clock clk (rise edge)
                                  0.000000    0.000000   clock network delay (ideal)
                                  0.250000    0.250000   clock uncertainty
                                  0.000000    0.250000   clock reconvergence pessimism
                                              0.250000 ^ _18479_/CLK (sky130_fd_sc_hd__dfrtp_1)
                                  1.727255    1.977254   library removal time
                                              1.977254   data required time
---------------------------------------------------------------------------------------------
                                              1.977254   data required time
                                             -4.650405   data arrival time
---------------------------------------------------------------------------------------------
                                              2.673151   slack (MET)


Startpoint: rst_n (input port clocked by clk)
Endpoint: _18480_ (removal check against rising-edge clock clk)
Path Group: asynchronous
Path Type: min

Fanout         Cap        Slew       Delay        Time   Description
---------------------------------------------------------------------------------------------
                      0.150000    0.000000    0.000000   clock clk (rise edge)
                                  0.000000    0.000000   clock network delay (ideal)
                                  2.000000    2.000000 ^ input external delay
   163    0.532195    3.756140    2.650405    4.650405 ^ rst_n (in)
                                                         rst_n (net)
                      3.756140    0.000000    4.650405 ^ _18480_/RESET_B (sky130_fd_sc_hd__dfrtp_1)
                                              4.650405   data arrival time

                      0.150000    0.000000    0.000000   clock clk (rise edge)
                                  0.000000    0.000000   clock network delay (ideal)
                                  0.250000    0.250000   clock uncertainty
                                  0.000000    0.250000   clock reconvergence pessimism
                                              0.250000 ^ _18480_/CLK (sky130_fd_sc_hd__dfrtp_1)
                                  1.727255    1.977254   library removal time
                                              1.977254   data required time
---------------------------------------------------------------------------------------------
                                              1.977254   data required time
                                             -4.650405   data arrival time
---------------------------------------------------------------------------------------------
                                              2.673151   slack (MET)


Startpoint: rst_n (input port clocked by clk)
Endpoint: _18481_ (removal check against rising-edge clock clk)
Path Group: asynchronous
Path Type: min

Fanout         Cap        Slew       Delay        Time   Description
---------------------------------------------------------------------------------------------
                      0.150000    0.000000    0.000000   clock clk (rise edge)
                                  0.000000    0.000000   clock network delay (ideal)
                                  2.000000    2.000000 ^ input external delay
   163    0.532195    3.756140    2.650405    4.650405 ^ rst_n (in)
                                                         rst_n (net)
                      3.756140    0.000000    4.650405 ^ _18481_/RESET_B (sky130_fd_sc_hd__dfrtp_1)
                                              4.650405   data arrival time

                      0.150000    0.000000    0.000000   clock clk (rise edge)
                                  0.000000    0.000000   clock network delay (ideal)
                                  0.250000    0.250000   clock uncertainty
                                  0.000000    0.250000   clock reconvergence pessimism
                                              0.250000 ^ _18481_/CLK (sky130_fd_sc_hd__dfrtp_1)
                                  1.727255    1.977254   library removal time
                                              1.977254   data required time
---------------------------------------------------------------------------------------------
                                              1.977254   data required time
                                             -4.650405   data arrival time
---------------------------------------------------------------------------------------------
                                              2.673151   slack (MET)


Startpoint: rst_n (input port clocked by clk)
Endpoint: _18482_ (removal check against rising-edge clock clk)
Path Group: asynchronous
Path Type: min

Fanout         Cap        Slew       Delay        Time   Description
---------------------------------------------------------------------------------------------
                      0.150000    0.000000    0.000000   clock clk (rise edge)
                                  0.000000    0.000000   clock network delay (ideal)
                                  2.000000    2.000000 ^ input external delay
   163    0.532195    3.756140    2.650405    4.650405 ^ rst_n (in)
                                                         rst_n (net)
                      3.756140    0.000000    4.650405 ^ _18482_/RESET_B (sky130_fd_sc_hd__dfrtp_1)
                                              4.650405   data arrival time

                      0.150000    0.000000    0.000000   clock clk (rise edge)
                                  0.000000    0.000000   clock network delay (ideal)
                                  0.250000    0.250000   clock uncertainty
                                  0.000000    0.250000   clock reconvergence pessimism
                                              0.250000 ^ _18482_/CLK (sky130_fd_sc_hd__dfrtp_1)
                                  1.727255    1.977254   library removal time
                                              1.977254   data required time
---------------------------------------------------------------------------------------------
                                              1.977254   data required time
                                             -4.650405   data arrival time
---------------------------------------------------------------------------------------------
                                              2.673151   slack (MET)


Startpoint: rst_n (input port clocked by clk)
Endpoint: _18483_ (removal check against rising-edge clock clk)
Path Group: asynchronous
Path Type: min

Fanout         Cap        Slew       Delay        Time   Description
---------------------------------------------------------------------------------------------
                      0.150000    0.000000    0.000000   clock clk (rise edge)
                                  0.000000    0.000000   clock network delay (ideal)
                                  2.000000    2.000000 ^ input external delay
   163    0.532195    3.756140    2.650405    4.650405 ^ rst_n (in)
                                                         rst_n (net)
                      3.756140    0.000000    4.650405 ^ _18483_/RESET_B (sky130_fd_sc_hd__dfrtp_1)
                                              4.650405   data arrival time

                      0.150000    0.000000    0.000000   clock clk (rise edge)
                                  0.000000    0.000000   clock network delay (ideal)
                                  0.250000    0.250000   clock uncertainty
                                  0.000000    0.250000   clock reconvergence pessimism
                                              0.250000 ^ _18483_/CLK (sky130_fd_sc_hd__dfrtp_1)
                                  1.727255    1.977254   library removal time
                                              1.977254   data required time
---------------------------------------------------------------------------------------------
                                              1.977254   data required time
                                             -4.650405   data arrival time
---------------------------------------------------------------------------------------------
                                              2.673151   slack (MET)


Startpoint: rst_n (input port clocked by clk)
Endpoint: _18484_ (removal check against rising-edge clock clk)
Path Group: asynchronous
Path Type: min

Fanout         Cap        Slew       Delay        Time   Description
---------------------------------------------------------------------------------------------
                      0.150000    0.000000    0.000000   clock clk (rise edge)
                                  0.000000    0.000000   clock network delay (ideal)
                                  2.000000    2.000000 ^ input external delay
   163    0.532195    3.756140    2.650405    4.650405 ^ rst_n (in)
                                                         rst_n (net)
                      3.756140    0.000000    4.650405 ^ _18484_/RESET_B (sky130_fd_sc_hd__dfrtp_1)
                                              4.650405   data arrival time

                      0.150000    0.000000    0.000000   clock clk (rise edge)
                                  0.000000    0.000000   clock network delay (ideal)
                                  0.250000    0.250000   clock uncertainty
                                  0.000000    0.250000   clock reconvergence pessimism
                                              0.250000 ^ _18484_/CLK (sky130_fd_sc_hd__dfrtp_1)
                                  1.727255    1.977254   library removal time
                                              1.977254   data required time
---------------------------------------------------------------------------------------------
                                              1.977254   data required time
                                             -4.650405   data arrival time
---------------------------------------------------------------------------------------------
                                              2.673151   slack (MET)


Startpoint: rst_n (input port clocked by clk)
Endpoint: _18485_ (removal check against rising-edge clock clk)
Path Group: asynchronous
Path Type: min

Fanout         Cap        Slew       Delay        Time   Description
---------------------------------------------------------------------------------------------
                      0.150000    0.000000    0.000000   clock clk (rise edge)
                                  0.000000    0.000000   clock network delay (ideal)
                                  2.000000    2.000000 ^ input external delay
   163    0.532195    3.756140    2.650405    4.650405 ^ rst_n (in)
                                                         rst_n (net)
                      3.756140    0.000000    4.650405 ^ _18485_/RESET_B (sky130_fd_sc_hd__dfrtp_1)
                                              4.650405   data arrival time

                      0.150000    0.000000    0.000000   clock clk (rise edge)
                                  0.000000    0.000000   clock network delay (ideal)
                                  0.250000    0.250000   clock uncertainty
                                  0.000000    0.250000   clock reconvergence pessimism
                                              0.250000 ^ _18485_/CLK (sky130_fd_sc_hd__dfrtp_1)
                                  1.727255    1.977254   library removal time
                                              1.977254   data required time
---------------------------------------------------------------------------------------------
                                              1.977254   data required time
                                             -4.650405   data arrival time
---------------------------------------------------------------------------------------------
                                              2.673151   slack (MET)


Startpoint: rst_n (input port clocked by clk)
Endpoint: _18486_ (removal check against rising-edge clock clk)
Path Group: asynchronous
Path Type: min

Fanout         Cap        Slew       Delay        Time   Description
---------------------------------------------------------------------------------------------
                      0.150000    0.000000    0.000000   clock clk (rise edge)
                                  0.000000    0.000000   clock network delay (ideal)
                                  2.000000    2.000000 ^ input external delay
   163    0.532195    3.756140    2.650405    4.650405 ^ rst_n (in)
                                                         rst_n (net)
                      3.756140    0.000000    4.650405 ^ _18486_/RESET_B (sky130_fd_sc_hd__dfrtp_1)
                                              4.650405   data arrival time

                      0.150000    0.000000    0.000000   clock clk (rise edge)
                                  0.000000    0.000000   clock network delay (ideal)
                                  0.250000    0.250000   clock uncertainty
                                  0.000000    0.250000   clock reconvergence pessimism
                                              0.250000 ^ _18486_/CLK (sky130_fd_sc_hd__dfrtp_1)
                                  1.727255    1.977254   library removal time
                                              1.977254   data required time
---------------------------------------------------------------------------------------------
                                              1.977254   data required time
                                             -4.650405   data arrival time
---------------------------------------------------------------------------------------------
                                              2.673151   slack (MET)


Startpoint: rst_n (input port clocked by clk)
Endpoint: _18487_ (removal check against rising-edge clock clk)
Path Group: asynchronous
Path Type: min

Fanout         Cap        Slew       Delay        Time   Description
---------------------------------------------------------------------------------------------
                      0.150000    0.000000    0.000000   clock clk (rise edge)
                                  0.000000    0.000000   clock network delay (ideal)
                                  2.000000    2.000000 ^ input external delay
   163    0.532195    3.756140    2.650405    4.650405 ^ rst_n (in)
                                                         rst_n (net)
                      3.756140    0.000000    4.650405 ^ _18487_/RESET_B (sky130_fd_sc_hd__dfrtp_1)
                                              4.650405   data arrival time

                      0.150000    0.000000    0.000000   clock clk (rise edge)
                                  0.000000    0.000000   clock network delay (ideal)
                                  0.250000    0.250000   clock uncertainty
                                  0.000000    0.250000   clock reconvergence pessimism
                                              0.250000 ^ _18487_/CLK (sky130_fd_sc_hd__dfrtp_1)
                                  1.727255    1.977254   library removal time
                                              1.977254   data required time
---------------------------------------------------------------------------------------------
                                              1.977254   data required time
                                             -4.650405   data arrival time
---------------------------------------------------------------------------------------------
                                              2.673151   slack (MET)


Startpoint: rst_n (input port clocked by clk)
Endpoint: _18488_ (removal check against rising-edge clock clk)
Path Group: asynchronous
Path Type: min

Fanout         Cap        Slew       Delay        Time   Description
---------------------------------------------------------------------------------------------
                      0.150000    0.000000    0.000000   clock clk (rise edge)
                                  0.000000    0.000000   clock network delay (ideal)
                                  2.000000    2.000000 ^ input external delay
   163    0.532195    3.756140    2.650405    4.650405 ^ rst_n (in)
                                                         rst_n (net)
                      3.756140    0.000000    4.650405 ^ _18488_/RESET_B (sky130_fd_sc_hd__dfrtp_1)
                                              4.650405   data arrival time

                      0.150000    0.000000    0.000000   clock clk (rise edge)
                                  0.000000    0.000000   clock network delay (ideal)
                                  0.250000    0.250000   clock uncertainty
                                  0.000000    0.250000   clock reconvergence pessimism
                                              0.250000 ^ _18488_/CLK (sky130_fd_sc_hd__dfrtp_1)
                                  1.727255    1.977254   library removal time
                                              1.977254   data required time
---------------------------------------------------------------------------------------------
                                              1.977254   data required time
                                             -4.650405   data arrival time
---------------------------------------------------------------------------------------------
                                              2.673151   slack (MET)


Startpoint: rst_n (input port clocked by clk)
Endpoint: _18489_ (removal check against rising-edge clock clk)
Path Group: asynchronous
Path Type: min

Fanout         Cap        Slew       Delay        Time   Description
---------------------------------------------------------------------------------------------
                      0.150000    0.000000    0.000000   clock clk (rise edge)
                                  0.000000    0.000000   clock network delay (ideal)
                                  2.000000    2.000000 ^ input external delay
   163    0.532195    3.756140    2.650405    4.650405 ^ rst_n (in)
                                                         rst_n (net)
                      3.756140    0.000000    4.650405 ^ _18489_/RESET_B (sky130_fd_sc_hd__dfrtp_1)
                                              4.650405   data arrival time

                      0.150000    0.000000    0.000000   clock clk (rise edge)
                                  0.000000    0.000000   clock network delay (ideal)
                                  0.250000    0.250000   clock uncertainty
                                  0.000000    0.250000   clock reconvergence pessimism
                                              0.250000 ^ _18489_/CLK (sky130_fd_sc_hd__dfrtp_1)
                                  1.727255    1.977254   library removal time
                                              1.977254   data required time
---------------------------------------------------------------------------------------------
                                              1.977254   data required time
                                             -4.650405   data arrival time
---------------------------------------------------------------------------------------------
                                              2.673151   slack (MET)


Startpoint: rst_n (input port clocked by clk)
Endpoint: _18490_ (removal check against rising-edge clock clk)
Path Group: asynchronous
Path Type: min

Fanout         Cap        Slew       Delay        Time   Description
---------------------------------------------------------------------------------------------
                      0.150000    0.000000    0.000000   clock clk (rise edge)
                                  0.000000    0.000000   clock network delay (ideal)
                                  2.000000    2.000000 ^ input external delay
   163    0.532195    3.756140    2.650405    4.650405 ^ rst_n (in)
                                                         rst_n (net)
                      3.756140    0.000000    4.650405 ^ _18490_/RESET_B (sky130_fd_sc_hd__dfrtp_1)
                                              4.650405   data arrival time

                      0.150000    0.000000    0.000000   clock clk (rise edge)
                                  0.000000    0.000000   clock network delay (ideal)
                                  0.250000    0.250000   clock uncertainty
                                  0.000000    0.250000   clock reconvergence pessimism
                                              0.250000 ^ _18490_/CLK (sky130_fd_sc_hd__dfrtp_1)
                                  1.727255    1.977254   library removal time
                                              1.977254   data required time
---------------------------------------------------------------------------------------------
                                              1.977254   data required time
                                             -4.650405   data arrival time
---------------------------------------------------------------------------------------------
                                              2.673151   slack (MET)


Startpoint: rst_n (input port clocked by clk)
Endpoint: _18491_ (removal check against rising-edge clock clk)
Path Group: asynchronous
Path Type: min

Fanout         Cap        Slew       Delay        Time   Description
---------------------------------------------------------------------------------------------
                      0.150000    0.000000    0.000000   clock clk (rise edge)
                                  0.000000    0.000000   clock network delay (ideal)
                                  2.000000    2.000000 ^ input external delay
   163    0.532195    3.756140    2.650405    4.650405 ^ rst_n (in)
                                                         rst_n (net)
                      3.756140    0.000000    4.650405 ^ _18491_/RESET_B (sky130_fd_sc_hd__dfrtp_1)
                                              4.650405   data arrival time

                      0.150000    0.000000    0.000000   clock clk (rise edge)
                                  0.000000    0.000000   clock network delay (ideal)
                                  0.250000    0.250000   clock uncertainty
                                  0.000000    0.250000   clock reconvergence pessimism
                                              0.250000 ^ _18491_/CLK (sky130_fd_sc_hd__dfrtp_1)
                                  1.727255    1.977254   library removal time
                                              1.977254   data required time
---------------------------------------------------------------------------------------------
                                              1.977254   data required time
                                             -4.650405   data arrival time
---------------------------------------------------------------------------------------------
                                              2.673151   slack (MET)


Startpoint: rst_n (input port clocked by clk)
Endpoint: _18492_ (removal check against rising-edge clock clk)
Path Group: asynchronous
Path Type: min

Fanout         Cap        Slew       Delay        Time   Description
---------------------------------------------------------------------------------------------
                      0.150000    0.000000    0.000000   clock clk (rise edge)
                                  0.000000    0.000000   clock network delay (ideal)
                                  2.000000    2.000000 ^ input external delay
   163    0.532195    3.756140    2.650405    4.650405 ^ rst_n (in)
                                                         rst_n (net)
                      3.756140    0.000000    4.650405 ^ _18492_/RESET_B (sky130_fd_sc_hd__dfrtp_1)
                                              4.650405   data arrival time

                      0.150000    0.000000    0.000000   clock clk (rise edge)
                                  0.000000    0.000000   clock network delay (ideal)
                                  0.250000    0.250000   clock uncertainty
                                  0.000000    0.250000   clock reconvergence pessimism
                                              0.250000 ^ _18492_/CLK (sky130_fd_sc_hd__dfrtp_1)
                                  1.727255    1.977254   library removal time
                                              1.977254   data required time
---------------------------------------------------------------------------------------------
                                              1.977254   data required time
                                             -4.650405   data arrival time
---------------------------------------------------------------------------------------------
                                              2.673151   slack (MET)


Startpoint: rst_n (input port clocked by clk)
Endpoint: _18493_ (removal check against rising-edge clock clk)
Path Group: asynchronous
Path Type: min

Fanout         Cap        Slew       Delay        Time   Description
---------------------------------------------------------------------------------------------
                      0.150000    0.000000    0.000000   clock clk (rise edge)
                                  0.000000    0.000000   clock network delay (ideal)
                                  2.000000    2.000000 ^ input external delay
   163    0.532195    3.756140    2.650405    4.650405 ^ rst_n (in)
                                                         rst_n (net)
                      3.756140    0.000000    4.650405 ^ _18493_/RESET_B (sky130_fd_sc_hd__dfrtp_1)
                                              4.650405   data arrival time

                      0.150000    0.000000    0.000000   clock clk (rise edge)
                                  0.000000    0.000000   clock network delay (ideal)
                                  0.250000    0.250000   clock uncertainty
                                  0.000000    0.250000   clock reconvergence pessimism
                                              0.250000 ^ _18493_/CLK (sky130_fd_sc_hd__dfrtp_1)
                                  1.727255    1.977254   library removal time
                                              1.977254   data required time
---------------------------------------------------------------------------------------------
                                              1.977254   data required time
                                             -4.650405   data arrival time
---------------------------------------------------------------------------------------------
                                              2.673151   slack (MET)


Startpoint: rst_n (input port clocked by clk)
Endpoint: _18494_ (removal check against rising-edge clock clk)
Path Group: asynchronous
Path Type: min

Fanout         Cap        Slew       Delay        Time   Description
---------------------------------------------------------------------------------------------
                      0.150000    0.000000    0.000000   clock clk (rise edge)
                                  0.000000    0.000000   clock network delay (ideal)
                                  2.000000    2.000000 ^ input external delay
   163    0.532195    3.756140    2.650405    4.650405 ^ rst_n (in)
                                                         rst_n (net)
                      3.756140    0.000000    4.650405 ^ _18494_/RESET_B (sky130_fd_sc_hd__dfrtp_1)
                                              4.650405   data arrival time

                      0.150000    0.000000    0.000000   clock clk (rise edge)
                                  0.000000    0.000000   clock network delay (ideal)
                                  0.250000    0.250000   clock uncertainty
                                  0.000000    0.250000   clock reconvergence pessimism
                                              0.250000 ^ _18494_/CLK (sky130_fd_sc_hd__dfrtp_1)
                                  1.727255    1.977254   library removal time
                                              1.977254   data required time
---------------------------------------------------------------------------------------------
                                              1.977254   data required time
                                             -4.650405   data arrival time
---------------------------------------------------------------------------------------------
                                              2.673151   slack (MET)


Startpoint: rst_n (input port clocked by clk)
Endpoint: _18495_ (removal check against rising-edge clock clk)
Path Group: asynchronous
Path Type: min

Fanout         Cap        Slew       Delay        Time   Description
---------------------------------------------------------------------------------------------
                      0.150000    0.000000    0.000000   clock clk (rise edge)
                                  0.000000    0.000000   clock network delay (ideal)
                                  2.000000    2.000000 ^ input external delay
   163    0.532195    3.756140    2.650405    4.650405 ^ rst_n (in)
                                                         rst_n (net)
                      3.756140    0.000000    4.650405 ^ _18495_/RESET_B (sky130_fd_sc_hd__dfrtp_1)
                                              4.650405   data arrival time

                      0.150000    0.000000    0.000000   clock clk (rise edge)
                                  0.000000    0.000000   clock network delay (ideal)
                                  0.250000    0.250000   clock uncertainty
                                  0.000000    0.250000   clock reconvergence pessimism
                                              0.250000 ^ _18495_/CLK (sky130_fd_sc_hd__dfrtp_1)
                                  1.727255    1.977254   library removal time
                                              1.977254   data required time
---------------------------------------------------------------------------------------------
                                              1.977254   data required time
                                             -4.650405   data arrival time
---------------------------------------------------------------------------------------------
                                              2.673151   slack (MET)


Startpoint: rst_n (input port clocked by clk)
Endpoint: _18496_ (removal check against rising-edge clock clk)
Path Group: asynchronous
Path Type: min

Fanout         Cap        Slew       Delay        Time   Description
---------------------------------------------------------------------------------------------
                      0.150000    0.000000    0.000000   clock clk (rise edge)
                                  0.000000    0.000000   clock network delay (ideal)
                                  2.000000    2.000000 ^ input external delay
   163    0.532195    3.756140    2.650405    4.650405 ^ rst_n (in)
                                                         rst_n (net)
                      3.756140    0.000000    4.650405 ^ _18496_/RESET_B (sky130_fd_sc_hd__dfrtp_1)
                                              4.650405   data arrival time

                      0.150000    0.000000    0.000000   clock clk (rise edge)
                                  0.000000    0.000000   clock network delay (ideal)
                                  0.250000    0.250000   clock uncertainty
                                  0.000000    0.250000   clock reconvergence pessimism
                                              0.250000 ^ _18496_/CLK (sky130_fd_sc_hd__dfrtp_1)
                                  1.727255    1.977254   library removal time
                                              1.977254   data required time
---------------------------------------------------------------------------------------------
                                              1.977254   data required time
                                             -4.650405   data arrival time
---------------------------------------------------------------------------------------------
                                              2.673151   slack (MET)


Startpoint: rst_n (input port clocked by clk)
Endpoint: _18497_ (removal check against rising-edge clock clk)
Path Group: asynchronous
Path Type: min

Fanout         Cap        Slew       Delay        Time   Description
---------------------------------------------------------------------------------------------
                      0.150000    0.000000    0.000000   clock clk (rise edge)
                                  0.000000    0.000000   clock network delay (ideal)
                                  2.000000    2.000000 ^ input external delay
   163    0.532195    3.756140    2.650405    4.650405 ^ rst_n (in)
                                                         rst_n (net)
                      3.756140    0.000000    4.650405 ^ _18497_/RESET_B (sky130_fd_sc_hd__dfrtp_1)
                                              4.650405   data arrival time

                      0.150000    0.000000    0.000000   clock clk (rise edge)
                                  0.000000    0.000000   clock network delay (ideal)
                                  0.250000    0.250000   clock uncertainty
                                  0.000000    0.250000   clock reconvergence pessimism
                                              0.250000 ^ _18497_/CLK (sky130_fd_sc_hd__dfrtp_1)
                                  1.727255    1.977254   library removal time
                                              1.977254   data required time
---------------------------------------------------------------------------------------------
                                              1.977254   data required time
                                             -4.650405   data arrival time
---------------------------------------------------------------------------------------------
                                              2.673151   slack (MET)


Startpoint: rst_n (input port clocked by clk)
Endpoint: _18498_ (removal check against rising-edge clock clk)
Path Group: asynchronous
Path Type: min

Fanout         Cap        Slew       Delay        Time   Description
---------------------------------------------------------------------------------------------
                      0.150000    0.000000    0.000000   clock clk (rise edge)
                                  0.000000    0.000000   clock network delay (ideal)
                                  2.000000    2.000000 ^ input external delay
   163    0.532195    3.756140    2.650405    4.650405 ^ rst_n (in)
                                                         rst_n (net)
                      3.756140    0.000000    4.650405 ^ _18498_/RESET_B (sky130_fd_sc_hd__dfrtp_1)
                                              4.650405   data arrival time

                      0.150000    0.000000    0.000000   clock clk (rise edge)
                                  0.000000    0.000000   clock network delay (ideal)
                                  0.250000    0.250000   clock uncertainty
                                  0.000000    0.250000   clock reconvergence pessimism
                                              0.250000 ^ _18498_/CLK (sky130_fd_sc_hd__dfrtp_1)
                                  1.727255    1.977254   library removal time
                                              1.977254   data required time
---------------------------------------------------------------------------------------------
                                              1.977254   data required time
                                             -4.650405   data arrival time
---------------------------------------------------------------------------------------------
                                              2.673151   slack (MET)


Startpoint: rst_n (input port clocked by clk)
Endpoint: _18499_ (removal check against rising-edge clock clk)
Path Group: asynchronous
Path Type: min

Fanout         Cap        Slew       Delay        Time   Description
---------------------------------------------------------------------------------------------
                      0.150000    0.000000    0.000000   clock clk (rise edge)
                                  0.000000    0.000000   clock network delay (ideal)
                                  2.000000    2.000000 ^ input external delay
   163    0.532195    3.756140    2.650405    4.650405 ^ rst_n (in)
                                                         rst_n (net)
                      3.756140    0.000000    4.650405 ^ _18499_/RESET_B (sky130_fd_sc_hd__dfrtp_1)
                                              4.650405   data arrival time

                      0.150000    0.000000    0.000000   clock clk (rise edge)
                                  0.000000    0.000000   clock network delay (ideal)
                                  0.250000    0.250000   clock uncertainty
                                  0.000000    0.250000   clock reconvergence pessimism
                                              0.250000 ^ _18499_/CLK (sky130_fd_sc_hd__dfrtp_1)
                                  1.727255    1.977254   library removal time
                                              1.977254   data required time
---------------------------------------------------------------------------------------------
                                              1.977254   data required time
                                             -4.650405   data arrival time
---------------------------------------------------------------------------------------------
                                              2.673151   slack (MET)


Startpoint: rst_n (input port clocked by clk)
Endpoint: _18500_ (removal check against rising-edge clock clk)
Path Group: asynchronous
Path Type: min

Fanout         Cap        Slew       Delay        Time   Description
---------------------------------------------------------------------------------------------
                      0.150000    0.000000    0.000000   clock clk (rise edge)
                                  0.000000    0.000000   clock network delay (ideal)
                                  2.000000    2.000000 ^ input external delay
   163    0.532195    3.756140    2.650405    4.650405 ^ rst_n (in)
                                                         rst_n (net)
                      3.756140    0.000000    4.650405 ^ _18500_/RESET_B (sky130_fd_sc_hd__dfrtp_1)
                                              4.650405   data arrival time

                      0.150000    0.000000    0.000000   clock clk (rise edge)
                                  0.000000    0.000000   clock network delay (ideal)
                                  0.250000    0.250000   clock uncertainty
                                  0.000000    0.250000   clock reconvergence pessimism
                                              0.250000 ^ _18500_/CLK (sky130_fd_sc_hd__dfrtp_1)
                                  1.727255    1.977254   library removal time
                                              1.977254   data required time
---------------------------------------------------------------------------------------------
                                              1.977254   data required time
                                             -4.650405   data arrival time
---------------------------------------------------------------------------------------------
                                              2.673151   slack (MET)


Startpoint: rst_n (input port clocked by clk)
Endpoint: _18501_ (removal check against rising-edge clock clk)
Path Group: asynchronous
Path Type: min

Fanout         Cap        Slew       Delay        Time   Description
---------------------------------------------------------------------------------------------
                      0.150000    0.000000    0.000000   clock clk (rise edge)
                                  0.000000    0.000000   clock network delay (ideal)
                                  2.000000    2.000000 ^ input external delay
   163    0.532195    3.756140    2.650405    4.650405 ^ rst_n (in)
                                                         rst_n (net)
                      3.756140    0.000000    4.650405 ^ _18501_/RESET_B (sky130_fd_sc_hd__dfrtp_1)
                                              4.650405   data arrival time

                      0.150000    0.000000    0.000000   clock clk (rise edge)
                                  0.000000    0.000000   clock network delay (ideal)
                                  0.250000    0.250000   clock uncertainty
                                  0.000000    0.250000   clock reconvergence pessimism
                                              0.250000 ^ _18501_/CLK (sky130_fd_sc_hd__dfrtp_1)
                                  1.727255    1.977254   library removal time
                                              1.977254   data required time
---------------------------------------------------------------------------------------------
                                              1.977254   data required time
                                             -4.650405   data arrival time
---------------------------------------------------------------------------------------------
                                              2.673151   slack (MET)


Startpoint: rst_n (input port clocked by clk)
Endpoint: _18502_ (removal check against rising-edge clock clk)
Path Group: asynchronous
Path Type: min

Fanout         Cap        Slew       Delay        Time   Description
---------------------------------------------------------------------------------------------
                      0.150000    0.000000    0.000000   clock clk (rise edge)
                                  0.000000    0.000000   clock network delay (ideal)
                                  2.000000    2.000000 ^ input external delay
   163    0.532195    3.756140    2.650405    4.650405 ^ rst_n (in)
                                                         rst_n (net)
                      3.756140    0.000000    4.650405 ^ _18502_/RESET_B (sky130_fd_sc_hd__dfrtp_1)
                                              4.650405   data arrival time

                      0.150000    0.000000    0.000000   clock clk (rise edge)
                                  0.000000    0.000000   clock network delay (ideal)
                                  0.250000    0.250000   clock uncertainty
                                  0.000000    0.250000   clock reconvergence pessimism
                                              0.250000 ^ _18502_/CLK (sky130_fd_sc_hd__dfrtp_1)
                                  1.727255    1.977254   library removal time
                                              1.977254   data required time
---------------------------------------------------------------------------------------------
                                              1.977254   data required time
                                             -4.650405   data arrival time
---------------------------------------------------------------------------------------------
                                              2.673151   slack (MET)


Startpoint: rst_n (input port clocked by clk)
Endpoint: _18503_ (removal check against rising-edge clock clk)
Path Group: asynchronous
Path Type: min

Fanout         Cap        Slew       Delay        Time   Description
---------------------------------------------------------------------------------------------
                      0.150000    0.000000    0.000000   clock clk (rise edge)
                                  0.000000    0.000000   clock network delay (ideal)
                                  2.000000    2.000000 ^ input external delay
   163    0.532195    3.756140    2.650405    4.650405 ^ rst_n (in)
                                                         rst_n (net)
                      3.756140    0.000000    4.650405 ^ _18503_/RESET_B (sky130_fd_sc_hd__dfrtp_1)
                                              4.650405   data arrival time

                      0.150000    0.000000    0.000000   clock clk (rise edge)
                                  0.000000    0.000000   clock network delay (ideal)
                                  0.250000    0.250000   clock uncertainty
                                  0.000000    0.250000   clock reconvergence pessimism
                                              0.250000 ^ _18503_/CLK (sky130_fd_sc_hd__dfrtp_1)
                                  1.727255    1.977254   library removal time
                                              1.977254   data required time
---------------------------------------------------------------------------------------------
                                              1.977254   data required time
                                             -4.650405   data arrival time
---------------------------------------------------------------------------------------------
                                              2.673151   slack (MET)


Startpoint: rst_n (input port clocked by clk)
Endpoint: _18504_ (removal check against rising-edge clock clk)
Path Group: asynchronous
Path Type: min

Fanout         Cap        Slew       Delay        Time   Description
---------------------------------------------------------------------------------------------
                      0.150000    0.000000    0.000000   clock clk (rise edge)
                                  0.000000    0.000000   clock network delay (ideal)
                                  2.000000    2.000000 ^ input external delay
   163    0.532195    3.756140    2.650405    4.650405 ^ rst_n (in)
                                                         rst_n (net)
                      3.756140    0.000000    4.650405 ^ _18504_/RESET_B (sky130_fd_sc_hd__dfrtp_1)
                                              4.650405   data arrival time

                      0.150000    0.000000    0.000000   clock clk (rise edge)
                                  0.000000    0.000000   clock network delay (ideal)
                                  0.250000    0.250000   clock uncertainty
                                  0.000000    0.250000   clock reconvergence pessimism
                                              0.250000 ^ _18504_/CLK (sky130_fd_sc_hd__dfrtp_1)
                                  1.727255    1.977254   library removal time
                                              1.977254   data required time
---------------------------------------------------------------------------------------------
                                              1.977254   data required time
                                             -4.650405   data arrival time
---------------------------------------------------------------------------------------------
                                              2.673151   slack (MET)


Startpoint: rst_n (input port clocked by clk)
Endpoint: _18505_ (removal check against rising-edge clock clk)
Path Group: asynchronous
Path Type: min

Fanout         Cap        Slew       Delay        Time   Description
---------------------------------------------------------------------------------------------
                      0.150000    0.000000    0.000000   clock clk (rise edge)
                                  0.000000    0.000000   clock network delay (ideal)
                                  2.000000    2.000000 ^ input external delay
   163    0.532195    3.756140    2.650405    4.650405 ^ rst_n (in)
                                                         rst_n (net)
                      3.756140    0.000000    4.650405 ^ _18505_/RESET_B (sky130_fd_sc_hd__dfrtp_1)
                                              4.650405   data arrival time

                      0.150000    0.000000    0.000000   clock clk (rise edge)
                                  0.000000    0.000000   clock network delay (ideal)
                                  0.250000    0.250000   clock uncertainty
                                  0.000000    0.250000   clock reconvergence pessimism
                                              0.250000 ^ _18505_/CLK (sky130_fd_sc_hd__dfrtp_1)
                                  1.727255    1.977254   library removal time
                                              1.977254   data required time
---------------------------------------------------------------------------------------------
                                              1.977254   data required time
                                             -4.650405   data arrival time
---------------------------------------------------------------------------------------------
                                              2.673151   slack (MET)


Startpoint: rst_n (input port clocked by clk)
Endpoint: _18506_ (removal check against rising-edge clock clk)
Path Group: asynchronous
Path Type: min

Fanout         Cap        Slew       Delay        Time   Description
---------------------------------------------------------------------------------------------
                      0.150000    0.000000    0.000000   clock clk (rise edge)
                                  0.000000    0.000000   clock network delay (ideal)
                                  2.000000    2.000000 ^ input external delay
   163    0.532195    3.756140    2.650405    4.650405 ^ rst_n (in)
                                                         rst_n (net)
                      3.756140    0.000000    4.650405 ^ _18506_/RESET_B (sky130_fd_sc_hd__dfrtp_1)
                                              4.650405   data arrival time

                      0.150000    0.000000    0.000000   clock clk (rise edge)
                                  0.000000    0.000000   clock network delay (ideal)
                                  0.250000    0.250000   clock uncertainty
                                  0.000000    0.250000   clock reconvergence pessimism
                                              0.250000 ^ _18506_/CLK (sky130_fd_sc_hd__dfrtp_1)
                                  1.727255    1.977254   library removal time
                                              1.977254   data required time
---------------------------------------------------------------------------------------------
                                              1.977254   data required time
                                             -4.650405   data arrival time
---------------------------------------------------------------------------------------------
                                              2.673151   slack (MET)


Startpoint: rst_n (input port clocked by clk)
Endpoint: _18507_ (removal check against rising-edge clock clk)
Path Group: asynchronous
Path Type: min

Fanout         Cap        Slew       Delay        Time   Description
---------------------------------------------------------------------------------------------
                      0.150000    0.000000    0.000000   clock clk (rise edge)
                                  0.000000    0.000000   clock network delay (ideal)
                                  2.000000    2.000000 ^ input external delay
   163    0.532195    3.756140    2.650405    4.650405 ^ rst_n (in)
                                                         rst_n (net)
                      3.756140    0.000000    4.650405 ^ _18507_/RESET_B (sky130_fd_sc_hd__dfrtp_1)
                                              4.650405   data arrival time

                      0.150000    0.000000    0.000000   clock clk (rise edge)
                                  0.000000    0.000000   clock network delay (ideal)
                                  0.250000    0.250000   clock uncertainty
                                  0.000000    0.250000   clock reconvergence pessimism
                                              0.250000 ^ _18507_/CLK (sky130_fd_sc_hd__dfrtp_1)
                                  1.727255    1.977254   library removal time
                                              1.977254   data required time
---------------------------------------------------------------------------------------------
                                              1.977254   data required time
                                             -4.650405   data arrival time
---------------------------------------------------------------------------------------------
                                              2.673151   slack (MET)


Startpoint: rst_n (input port clocked by clk)
Endpoint: _18508_ (removal check against rising-edge clock clk)
Path Group: asynchronous
Path Type: min

Fanout         Cap        Slew       Delay        Time   Description
---------------------------------------------------------------------------------------------
                      0.150000    0.000000    0.000000   clock clk (rise edge)
                                  0.000000    0.000000   clock network delay (ideal)
                                  2.000000    2.000000 ^ input external delay
   163    0.532195    3.756140    2.650405    4.650405 ^ rst_n (in)
                                                         rst_n (net)
                      3.756140    0.000000    4.650405 ^ _18508_/RESET_B (sky130_fd_sc_hd__dfrtp_1)
                                              4.650405   data arrival time

                      0.150000    0.000000    0.000000   clock clk (rise edge)
                                  0.000000    0.000000   clock network delay (ideal)
                                  0.250000    0.250000   clock uncertainty
                                  0.000000    0.250000   clock reconvergence pessimism
                                              0.250000 ^ _18508_/CLK (sky130_fd_sc_hd__dfrtp_1)
                                  1.727255    1.977254   library removal time
                                              1.977254   data required time
---------------------------------------------------------------------------------------------
                                              1.977254   data required time
                                             -4.650405   data arrival time
---------------------------------------------------------------------------------------------
                                              2.673151   slack (MET)


Startpoint: rst_n (input port clocked by clk)
Endpoint: _18509_ (removal check against rising-edge clock clk)
Path Group: asynchronous
Path Type: min

Fanout         Cap        Slew       Delay        Time   Description
---------------------------------------------------------------------------------------------
                      0.150000    0.000000    0.000000   clock clk (rise edge)
                                  0.000000    0.000000   clock network delay (ideal)
                                  2.000000    2.000000 ^ input external delay
   163    0.532195    3.756140    2.650405    4.650405 ^ rst_n (in)
                                                         rst_n (net)
                      3.756140    0.000000    4.650405 ^ _18509_/RESET_B (sky130_fd_sc_hd__dfrtp_1)
                                              4.650405   data arrival time

                      0.150000    0.000000    0.000000   clock clk (rise edge)
                                  0.000000    0.000000   clock network delay (ideal)
                                  0.250000    0.250000   clock uncertainty
                                  0.000000    0.250000   clock reconvergence pessimism
                                              0.250000 ^ _18509_/CLK (sky130_fd_sc_hd__dfrtp_1)
                                  1.727255    1.977254   library removal time
                                              1.977254   data required time
---------------------------------------------------------------------------------------------
                                              1.977254   data required time
                                             -4.650405   data arrival time
---------------------------------------------------------------------------------------------
                                              2.673151   slack (MET)


Startpoint: rst_n (input port clocked by clk)
Endpoint: _18510_ (removal check against rising-edge clock clk)
Path Group: asynchronous
Path Type: min

Fanout         Cap        Slew       Delay        Time   Description
---------------------------------------------------------------------------------------------
                      0.150000    0.000000    0.000000   clock clk (rise edge)
                                  0.000000    0.000000   clock network delay (ideal)
                                  2.000000    2.000000 ^ input external delay
   163    0.532195    3.756140    2.650405    4.650405 ^ rst_n (in)
                                                         rst_n (net)
                      3.756140    0.000000    4.650405 ^ _18510_/RESET_B (sky130_fd_sc_hd__dfrtp_1)
                                              4.650405   data arrival time

                      0.150000    0.000000    0.000000   clock clk (rise edge)
                                  0.000000    0.000000   clock network delay (ideal)
                                  0.250000    0.250000   clock uncertainty
                                  0.000000    0.250000   clock reconvergence pessimism
                                              0.250000 ^ _18510_/CLK (sky130_fd_sc_hd__dfrtp_1)
                                  1.727255    1.977254   library removal time
                                              1.977254   data required time
---------------------------------------------------------------------------------------------
                                              1.977254   data required time
                                             -4.650405   data arrival time
---------------------------------------------------------------------------------------------
                                              2.673151   slack (MET)


Startpoint: rst_n (input port clocked by clk)
Endpoint: _18511_ (removal check against rising-edge clock clk)
Path Group: asynchronous
Path Type: min

Fanout         Cap        Slew       Delay        Time   Description
---------------------------------------------------------------------------------------------
                      0.150000    0.000000    0.000000   clock clk (rise edge)
                                  0.000000    0.000000   clock network delay (ideal)
                                  2.000000    2.000000 ^ input external delay
   163    0.532195    3.756140    2.650405    4.650405 ^ rst_n (in)
                                                         rst_n (net)
                      3.756140    0.000000    4.650405 ^ _18511_/RESET_B (sky130_fd_sc_hd__dfrtp_1)
                                              4.650405   data arrival time

                      0.150000    0.000000    0.000000   clock clk (rise edge)
                                  0.000000    0.000000   clock network delay (ideal)
                                  0.250000    0.250000   clock uncertainty
                                  0.000000    0.250000   clock reconvergence pessimism
                                              0.250000 ^ _18511_/CLK (sky130_fd_sc_hd__dfrtp_1)
                                  1.727255    1.977254   library removal time
                                              1.977254   data required time
---------------------------------------------------------------------------------------------
                                              1.977254   data required time
                                             -4.650405   data arrival time
---------------------------------------------------------------------------------------------
                                              2.673151   slack (MET)


Startpoint: rst_n (input port clocked by clk)
Endpoint: _18512_ (removal check against rising-edge clock clk)
Path Group: asynchronous
Path Type: min

Fanout         Cap        Slew       Delay        Time   Description
---------------------------------------------------------------------------------------------
                      0.150000    0.000000    0.000000   clock clk (rise edge)
                                  0.000000    0.000000   clock network delay (ideal)
                                  2.000000    2.000000 ^ input external delay
   163    0.532195    3.756140    2.650405    4.650405 ^ rst_n (in)
                                                         rst_n (net)
                      3.756140    0.000000    4.650405 ^ _18512_/RESET_B (sky130_fd_sc_hd__dfrtp_1)
                                              4.650405   data arrival time

                      0.150000    0.000000    0.000000   clock clk (rise edge)
                                  0.000000    0.000000   clock network delay (ideal)
                                  0.250000    0.250000   clock uncertainty
                                  0.000000    0.250000   clock reconvergence pessimism
                                              0.250000 ^ _18512_/CLK (sky130_fd_sc_hd__dfrtp_1)
                                  1.727255    1.977254   library removal time
                                              1.977254   data required time
---------------------------------------------------------------------------------------------
                                              1.977254   data required time
                                             -4.650405   data arrival time
---------------------------------------------------------------------------------------------
                                              2.673151   slack (MET)


Startpoint: rst_n (input port clocked by clk)
Endpoint: _18513_ (removal check against rising-edge clock clk)
Path Group: asynchronous
Path Type: min

Fanout         Cap        Slew       Delay        Time   Description
---------------------------------------------------------------------------------------------
                      0.150000    0.000000    0.000000   clock clk (rise edge)
                                  0.000000    0.000000   clock network delay (ideal)
                                  2.000000    2.000000 ^ input external delay
   163    0.532195    3.756140    2.650405    4.650405 ^ rst_n (in)
                                                         rst_n (net)
                      3.756140    0.000000    4.650405 ^ _18513_/RESET_B (sky130_fd_sc_hd__dfrtp_1)
                                              4.650405   data arrival time

                      0.150000    0.000000    0.000000   clock clk (rise edge)
                                  0.000000    0.000000   clock network delay (ideal)
                                  0.250000    0.250000   clock uncertainty
                                  0.000000    0.250000   clock reconvergence pessimism
                                              0.250000 ^ _18513_/CLK (sky130_fd_sc_hd__dfrtp_1)
                                  1.727255    1.977254   library removal time
                                              1.977254   data required time
---------------------------------------------------------------------------------------------
                                              1.977254   data required time
                                             -4.650405   data arrival time
---------------------------------------------------------------------------------------------
                                              2.673151   slack (MET)


Startpoint: rst_n (input port clocked by clk)
Endpoint: _18514_ (removal check against rising-edge clock clk)
Path Group: asynchronous
Path Type: min

Fanout         Cap        Slew       Delay        Time   Description
---------------------------------------------------------------------------------------------
                      0.150000    0.000000    0.000000   clock clk (rise edge)
                                  0.000000    0.000000   clock network delay (ideal)
                                  2.000000    2.000000 ^ input external delay
   163    0.532195    3.756140    2.650405    4.650405 ^ rst_n (in)
                                                         rst_n (net)
                      3.756140    0.000000    4.650405 ^ _18514_/RESET_B (sky130_fd_sc_hd__dfrtp_1)
                                              4.650405   data arrival time

                      0.150000    0.000000    0.000000   clock clk (rise edge)
                                  0.000000    0.000000   clock network delay (ideal)
                                  0.250000    0.250000   clock uncertainty
                                  0.000000    0.250000   clock reconvergence pessimism
                                              0.250000 ^ _18514_/CLK (sky130_fd_sc_hd__dfrtp_1)
                                  1.727255    1.977254   library removal time
                                              1.977254   data required time
---------------------------------------------------------------------------------------------
                                              1.977254   data required time
                                             -4.650405   data arrival time
---------------------------------------------------------------------------------------------
                                              2.673151   slack (MET)


Startpoint: rst_n (input port clocked by clk)
Endpoint: _18515_ (removal check against rising-edge clock clk)
Path Group: asynchronous
Path Type: min

Fanout         Cap        Slew       Delay        Time   Description
---------------------------------------------------------------------------------------------
                      0.150000    0.000000    0.000000   clock clk (rise edge)
                                  0.000000    0.000000   clock network delay (ideal)
                                  2.000000    2.000000 ^ input external delay
   163    0.532195    3.756140    2.650405    4.650405 ^ rst_n (in)
                                                         rst_n (net)
                      3.756140    0.000000    4.650405 ^ _18515_/RESET_B (sky130_fd_sc_hd__dfrtp_1)
                                              4.650405   data arrival time

                      0.150000    0.000000    0.000000   clock clk (rise edge)
                                  0.000000    0.000000   clock network delay (ideal)
                                  0.250000    0.250000   clock uncertainty
                                  0.000000    0.250000   clock reconvergence pessimism
                                              0.250000 ^ _18515_/CLK (sky130_fd_sc_hd__dfrtp_1)
                                  1.727255    1.977254   library removal time
                                              1.977254   data required time
---------------------------------------------------------------------------------------------
                                              1.977254   data required time
                                             -4.650405   data arrival time
---------------------------------------------------------------------------------------------
                                              2.673151   slack (MET)


Startpoint: rst_n (input port clocked by clk)
Endpoint: _18516_ (removal check against rising-edge clock clk)
Path Group: asynchronous
Path Type: min

Fanout         Cap        Slew       Delay        Time   Description
---------------------------------------------------------------------------------------------
                      0.150000    0.000000    0.000000   clock clk (rise edge)
                                  0.000000    0.000000   clock network delay (ideal)
                                  2.000000    2.000000 ^ input external delay
   163    0.532195    3.756140    2.650405    4.650405 ^ rst_n (in)
                                                         rst_n (net)
                      3.756140    0.000000    4.650405 ^ _18516_/RESET_B (sky130_fd_sc_hd__dfrtp_1)
                                              4.650405   data arrival time

                      0.150000    0.000000    0.000000   clock clk (rise edge)
                                  0.000000    0.000000   clock network delay (ideal)
                                  0.250000    0.250000   clock uncertainty
                                  0.000000    0.250000   clock reconvergence pessimism
                                              0.250000 ^ _18516_/CLK (sky130_fd_sc_hd__dfrtp_1)
                                  1.727255    1.977254   library removal time
                                              1.977254   data required time
---------------------------------------------------------------------------------------------
                                              1.977254   data required time
                                             -4.650405   data arrival time
---------------------------------------------------------------------------------------------
                                              2.673151   slack (MET)


Startpoint: rst_n (input port clocked by clk)
Endpoint: _18517_ (removal check against rising-edge clock clk)
Path Group: asynchronous
Path Type: min

Fanout         Cap        Slew       Delay        Time   Description
---------------------------------------------------------------------------------------------
                      0.150000    0.000000    0.000000   clock clk (rise edge)
                                  0.000000    0.000000   clock network delay (ideal)
                                  2.000000    2.000000 ^ input external delay
   163    0.532195    3.756140    2.650405    4.650405 ^ rst_n (in)
                                                         rst_n (net)
                      3.756140    0.000000    4.650405 ^ _18517_/RESET_B (sky130_fd_sc_hd__dfrtp_1)
                                              4.650405   data arrival time

                      0.150000    0.000000    0.000000   clock clk (rise edge)
                                  0.000000    0.000000   clock network delay (ideal)
                                  0.250000    0.250000   clock uncertainty
                                  0.000000    0.250000   clock reconvergence pessimism
                                              0.250000 ^ _18517_/CLK (sky130_fd_sc_hd__dfrtp_1)
                                  1.727255    1.977254   library removal time
                                              1.977254   data required time
---------------------------------------------------------------------------------------------
                                              1.977254   data required time
                                             -4.650405   data arrival time
---------------------------------------------------------------------------------------------
                                              2.673151   slack (MET)


Startpoint: rst_n (input port clocked by clk)
Endpoint: _18518_ (removal check against rising-edge clock clk)
Path Group: asynchronous
Path Type: min

Fanout         Cap        Slew       Delay        Time   Description
---------------------------------------------------------------------------------------------
                      0.150000    0.000000    0.000000   clock clk (rise edge)
                                  0.000000    0.000000   clock network delay (ideal)
                                  2.000000    2.000000 ^ input external delay
   163    0.532195    3.756140    2.650405    4.650405 ^ rst_n (in)
                                                         rst_n (net)
                      3.756140    0.000000    4.650405 ^ _18518_/RESET_B (sky130_fd_sc_hd__dfrtp_1)
                                              4.650405   data arrival time

                      0.150000    0.000000    0.000000   clock clk (rise edge)
                                  0.000000    0.000000   clock network delay (ideal)
                                  0.250000    0.250000   clock uncertainty
                                  0.000000    0.250000   clock reconvergence pessimism
                                              0.250000 ^ _18518_/CLK (sky130_fd_sc_hd__dfrtp_1)
                                  1.727255    1.977254   library removal time
                                              1.977254   data required time
---------------------------------------------------------------------------------------------
                                              1.977254   data required time
                                             -4.650405   data arrival time
---------------------------------------------------------------------------------------------
                                              2.673151   slack (MET)


Startpoint: rst_n (input port clocked by clk)
Endpoint: _18519_ (removal check against rising-edge clock clk)
Path Group: asynchronous
Path Type: min

Fanout         Cap        Slew       Delay        Time   Description
---------------------------------------------------------------------------------------------
                      0.150000    0.000000    0.000000   clock clk (rise edge)
                                  0.000000    0.000000   clock network delay (ideal)
                                  2.000000    2.000000 ^ input external delay
   163    0.532195    3.756140    2.650405    4.650405 ^ rst_n (in)
                                                         rst_n (net)
                      3.756140    0.000000    4.650405 ^ _18519_/RESET_B (sky130_fd_sc_hd__dfrtp_1)
                                              4.650405   data arrival time

                      0.150000    0.000000    0.000000   clock clk (rise edge)
                                  0.000000    0.000000   clock network delay (ideal)
                                  0.250000    0.250000   clock uncertainty
                                  0.000000    0.250000   clock reconvergence pessimism
                                              0.250000 ^ _18519_/CLK (sky130_fd_sc_hd__dfrtp_1)
                                  1.727255    1.977254   library removal time
                                              1.977254   data required time
---------------------------------------------------------------------------------------------
                                              1.977254   data required time
                                             -4.650405   data arrival time
---------------------------------------------------------------------------------------------
                                              2.673151   slack (MET)


Startpoint: rst_n (input port clocked by clk)
Endpoint: _18520_ (removal check against rising-edge clock clk)
Path Group: asynchronous
Path Type: min

Fanout         Cap        Slew       Delay        Time   Description
---------------------------------------------------------------------------------------------
                      0.150000    0.000000    0.000000   clock clk (rise edge)
                                  0.000000    0.000000   clock network delay (ideal)
                                  2.000000    2.000000 ^ input external delay
   163    0.532195    3.756140    2.650405    4.650405 ^ rst_n (in)
                                                         rst_n (net)
                      3.756140    0.000000    4.650405 ^ _18520_/RESET_B (sky130_fd_sc_hd__dfrtp_1)
                                              4.650405   data arrival time

                      0.150000    0.000000    0.000000   clock clk (rise edge)
                                  0.000000    0.000000   clock network delay (ideal)
                                  0.250000    0.250000   clock uncertainty
                                  0.000000    0.250000   clock reconvergence pessimism
                                              0.250000 ^ _18520_/CLK (sky130_fd_sc_hd__dfrtp_1)
                                  1.727255    1.977254   library removal time
                                              1.977254   data required time
---------------------------------------------------------------------------------------------
                                              1.977254   data required time
                                             -4.650405   data arrival time
---------------------------------------------------------------------------------------------
                                              2.673151   slack (MET)


Startpoint: rst_n (input port clocked by clk)
Endpoint: _18521_ (removal check against rising-edge clock clk)
Path Group: asynchronous
Path Type: min

Fanout         Cap        Slew       Delay        Time   Description
---------------------------------------------------------------------------------------------
                      0.150000    0.000000    0.000000   clock clk (rise edge)
                                  0.000000    0.000000   clock network delay (ideal)
                                  2.000000    2.000000 ^ input external delay
   163    0.532195    3.756140    2.650405    4.650405 ^ rst_n (in)
                                                         rst_n (net)
                      3.756140    0.000000    4.650405 ^ _18521_/RESET_B (sky130_fd_sc_hd__dfrtp_1)
                                              4.650405   data arrival time

                      0.150000    0.000000    0.000000   clock clk (rise edge)
                                  0.000000    0.000000   clock network delay (ideal)
                                  0.250000    0.250000   clock uncertainty
                                  0.000000    0.250000   clock reconvergence pessimism
                                              0.250000 ^ _18521_/CLK (sky130_fd_sc_hd__dfrtp_1)
                                  1.727255    1.977254   library removal time
                                              1.977254   data required time
---------------------------------------------------------------------------------------------
                                              1.977254   data required time
                                             -4.650405   data arrival time
---------------------------------------------------------------------------------------------
                                              2.673151   slack (MET)


Startpoint: rst_n (input port clocked by clk)
Endpoint: _18522_ (removal check against rising-edge clock clk)
Path Group: asynchronous
Path Type: min

Fanout         Cap        Slew       Delay        Time   Description
---------------------------------------------------------------------------------------------
                      0.150000    0.000000    0.000000   clock clk (rise edge)
                                  0.000000    0.000000   clock network delay (ideal)
                                  2.000000    2.000000 ^ input external delay
   163    0.532195    3.756140    2.650405    4.650405 ^ rst_n (in)
                                                         rst_n (net)
                      3.756140    0.000000    4.650405 ^ _18522_/RESET_B (sky130_fd_sc_hd__dfrtp_1)
                                              4.650405   data arrival time

                      0.150000    0.000000    0.000000   clock clk (rise edge)
                                  0.000000    0.000000   clock network delay (ideal)
                                  0.250000    0.250000   clock uncertainty
                                  0.000000    0.250000   clock reconvergence pessimism
                                              0.250000 ^ _18522_/CLK (sky130_fd_sc_hd__dfrtp_1)
                                  1.727255    1.977254   library removal time
                                              1.977254   data required time
---------------------------------------------------------------------------------------------
                                              1.977254   data required time
                                             -4.650405   data arrival time
---------------------------------------------------------------------------------------------
                                              2.673151   slack (MET)


Startpoint: rst_n (input port clocked by clk)
Endpoint: _18523_ (removal check against rising-edge clock clk)
Path Group: asynchronous
Path Type: min

Fanout         Cap        Slew       Delay        Time   Description
---------------------------------------------------------------------------------------------
                      0.150000    0.000000    0.000000   clock clk (rise edge)
                                  0.000000    0.000000   clock network delay (ideal)
                                  2.000000    2.000000 ^ input external delay
   163    0.532195    3.756140    2.650405    4.650405 ^ rst_n (in)
                                                         rst_n (net)
                      3.756140    0.000000    4.650405 ^ _18523_/RESET_B (sky130_fd_sc_hd__dfrtp_1)
                                              4.650405   data arrival time

                      0.150000    0.000000    0.000000   clock clk (rise edge)
                                  0.000000    0.000000   clock network delay (ideal)
                                  0.250000    0.250000   clock uncertainty
                                  0.000000    0.250000   clock reconvergence pessimism
                                              0.250000 ^ _18523_/CLK (sky130_fd_sc_hd__dfrtp_1)
                                  1.727255    1.977254   library removal time
                                              1.977254   data required time
---------------------------------------------------------------------------------------------
                                              1.977254   data required time
                                             -4.650405   data arrival time
---------------------------------------------------------------------------------------------
                                              2.673151   slack (MET)


Startpoint: rst_n (input port clocked by clk)
Endpoint: _18524_ (removal check against rising-edge clock clk)
Path Group: asynchronous
Path Type: min

Fanout         Cap        Slew       Delay        Time   Description
---------------------------------------------------------------------------------------------
                      0.150000    0.000000    0.000000   clock clk (rise edge)
                                  0.000000    0.000000   clock network delay (ideal)
                                  2.000000    2.000000 ^ input external delay
   163    0.532195    3.756140    2.650405    4.650405 ^ rst_n (in)
                                                         rst_n (net)
                      3.756140    0.000000    4.650405 ^ _18524_/RESET_B (sky130_fd_sc_hd__dfrtp_1)
                                              4.650405   data arrival time

                      0.150000    0.000000    0.000000   clock clk (rise edge)
                                  0.000000    0.000000   clock network delay (ideal)
                                  0.250000    0.250000   clock uncertainty
                                  0.000000    0.250000   clock reconvergence pessimism
                                              0.250000 ^ _18524_/CLK (sky130_fd_sc_hd__dfrtp_1)
                                  1.727255    1.977254   library removal time
                                              1.977254   data required time
---------------------------------------------------------------------------------------------
                                              1.977254   data required time
                                             -4.650405   data arrival time
---------------------------------------------------------------------------------------------
                                              2.673151   slack (MET)


Startpoint: rst_n (input port clocked by clk)
Endpoint: _18525_ (removal check against rising-edge clock clk)
Path Group: asynchronous
Path Type: min

Fanout         Cap        Slew       Delay        Time   Description
---------------------------------------------------------------------------------------------
                      0.150000    0.000000    0.000000   clock clk (rise edge)
                                  0.000000    0.000000   clock network delay (ideal)
                                  2.000000    2.000000 ^ input external delay
   163    0.532195    3.756140    2.650405    4.650405 ^ rst_n (in)
                                                         rst_n (net)
                      3.756140    0.000000    4.650405 ^ _18525_/RESET_B (sky130_fd_sc_hd__dfrtp_1)
                                              4.650405   data arrival time

                      0.150000    0.000000    0.000000   clock clk (rise edge)
                                  0.000000    0.000000   clock network delay (ideal)
                                  0.250000    0.250000   clock uncertainty
                                  0.000000    0.250000   clock reconvergence pessimism
                                              0.250000 ^ _18525_/CLK (sky130_fd_sc_hd__dfrtp_1)
                                  1.727255    1.977254   library removal time
                                              1.977254   data required time
---------------------------------------------------------------------------------------------
                                              1.977254   data required time
                                             -4.650405   data arrival time
---------------------------------------------------------------------------------------------
                                              2.673151   slack (MET)


Startpoint: rst_n (input port clocked by clk)
Endpoint: _18526_ (removal check against rising-edge clock clk)
Path Group: asynchronous
Path Type: min

Fanout         Cap        Slew       Delay        Time   Description
---------------------------------------------------------------------------------------------
                      0.150000    0.000000    0.000000   clock clk (rise edge)
                                  0.000000    0.000000   clock network delay (ideal)
                                  2.000000    2.000000 ^ input external delay
   163    0.532195    3.756140    2.650405    4.650405 ^ rst_n (in)
                                                         rst_n (net)
                      3.756140    0.000000    4.650405 ^ _18526_/RESET_B (sky130_fd_sc_hd__dfrtp_1)
                                              4.650405   data arrival time

                      0.150000    0.000000    0.000000   clock clk (rise edge)
                                  0.000000    0.000000   clock network delay (ideal)
                                  0.250000    0.250000   clock uncertainty
                                  0.000000    0.250000   clock reconvergence pessimism
                                              0.250000 ^ _18526_/CLK (sky130_fd_sc_hd__dfrtp_1)
                                  1.727255    1.977254   library removal time
                                              1.977254   data required time
---------------------------------------------------------------------------------------------
                                              1.977254   data required time
                                             -4.650405   data arrival time
---------------------------------------------------------------------------------------------
                                              2.673151   slack (MET)


Startpoint: rst_n (input port clocked by clk)
Endpoint: _18527_ (removal check against rising-edge clock clk)
Path Group: asynchronous
Path Type: min

Fanout         Cap        Slew       Delay        Time   Description
---------------------------------------------------------------------------------------------
                      0.150000    0.000000    0.000000   clock clk (rise edge)
                                  0.000000    0.000000   clock network delay (ideal)
                                  2.000000    2.000000 ^ input external delay
   163    0.532195    3.756140    2.650405    4.650405 ^ rst_n (in)
                                                         rst_n (net)
                      3.756140    0.000000    4.650405 ^ _18527_/RESET_B (sky130_fd_sc_hd__dfrtp_1)
                                              4.650405   data arrival time

                      0.150000    0.000000    0.000000   clock clk (rise edge)
                                  0.000000    0.000000   clock network delay (ideal)
                                  0.250000    0.250000   clock uncertainty
                                  0.000000    0.250000   clock reconvergence pessimism
                                              0.250000 ^ _18527_/CLK (sky130_fd_sc_hd__dfrtp_1)
                                  1.727255    1.977254   library removal time
                                              1.977254   data required time
---------------------------------------------------------------------------------------------
                                              1.977254   data required time
                                             -4.650405   data arrival time
---------------------------------------------------------------------------------------------
                                              2.673151   slack (MET)


Startpoint: rst_n (input port clocked by clk)
Endpoint: _18528_ (removal check against rising-edge clock clk)
Path Group: asynchronous
Path Type: min

Fanout         Cap        Slew       Delay        Time   Description
---------------------------------------------------------------------------------------------
                      0.150000    0.000000    0.000000   clock clk (rise edge)
                                  0.000000    0.000000   clock network delay (ideal)
                                  2.000000    2.000000 ^ input external delay
   163    0.532195    3.756140    2.650405    4.650405 ^ rst_n (in)
                                                         rst_n (net)
                      3.756140    0.000000    4.650405 ^ _18528_/RESET_B (sky130_fd_sc_hd__dfrtp_1)
                                              4.650405   data arrival time

                      0.150000    0.000000    0.000000   clock clk (rise edge)
                                  0.000000    0.000000   clock network delay (ideal)
                                  0.250000    0.250000   clock uncertainty
                                  0.000000    0.250000   clock reconvergence pessimism
                                              0.250000 ^ _18528_/CLK (sky130_fd_sc_hd__dfrtp_1)
                                  1.727255    1.977254   library removal time
                                              1.977254   data required time
---------------------------------------------------------------------------------------------
                                              1.977254   data required time
                                             -4.650405   data arrival time
---------------------------------------------------------------------------------------------
                                              2.673151   slack (MET)


Startpoint: rst_n (input port clocked by clk)
Endpoint: _18529_ (removal check against rising-edge clock clk)
Path Group: asynchronous
Path Type: min

Fanout         Cap        Slew       Delay        Time   Description
---------------------------------------------------------------------------------------------
                      0.150000    0.000000    0.000000   clock clk (rise edge)
                                  0.000000    0.000000   clock network delay (ideal)
                                  2.000000    2.000000 ^ input external delay
   163    0.532195    3.756140    2.650405    4.650405 ^ rst_n (in)
                                                         rst_n (net)
                      3.756140    0.000000    4.650405 ^ _18529_/RESET_B (sky130_fd_sc_hd__dfrtp_1)
                                              4.650405   data arrival time

                      0.150000    0.000000    0.000000   clock clk (rise edge)
                                  0.000000    0.000000   clock network delay (ideal)
                                  0.250000    0.250000   clock uncertainty
                                  0.000000    0.250000   clock reconvergence pessimism
                                              0.250000 ^ _18529_/CLK (sky130_fd_sc_hd__dfrtp_1)
                                  1.727255    1.977254   library removal time
                                              1.977254   data required time
---------------------------------------------------------------------------------------------
                                              1.977254   data required time
                                             -4.650405   data arrival time
---------------------------------------------------------------------------------------------
                                              2.673151   slack (MET)


Startpoint: rst_n (input port clocked by clk)
Endpoint: _18530_ (removal check against rising-edge clock clk)
Path Group: asynchronous
Path Type: min

Fanout         Cap        Slew       Delay        Time   Description
---------------------------------------------------------------------------------------------
                      0.150000    0.000000    0.000000   clock clk (rise edge)
                                  0.000000    0.000000   clock network delay (ideal)
                                  2.000000    2.000000 ^ input external delay
   163    0.532195    3.756140    2.650405    4.650405 ^ rst_n (in)
                                                         rst_n (net)
                      3.756140    0.000000    4.650405 ^ _18530_/RESET_B (sky130_fd_sc_hd__dfrtp_1)
                                              4.650405   data arrival time

                      0.150000    0.000000    0.000000   clock clk (rise edge)
                                  0.000000    0.000000   clock network delay (ideal)
                                  0.250000    0.250000   clock uncertainty
                                  0.000000    0.250000   clock reconvergence pessimism
                                              0.250000 ^ _18530_/CLK (sky130_fd_sc_hd__dfrtp_1)
                                  1.727255    1.977254   library removal time
                                              1.977254   data required time
---------------------------------------------------------------------------------------------
                                              1.977254   data required time
                                             -4.650405   data arrival time
---------------------------------------------------------------------------------------------
                                              2.673151   slack (MET)


Startpoint: rst_n (input port clocked by clk)
Endpoint: _18531_ (removal check against rising-edge clock clk)
Path Group: asynchronous
Path Type: min

Fanout         Cap        Slew       Delay        Time   Description
---------------------------------------------------------------------------------------------
                      0.150000    0.000000    0.000000   clock clk (rise edge)
                                  0.000000    0.000000   clock network delay (ideal)
                                  2.000000    2.000000 ^ input external delay
   163    0.532195    3.756140    2.650405    4.650405 ^ rst_n (in)
                                                         rst_n (net)
                      3.756140    0.000000    4.650405 ^ _18531_/RESET_B (sky130_fd_sc_hd__dfrtp_1)
                                              4.650405   data arrival time

                      0.150000    0.000000    0.000000   clock clk (rise edge)
                                  0.000000    0.000000   clock network delay (ideal)
                                  0.250000    0.250000   clock uncertainty
                                  0.000000    0.250000   clock reconvergence pessimism
                                              0.250000 ^ _18531_/CLK (sky130_fd_sc_hd__dfrtp_1)
                                  1.727255    1.977254   library removal time
                                              1.977254   data required time
---------------------------------------------------------------------------------------------
                                              1.977254   data required time
                                             -4.650405   data arrival time
---------------------------------------------------------------------------------------------
                                              2.673151   slack (MET)


Startpoint: rst_n (input port clocked by clk)
Endpoint: _18532_ (removal check against rising-edge clock clk)
Path Group: asynchronous
Path Type: min

Fanout         Cap        Slew       Delay        Time   Description
---------------------------------------------------------------------------------------------
                      0.150000    0.000000    0.000000   clock clk (rise edge)
                                  0.000000    0.000000   clock network delay (ideal)
                                  2.000000    2.000000 ^ input external delay
   163    0.532195    3.756140    2.650405    4.650405 ^ rst_n (in)
                                                         rst_n (net)
                      3.756140    0.000000    4.650405 ^ _18532_/RESET_B (sky130_fd_sc_hd__dfrtp_1)
                                              4.650405   data arrival time

                      0.150000    0.000000    0.000000   clock clk (rise edge)
                                  0.000000    0.000000   clock network delay (ideal)
                                  0.250000    0.250000   clock uncertainty
                                  0.000000    0.250000   clock reconvergence pessimism
                                              0.250000 ^ _18532_/CLK (sky130_fd_sc_hd__dfrtp_1)
                                  1.727255    1.977254   library removal time
                                              1.977254   data required time
---------------------------------------------------------------------------------------------
                                              1.977254   data required time
                                             -4.650405   data arrival time
---------------------------------------------------------------------------------------------
                                              2.673151   slack (MET)


Startpoint: rst_n (input port clocked by clk)
Endpoint: _18533_ (removal check against rising-edge clock clk)
Path Group: asynchronous
Path Type: min

Fanout         Cap        Slew       Delay        Time   Description
---------------------------------------------------------------------------------------------
                      0.150000    0.000000    0.000000   clock clk (rise edge)
                                  0.000000    0.000000   clock network delay (ideal)
                                  2.000000    2.000000 ^ input external delay
   163    0.532195    3.756140    2.650405    4.650405 ^ rst_n (in)
                                                         rst_n (net)
                      3.756140    0.000000    4.650405 ^ _18533_/RESET_B (sky130_fd_sc_hd__dfrtp_1)
                                              4.650405   data arrival time

                      0.150000    0.000000    0.000000   clock clk (rise edge)
                                  0.000000    0.000000   clock network delay (ideal)
                                  0.250000    0.250000   clock uncertainty
                                  0.000000    0.250000   clock reconvergence pessimism
                                              0.250000 ^ _18533_/CLK (sky130_fd_sc_hd__dfrtp_1)
                                  1.727255    1.977254   library removal time
                                              1.977254   data required time
---------------------------------------------------------------------------------------------
                                              1.977254   data required time
                                             -4.650405   data arrival time
---------------------------------------------------------------------------------------------
                                              2.673151   slack (MET)


Startpoint: rst_n (input port clocked by clk)
Endpoint: _18534_ (removal check against rising-edge clock clk)
Path Group: asynchronous
Path Type: min

Fanout         Cap        Slew       Delay        Time   Description
---------------------------------------------------------------------------------------------
                      0.150000    0.000000    0.000000   clock clk (rise edge)
                                  0.000000    0.000000   clock network delay (ideal)
                                  2.000000    2.000000 ^ input external delay
   163    0.532195    3.756140    2.650405    4.650405 ^ rst_n (in)
                                                         rst_n (net)
                      3.756140    0.000000    4.650405 ^ _18534_/RESET_B (sky130_fd_sc_hd__dfrtp_1)
                                              4.650405   data arrival time

                      0.150000    0.000000    0.000000   clock clk (rise edge)
                                  0.000000    0.000000   clock network delay (ideal)
                                  0.250000    0.250000   clock uncertainty
                                  0.000000    0.250000   clock reconvergence pessimism
                                              0.250000 ^ _18534_/CLK (sky130_fd_sc_hd__dfrtp_1)
                                  1.727255    1.977254   library removal time
                                              1.977254   data required time
---------------------------------------------------------------------------------------------
                                              1.977254   data required time
                                             -4.650405   data arrival time
---------------------------------------------------------------------------------------------
                                              2.673151   slack (MET)


Startpoint: rst_n (input port clocked by clk)
Endpoint: _18535_ (removal check against rising-edge clock clk)
Path Group: asynchronous
Path Type: min

Fanout         Cap        Slew       Delay        Time   Description
---------------------------------------------------------------------------------------------
                      0.150000    0.000000    0.000000   clock clk (rise edge)
                                  0.000000    0.000000   clock network delay (ideal)
                                  2.000000    2.000000 ^ input external delay
   163    0.532195    3.756140    2.650405    4.650405 ^ rst_n (in)
                                                         rst_n (net)
                      3.756140    0.000000    4.650405 ^ _18535_/RESET_B (sky130_fd_sc_hd__dfrtp_1)
                                              4.650405   data arrival time

                      0.150000    0.000000    0.000000   clock clk (rise edge)
                                  0.000000    0.000000   clock network delay (ideal)
                                  0.250000    0.250000   clock uncertainty
                                  0.000000    0.250000   clock reconvergence pessimism
                                              0.250000 ^ _18535_/CLK (sky130_fd_sc_hd__dfrtp_1)
                                  1.727255    1.977254   library removal time
                                              1.977254   data required time
---------------------------------------------------------------------------------------------
                                              1.977254   data required time
                                             -4.650405   data arrival time
---------------------------------------------------------------------------------------------
                                              2.673151   slack (MET)


Startpoint: rst_n (input port clocked by clk)
Endpoint: _18536_ (removal check against rising-edge clock clk)
Path Group: asynchronous
Path Type: min

Fanout         Cap        Slew       Delay        Time   Description
---------------------------------------------------------------------------------------------
                      0.150000    0.000000    0.000000   clock clk (rise edge)
                                  0.000000    0.000000   clock network delay (ideal)
                                  2.000000    2.000000 ^ input external delay
   163    0.532195    3.756140    2.650405    4.650405 ^ rst_n (in)
                                                         rst_n (net)
                      3.756140    0.000000    4.650405 ^ _18536_/RESET_B (sky130_fd_sc_hd__dfrtp_1)
                                              4.650405   data arrival time

                      0.150000    0.000000    0.000000   clock clk (rise edge)
                                  0.000000    0.000000   clock network delay (ideal)
                                  0.250000    0.250000   clock uncertainty
                                  0.000000    0.250000   clock reconvergence pessimism
                                              0.250000 ^ _18536_/CLK (sky130_fd_sc_hd__dfrtp_1)
                                  1.727255    1.977254   library removal time
                                              1.977254   data required time
---------------------------------------------------------------------------------------------
                                              1.977254   data required time
                                             -4.650405   data arrival time
---------------------------------------------------------------------------------------------
                                              2.673151   slack (MET)


Startpoint: rst_n (input port clocked by clk)
Endpoint: _18537_ (removal check against rising-edge clock clk)
Path Group: asynchronous
Path Type: min

Fanout         Cap        Slew       Delay        Time   Description
---------------------------------------------------------------------------------------------
                      0.150000    0.000000    0.000000   clock clk (rise edge)
                                  0.000000    0.000000   clock network delay (ideal)
                                  2.000000    2.000000 ^ input external delay
   163    0.532195    3.756140    2.650405    4.650405 ^ rst_n (in)
                                                         rst_n (net)
                      3.756140    0.000000    4.650405 ^ _18537_/RESET_B (sky130_fd_sc_hd__dfrtp_1)
                                              4.650405   data arrival time

                      0.150000    0.000000    0.000000   clock clk (rise edge)
                                  0.000000    0.000000   clock network delay (ideal)
                                  0.250000    0.250000   clock uncertainty
                                  0.000000    0.250000   clock reconvergence pessimism
                                              0.250000 ^ _18537_/CLK (sky130_fd_sc_hd__dfrtp_1)
                                  1.727255    1.977254   library removal time
                                              1.977254   data required time
---------------------------------------------------------------------------------------------
                                              1.977254   data required time
                                             -4.650405   data arrival time
---------------------------------------------------------------------------------------------
                                              2.673151   slack (MET)


Startpoint: rst_n (input port clocked by clk)
Endpoint: _18538_ (removal check against rising-edge clock clk)
Path Group: asynchronous
Path Type: min

Fanout         Cap        Slew       Delay        Time   Description
---------------------------------------------------------------------------------------------
                      0.150000    0.000000    0.000000   clock clk (rise edge)
                                  0.000000    0.000000   clock network delay (ideal)
                                  2.000000    2.000000 ^ input external delay
   163    0.532195    3.756140    2.650405    4.650405 ^ rst_n (in)
                                                         rst_n (net)
                      3.756140    0.000000    4.650405 ^ _18538_/RESET_B (sky130_fd_sc_hd__dfrtp_1)
                                              4.650405   data arrival time

                      0.150000    0.000000    0.000000   clock clk (rise edge)
                                  0.000000    0.000000   clock network delay (ideal)
                                  0.250000    0.250000   clock uncertainty
                                  0.000000    0.250000   clock reconvergence pessimism
                                              0.250000 ^ _18538_/CLK (sky130_fd_sc_hd__dfrtp_1)
                                  1.727255    1.977254   library removal time
                                              1.977254   data required time
---------------------------------------------------------------------------------------------
                                              1.977254   data required time
                                             -4.650405   data arrival time
---------------------------------------------------------------------------------------------
                                              2.673151   slack (MET)


Startpoint: rst_n (input port clocked by clk)
Endpoint: _18539_ (removal check against rising-edge clock clk)
Path Group: asynchronous
Path Type: min

Fanout         Cap        Slew       Delay        Time   Description
---------------------------------------------------------------------------------------------
                      0.150000    0.000000    0.000000   clock clk (rise edge)
                                  0.000000    0.000000   clock network delay (ideal)
                                  2.000000    2.000000 ^ input external delay
   163    0.532195    3.756140    2.650405    4.650405 ^ rst_n (in)
                                                         rst_n (net)
                      3.756140    0.000000    4.650405 ^ _18539_/RESET_B (sky130_fd_sc_hd__dfrtp_1)
                                              4.650405   data arrival time

                      0.150000    0.000000    0.000000   clock clk (rise edge)
                                  0.000000    0.000000   clock network delay (ideal)
                                  0.250000    0.250000   clock uncertainty
                                  0.000000    0.250000   clock reconvergence pessimism
                                              0.250000 ^ _18539_/CLK (sky130_fd_sc_hd__dfrtp_1)
                                  1.727255    1.977254   library removal time
                                              1.977254   data required time
---------------------------------------------------------------------------------------------
                                              1.977254   data required time
                                             -4.650405   data arrival time
---------------------------------------------------------------------------------------------
                                              2.673151   slack (MET)


Startpoint: rst_n (input port clocked by clk)
Endpoint: _18540_ (removal check against rising-edge clock clk)
Path Group: asynchronous
Path Type: min

Fanout         Cap        Slew       Delay        Time   Description
---------------------------------------------------------------------------------------------
                      0.150000    0.000000    0.000000   clock clk (rise edge)
                                  0.000000    0.000000   clock network delay (ideal)
                                  2.000000    2.000000 ^ input external delay
   163    0.532195    3.756140    2.650405    4.650405 ^ rst_n (in)
                                                         rst_n (net)
                      3.756140    0.000000    4.650405 ^ _18540_/RESET_B (sky130_fd_sc_hd__dfrtp_1)
                                              4.650405   data arrival time

                      0.150000    0.000000    0.000000   clock clk (rise edge)
                                  0.000000    0.000000   clock network delay (ideal)
                                  0.250000    0.250000   clock uncertainty
                                  0.000000    0.250000   clock reconvergence pessimism
                                              0.250000 ^ _18540_/CLK (sky130_fd_sc_hd__dfrtp_1)
                                  1.727255    1.977254   library removal time
                                              1.977254   data required time
---------------------------------------------------------------------------------------------
                                              1.977254   data required time
                                             -4.650405   data arrival time
---------------------------------------------------------------------------------------------
                                              2.673151   slack (MET)


Startpoint: rst_n (input port clocked by clk)
Endpoint: _18541_ (removal check against rising-edge clock clk)
Path Group: asynchronous
Path Type: min

Fanout         Cap        Slew       Delay        Time   Description
---------------------------------------------------------------------------------------------
                      0.150000    0.000000    0.000000   clock clk (rise edge)
                                  0.000000    0.000000   clock network delay (ideal)
                                  2.000000    2.000000 ^ input external delay
   163    0.532195    3.756140    2.650405    4.650405 ^ rst_n (in)
                                                         rst_n (net)
                      3.756140    0.000000    4.650405 ^ _18541_/RESET_B (sky130_fd_sc_hd__dfrtp_1)
                                              4.650405   data arrival time

                      0.150000    0.000000    0.000000   clock clk (rise edge)
                                  0.000000    0.000000   clock network delay (ideal)
                                  0.250000    0.250000   clock uncertainty
                                  0.000000    0.250000   clock reconvergence pessimism
                                              0.250000 ^ _18541_/CLK (sky130_fd_sc_hd__dfrtp_1)
                                  1.727255    1.977254   library removal time
                                              1.977254   data required time
---------------------------------------------------------------------------------------------
                                              1.977254   data required time
                                             -4.650405   data arrival time
---------------------------------------------------------------------------------------------
                                              2.673151   slack (MET)


Startpoint: rst_n (input port clocked by clk)
Endpoint: _18542_ (removal check against rising-edge clock clk)
Path Group: asynchronous
Path Type: min

Fanout         Cap        Slew       Delay        Time   Description
---------------------------------------------------------------------------------------------
                      0.150000    0.000000    0.000000   clock clk (rise edge)
                                  0.000000    0.000000   clock network delay (ideal)
                                  2.000000    2.000000 ^ input external delay
   163    0.532195    3.756140    2.650405    4.650405 ^ rst_n (in)
                                                         rst_n (net)
                      3.756140    0.000000    4.650405 ^ _18542_/RESET_B (sky130_fd_sc_hd__dfrtp_1)
                                              4.650405   data arrival time

                      0.150000    0.000000    0.000000   clock clk (rise edge)
                                  0.000000    0.000000   clock network delay (ideal)
                                  0.250000    0.250000   clock uncertainty
                                  0.000000    0.250000   clock reconvergence pessimism
                                              0.250000 ^ _18542_/CLK (sky130_fd_sc_hd__dfrtp_1)
                                  1.727255    1.977254   library removal time
                                              1.977254   data required time
---------------------------------------------------------------------------------------------
                                              1.977254   data required time
                                             -4.650405   data arrival time
---------------------------------------------------------------------------------------------
                                              2.673151   slack (MET)


Startpoint: rst_n (input port clocked by clk)
Endpoint: _18543_ (removal check against rising-edge clock clk)
Path Group: asynchronous
Path Type: min

Fanout         Cap        Slew       Delay        Time   Description
---------------------------------------------------------------------------------------------
                      0.150000    0.000000    0.000000   clock clk (rise edge)
                                  0.000000    0.000000   clock network delay (ideal)
                                  2.000000    2.000000 ^ input external delay
   163    0.532195    3.756140    2.650405    4.650405 ^ rst_n (in)
                                                         rst_n (net)
                      3.756140    0.000000    4.650405 ^ _18543_/RESET_B (sky130_fd_sc_hd__dfrtp_1)
                                              4.650405   data arrival time

                      0.150000    0.000000    0.000000   clock clk (rise edge)
                                  0.000000    0.000000   clock network delay (ideal)
                                  0.250000    0.250000   clock uncertainty
                                  0.000000    0.250000   clock reconvergence pessimism
                                              0.250000 ^ _18543_/CLK (sky130_fd_sc_hd__dfrtp_1)
                                  1.727255    1.977254   library removal time
                                              1.977254   data required time
---------------------------------------------------------------------------------------------
                                              1.977254   data required time
                                             -4.650405   data arrival time
---------------------------------------------------------------------------------------------
                                              2.673151   slack (MET)


Startpoint: rst_n (input port clocked by clk)
Endpoint: _18544_ (removal check against rising-edge clock clk)
Path Group: asynchronous
Path Type: min

Fanout         Cap        Slew       Delay        Time   Description
---------------------------------------------------------------------------------------------
                      0.150000    0.000000    0.000000   clock clk (rise edge)
                                  0.000000    0.000000   clock network delay (ideal)
                                  2.000000    2.000000 ^ input external delay
   163    0.532195    3.756140    2.650405    4.650405 ^ rst_n (in)
                                                         rst_n (net)
                      3.756140    0.000000    4.650405 ^ _18544_/RESET_B (sky130_fd_sc_hd__dfrtp_1)
                                              4.650405   data arrival time

                      0.150000    0.000000    0.000000   clock clk (rise edge)
                                  0.000000    0.000000   clock network delay (ideal)
                                  0.250000    0.250000   clock uncertainty
                                  0.000000    0.250000   clock reconvergence pessimism
                                              0.250000 ^ _18544_/CLK (sky130_fd_sc_hd__dfrtp_1)
                                  1.727255    1.977254   library removal time
                                              1.977254   data required time
---------------------------------------------------------------------------------------------
                                              1.977254   data required time
                                             -4.650405   data arrival time
---------------------------------------------------------------------------------------------
                                              2.673151   slack (MET)


Startpoint: rst_n (input port clocked by clk)
Endpoint: _18545_ (removal check against rising-edge clock clk)
Path Group: asynchronous
Path Type: min

Fanout         Cap        Slew       Delay        Time   Description
---------------------------------------------------------------------------------------------
                      0.150000    0.000000    0.000000   clock clk (rise edge)
                                  0.000000    0.000000   clock network delay (ideal)
                                  2.000000    2.000000 ^ input external delay
   163    0.532195    3.756140    2.650405    4.650405 ^ rst_n (in)
                                                         rst_n (net)
                      3.756140    0.000000    4.650405 ^ _18545_/RESET_B (sky130_fd_sc_hd__dfrtp_1)
                                              4.650405   data arrival time

                      0.150000    0.000000    0.000000   clock clk (rise edge)
                                  0.000000    0.000000   clock network delay (ideal)
                                  0.250000    0.250000   clock uncertainty
                                  0.000000    0.250000   clock reconvergence pessimism
                                              0.250000 ^ _18545_/CLK (sky130_fd_sc_hd__dfrtp_1)
                                  1.727255    1.977254   library removal time
                                              1.977254   data required time
---------------------------------------------------------------------------------------------
                                              1.977254   data required time
                                             -4.650405   data arrival time
---------------------------------------------------------------------------------------------
                                              2.673151   slack (MET)


Startpoint: rst_n (input port clocked by clk)
Endpoint: _18546_ (removal check against rising-edge clock clk)
Path Group: asynchronous
Path Type: min

Fanout         Cap        Slew       Delay        Time   Description
---------------------------------------------------------------------------------------------
                      0.150000    0.000000    0.000000   clock clk (rise edge)
                                  0.000000    0.000000   clock network delay (ideal)
                                  2.000000    2.000000 ^ input external delay
   163    0.532195    3.756140    2.650405    4.650405 ^ rst_n (in)
                                                         rst_n (net)
                      3.756140    0.000000    4.650405 ^ _18546_/RESET_B (sky130_fd_sc_hd__dfrtp_1)
                                              4.650405   data arrival time

                      0.150000    0.000000    0.000000   clock clk (rise edge)
                                  0.000000    0.000000   clock network delay (ideal)
                                  0.250000    0.250000   clock uncertainty
                                  0.000000    0.250000   clock reconvergence pessimism
                                              0.250000 ^ _18546_/CLK (sky130_fd_sc_hd__dfrtp_1)
                                  1.727255    1.977254   library removal time
                                              1.977254   data required time
---------------------------------------------------------------------------------------------
                                              1.977254   data required time
                                             -4.650405   data arrival time
---------------------------------------------------------------------------------------------
                                              2.673151   slack (MET)


Startpoint: rst_n (input port clocked by clk)
Endpoint: _18547_ (removal check against rising-edge clock clk)
Path Group: asynchronous
Path Type: min

Fanout         Cap        Slew       Delay        Time   Description
---------------------------------------------------------------------------------------------
                      0.150000    0.000000    0.000000   clock clk (rise edge)
                                  0.000000    0.000000   clock network delay (ideal)
                                  2.000000    2.000000 ^ input external delay
   163    0.532195    3.756140    2.650405    4.650405 ^ rst_n (in)
                                                         rst_n (net)
                      3.756140    0.000000    4.650405 ^ _18547_/RESET_B (sky130_fd_sc_hd__dfrtp_1)
                                              4.650405   data arrival time

                      0.150000    0.000000    0.000000   clock clk (rise edge)
                                  0.000000    0.000000   clock network delay (ideal)
                                  0.250000    0.250000   clock uncertainty
                                  0.000000    0.250000   clock reconvergence pessimism
                                              0.250000 ^ _18547_/CLK (sky130_fd_sc_hd__dfrtp_1)
                                  1.727255    1.977254   library removal time
                                              1.977254   data required time
---------------------------------------------------------------------------------------------
                                              1.977254   data required time
                                             -4.650405   data arrival time
---------------------------------------------------------------------------------------------
                                              2.673151   slack (MET)


Startpoint: rst_n (input port clocked by clk)
Endpoint: _18548_ (removal check against rising-edge clock clk)
Path Group: asynchronous
Path Type: min

Fanout         Cap        Slew       Delay        Time   Description
---------------------------------------------------------------------------------------------
                      0.150000    0.000000    0.000000   clock clk (rise edge)
                                  0.000000    0.000000   clock network delay (ideal)
                                  2.000000    2.000000 ^ input external delay
   163    0.532195    3.756140    2.650405    4.650405 ^ rst_n (in)
                                                         rst_n (net)
                      3.756140    0.000000    4.650405 ^ _18548_/RESET_B (sky130_fd_sc_hd__dfrtp_1)
                                              4.650405   data arrival time

                      0.150000    0.000000    0.000000   clock clk (rise edge)
                                  0.000000    0.000000   clock network delay (ideal)
                                  0.250000    0.250000   clock uncertainty
                                  0.000000    0.250000   clock reconvergence pessimism
                                              0.250000 ^ _18548_/CLK (sky130_fd_sc_hd__dfrtp_1)
                                  1.727255    1.977254   library removal time
                                              1.977254   data required time
---------------------------------------------------------------------------------------------
                                              1.977254   data required time
                                             -4.650405   data arrival time
---------------------------------------------------------------------------------------------
                                              2.673151   slack (MET)


Startpoint: rst_n (input port clocked by clk)
Endpoint: _18549_ (removal check against rising-edge clock clk)
Path Group: asynchronous
Path Type: min

Fanout         Cap        Slew       Delay        Time   Description
---------------------------------------------------------------------------------------------
                      0.150000    0.000000    0.000000   clock clk (rise edge)
                                  0.000000    0.000000   clock network delay (ideal)
                                  2.000000    2.000000 ^ input external delay
   163    0.532195    3.756140    2.650405    4.650405 ^ rst_n (in)
                                                         rst_n (net)
                      3.756140    0.000000    4.650405 ^ _18549_/RESET_B (sky130_fd_sc_hd__dfrtp_1)
                                              4.650405   data arrival time

                      0.150000    0.000000    0.000000   clock clk (rise edge)
                                  0.000000    0.000000   clock network delay (ideal)
                                  0.250000    0.250000   clock uncertainty
                                  0.000000    0.250000   clock reconvergence pessimism
                                              0.250000 ^ _18549_/CLK (sky130_fd_sc_hd__dfrtp_1)
                                  1.727255    1.977254   library removal time
                                              1.977254   data required time
---------------------------------------------------------------------------------------------
                                              1.977254   data required time
                                             -4.650405   data arrival time
---------------------------------------------------------------------------------------------
                                              2.673151   slack (MET)


Startpoint: rst_n (input port clocked by clk)
Endpoint: _18550_ (removal check against rising-edge clock clk)
Path Group: asynchronous
Path Type: min

Fanout         Cap        Slew       Delay        Time   Description
---------------------------------------------------------------------------------------------
                      0.150000    0.000000    0.000000   clock clk (rise edge)
                                  0.000000    0.000000   clock network delay (ideal)
                                  2.000000    2.000000 ^ input external delay
   163    0.532195    3.756140    2.650405    4.650405 ^ rst_n (in)
                                                         rst_n (net)
                      3.756140    0.000000    4.650405 ^ _18550_/RESET_B (sky130_fd_sc_hd__dfrtp_1)
                                              4.650405   data arrival time

                      0.150000    0.000000    0.000000   clock clk (rise edge)
                                  0.000000    0.000000   clock network delay (ideal)
                                  0.250000    0.250000   clock uncertainty
                                  0.000000    0.250000   clock reconvergence pessimism
                                              0.250000 ^ _18550_/CLK (sky130_fd_sc_hd__dfrtp_1)
                                  1.727255    1.977254   library removal time
                                              1.977254   data required time
---------------------------------------------------------------------------------------------
                                              1.977254   data required time
                                             -4.650405   data arrival time
---------------------------------------------------------------------------------------------
                                              2.673151   slack (MET)


Startpoint: rst_n (input port clocked by clk)
Endpoint: _18551_ (removal check against rising-edge clock clk)
Path Group: asynchronous
Path Type: min

Fanout         Cap        Slew       Delay        Time   Description
---------------------------------------------------------------------------------------------
                      0.150000    0.000000    0.000000   clock clk (rise edge)
                                  0.000000    0.000000   clock network delay (ideal)
                                  2.000000    2.000000 ^ input external delay
   163    0.532195    3.756140    2.650405    4.650405 ^ rst_n (in)
                                                         rst_n (net)
                      3.756140    0.000000    4.650405 ^ _18551_/RESET_B (sky130_fd_sc_hd__dfrtp_1)
                                              4.650405   data arrival time

                      0.150000    0.000000    0.000000   clock clk (rise edge)
                                  0.000000    0.000000   clock network delay (ideal)
                                  0.250000    0.250000   clock uncertainty
                                  0.000000    0.250000   clock reconvergence pessimism
                                              0.250000 ^ _18551_/CLK (sky130_fd_sc_hd__dfrtp_1)
                                  1.727255    1.977254   library removal time
                                              1.977254   data required time
---------------------------------------------------------------------------------------------
                                              1.977254   data required time
                                             -4.650405   data arrival time
---------------------------------------------------------------------------------------------
                                              2.673151   slack (MET)


Startpoint: rst_n (input port clocked by clk)
Endpoint: _18552_ (removal check against rising-edge clock clk)
Path Group: asynchronous
Path Type: min

Fanout         Cap        Slew       Delay        Time   Description
---------------------------------------------------------------------------------------------
                      0.150000    0.000000    0.000000   clock clk (rise edge)
                                  0.000000    0.000000   clock network delay (ideal)
                                  2.000000    2.000000 ^ input external delay
   163    0.532195    3.756140    2.650405    4.650405 ^ rst_n (in)
                                                         rst_n (net)
                      3.756140    0.000000    4.650405 ^ _18552_/RESET_B (sky130_fd_sc_hd__dfrtp_1)
                                              4.650405   data arrival time

                      0.150000    0.000000    0.000000   clock clk (rise edge)
                                  0.000000    0.000000   clock network delay (ideal)
                                  0.250000    0.250000   clock uncertainty
                                  0.000000    0.250000   clock reconvergence pessimism
                                              0.250000 ^ _18552_/CLK (sky130_fd_sc_hd__dfrtp_1)
                                  1.727255    1.977254   library removal time
                                              1.977254   data required time
---------------------------------------------------------------------------------------------
                                              1.977254   data required time
                                             -4.650405   data arrival time
---------------------------------------------------------------------------------------------
                                              2.673151   slack (MET)


Startpoint: rst_n (input port clocked by clk)
Endpoint: _18553_ (removal check against rising-edge clock clk)
Path Group: asynchronous
Path Type: min

Fanout         Cap        Slew       Delay        Time   Description
---------------------------------------------------------------------------------------------
                      0.150000    0.000000    0.000000   clock clk (rise edge)
                                  0.000000    0.000000   clock network delay (ideal)
                                  2.000000    2.000000 ^ input external delay
   163    0.532195    3.756140    2.650405    4.650405 ^ rst_n (in)
                                                         rst_n (net)
                      3.756140    0.000000    4.650405 ^ _18553_/RESET_B (sky130_fd_sc_hd__dfrtp_1)
                                              4.650405   data arrival time

                      0.150000    0.000000    0.000000   clock clk (rise edge)
                                  0.000000    0.000000   clock network delay (ideal)
                                  0.250000    0.250000   clock uncertainty
                                  0.000000    0.250000   clock reconvergence pessimism
                                              0.250000 ^ _18553_/CLK (sky130_fd_sc_hd__dfrtp_1)
                                  1.727255    1.977254   library removal time
                                              1.977254   data required time
---------------------------------------------------------------------------------------------
                                              1.977254   data required time
                                             -4.650405   data arrival time
---------------------------------------------------------------------------------------------
                                              2.673151   slack (MET)


Startpoint: rst_n (input port clocked by clk)
Endpoint: _18554_ (removal check against rising-edge clock clk)
Path Group: asynchronous
Path Type: min

Fanout         Cap        Slew       Delay        Time   Description
---------------------------------------------------------------------------------------------
                      0.150000    0.000000    0.000000   clock clk (rise edge)
                                  0.000000    0.000000   clock network delay (ideal)
                                  2.000000    2.000000 ^ input external delay
   163    0.532195    3.756140    2.650405    4.650405 ^ rst_n (in)
                                                         rst_n (net)
                      3.756140    0.000000    4.650405 ^ _18554_/RESET_B (sky130_fd_sc_hd__dfrtp_1)
                                              4.650405   data arrival time

                      0.150000    0.000000    0.000000   clock clk (rise edge)
                                  0.000000    0.000000   clock network delay (ideal)
                                  0.250000    0.250000   clock uncertainty
                                  0.000000    0.250000   clock reconvergence pessimism
                                              0.250000 ^ _18554_/CLK (sky130_fd_sc_hd__dfrtp_1)
                                  1.727255    1.977254   library removal time
                                              1.977254   data required time
---------------------------------------------------------------------------------------------
                                              1.977254   data required time
                                             -4.650405   data arrival time
---------------------------------------------------------------------------------------------
                                              2.673151   slack (MET)


Startpoint: rst_n (input port clocked by clk)
Endpoint: _18555_ (removal check against rising-edge clock clk)
Path Group: asynchronous
Path Type: min

Fanout         Cap        Slew       Delay        Time   Description
---------------------------------------------------------------------------------------------
                      0.150000    0.000000    0.000000   clock clk (rise edge)
                                  0.000000    0.000000   clock network delay (ideal)
                                  2.000000    2.000000 ^ input external delay
   163    0.532195    3.756140    2.650405    4.650405 ^ rst_n (in)
                                                         rst_n (net)
                      3.756140    0.000000    4.650405 ^ _18555_/RESET_B (sky130_fd_sc_hd__dfrtp_1)
                                              4.650405   data arrival time

                      0.150000    0.000000    0.000000   clock clk (rise edge)
                                  0.000000    0.000000   clock network delay (ideal)
                                  0.250000    0.250000   clock uncertainty
                                  0.000000    0.250000   clock reconvergence pessimism
                                              0.250000 ^ _18555_/CLK (sky130_fd_sc_hd__dfrtp_1)
                                  1.727255    1.977254   library removal time
                                              1.977254   data required time
---------------------------------------------------------------------------------------------
                                              1.977254   data required time
                                             -4.650405   data arrival time
---------------------------------------------------------------------------------------------
                                              2.673151   slack (MET)


Startpoint: rst_n (input port clocked by clk)
Endpoint: _18556_ (removal check against rising-edge clock clk)
Path Group: asynchronous
Path Type: min

Fanout         Cap        Slew       Delay        Time   Description
---------------------------------------------------------------------------------------------
                      0.150000    0.000000    0.000000   clock clk (rise edge)
                                  0.000000    0.000000   clock network delay (ideal)
                                  2.000000    2.000000 ^ input external delay
   163    0.532195    3.756140    2.650405    4.650405 ^ rst_n (in)
                                                         rst_n (net)
                      3.756140    0.000000    4.650405 ^ _18556_/RESET_B (sky130_fd_sc_hd__dfrtp_1)
                                              4.650405   data arrival time

                      0.150000    0.000000    0.000000   clock clk (rise edge)
                                  0.000000    0.000000   clock network delay (ideal)
                                  0.250000    0.250000   clock uncertainty
                                  0.000000    0.250000   clock reconvergence pessimism
                                              0.250000 ^ _18556_/CLK (sky130_fd_sc_hd__dfrtp_1)
                                  1.727255    1.977254   library removal time
                                              1.977254   data required time
---------------------------------------------------------------------------------------------
                                              1.977254   data required time
                                             -4.650405   data arrival time
---------------------------------------------------------------------------------------------
                                              2.673151   slack (MET)


Startpoint: rst_n (input port clocked by clk)
Endpoint: _18557_ (removal check against rising-edge clock clk)
Path Group: asynchronous
Path Type: min

Fanout         Cap        Slew       Delay        Time   Description
---------------------------------------------------------------------------------------------
                      0.150000    0.000000    0.000000   clock clk (rise edge)
                                  0.000000    0.000000   clock network delay (ideal)
                                  2.000000    2.000000 ^ input external delay
   163    0.532195    3.756140    2.650405    4.650405 ^ rst_n (in)
                                                         rst_n (net)
                      3.756140    0.000000    4.650405 ^ _18557_/RESET_B (sky130_fd_sc_hd__dfrtp_1)
                                              4.650405   data arrival time

                      0.150000    0.000000    0.000000   clock clk (rise edge)
                                  0.000000    0.000000   clock network delay (ideal)
                                  0.250000    0.250000   clock uncertainty
                                  0.000000    0.250000   clock reconvergence pessimism
                                              0.250000 ^ _18557_/CLK (sky130_fd_sc_hd__dfrtp_1)
                                  1.727255    1.977254   library removal time
                                              1.977254   data required time
---------------------------------------------------------------------------------------------
                                              1.977254   data required time
                                             -4.650405   data arrival time
---------------------------------------------------------------------------------------------
                                              2.673151   slack (MET)


Startpoint: rst_n (input port clocked by clk)
Endpoint: _18558_ (removal check against rising-edge clock clk)
Path Group: asynchronous
Path Type: min

Fanout         Cap        Slew       Delay        Time   Description
---------------------------------------------------------------------------------------------
                      0.150000    0.000000    0.000000   clock clk (rise edge)
                                  0.000000    0.000000   clock network delay (ideal)
                                  2.000000    2.000000 ^ input external delay
   163    0.532195    3.756140    2.650405    4.650405 ^ rst_n (in)
                                                         rst_n (net)
                      3.756140    0.000000    4.650405 ^ _18558_/RESET_B (sky130_fd_sc_hd__dfrtp_1)
                                              4.650405   data arrival time

                      0.150000    0.000000    0.000000   clock clk (rise edge)
                                  0.000000    0.000000   clock network delay (ideal)
                                  0.250000    0.250000   clock uncertainty
                                  0.000000    0.250000   clock reconvergence pessimism
                                              0.250000 ^ _18558_/CLK (sky130_fd_sc_hd__dfrtp_1)
                                  1.727255    1.977254   library removal time
                                              1.977254   data required time
---------------------------------------------------------------------------------------------
                                              1.977254   data required time
                                             -4.650405   data arrival time
---------------------------------------------------------------------------------------------
                                              2.673151   slack (MET)


Startpoint: rst_n (input port clocked by clk)
Endpoint: _18559_ (removal check against rising-edge clock clk)
Path Group: asynchronous
Path Type: min

Fanout         Cap        Slew       Delay        Time   Description
---------------------------------------------------------------------------------------------
                      0.150000    0.000000    0.000000   clock clk (rise edge)
                                  0.000000    0.000000   clock network delay (ideal)
                                  2.000000    2.000000 ^ input external delay
   163    0.532195    3.756140    2.650405    4.650405 ^ rst_n (in)
                                                         rst_n (net)
                      3.756140    0.000000    4.650405 ^ _18559_/RESET_B (sky130_fd_sc_hd__dfrtp_1)
                                              4.650405   data arrival time

                      0.150000    0.000000    0.000000   clock clk (rise edge)
                                  0.000000    0.000000   clock network delay (ideal)
                                  0.250000    0.250000   clock uncertainty
                                  0.000000    0.250000   clock reconvergence pessimism
                                              0.250000 ^ _18559_/CLK (sky130_fd_sc_hd__dfrtp_1)
                                  1.727255    1.977254   library removal time
                                              1.977254   data required time
---------------------------------------------------------------------------------------------
                                              1.977254   data required time
                                             -4.650405   data arrival time
---------------------------------------------------------------------------------------------
                                              2.673151   slack (MET)


Startpoint: rst_n (input port clocked by clk)
Endpoint: _18560_ (removal check against rising-edge clock clk)
Path Group: asynchronous
Path Type: min

Fanout         Cap        Slew       Delay        Time   Description
---------------------------------------------------------------------------------------------
                      0.150000    0.000000    0.000000   clock clk (rise edge)
                                  0.000000    0.000000   clock network delay (ideal)
                                  2.000000    2.000000 ^ input external delay
   163    0.532195    3.756140    2.650405    4.650405 ^ rst_n (in)
                                                         rst_n (net)
                      3.756140    0.000000    4.650405 ^ _18560_/RESET_B (sky130_fd_sc_hd__dfrtp_1)
                                              4.650405   data arrival time

                      0.150000    0.000000    0.000000   clock clk (rise edge)
                                  0.000000    0.000000   clock network delay (ideal)
                                  0.250000    0.250000   clock uncertainty
                                  0.000000    0.250000   clock reconvergence pessimism
                                              0.250000 ^ _18560_/CLK (sky130_fd_sc_hd__dfrtp_1)
                                  1.727255    1.977254   library removal time
                                              1.977254   data required time
---------------------------------------------------------------------------------------------
                                              1.977254   data required time
                                             -4.650405   data arrival time
---------------------------------------------------------------------------------------------
                                              2.673151   slack (MET)


Startpoint: rst_n (input port clocked by clk)
Endpoint: _18561_ (removal check against rising-edge clock clk)
Path Group: asynchronous
Path Type: min

Fanout         Cap        Slew       Delay        Time   Description
---------------------------------------------------------------------------------------------
                      0.150000    0.000000    0.000000   clock clk (rise edge)
                                  0.000000    0.000000   clock network delay (ideal)
                                  2.000000    2.000000 ^ input external delay
   163    0.532195    3.756140    2.650405    4.650405 ^ rst_n (in)
                                                         rst_n (net)
                      3.756140    0.000000    4.650405 ^ _18561_/RESET_B (sky130_fd_sc_hd__dfrtp_1)
                                              4.650405   data arrival time

                      0.150000    0.000000    0.000000   clock clk (rise edge)
                                  0.000000    0.000000   clock network delay (ideal)
                                  0.250000    0.250000   clock uncertainty
                                  0.000000    0.250000   clock reconvergence pessimism
                                              0.250000 ^ _18561_/CLK (sky130_fd_sc_hd__dfrtp_1)
                                  1.727255    1.977254   library removal time
                                              1.977254   data required time
---------------------------------------------------------------------------------------------
                                              1.977254   data required time
                                             -4.650405   data arrival time
---------------------------------------------------------------------------------------------
                                              2.673151   slack (MET)


Startpoint: rst_n (input port clocked by clk)
Endpoint: _18562_ (removal check against rising-edge clock clk)
Path Group: asynchronous
Path Type: min

Fanout         Cap        Slew       Delay        Time   Description
---------------------------------------------------------------------------------------------
                      0.150000    0.000000    0.000000   clock clk (rise edge)
                                  0.000000    0.000000   clock network delay (ideal)
                                  2.000000    2.000000 ^ input external delay
   163    0.532195    3.756140    2.650405    4.650405 ^ rst_n (in)
                                                         rst_n (net)
                      3.756140    0.000000    4.650405 ^ _18562_/RESET_B (sky130_fd_sc_hd__dfrtp_1)
                                              4.650405   data arrival time

                      0.150000    0.000000    0.000000   clock clk (rise edge)
                                  0.000000    0.000000   clock network delay (ideal)
                                  0.250000    0.250000   clock uncertainty
                                  0.000000    0.250000   clock reconvergence pessimism
                                              0.250000 ^ _18562_/CLK (sky130_fd_sc_hd__dfrtp_1)
                                  1.727255    1.977254   library removal time
                                              1.977254   data required time
---------------------------------------------------------------------------------------------
                                              1.977254   data required time
                                             -4.650405   data arrival time
---------------------------------------------------------------------------------------------
                                              2.673151   slack (MET)


Startpoint: rst_n (input port clocked by clk)
Endpoint: _18563_ (removal check against rising-edge clock clk)
Path Group: asynchronous
Path Type: min

Fanout         Cap        Slew       Delay        Time   Description
---------------------------------------------------------------------------------------------
                      0.150000    0.000000    0.000000   clock clk (rise edge)
                                  0.000000    0.000000   clock network delay (ideal)
                                  2.000000    2.000000 ^ input external delay
   163    0.532195    3.756140    2.650405    4.650405 ^ rst_n (in)
                                                         rst_n (net)
                      3.756140    0.000000    4.650405 ^ _18563_/RESET_B (sky130_fd_sc_hd__dfrtp_1)
                                              4.650405   data arrival time

                      0.150000    0.000000    0.000000   clock clk (rise edge)
                                  0.000000    0.000000   clock network delay (ideal)
                                  0.250000    0.250000   clock uncertainty
                                  0.000000    0.250000   clock reconvergence pessimism
                                              0.250000 ^ _18563_/CLK (sky130_fd_sc_hd__dfrtp_1)
                                  1.727255    1.977254   library removal time
                                              1.977254   data required time
---------------------------------------------------------------------------------------------
                                              1.977254   data required time
                                             -4.650405   data arrival time
---------------------------------------------------------------------------------------------
                                              2.673151   slack (MET)


Startpoint: rst_n (input port clocked by clk)
Endpoint: _18564_ (removal check against rising-edge clock clk)
Path Group: asynchronous
Path Type: min

Fanout         Cap        Slew       Delay        Time   Description
---------------------------------------------------------------------------------------------
                      0.150000    0.000000    0.000000   clock clk (rise edge)
                                  0.000000    0.000000   clock network delay (ideal)
                                  2.000000    2.000000 ^ input external delay
   163    0.532195    3.756140    2.650405    4.650405 ^ rst_n (in)
                                                         rst_n (net)
                      3.756140    0.000000    4.650405 ^ _18564_/RESET_B (sky130_fd_sc_hd__dfrtp_1)
                                              4.650405   data arrival time

                      0.150000    0.000000    0.000000   clock clk (rise edge)
                                  0.000000    0.000000   clock network delay (ideal)
                                  0.250000    0.250000   clock uncertainty
                                  0.000000    0.250000   clock reconvergence pessimism
                                              0.250000 ^ _18564_/CLK (sky130_fd_sc_hd__dfrtp_1)
                                  1.727255    1.977254   library removal time
                                              1.977254   data required time
---------------------------------------------------------------------------------------------
                                              1.977254   data required time
                                             -4.650405   data arrival time
---------------------------------------------------------------------------------------------
                                              2.673151   slack (MET)


Startpoint: rst_n (input port clocked by clk)
Endpoint: _18565_ (removal check against rising-edge clock clk)
Path Group: asynchronous
Path Type: min

Fanout         Cap        Slew       Delay        Time   Description
---------------------------------------------------------------------------------------------
                      0.150000    0.000000    0.000000   clock clk (rise edge)
                                  0.000000    0.000000   clock network delay (ideal)
                                  2.000000    2.000000 ^ input external delay
   163    0.532195    3.756140    2.650405    4.650405 ^ rst_n (in)
                                                         rst_n (net)
                      3.756140    0.000000    4.650405 ^ _18565_/RESET_B (sky130_fd_sc_hd__dfrtp_1)
                                              4.650405   data arrival time

                      0.150000    0.000000    0.000000   clock clk (rise edge)
                                  0.000000    0.000000   clock network delay (ideal)
                                  0.250000    0.250000   clock uncertainty
                                  0.000000    0.250000   clock reconvergence pessimism
                                              0.250000 ^ _18565_/CLK (sky130_fd_sc_hd__dfrtp_1)
                                  1.727255    1.977254   library removal time
                                              1.977254   data required time
---------------------------------------------------------------------------------------------
                                              1.977254   data required time
                                             -4.650405   data arrival time
---------------------------------------------------------------------------------------------
                                              2.673151   slack (MET)


Startpoint: rst_n (input port clocked by clk)
Endpoint: _18566_ (removal check against rising-edge clock clk)
Path Group: asynchronous
Path Type: min

Fanout         Cap        Slew       Delay        Time   Description
---------------------------------------------------------------------------------------------
                      0.150000    0.000000    0.000000   clock clk (rise edge)
                                  0.000000    0.000000   clock network delay (ideal)
                                  2.000000    2.000000 ^ input external delay
   163    0.532195    3.756140    2.650405    4.650405 ^ rst_n (in)
                                                         rst_n (net)
                      3.756140    0.000000    4.650405 ^ _18566_/RESET_B (sky130_fd_sc_hd__dfrtp_1)
                                              4.650405   data arrival time

                      0.150000    0.000000    0.000000   clock clk (rise edge)
                                  0.000000    0.000000   clock network delay (ideal)
                                  0.250000    0.250000   clock uncertainty
                                  0.000000    0.250000   clock reconvergence pessimism
                                              0.250000 ^ _18566_/CLK (sky130_fd_sc_hd__dfrtp_1)
                                  1.727255    1.977254   library removal time
                                              1.977254   data required time
---------------------------------------------------------------------------------------------
                                              1.977254   data required time
                                             -4.650405   data arrival time
---------------------------------------------------------------------------------------------
                                              2.673151   slack (MET)


Startpoint: rst_n (input port clocked by clk)
Endpoint: _18567_ (removal check against rising-edge clock clk)
Path Group: asynchronous
Path Type: min

Fanout         Cap        Slew       Delay        Time   Description
---------------------------------------------------------------------------------------------
                      0.150000    0.000000    0.000000   clock clk (rise edge)
                                  0.000000    0.000000   clock network delay (ideal)
                                  2.000000    2.000000 ^ input external delay
   163    0.532195    3.756140    2.650405    4.650405 ^ rst_n (in)
                                                         rst_n (net)
                      3.756140    0.000000    4.650405 ^ _18567_/RESET_B (sky130_fd_sc_hd__dfrtp_1)
                                              4.650405   data arrival time

                      0.150000    0.000000    0.000000   clock clk (rise edge)
                                  0.000000    0.000000   clock network delay (ideal)
                                  0.250000    0.250000   clock uncertainty
                                  0.000000    0.250000   clock reconvergence pessimism
                                              0.250000 ^ _18567_/CLK (sky130_fd_sc_hd__dfrtp_1)
                                  1.727255    1.977254   library removal time
                                              1.977254   data required time
---------------------------------------------------------------------------------------------
                                              1.977254   data required time
                                             -4.650405   data arrival time
---------------------------------------------------------------------------------------------
                                              2.673151   slack (MET)


Startpoint: rst_n (input port clocked by clk)
Endpoint: _18568_ (removal check against rising-edge clock clk)
Path Group: asynchronous
Path Type: min

Fanout         Cap        Slew       Delay        Time   Description
---------------------------------------------------------------------------------------------
                      0.150000    0.000000    0.000000   clock clk (rise edge)
                                  0.000000    0.000000   clock network delay (ideal)
                                  2.000000    2.000000 ^ input external delay
   163    0.532195    3.756140    2.650405    4.650405 ^ rst_n (in)
                                                         rst_n (net)
                      3.756140    0.000000    4.650405 ^ _18568_/RESET_B (sky130_fd_sc_hd__dfrtp_1)
                                              4.650405   data arrival time

                      0.150000    0.000000    0.000000   clock clk (rise edge)
                                  0.000000    0.000000   clock network delay (ideal)
                                  0.250000    0.250000   clock uncertainty
                                  0.000000    0.250000   clock reconvergence pessimism
                                              0.250000 ^ _18568_/CLK (sky130_fd_sc_hd__dfrtp_1)
                                  1.727255    1.977254   library removal time
                                              1.977254   data required time
---------------------------------------------------------------------------------------------
                                              1.977254   data required time
                                             -4.650405   data arrival time
---------------------------------------------------------------------------------------------
                                              2.673151   slack (MET)


Startpoint: rst_n (input port clocked by clk)
Endpoint: _18569_ (removal check against rising-edge clock clk)
Path Group: asynchronous
Path Type: min

Fanout         Cap        Slew       Delay        Time   Description
---------------------------------------------------------------------------------------------
                      0.150000    0.000000    0.000000   clock clk (rise edge)
                                  0.000000    0.000000   clock network delay (ideal)
                                  2.000000    2.000000 ^ input external delay
   163    0.532195    3.756140    2.650405    4.650405 ^ rst_n (in)
                                                         rst_n (net)
                      3.756140    0.000000    4.650405 ^ _18569_/RESET_B (sky130_fd_sc_hd__dfrtp_1)
                                              4.650405   data arrival time

                      0.150000    0.000000    0.000000   clock clk (rise edge)
                                  0.000000    0.000000   clock network delay (ideal)
                                  0.250000    0.250000   clock uncertainty
                                  0.000000    0.250000   clock reconvergence pessimism
                                              0.250000 ^ _18569_/CLK (sky130_fd_sc_hd__dfrtp_1)
                                  1.727255    1.977254   library removal time
                                              1.977254   data required time
---------------------------------------------------------------------------------------------
                                              1.977254   data required time
                                             -4.650405   data arrival time
---------------------------------------------------------------------------------------------
                                              2.673151   slack (MET)


Startpoint: rst_n (input port clocked by clk)
Endpoint: _18570_ (removal check against rising-edge clock clk)
Path Group: asynchronous
Path Type: min

Fanout         Cap        Slew       Delay        Time   Description
---------------------------------------------------------------------------------------------
                      0.150000    0.000000    0.000000   clock clk (rise edge)
                                  0.000000    0.000000   clock network delay (ideal)
                                  2.000000    2.000000 ^ input external delay
   163    0.532195    3.756140    2.650405    4.650405 ^ rst_n (in)
                                                         rst_n (net)
                      3.756140    0.000000    4.650405 ^ _18570_/RESET_B (sky130_fd_sc_hd__dfrtp_1)
                                              4.650405   data arrival time

                      0.150000    0.000000    0.000000   clock clk (rise edge)
                                  0.000000    0.000000   clock network delay (ideal)
                                  0.250000    0.250000   clock uncertainty
                                  0.000000    0.250000   clock reconvergence pessimism
                                              0.250000 ^ _18570_/CLK (sky130_fd_sc_hd__dfrtp_1)
                                  1.727255    1.977254   library removal time
                                              1.977254   data required time
---------------------------------------------------------------------------------------------
                                              1.977254   data required time
                                             -4.650405   data arrival time
---------------------------------------------------------------------------------------------
                                              2.673151   slack (MET)


Startpoint: rst_n (input port clocked by clk)
Endpoint: _18571_ (removal check against rising-edge clock clk)
Path Group: asynchronous
Path Type: min

Fanout         Cap        Slew       Delay        Time   Description
---------------------------------------------------------------------------------------------
                      0.150000    0.000000    0.000000   clock clk (rise edge)
                                  0.000000    0.000000   clock network delay (ideal)
                                  2.000000    2.000000 ^ input external delay
   163    0.532195    3.756140    2.650405    4.650405 ^ rst_n (in)
                                                         rst_n (net)
                      3.756140    0.000000    4.650405 ^ _18571_/RESET_B (sky130_fd_sc_hd__dfrtp_1)
                                              4.650405   data arrival time

                      0.150000    0.000000    0.000000   clock clk (rise edge)
                                  0.000000    0.000000   clock network delay (ideal)
                                  0.250000    0.250000   clock uncertainty
                                  0.000000    0.250000   clock reconvergence pessimism
                                              0.250000 ^ _18571_/CLK (sky130_fd_sc_hd__dfrtp_1)
                                  1.727255    1.977254   library removal time
                                              1.977254   data required time
---------------------------------------------------------------------------------------------
                                              1.977254   data required time
                                             -4.650405   data arrival time
---------------------------------------------------------------------------------------------
                                              2.673151   slack (MET)


Startpoint: rst_n (input port clocked by clk)
Endpoint: _18572_ (removal check against rising-edge clock clk)
Path Group: asynchronous
Path Type: min

Fanout         Cap        Slew       Delay        Time   Description
---------------------------------------------------------------------------------------------
                      0.150000    0.000000    0.000000   clock clk (rise edge)
                                  0.000000    0.000000   clock network delay (ideal)
                                  2.000000    2.000000 ^ input external delay
   163    0.532195    3.756140    2.650405    4.650405 ^ rst_n (in)
                                                         rst_n (net)
                      3.756140    0.000000    4.650405 ^ _18572_/RESET_B (sky130_fd_sc_hd__dfrtp_1)
                                              4.650405   data arrival time

                      0.150000    0.000000    0.000000   clock clk (rise edge)
                                  0.000000    0.000000   clock network delay (ideal)
                                  0.250000    0.250000   clock uncertainty
                                  0.000000    0.250000   clock reconvergence pessimism
                                              0.250000 ^ _18572_/CLK (sky130_fd_sc_hd__dfrtp_1)
                                  1.727255    1.977254   library removal time
                                              1.977254   data required time
---------------------------------------------------------------------------------------------
                                              1.977254   data required time
                                             -4.650405   data arrival time
---------------------------------------------------------------------------------------------
                                              2.673151   slack (MET)


Startpoint: rst_n (input port clocked by clk)
Endpoint: _18573_ (removal check against rising-edge clock clk)
Path Group: asynchronous
Path Type: min

Fanout         Cap        Slew       Delay        Time   Description
---------------------------------------------------------------------------------------------
                      0.150000    0.000000    0.000000   clock clk (rise edge)
                                  0.000000    0.000000   clock network delay (ideal)
                                  2.000000    2.000000 ^ input external delay
   163    0.532195    3.756140    2.650405    4.650405 ^ rst_n (in)
                                                         rst_n (net)
                      3.756140    0.000000    4.650405 ^ _18573_/RESET_B (sky130_fd_sc_hd__dfrtp_1)
                                              4.650405   data arrival time

                      0.150000    0.000000    0.000000   clock clk (rise edge)
                                  0.000000    0.000000   clock network delay (ideal)
                                  0.250000    0.250000   clock uncertainty
                                  0.000000    0.250000   clock reconvergence pessimism
                                              0.250000 ^ _18573_/CLK (sky130_fd_sc_hd__dfrtp_1)
                                  1.727255    1.977254   library removal time
                                              1.977254   data required time
---------------------------------------------------------------------------------------------
                                              1.977254   data required time
                                             -4.650405   data arrival time
---------------------------------------------------------------------------------------------
                                              2.673151   slack (MET)


Startpoint: rst_n (input port clocked by clk)
Endpoint: _18574_ (removal check against rising-edge clock clk)
Path Group: asynchronous
Path Type: min

Fanout         Cap        Slew       Delay        Time   Description
---------------------------------------------------------------------------------------------
                      0.150000    0.000000    0.000000   clock clk (rise edge)
                                  0.000000    0.000000   clock network delay (ideal)
                                  2.000000    2.000000 ^ input external delay
   163    0.532195    3.756140    2.650405    4.650405 ^ rst_n (in)
                                                         rst_n (net)
                      3.756140    0.000000    4.650405 ^ _18574_/RESET_B (sky130_fd_sc_hd__dfrtp_1)
                                              4.650405   data arrival time

                      0.150000    0.000000    0.000000   clock clk (rise edge)
                                  0.000000    0.000000   clock network delay (ideal)
                                  0.250000    0.250000   clock uncertainty
                                  0.000000    0.250000   clock reconvergence pessimism
                                              0.250000 ^ _18574_/CLK (sky130_fd_sc_hd__dfrtp_1)
                                  1.727255    1.977254   library removal time
                                              1.977254   data required time
---------------------------------------------------------------------------------------------
                                              1.977254   data required time
                                             -4.650405   data arrival time
---------------------------------------------------------------------------------------------
                                              2.673151   slack (MET)


Startpoint: rst_n (input port clocked by clk)
Endpoint: _18575_ (removal check against rising-edge clock clk)
Path Group: asynchronous
Path Type: min

Fanout         Cap        Slew       Delay        Time   Description
---------------------------------------------------------------------------------------------
                      0.150000    0.000000    0.000000   clock clk (rise edge)
                                  0.000000    0.000000   clock network delay (ideal)
                                  2.000000    2.000000 ^ input external delay
   163    0.532195    3.756140    2.650405    4.650405 ^ rst_n (in)
                                                         rst_n (net)
                      3.756140    0.000000    4.650405 ^ _18575_/RESET_B (sky130_fd_sc_hd__dfrtp_1)
                                              4.650405   data arrival time

                      0.150000    0.000000    0.000000   clock clk (rise edge)
                                  0.000000    0.000000   clock network delay (ideal)
                                  0.250000    0.250000   clock uncertainty
                                  0.000000    0.250000   clock reconvergence pessimism
                                              0.250000 ^ _18575_/CLK (sky130_fd_sc_hd__dfrtp_1)
                                  1.727255    1.977254   library removal time
                                              1.977254   data required time
---------------------------------------------------------------------------------------------
                                              1.977254   data required time
                                             -4.650405   data arrival time
---------------------------------------------------------------------------------------------
                                              2.673151   slack (MET)


Startpoint: rst_n (input port clocked by clk)
Endpoint: _18576_ (removal check against rising-edge clock clk)
Path Group: asynchronous
Path Type: min

Fanout         Cap        Slew       Delay        Time   Description
---------------------------------------------------------------------------------------------
                      0.150000    0.000000    0.000000   clock clk (rise edge)
                                  0.000000    0.000000   clock network delay (ideal)
                                  2.000000    2.000000 ^ input external delay
   163    0.532195    3.756140    2.650405    4.650405 ^ rst_n (in)
                                                         rst_n (net)
                      3.756140    0.000000    4.650405 ^ _18576_/RESET_B (sky130_fd_sc_hd__dfrtp_1)
                                              4.650405   data arrival time

                      0.150000    0.000000    0.000000   clock clk (rise edge)
                                  0.000000    0.000000   clock network delay (ideal)
                                  0.250000    0.250000   clock uncertainty
                                  0.000000    0.250000   clock reconvergence pessimism
                                              0.250000 ^ _18576_/CLK (sky130_fd_sc_hd__dfrtp_1)
                                  1.727255    1.977254   library removal time
                                              1.977254   data required time
---------------------------------------------------------------------------------------------
                                              1.977254   data required time
                                             -4.650405   data arrival time
---------------------------------------------------------------------------------------------
                                              2.673151   slack (MET)


Startpoint: rst_n (input port clocked by clk)
Endpoint: _18577_ (removal check against rising-edge clock clk)
Path Group: asynchronous
Path Type: min

Fanout         Cap        Slew       Delay        Time   Description
---------------------------------------------------------------------------------------------
                      0.150000    0.000000    0.000000   clock clk (rise edge)
                                  0.000000    0.000000   clock network delay (ideal)
                                  2.000000    2.000000 ^ input external delay
   163    0.532195    3.756140    2.650405    4.650405 ^ rst_n (in)
                                                         rst_n (net)
                      3.756140    0.000000    4.650405 ^ _18577_/RESET_B (sky130_fd_sc_hd__dfrtp_1)
                                              4.650405   data arrival time

                      0.150000    0.000000    0.000000   clock clk (rise edge)
                                  0.000000    0.000000   clock network delay (ideal)
                                  0.250000    0.250000   clock uncertainty
                                  0.000000    0.250000   clock reconvergence pessimism
                                              0.250000 ^ _18577_/CLK (sky130_fd_sc_hd__dfrtp_1)
                                  1.727255    1.977254   library removal time
                                              1.977254   data required time
---------------------------------------------------------------------------------------------
                                              1.977254   data required time
                                             -4.650405   data arrival time
---------------------------------------------------------------------------------------------
                                              2.673151   slack (MET)


Startpoint: rst_n (input port clocked by clk)
Endpoint: _18578_ (removal check against rising-edge clock clk)
Path Group: asynchronous
Path Type: min

Fanout         Cap        Slew       Delay        Time   Description
---------------------------------------------------------------------------------------------
                      0.150000    0.000000    0.000000   clock clk (rise edge)
                                  0.000000    0.000000   clock network delay (ideal)
                                  2.000000    2.000000 ^ input external delay
   163    0.532195    3.756140    2.650405    4.650405 ^ rst_n (in)
                                                         rst_n (net)
                      3.756140    0.000000    4.650405 ^ _18578_/RESET_B (sky130_fd_sc_hd__dfrtp_1)
                                              4.650405   data arrival time

                      0.150000    0.000000    0.000000   clock clk (rise edge)
                                  0.000000    0.000000   clock network delay (ideal)
                                  0.250000    0.250000   clock uncertainty
                                  0.000000    0.250000   clock reconvergence pessimism
                                              0.250000 ^ _18578_/CLK (sky130_fd_sc_hd__dfrtp_1)
                                  1.727255    1.977254   library removal time
                                              1.977254   data required time
---------------------------------------------------------------------------------------------
                                              1.977254   data required time
                                             -4.650405   data arrival time
---------------------------------------------------------------------------------------------
                                              2.673151   slack (MET)


Startpoint: rst_n (input port clocked by clk)
Endpoint: _18579_ (removal check against rising-edge clock clk)
Path Group: asynchronous
Path Type: min

Fanout         Cap        Slew       Delay        Time   Description
---------------------------------------------------------------------------------------------
                      0.150000    0.000000    0.000000   clock clk (rise edge)
                                  0.000000    0.000000   clock network delay (ideal)
                                  2.000000    2.000000 ^ input external delay
   163    0.532195    3.756140    2.650405    4.650405 ^ rst_n (in)
                                                         rst_n (net)
                      3.756140    0.000000    4.650405 ^ _18579_/RESET_B (sky130_fd_sc_hd__dfrtp_1)
                                              4.650405   data arrival time

                      0.150000    0.000000    0.000000   clock clk (rise edge)
                                  0.000000    0.000000   clock network delay (ideal)
                                  0.250000    0.250000   clock uncertainty
                                  0.000000    0.250000   clock reconvergence pessimism
                                              0.250000 ^ _18579_/CLK (sky130_fd_sc_hd__dfrtp_1)
                                  1.727255    1.977254   library removal time
                                              1.977254   data required time
---------------------------------------------------------------------------------------------
                                              1.977254   data required time
                                             -4.650405   data arrival time
---------------------------------------------------------------------------------------------
                                              2.673151   slack (MET)


Startpoint: rst_n (input port clocked by clk)
Endpoint: _18580_ (removal check against rising-edge clock clk)
Path Group: asynchronous
Path Type: min

Fanout         Cap        Slew       Delay        Time   Description
---------------------------------------------------------------------------------------------
                      0.150000    0.000000    0.000000   clock clk (rise edge)
                                  0.000000    0.000000   clock network delay (ideal)
                                  2.000000    2.000000 ^ input external delay
   163    0.532195    3.756140    2.650405    4.650405 ^ rst_n (in)
                                                         rst_n (net)
                      3.756140    0.000000    4.650405 ^ _18580_/RESET_B (sky130_fd_sc_hd__dfrtp_1)
                                              4.650405   data arrival time

                      0.150000    0.000000    0.000000   clock clk (rise edge)
                                  0.000000    0.000000   clock network delay (ideal)
                                  0.250000    0.250000   clock uncertainty
                                  0.000000    0.250000   clock reconvergence pessimism
                                              0.250000 ^ _18580_/CLK (sky130_fd_sc_hd__dfrtp_1)
                                  1.727255    1.977254   library removal time
                                              1.977254   data required time
---------------------------------------------------------------------------------------------
                                              1.977254   data required time
                                             -4.650405   data arrival time
---------------------------------------------------------------------------------------------
                                              2.673151   slack (MET)


Startpoint: rst_n (input port clocked by clk)
Endpoint: _18581_ (removal check against rising-edge clock clk)
Path Group: asynchronous
Path Type: min

Fanout         Cap        Slew       Delay        Time   Description
---------------------------------------------------------------------------------------------
                      0.150000    0.000000    0.000000   clock clk (rise edge)
                                  0.000000    0.000000   clock network delay (ideal)
                                  2.000000    2.000000 ^ input external delay
   163    0.532195    3.756140    2.650405    4.650405 ^ rst_n (in)
                                                         rst_n (net)
                      3.756140    0.000000    4.650405 ^ _18581_/RESET_B (sky130_fd_sc_hd__dfrtp_1)
                                              4.650405   data arrival time

                      0.150000    0.000000    0.000000   clock clk (rise edge)
                                  0.000000    0.000000   clock network delay (ideal)
                                  0.250000    0.250000   clock uncertainty
                                  0.000000    0.250000   clock reconvergence pessimism
                                              0.250000 ^ _18581_/CLK (sky130_fd_sc_hd__dfrtp_1)
                                  1.727255    1.977254   library removal time
                                              1.977254   data required time
---------------------------------------------------------------------------------------------
                                              1.977254   data required time
                                             -4.650405   data arrival time
---------------------------------------------------------------------------------------------
                                              2.673151   slack (MET)


Startpoint: rst_n (input port clocked by clk)
Endpoint: _18582_ (removal check against rising-edge clock clk)
Path Group: asynchronous
Path Type: min

Fanout         Cap        Slew       Delay        Time   Description
---------------------------------------------------------------------------------------------
                      0.150000    0.000000    0.000000   clock clk (rise edge)
                                  0.000000    0.000000   clock network delay (ideal)
                                  2.000000    2.000000 ^ input external delay
   163    0.532195    3.756140    2.650405    4.650405 ^ rst_n (in)
                                                         rst_n (net)
                      3.756140    0.000000    4.650405 ^ _18582_/RESET_B (sky130_fd_sc_hd__dfrtp_1)
                                              4.650405   data arrival time

                      0.150000    0.000000    0.000000   clock clk (rise edge)
                                  0.000000    0.000000   clock network delay (ideal)
                                  0.250000    0.250000   clock uncertainty
                                  0.000000    0.250000   clock reconvergence pessimism
                                              0.250000 ^ _18582_/CLK (sky130_fd_sc_hd__dfrtp_1)
                                  1.727255    1.977254   library removal time
                                              1.977254   data required time
---------------------------------------------------------------------------------------------
                                              1.977254   data required time
                                             -4.650405   data arrival time
---------------------------------------------------------------------------------------------
                                              2.673151   slack (MET)


Startpoint: rst_n (input port clocked by clk)
Endpoint: _18583_ (removal check against rising-edge clock clk)
Path Group: asynchronous
Path Type: min

Fanout         Cap        Slew       Delay        Time   Description
---------------------------------------------------------------------------------------------
                      0.150000    0.000000    0.000000   clock clk (rise edge)
                                  0.000000    0.000000   clock network delay (ideal)
                                  2.000000    2.000000 ^ input external delay
   163    0.532195    3.756140    2.650405    4.650405 ^ rst_n (in)
                                                         rst_n (net)
                      3.756140    0.000000    4.650405 ^ _18583_/RESET_B (sky130_fd_sc_hd__dfrtp_1)
                                              4.650405   data arrival time

                      0.150000    0.000000    0.000000   clock clk (rise edge)
                                  0.000000    0.000000   clock network delay (ideal)
                                  0.250000    0.250000   clock uncertainty
                                  0.000000    0.250000   clock reconvergence pessimism
                                              0.250000 ^ _18583_/CLK (sky130_fd_sc_hd__dfrtp_1)
                                  1.727255    1.977254   library removal time
                                              1.977254   data required time
---------------------------------------------------------------------------------------------
                                              1.977254   data required time
                                             -4.650405   data arrival time
---------------------------------------------------------------------------------------------
                                              2.673151   slack (MET)


Startpoint: rst_n (input port clocked by clk)
Endpoint: _18584_ (removal check against rising-edge clock clk)
Path Group: asynchronous
Path Type: min

Fanout         Cap        Slew       Delay        Time   Description
---------------------------------------------------------------------------------------------
                      0.150000    0.000000    0.000000   clock clk (rise edge)
                                  0.000000    0.000000   clock network delay (ideal)
                                  2.000000    2.000000 ^ input external delay
   163    0.532195    3.756140    2.650405    4.650405 ^ rst_n (in)
                                                         rst_n (net)
                      3.756140    0.000000    4.650405 ^ _18584_/RESET_B (sky130_fd_sc_hd__dfrtp_1)
                                              4.650405   data arrival time

                      0.150000    0.000000    0.000000   clock clk (rise edge)
                                  0.000000    0.000000   clock network delay (ideal)
                                  0.250000    0.250000   clock uncertainty
                                  0.000000    0.250000   clock reconvergence pessimism
                                              0.250000 ^ _18584_/CLK (sky130_fd_sc_hd__dfrtp_1)
                                  1.727255    1.977254   library removal time
                                              1.977254   data required time
---------------------------------------------------------------------------------------------
                                              1.977254   data required time
                                             -4.650405   data arrival time
---------------------------------------------------------------------------------------------
                                              2.673151   slack (MET)


Startpoint: rst_n (input port clocked by clk)
Endpoint: _18585_ (removal check against rising-edge clock clk)
Path Group: asynchronous
Path Type: min

Fanout         Cap        Slew       Delay        Time   Description
---------------------------------------------------------------------------------------------
                      0.150000    0.000000    0.000000   clock clk (rise edge)
                                  0.000000    0.000000   clock network delay (ideal)
                                  2.000000    2.000000 ^ input external delay
   163    0.532195    3.756140    2.650405    4.650405 ^ rst_n (in)
                                                         rst_n (net)
                      3.756140    0.000000    4.650405 ^ _18585_/RESET_B (sky130_fd_sc_hd__dfrtp_1)
                                              4.650405   data arrival time

                      0.150000    0.000000    0.000000   clock clk (rise edge)
                                  0.000000    0.000000   clock network delay (ideal)
                                  0.250000    0.250000   clock uncertainty
                                  0.000000    0.250000   clock reconvergence pessimism
                                              0.250000 ^ _18585_/CLK (sky130_fd_sc_hd__dfrtp_1)
                                  1.727255    1.977254   library removal time
                                              1.977254   data required time
---------------------------------------------------------------------------------------------
                                              1.977254   data required time
                                             -4.650405   data arrival time
---------------------------------------------------------------------------------------------
                                              2.673151   slack (MET)


Startpoint: rst_n (input port clocked by clk)
Endpoint: _18586_ (removal check against rising-edge clock clk)
Path Group: asynchronous
Path Type: min

Fanout         Cap        Slew       Delay        Time   Description
---------------------------------------------------------------------------------------------
                      0.150000    0.000000    0.000000   clock clk (rise edge)
                                  0.000000    0.000000   clock network delay (ideal)
                                  2.000000    2.000000 ^ input external delay
   163    0.532195    3.756140    2.650405    4.650405 ^ rst_n (in)
                                                         rst_n (net)
                      3.756140    0.000000    4.650405 ^ _18586_/RESET_B (sky130_fd_sc_hd__dfrtp_1)
                                              4.650405   data arrival time

                      0.150000    0.000000    0.000000   clock clk (rise edge)
                                  0.000000    0.000000   clock network delay (ideal)
                                  0.250000    0.250000   clock uncertainty
                                  0.000000    0.250000   clock reconvergence pessimism
                                              0.250000 ^ _18586_/CLK (sky130_fd_sc_hd__dfrtp_1)
                                  1.727255    1.977254   library removal time
                                              1.977254   data required time
---------------------------------------------------------------------------------------------
                                              1.977254   data required time
                                             -4.650405   data arrival time
---------------------------------------------------------------------------------------------
                                              2.673151   slack (MET)


Startpoint: rst_n (input port clocked by clk)
Endpoint: _18587_ (removal check against rising-edge clock clk)
Path Group: asynchronous
Path Type: min

Fanout         Cap        Slew       Delay        Time   Description
---------------------------------------------------------------------------------------------
                      0.150000    0.000000    0.000000   clock clk (rise edge)
                                  0.000000    0.000000   clock network delay (ideal)
                                  2.000000    2.000000 ^ input external delay
   163    0.532195    3.756140    2.650405    4.650405 ^ rst_n (in)
                                                         rst_n (net)
                      3.756140    0.000000    4.650405 ^ _18587_/RESET_B (sky130_fd_sc_hd__dfrtp_1)
                                              4.650405   data arrival time

                      0.150000    0.000000    0.000000   clock clk (rise edge)
                                  0.000000    0.000000   clock network delay (ideal)
                                  0.250000    0.250000   clock uncertainty
                                  0.000000    0.250000   clock reconvergence pessimism
                                              0.250000 ^ _18587_/CLK (sky130_fd_sc_hd__dfrtp_1)
                                  1.727255    1.977254   library removal time
                                              1.977254   data required time
---------------------------------------------------------------------------------------------
                                              1.977254   data required time
                                             -4.650405   data arrival time
---------------------------------------------------------------------------------------------
                                              2.673151   slack (MET)


Startpoint: rst_n (input port clocked by clk)
Endpoint: _18588_ (removal check against rising-edge clock clk)
Path Group: asynchronous
Path Type: min

Fanout         Cap        Slew       Delay        Time   Description
---------------------------------------------------------------------------------------------
                      0.150000    0.000000    0.000000   clock clk (rise edge)
                                  0.000000    0.000000   clock network delay (ideal)
                                  2.000000    2.000000 ^ input external delay
   163    0.532195    3.756140    2.650405    4.650405 ^ rst_n (in)
                                                         rst_n (net)
                      3.756140    0.000000    4.650405 ^ _18588_/RESET_B (sky130_fd_sc_hd__dfrtp_1)
                                              4.650405   data arrival time

                      0.150000    0.000000    0.000000   clock clk (rise edge)
                                  0.000000    0.000000   clock network delay (ideal)
                                  0.250000    0.250000   clock uncertainty
                                  0.000000    0.250000   clock reconvergence pessimism
                                              0.250000 ^ _18588_/CLK (sky130_fd_sc_hd__dfrtp_1)
                                  1.727255    1.977254   library removal time
                                              1.977254   data required time
---------------------------------------------------------------------------------------------
                                              1.977254   data required time
                                             -4.650405   data arrival time
---------------------------------------------------------------------------------------------
                                              2.673151   slack (MET)


Startpoint: rst_n (input port clocked by clk)
Endpoint: _18589_ (removal check against rising-edge clock clk)
Path Group: asynchronous
Path Type: min

Fanout         Cap        Slew       Delay        Time   Description
---------------------------------------------------------------------------------------------
                      0.150000    0.000000    0.000000   clock clk (rise edge)
                                  0.000000    0.000000   clock network delay (ideal)
                                  2.000000    2.000000 ^ input external delay
   163    0.532195    3.756140    2.650405    4.650405 ^ rst_n (in)
                                                         rst_n (net)
                      3.756140    0.000000    4.650405 ^ _18589_/RESET_B (sky130_fd_sc_hd__dfrtp_1)
                                              4.650405   data arrival time

                      0.150000    0.000000    0.000000   clock clk (rise edge)
                                  0.000000    0.000000   clock network delay (ideal)
                                  0.250000    0.250000   clock uncertainty
                                  0.000000    0.250000   clock reconvergence pessimism
                                              0.250000 ^ _18589_/CLK (sky130_fd_sc_hd__dfrtp_1)
                                  1.727255    1.977254   library removal time
                                              1.977254   data required time
---------------------------------------------------------------------------------------------
                                              1.977254   data required time
                                             -4.650405   data arrival time
---------------------------------------------------------------------------------------------
                                              2.673151   slack (MET)


Startpoint: rst_n (input port clocked by clk)
Endpoint: _18590_ (removal check against rising-edge clock clk)
Path Group: asynchronous
Path Type: min

Fanout         Cap        Slew       Delay        Time   Description
---------------------------------------------------------------------------------------------
                      0.150000    0.000000    0.000000   clock clk (rise edge)
                                  0.000000    0.000000   clock network delay (ideal)
                                  2.000000    2.000000 ^ input external delay
   163    0.532195    3.756140    2.650405    4.650405 ^ rst_n (in)
                                                         rst_n (net)
                      3.756140    0.000000    4.650405 ^ _18590_/RESET_B (sky130_fd_sc_hd__dfrtp_1)
                                              4.650405   data arrival time

                      0.150000    0.000000    0.000000   clock clk (rise edge)
                                  0.000000    0.000000   clock network delay (ideal)
                                  0.250000    0.250000   clock uncertainty
                                  0.000000    0.250000   clock reconvergence pessimism
                                              0.250000 ^ _18590_/CLK (sky130_fd_sc_hd__dfrtp_1)
                                  1.727255    1.977254   library removal time
                                              1.977254   data required time
---------------------------------------------------------------------------------------------
                                              1.977254   data required time
                                             -4.650405   data arrival time
---------------------------------------------------------------------------------------------
                                              2.673151   slack (MET)


Startpoint: rst_n (input port clocked by clk)
Endpoint: _18591_ (removal check against rising-edge clock clk)
Path Group: asynchronous
Path Type: min

Fanout         Cap        Slew       Delay        Time   Description
---------------------------------------------------------------------------------------------
                      0.150000    0.000000    0.000000   clock clk (rise edge)
                                  0.000000    0.000000   clock network delay (ideal)
                                  2.000000    2.000000 ^ input external delay
   163    0.532195    3.756140    2.650405    4.650405 ^ rst_n (in)
                                                         rst_n (net)
                      3.756140    0.000000    4.650405 ^ _18591_/RESET_B (sky130_fd_sc_hd__dfrtp_1)
                                              4.650405   data arrival time

                      0.150000    0.000000    0.000000   clock clk (rise edge)
                                  0.000000    0.000000   clock network delay (ideal)
                                  0.250000    0.250000   clock uncertainty
                                  0.000000    0.250000   clock reconvergence pessimism
                                              0.250000 ^ _18591_/CLK (sky130_fd_sc_hd__dfrtp_1)
                                  1.727255    1.977254   library removal time
                                              1.977254   data required time
---------------------------------------------------------------------------------------------
                                              1.977254   data required time
                                             -4.650405   data arrival time
---------------------------------------------------------------------------------------------
                                              2.673151   slack (MET)


Startpoint: rst_n (input port clocked by clk)
Endpoint: _18592_ (removal check against rising-edge clock clk)
Path Group: asynchronous
Path Type: min

Fanout         Cap        Slew       Delay        Time   Description
---------------------------------------------------------------------------------------------
                      0.150000    0.000000    0.000000   clock clk (rise edge)
                                  0.000000    0.000000   clock network delay (ideal)
                                  2.000000    2.000000 ^ input external delay
   163    0.532195    3.756140    2.650405    4.650405 ^ rst_n (in)
                                                         rst_n (net)
                      3.756140    0.000000    4.650405 ^ _18592_/RESET_B (sky130_fd_sc_hd__dfrtp_1)
                                              4.650405   data arrival time

                      0.150000    0.000000    0.000000   clock clk (rise edge)
                                  0.000000    0.000000   clock network delay (ideal)
                                  0.250000    0.250000   clock uncertainty
                                  0.000000    0.250000   clock reconvergence pessimism
                                              0.250000 ^ _18592_/CLK (sky130_fd_sc_hd__dfrtp_1)
                                  1.727255    1.977254   library removal time
                                              1.977254   data required time
---------------------------------------------------------------------------------------------
                                              1.977254   data required time
                                             -4.650405   data arrival time
---------------------------------------------------------------------------------------------
                                              2.673151   slack (MET)


Startpoint: rst_n (input port clocked by clk)
Endpoint: _18593_ (removal check against rising-edge clock clk)
Path Group: asynchronous
Path Type: min

Fanout         Cap        Slew       Delay        Time   Description
---------------------------------------------------------------------------------------------
                      0.150000    0.000000    0.000000   clock clk (rise edge)
                                  0.000000    0.000000   clock network delay (ideal)
                                  2.000000    2.000000 ^ input external delay
   163    0.532195    3.756140    2.650405    4.650405 ^ rst_n (in)
                                                         rst_n (net)
                      3.756140    0.000000    4.650405 ^ _18593_/RESET_B (sky130_fd_sc_hd__dfrtp_1)
                                              4.650405   data arrival time

                      0.150000    0.000000    0.000000   clock clk (rise edge)
                                  0.000000    0.000000   clock network delay (ideal)
                                  0.250000    0.250000   clock uncertainty
                                  0.000000    0.250000   clock reconvergence pessimism
                                              0.250000 ^ _18593_/CLK (sky130_fd_sc_hd__dfrtp_1)
                                  1.727255    1.977254   library removal time
                                              1.977254   data required time
---------------------------------------------------------------------------------------------
                                              1.977254   data required time
                                             -4.650405   data arrival time
---------------------------------------------------------------------------------------------
                                              2.673151   slack (MET)


Startpoint: rst_n (input port clocked by clk)
Endpoint: _18594_ (removal check against rising-edge clock clk)
Path Group: asynchronous
Path Type: min

Fanout         Cap        Slew       Delay        Time   Description
---------------------------------------------------------------------------------------------
                      0.150000    0.000000    0.000000   clock clk (rise edge)
                                  0.000000    0.000000   clock network delay (ideal)
                                  2.000000    2.000000 ^ input external delay
   163    0.532195    3.756140    2.650405    4.650405 ^ rst_n (in)
                                                         rst_n (net)
                      3.756140    0.000000    4.650405 ^ _18594_/RESET_B (sky130_fd_sc_hd__dfrtp_1)
                                              4.650405   data arrival time

                      0.150000    0.000000    0.000000   clock clk (rise edge)
                                  0.000000    0.000000   clock network delay (ideal)
                                  0.250000    0.250000   clock uncertainty
                                  0.000000    0.250000   clock reconvergence pessimism
                                              0.250000 ^ _18594_/CLK (sky130_fd_sc_hd__dfrtp_1)
                                  1.727255    1.977254   library removal time
                                              1.977254   data required time
---------------------------------------------------------------------------------------------
                                              1.977254   data required time
                                             -4.650405   data arrival time
---------------------------------------------------------------------------------------------
                                              2.673151   slack (MET)


Startpoint: rst_n (input port clocked by clk)
Endpoint: _18595_ (removal check against rising-edge clock clk)
Path Group: asynchronous
Path Type: min

Fanout         Cap        Slew       Delay        Time   Description
---------------------------------------------------------------------------------------------
                      0.150000    0.000000    0.000000   clock clk (rise edge)
                                  0.000000    0.000000   clock network delay (ideal)
                                  2.000000    2.000000 ^ input external delay
   163    0.532195    3.756140    2.650405    4.650405 ^ rst_n (in)
                                                         rst_n (net)
                      3.756140    0.000000    4.650405 ^ _18595_/RESET_B (sky130_fd_sc_hd__dfrtp_1)
                                              4.650405   data arrival time

                      0.150000    0.000000    0.000000   clock clk (rise edge)
                                  0.000000    0.000000   clock network delay (ideal)
                                  0.250000    0.250000   clock uncertainty
                                  0.000000    0.250000   clock reconvergence pessimism
                                              0.250000 ^ _18595_/CLK (sky130_fd_sc_hd__dfrtp_1)
                                  1.727255    1.977254   library removal time
                                              1.977254   data required time
---------------------------------------------------------------------------------------------
                                              1.977254   data required time
                                             -4.650405   data arrival time
---------------------------------------------------------------------------------------------
                                              2.673151   slack (MET)


Startpoint: rst_n (input port clocked by clk)
Endpoint: _18596_ (removal check against rising-edge clock clk)
Path Group: asynchronous
Path Type: min

Fanout         Cap        Slew       Delay        Time   Description
---------------------------------------------------------------------------------------------
                      0.150000    0.000000    0.000000   clock clk (rise edge)
                                  0.000000    0.000000   clock network delay (ideal)
                                  2.000000    2.000000 ^ input external delay
   163    0.532195    3.756140    2.650405    4.650405 ^ rst_n (in)
                                                         rst_n (net)
                      3.756140    0.000000    4.650405 ^ _18596_/RESET_B (sky130_fd_sc_hd__dfrtp_1)
                                              4.650405   data arrival time

                      0.150000    0.000000    0.000000   clock clk (rise edge)
                                  0.000000    0.000000   clock network delay (ideal)
                                  0.250000    0.250000   clock uncertainty
                                  0.000000    0.250000   clock reconvergence pessimism
                                              0.250000 ^ _18596_/CLK (sky130_fd_sc_hd__dfrtp_1)
                                  1.727255    1.977254   library removal time
                                              1.977254   data required time
---------------------------------------------------------------------------------------------
                                              1.977254   data required time
                                             -4.650405   data arrival time
---------------------------------------------------------------------------------------------
                                              2.673151   slack (MET)


Startpoint: rst_n (input port clocked by clk)
Endpoint: _18597_ (removal check against rising-edge clock clk)
Path Group: asynchronous
Path Type: min

Fanout         Cap        Slew       Delay        Time   Description
---------------------------------------------------------------------------------------------
                      0.150000    0.000000    0.000000   clock clk (rise edge)
                                  0.000000    0.000000   clock network delay (ideal)
                                  2.000000    2.000000 ^ input external delay
   163    0.532195    3.756140    2.650405    4.650405 ^ rst_n (in)
                                                         rst_n (net)
                      3.756140    0.000000    4.650405 ^ _18597_/RESET_B (sky130_fd_sc_hd__dfrtp_1)
                                              4.650405   data arrival time

                      0.150000    0.000000    0.000000   clock clk (rise edge)
                                  0.000000    0.000000   clock network delay (ideal)
                                  0.250000    0.250000   clock uncertainty
                                  0.000000    0.250000   clock reconvergence pessimism
                                              0.250000 ^ _18597_/CLK (sky130_fd_sc_hd__dfrtp_1)
                                  1.727255    1.977254   library removal time
                                              1.977254   data required time
---------------------------------------------------------------------------------------------
                                              1.977254   data required time
                                             -4.650405   data arrival time
---------------------------------------------------------------------------------------------
                                              2.673151   slack (MET)


Startpoint: rst_n (input port clocked by clk)
Endpoint: _18598_ (removal check against rising-edge clock clk)
Path Group: asynchronous
Path Type: min

Fanout         Cap        Slew       Delay        Time   Description
---------------------------------------------------------------------------------------------
                      0.150000    0.000000    0.000000   clock clk (rise edge)
                                  0.000000    0.000000   clock network delay (ideal)
                                  2.000000    2.000000 ^ input external delay
   163    0.532195    3.756140    2.650405    4.650405 ^ rst_n (in)
                                                         rst_n (net)
                      3.756140    0.000000    4.650405 ^ _18598_/RESET_B (sky130_fd_sc_hd__dfrtp_1)
                                              4.650405   data arrival time

                      0.150000    0.000000    0.000000   clock clk (rise edge)
                                  0.000000    0.000000   clock network delay (ideal)
                                  0.250000    0.250000   clock uncertainty
                                  0.000000    0.250000   clock reconvergence pessimism
                                              0.250000 ^ _18598_/CLK (sky130_fd_sc_hd__dfrtp_1)
                                  1.727255    1.977254   library removal time
                                              1.977254   data required time
---------------------------------------------------------------------------------------------
                                              1.977254   data required time
                                             -4.650405   data arrival time
---------------------------------------------------------------------------------------------
                                              2.673151   slack (MET)


Startpoint: rst_n (input port clocked by clk)
Endpoint: _18599_ (removal check against rising-edge clock clk)
Path Group: asynchronous
Path Type: min

Fanout         Cap        Slew       Delay        Time   Description
---------------------------------------------------------------------------------------------
                      0.150000    0.000000    0.000000   clock clk (rise edge)
                                  0.000000    0.000000   clock network delay (ideal)
                                  2.000000    2.000000 ^ input external delay
   163    0.532195    3.756140    2.650405    4.650405 ^ rst_n (in)
                                                         rst_n (net)
                      3.756140    0.000000    4.650405 ^ _18599_/RESET_B (sky130_fd_sc_hd__dfrtp_1)
                                              4.650405   data arrival time

                      0.150000    0.000000    0.000000   clock clk (rise edge)
                                  0.000000    0.000000   clock network delay (ideal)
                                  0.250000    0.250000   clock uncertainty
                                  0.000000    0.250000   clock reconvergence pessimism
                                              0.250000 ^ _18599_/CLK (sky130_fd_sc_hd__dfrtp_1)
                                  1.727255    1.977254   library removal time
                                              1.977254   data required time
---------------------------------------------------------------------------------------------
                                              1.977254   data required time
                                             -4.650405   data arrival time
---------------------------------------------------------------------------------------------
                                              2.673151   slack (MET)


Startpoint: rst_n (input port clocked by clk)
Endpoint: _18600_ (removal check against rising-edge clock clk)
Path Group: asynchronous
Path Type: min

Fanout         Cap        Slew       Delay        Time   Description
---------------------------------------------------------------------------------------------
                      0.150000    0.000000    0.000000   clock clk (rise edge)
                                  0.000000    0.000000   clock network delay (ideal)
                                  2.000000    2.000000 ^ input external delay
   163    0.532195    3.756140    2.650405    4.650405 ^ rst_n (in)
                                                         rst_n (net)
                      3.756140    0.000000    4.650405 ^ _18600_/RESET_B (sky130_fd_sc_hd__dfrtp_1)
                                              4.650405   data arrival time

                      0.150000    0.000000    0.000000   clock clk (rise edge)
                                  0.000000    0.000000   clock network delay (ideal)
                                  0.250000    0.250000   clock uncertainty
                                  0.000000    0.250000   clock reconvergence pessimism
                                              0.250000 ^ _18600_/CLK (sky130_fd_sc_hd__dfrtp_1)
                                  1.727255    1.977254   library removal time
                                              1.977254   data required time
---------------------------------------------------------------------------------------------
                                              1.977254   data required time
                                             -4.650405   data arrival time
---------------------------------------------------------------------------------------------
                                              2.673151   slack (MET)


Startpoint: rst_n (input port clocked by clk)
Endpoint: _18601_ (removal check against rising-edge clock clk)
Path Group: asynchronous
Path Type: min

Fanout         Cap        Slew       Delay        Time   Description
---------------------------------------------------------------------------------------------
                      0.150000    0.000000    0.000000   clock clk (rise edge)
                                  0.000000    0.000000   clock network delay (ideal)
                                  2.000000    2.000000 ^ input external delay
   163    0.532195    3.756140    2.650405    4.650405 ^ rst_n (in)
                                                         rst_n (net)
                      3.756140    0.000000    4.650405 ^ _18601_/RESET_B (sky130_fd_sc_hd__dfrtp_1)
                                              4.650405   data arrival time

                      0.150000    0.000000    0.000000   clock clk (rise edge)
                                  0.000000    0.000000   clock network delay (ideal)
                                  0.250000    0.250000   clock uncertainty
                                  0.000000    0.250000   clock reconvergence pessimism
                                              0.250000 ^ _18601_/CLK (sky130_fd_sc_hd__dfrtp_1)
                                  1.727255    1.977254   library removal time
                                              1.977254   data required time
---------------------------------------------------------------------------------------------
                                              1.977254   data required time
                                             -4.650405   data arrival time
---------------------------------------------------------------------------------------------
                                              2.673151   slack (MET)


Startpoint: rst_n (input port clocked by clk)
Endpoint: _18602_ (removal check against rising-edge clock clk)
Path Group: asynchronous
Path Type: min

Fanout         Cap        Slew       Delay        Time   Description
---------------------------------------------------------------------------------------------
                      0.150000    0.000000    0.000000   clock clk (rise edge)
                                  0.000000    0.000000   clock network delay (ideal)
                                  2.000000    2.000000 ^ input external delay
   163    0.532195    3.756140    2.650405    4.650405 ^ rst_n (in)
                                                         rst_n (net)
                      3.756140    0.000000    4.650405 ^ _18602_/RESET_B (sky130_fd_sc_hd__dfrtp_1)
                                              4.650405   data arrival time

                      0.150000    0.000000    0.000000   clock clk (rise edge)
                                  0.000000    0.000000   clock network delay (ideal)
                                  0.250000    0.250000   clock uncertainty
                                  0.000000    0.250000   clock reconvergence pessimism
                                              0.250000 ^ _18602_/CLK (sky130_fd_sc_hd__dfrtp_1)
                                  1.727255    1.977254   library removal time
                                              1.977254   data required time
---------------------------------------------------------------------------------------------
                                              1.977254   data required time
                                             -4.650405   data arrival time
---------------------------------------------------------------------------------------------
                                              2.673151   slack (MET)


Startpoint: rst_n (input port clocked by clk)
Endpoint: _18603_ (removal check against rising-edge clock clk)
Path Group: asynchronous
Path Type: min

Fanout         Cap        Slew       Delay        Time   Description
---------------------------------------------------------------------------------------------
                      0.150000    0.000000    0.000000   clock clk (rise edge)
                                  0.000000    0.000000   clock network delay (ideal)
                                  2.000000    2.000000 ^ input external delay
   163    0.532195    3.756140    2.650405    4.650405 ^ rst_n (in)
                                                         rst_n (net)
                      3.756140    0.000000    4.650405 ^ _18603_/RESET_B (sky130_fd_sc_hd__dfrtp_1)
                                              4.650405   data arrival time

                      0.150000    0.000000    0.000000   clock clk (rise edge)
                                  0.000000    0.000000   clock network delay (ideal)
                                  0.250000    0.250000   clock uncertainty
                                  0.000000    0.250000   clock reconvergence pessimism
                                              0.250000 ^ _18603_/CLK (sky130_fd_sc_hd__dfrtp_1)
                                  1.727255    1.977254   library removal time
                                              1.977254   data required time
---------------------------------------------------------------------------------------------
                                              1.977254   data required time
                                             -4.650405   data arrival time
---------------------------------------------------------------------------------------------
                                              2.673151   slack (MET)


Startpoint: rst_n (input port clocked by clk)
Endpoint: _18604_ (removal check against rising-edge clock clk)
Path Group: asynchronous
Path Type: min

Fanout         Cap        Slew       Delay        Time   Description
---------------------------------------------------------------------------------------------
                      0.150000    0.000000    0.000000   clock clk (rise edge)
                                  0.000000    0.000000   clock network delay (ideal)
                                  2.000000    2.000000 ^ input external delay
   163    0.532195    3.756140    2.650405    4.650405 ^ rst_n (in)
                                                         rst_n (net)
                      3.756140    0.000000    4.650405 ^ _18604_/RESET_B (sky130_fd_sc_hd__dfrtp_1)
                                              4.650405   data arrival time

                      0.150000    0.000000    0.000000   clock clk (rise edge)
                                  0.000000    0.000000   clock network delay (ideal)
                                  0.250000    0.250000   clock uncertainty
                                  0.000000    0.250000   clock reconvergence pessimism
                                              0.250000 ^ _18604_/CLK (sky130_fd_sc_hd__dfrtp_1)
                                  1.727255    1.977254   library removal time
                                              1.977254   data required time
---------------------------------------------------------------------------------------------
                                              1.977254   data required time
                                             -4.650405   data arrival time
---------------------------------------------------------------------------------------------
                                              2.673151   slack (MET)


Startpoint: rst_n (input port clocked by clk)
Endpoint: _18605_ (removal check against rising-edge clock clk)
Path Group: asynchronous
Path Type: min

Fanout         Cap        Slew       Delay        Time   Description
---------------------------------------------------------------------------------------------
                      0.150000    0.000000    0.000000   clock clk (rise edge)
                                  0.000000    0.000000   clock network delay (ideal)
                                  2.000000    2.000000 ^ input external delay
   163    0.532195    3.756140    2.650405    4.650405 ^ rst_n (in)
                                                         rst_n (net)
                      3.756140    0.000000    4.650405 ^ _18605_/RESET_B (sky130_fd_sc_hd__dfrtp_1)
                                              4.650405   data arrival time

                      0.150000    0.000000    0.000000   clock clk (rise edge)
                                  0.000000    0.000000   clock network delay (ideal)
                                  0.250000    0.250000   clock uncertainty
                                  0.000000    0.250000   clock reconvergence pessimism
                                              0.250000 ^ _18605_/CLK (sky130_fd_sc_hd__dfrtp_1)
                                  1.727255    1.977254   library removal time
                                              1.977254   data required time
---------------------------------------------------------------------------------------------
                                              1.977254   data required time
                                             -4.650405   data arrival time
---------------------------------------------------------------------------------------------
                                              2.673151   slack (MET)


Startpoint: rst_n (input port clocked by clk)
Endpoint: _18606_ (removal check against rising-edge clock clk)
Path Group: asynchronous
Path Type: min

Fanout         Cap        Slew       Delay        Time   Description
---------------------------------------------------------------------------------------------
                      0.150000    0.000000    0.000000   clock clk (rise edge)
                                  0.000000    0.000000   clock network delay (ideal)
                                  2.000000    2.000000 ^ input external delay
   163    0.532195    3.756140    2.650405    4.650405 ^ rst_n (in)
                                                         rst_n (net)
                      3.756140    0.000000    4.650405 ^ _18606_/RESET_B (sky130_fd_sc_hd__dfrtp_1)
                                              4.650405   data arrival time

                      0.150000    0.000000    0.000000   clock clk (rise edge)
                                  0.000000    0.000000   clock network delay (ideal)
                                  0.250000    0.250000   clock uncertainty
                                  0.000000    0.250000   clock reconvergence pessimism
                                              0.250000 ^ _18606_/CLK (sky130_fd_sc_hd__dfrtp_1)
                                  1.727255    1.977254   library removal time
                                              1.977254   data required time
---------------------------------------------------------------------------------------------
                                              1.977254   data required time
                                             -4.650405   data arrival time
---------------------------------------------------------------------------------------------
                                              2.673151   slack (MET)


Startpoint: rst_n (input port clocked by clk)
Endpoint: _18607_ (removal check against rising-edge clock clk)
Path Group: asynchronous
Path Type: min

Fanout         Cap        Slew       Delay        Time   Description
---------------------------------------------------------------------------------------------
                      0.150000    0.000000    0.000000   clock clk (rise edge)
                                  0.000000    0.000000   clock network delay (ideal)
                                  2.000000    2.000000 ^ input external delay
   163    0.532195    3.756140    2.650405    4.650405 ^ rst_n (in)
                                                         rst_n (net)
                      3.756140    0.000000    4.650405 ^ _18607_/RESET_B (sky130_fd_sc_hd__dfrtp_1)
                                              4.650405   data arrival time

                      0.150000    0.000000    0.000000   clock clk (rise edge)
                                  0.000000    0.000000   clock network delay (ideal)
                                  0.250000    0.250000   clock uncertainty
                                  0.000000    0.250000   clock reconvergence pessimism
                                              0.250000 ^ _18607_/CLK (sky130_fd_sc_hd__dfrtp_1)
                                  1.727255    1.977254   library removal time
                                              1.977254   data required time
---------------------------------------------------------------------------------------------
                                              1.977254   data required time
                                             -4.650405   data arrival time
---------------------------------------------------------------------------------------------
                                              2.673151   slack (MET)


Startpoint: rst_n (input port clocked by clk)
Endpoint: _18608_ (removal check against rising-edge clock clk)
Path Group: asynchronous
Path Type: min

Fanout         Cap        Slew       Delay        Time   Description
---------------------------------------------------------------------------------------------
                      0.150000    0.000000    0.000000   clock clk (rise edge)
                                  0.000000    0.000000   clock network delay (ideal)
                                  2.000000    2.000000 ^ input external delay
   163    0.532195    3.756140    2.650405    4.650405 ^ rst_n (in)
                                                         rst_n (net)
                      3.756140    0.000000    4.650405 ^ _18608_/RESET_B (sky130_fd_sc_hd__dfrtp_1)
                                              4.650405   data arrival time

                      0.150000    0.000000    0.000000   clock clk (rise edge)
                                  0.000000    0.000000   clock network delay (ideal)
                                  0.250000    0.250000   clock uncertainty
                                  0.000000    0.250000   clock reconvergence pessimism
                                              0.250000 ^ _18608_/CLK (sky130_fd_sc_hd__dfrtp_1)
                                  1.727255    1.977254   library removal time
                                              1.977254   data required time
---------------------------------------------------------------------------------------------
                                              1.977254   data required time
                                             -4.650405   data arrival time
---------------------------------------------------------------------------------------------
                                              2.673151   slack (MET)


Startpoint: rst_n (input port clocked by clk)
Endpoint: _18609_ (removal check against rising-edge clock clk)
Path Group: asynchronous
Path Type: min

Fanout         Cap        Slew       Delay        Time   Description
---------------------------------------------------------------------------------------------
                      0.150000    0.000000    0.000000   clock clk (rise edge)
                                  0.000000    0.000000   clock network delay (ideal)
                                  2.000000    2.000000 ^ input external delay
   163    0.532195    3.756140    2.650405    4.650405 ^ rst_n (in)
                                                         rst_n (net)
                      3.756140    0.000000    4.650405 ^ _18609_/RESET_B (sky130_fd_sc_hd__dfrtp_1)
                                              4.650405   data arrival time

                      0.150000    0.000000    0.000000   clock clk (rise edge)
                                  0.000000    0.000000   clock network delay (ideal)
                                  0.250000    0.250000   clock uncertainty
                                  0.000000    0.250000   clock reconvergence pessimism
                                              0.250000 ^ _18609_/CLK (sky130_fd_sc_hd__dfrtp_1)
                                  1.727255    1.977254   library removal time
                                              1.977254   data required time
---------------------------------------------------------------------------------------------
                                              1.977254   data required time
                                             -4.650405   data arrival time
---------------------------------------------------------------------------------------------
                                              2.673151   slack (MET)


Startpoint: rst_n (input port clocked by clk)
Endpoint: _18610_ (removal check against rising-edge clock clk)
Path Group: asynchronous
Path Type: min

Fanout         Cap        Slew       Delay        Time   Description
---------------------------------------------------------------------------------------------
                      0.150000    0.000000    0.000000   clock clk (rise edge)
                                  0.000000    0.000000   clock network delay (ideal)
                                  2.000000    2.000000 ^ input external delay
   163    0.532195    3.756140    2.650405    4.650405 ^ rst_n (in)
                                                         rst_n (net)
                      3.756140    0.000000    4.650405 ^ _18610_/RESET_B (sky130_fd_sc_hd__dfrtp_1)
                                              4.650405   data arrival time

                      0.150000    0.000000    0.000000   clock clk (rise edge)
                                  0.000000    0.000000   clock network delay (ideal)
                                  0.250000    0.250000   clock uncertainty
                                  0.000000    0.250000   clock reconvergence pessimism
                                              0.250000 ^ _18610_/CLK (sky130_fd_sc_hd__dfrtp_1)
                                  1.727255    1.977254   library removal time
                                              1.977254   data required time
---------------------------------------------------------------------------------------------
                                              1.977254   data required time
                                             -4.650405   data arrival time
---------------------------------------------------------------------------------------------
                                              2.673151   slack (MET)


Startpoint: rst_n (input port clocked by clk)
Endpoint: _18611_ (removal check against rising-edge clock clk)
Path Group: asynchronous
Path Type: min

Fanout         Cap        Slew       Delay        Time   Description
---------------------------------------------------------------------------------------------
                      0.150000    0.000000    0.000000   clock clk (rise edge)
                                  0.000000    0.000000   clock network delay (ideal)
                                  2.000000    2.000000 ^ input external delay
   163    0.532195    3.756140    2.650405    4.650405 ^ rst_n (in)
                                                         rst_n (net)
                      3.756140    0.000000    4.650405 ^ _18611_/RESET_B (sky130_fd_sc_hd__dfrtp_1)
                                              4.650405   data arrival time

                      0.150000    0.000000    0.000000   clock clk (rise edge)
                                  0.000000    0.000000   clock network delay (ideal)
                                  0.250000    0.250000   clock uncertainty
                                  0.000000    0.250000   clock reconvergence pessimism
                                              0.250000 ^ _18611_/CLK (sky130_fd_sc_hd__dfrtp_1)
                                  1.727255    1.977254   library removal time
                                              1.977254   data required time
---------------------------------------------------------------------------------------------
                                              1.977254   data required time
                                             -4.650405   data arrival time
---------------------------------------------------------------------------------------------
                                              2.673151   slack (MET)


Startpoint: rst_n (input port clocked by clk)
Endpoint: _18612_ (removal check against rising-edge clock clk)
Path Group: asynchronous
Path Type: min

Fanout         Cap        Slew       Delay        Time   Description
---------------------------------------------------------------------------------------------
                      0.150000    0.000000    0.000000   clock clk (rise edge)
                                  0.000000    0.000000   clock network delay (ideal)
                                  2.000000    2.000000 ^ input external delay
   163    0.532195    3.756140    2.650405    4.650405 ^ rst_n (in)
                                                         rst_n (net)
                      3.756140    0.000000    4.650405 ^ _18612_/RESET_B (sky130_fd_sc_hd__dfrtp_1)
                                              4.650405   data arrival time

                      0.150000    0.000000    0.000000   clock clk (rise edge)
                                  0.000000    0.000000   clock network delay (ideal)
                                  0.250000    0.250000   clock uncertainty
                                  0.000000    0.250000   clock reconvergence pessimism
                                              0.250000 ^ _18612_/CLK (sky130_fd_sc_hd__dfrtp_1)
                                  1.727255    1.977254   library removal time
                                              1.977254   data required time
---------------------------------------------------------------------------------------------
                                              1.977254   data required time
                                             -4.650405   data arrival time
---------------------------------------------------------------------------------------------
                                              2.673151   slack (MET)


Startpoint: rst_n (input port clocked by clk)
Endpoint: _18613_ (removal check against rising-edge clock clk)
Path Group: asynchronous
Path Type: min

Fanout         Cap        Slew       Delay        Time   Description
---------------------------------------------------------------------------------------------
                      0.150000    0.000000    0.000000   clock clk (rise edge)
                                  0.000000    0.000000   clock network delay (ideal)
                                  2.000000    2.000000 ^ input external delay
   163    0.532195    3.756140    2.650405    4.650405 ^ rst_n (in)
                                                         rst_n (net)
                      3.756140    0.000000    4.650405 ^ _18613_/RESET_B (sky130_fd_sc_hd__dfrtp_1)
                                              4.650405   data arrival time

                      0.150000    0.000000    0.000000   clock clk (rise edge)
                                  0.000000    0.000000   clock network delay (ideal)
                                  0.250000    0.250000   clock uncertainty
                                  0.000000    0.250000   clock reconvergence pessimism
                                              0.250000 ^ _18613_/CLK (sky130_fd_sc_hd__dfrtp_1)
                                  1.727255    1.977254   library removal time
                                              1.977254   data required time
---------------------------------------------------------------------------------------------
                                              1.977254   data required time
                                             -4.650405   data arrival time
---------------------------------------------------------------------------------------------
                                              2.673151   slack (MET)


Startpoint: rst_n (input port clocked by clk)
Endpoint: _18614_ (removal check against rising-edge clock clk)
Path Group: asynchronous
Path Type: min

Fanout         Cap        Slew       Delay        Time   Description
---------------------------------------------------------------------------------------------
                      0.150000    0.000000    0.000000   clock clk (rise edge)
                                  0.000000    0.000000   clock network delay (ideal)
                                  2.000000    2.000000 ^ input external delay
   163    0.532195    3.756140    2.650405    4.650405 ^ rst_n (in)
                                                         rst_n (net)
                      3.756140    0.000000    4.650405 ^ _18614_/RESET_B (sky130_fd_sc_hd__dfrtp_1)
                                              4.650405   data arrival time

                      0.150000    0.000000    0.000000   clock clk (rise edge)
                                  0.000000    0.000000   clock network delay (ideal)
                                  0.250000    0.250000   clock uncertainty
                                  0.000000    0.250000   clock reconvergence pessimism
                                              0.250000 ^ _18614_/CLK (sky130_fd_sc_hd__dfrtp_1)
                                  1.727255    1.977254   library removal time
                                              1.977254   data required time
---------------------------------------------------------------------------------------------
                                              1.977254   data required time
                                             -4.650405   data arrival time
---------------------------------------------------------------------------------------------
                                              2.673151   slack (MET)


Startpoint: rst_n (input port clocked by clk)
Endpoint: _18615_ (removal check against rising-edge clock clk)
Path Group: asynchronous
Path Type: min

Fanout         Cap        Slew       Delay        Time   Description
---------------------------------------------------------------------------------------------
                      0.150000    0.000000    0.000000   clock clk (rise edge)
                                  0.000000    0.000000   clock network delay (ideal)
                                  2.000000    2.000000 ^ input external delay
   163    0.532195    3.756140    2.650405    4.650405 ^ rst_n (in)
                                                         rst_n (net)
                      3.756140    0.000000    4.650405 ^ _18615_/RESET_B (sky130_fd_sc_hd__dfrtp_1)
                                              4.650405   data arrival time

                      0.150000    0.000000    0.000000   clock clk (rise edge)
                                  0.000000    0.000000   clock network delay (ideal)
                                  0.250000    0.250000   clock uncertainty
                                  0.000000    0.250000   clock reconvergence pessimism
                                              0.250000 ^ _18615_/CLK (sky130_fd_sc_hd__dfrtp_1)
                                  1.727255    1.977254   library removal time
                                              1.977254   data required time
---------------------------------------------------------------------------------------------
                                              1.977254   data required time
                                             -4.650405   data arrival time
---------------------------------------------------------------------------------------------
                                              2.673151   slack (MET)


Startpoint: rst_n (input port clocked by clk)
Endpoint: _18616_ (removal check against rising-edge clock clk)
Path Group: asynchronous
Path Type: min

Fanout         Cap        Slew       Delay        Time   Description
---------------------------------------------------------------------------------------------
                      0.150000    0.000000    0.000000   clock clk (rise edge)
                                  0.000000    0.000000   clock network delay (ideal)
                                  2.000000    2.000000 ^ input external delay
   163    0.532195    3.756140    2.650405    4.650405 ^ rst_n (in)
                                                         rst_n (net)
                      3.756140    0.000000    4.650405 ^ _18616_/RESET_B (sky130_fd_sc_hd__dfrtp_1)
                                              4.650405   data arrival time

                      0.150000    0.000000    0.000000   clock clk (rise edge)
                                  0.000000    0.000000   clock network delay (ideal)
                                  0.250000    0.250000   clock uncertainty
                                  0.000000    0.250000   clock reconvergence pessimism
                                              0.250000 ^ _18616_/CLK (sky130_fd_sc_hd__dfrtp_1)
                                  1.727255    1.977254   library removal time
                                              1.977254   data required time
---------------------------------------------------------------------------------------------
                                              1.977254   data required time
                                             -4.650405   data arrival time
---------------------------------------------------------------------------------------------
                                              2.673151   slack (MET)


Startpoint: rst_n (input port clocked by clk)
Endpoint: _18617_ (removal check against rising-edge clock clk)
Path Group: asynchronous
Path Type: min

Fanout         Cap        Slew       Delay        Time   Description
---------------------------------------------------------------------------------------------
                      0.150000    0.000000    0.000000   clock clk (rise edge)
                                  0.000000    0.000000   clock network delay (ideal)
                                  2.000000    2.000000 ^ input external delay
   163    0.532195    3.756140    2.650405    4.650405 ^ rst_n (in)
                                                         rst_n (net)
                      3.756140    0.000000    4.650405 ^ _18617_/RESET_B (sky130_fd_sc_hd__dfrtp_1)
                                              4.650405   data arrival time

                      0.150000    0.000000    0.000000   clock clk (rise edge)
                                  0.000000    0.000000   clock network delay (ideal)
                                  0.250000    0.250000   clock uncertainty
                                  0.000000    0.250000   clock reconvergence pessimism
                                              0.250000 ^ _18617_/CLK (sky130_fd_sc_hd__dfrtp_1)
                                  1.727255    1.977254   library removal time
                                              1.977254   data required time
---------------------------------------------------------------------------------------------
                                              1.977254   data required time
                                             -4.650405   data arrival time
---------------------------------------------------------------------------------------------
                                              2.673151   slack (MET)


Startpoint: rst_n (input port clocked by clk)
Endpoint: _18618_ (removal check against rising-edge clock clk)
Path Group: asynchronous
Path Type: min

Fanout         Cap        Slew       Delay        Time   Description
---------------------------------------------------------------------------------------------
                      0.150000    0.000000    0.000000   clock clk (rise edge)
                                  0.000000    0.000000   clock network delay (ideal)
                                  2.000000    2.000000 ^ input external delay
   163    0.532195    3.756140    2.650405    4.650405 ^ rst_n (in)
                                                         rst_n (net)
                      3.756140    0.000000    4.650405 ^ _18618_/RESET_B (sky130_fd_sc_hd__dfrtp_1)
                                              4.650405   data arrival time

                      0.150000    0.000000    0.000000   clock clk (rise edge)
                                  0.000000    0.000000   clock network delay (ideal)
                                  0.250000    0.250000   clock uncertainty
                                  0.000000    0.250000   clock reconvergence pessimism
                                              0.250000 ^ _18618_/CLK (sky130_fd_sc_hd__dfrtp_1)
                                  1.727255    1.977254   library removal time
                                              1.977254   data required time
---------------------------------------------------------------------------------------------
                                              1.977254   data required time
                                             -4.650405   data arrival time
---------------------------------------------------------------------------------------------
                                              2.673151   slack (MET)


Startpoint: rst_n (input port clocked by clk)
Endpoint: _18619_ (removal check against rising-edge clock clk)
Path Group: asynchronous
Path Type: min

Fanout         Cap        Slew       Delay        Time   Description
---------------------------------------------------------------------------------------------
                      0.150000    0.000000    0.000000   clock clk (rise edge)
                                  0.000000    0.000000   clock network delay (ideal)
                                  2.000000    2.000000 ^ input external delay
   163    0.532195    3.756140    2.650405    4.650405 ^ rst_n (in)
                                                         rst_n (net)
                      3.756140    0.000000    4.650405 ^ _18619_/RESET_B (sky130_fd_sc_hd__dfrtp_1)
                                              4.650405   data arrival time

                      0.150000    0.000000    0.000000   clock clk (rise edge)
                                  0.000000    0.000000   clock network delay (ideal)
                                  0.250000    0.250000   clock uncertainty
                                  0.000000    0.250000   clock reconvergence pessimism
                                              0.250000 ^ _18619_/CLK (sky130_fd_sc_hd__dfrtp_1)
                                  1.727255    1.977254   library removal time
                                              1.977254   data required time
---------------------------------------------------------------------------------------------
                                              1.977254   data required time
                                             -4.650405   data arrival time
---------------------------------------------------------------------------------------------
                                              2.673151   slack (MET)


Startpoint: rst_n (input port clocked by clk)
Endpoint: _18620_ (removal check against rising-edge clock clk)
Path Group: asynchronous
Path Type: min

Fanout         Cap        Slew       Delay        Time   Description
---------------------------------------------------------------------------------------------
                      0.150000    0.000000    0.000000   clock clk (rise edge)
                                  0.000000    0.000000   clock network delay (ideal)
                                  2.000000    2.000000 ^ input external delay
   163    0.532195    3.756140    2.650405    4.650405 ^ rst_n (in)
                                                         rst_n (net)
                      3.756140    0.000000    4.650405 ^ _18620_/RESET_B (sky130_fd_sc_hd__dfrtp_1)
                                              4.650405   data arrival time

                      0.150000    0.000000    0.000000   clock clk (rise edge)
                                  0.000000    0.000000   clock network delay (ideal)
                                  0.250000    0.250000   clock uncertainty
                                  0.000000    0.250000   clock reconvergence pessimism
                                              0.250000 ^ _18620_/CLK (sky130_fd_sc_hd__dfrtp_1)
                                  1.727255    1.977254   library removal time
                                              1.977254   data required time
---------------------------------------------------------------------------------------------
                                              1.977254   data required time
                                             -4.650405   data arrival time
---------------------------------------------------------------------------------------------
                                              2.673151   slack (MET)


Startpoint: rst_n (input port clocked by clk)
Endpoint: _18621_ (removal check against rising-edge clock clk)
Path Group: asynchronous
Path Type: min

Fanout         Cap        Slew       Delay        Time   Description
---------------------------------------------------------------------------------------------
                      0.150000    0.000000    0.000000   clock clk (rise edge)
                                  0.000000    0.000000   clock network delay (ideal)
                                  2.000000    2.000000 ^ input external delay
   163    0.532195    3.756140    2.650405    4.650405 ^ rst_n (in)
                                                         rst_n (net)
                      3.756140    0.000000    4.650405 ^ _18621_/RESET_B (sky130_fd_sc_hd__dfrtp_1)
                                              4.650405   data arrival time

                      0.150000    0.000000    0.000000   clock clk (rise edge)
                                  0.000000    0.000000   clock network delay (ideal)
                                  0.250000    0.250000   clock uncertainty
                                  0.000000    0.250000   clock reconvergence pessimism
                                              0.250000 ^ _18621_/CLK (sky130_fd_sc_hd__dfrtp_1)
                                  1.727255    1.977254   library removal time
                                              1.977254   data required time
---------------------------------------------------------------------------------------------
                                              1.977254   data required time
                                             -4.650405   data arrival time
---------------------------------------------------------------------------------------------
                                              2.673151   slack (MET)


Startpoint: rst_n (input port clocked by clk)
Endpoint: _18622_ (removal check against rising-edge clock clk)
Path Group: asynchronous
Path Type: min

Fanout         Cap        Slew       Delay        Time   Description
---------------------------------------------------------------------------------------------
                      0.150000    0.000000    0.000000   clock clk (rise edge)
                                  0.000000    0.000000   clock network delay (ideal)
                                  2.000000    2.000000 ^ input external delay
   163    0.532195    3.756140    2.650405    4.650405 ^ rst_n (in)
                                                         rst_n (net)
                      3.756140    0.000000    4.650405 ^ _18622_/RESET_B (sky130_fd_sc_hd__dfrtp_1)
                                              4.650405   data arrival time

                      0.150000    0.000000    0.000000   clock clk (rise edge)
                                  0.000000    0.000000   clock network delay (ideal)
                                  0.250000    0.250000   clock uncertainty
                                  0.000000    0.250000   clock reconvergence pessimism
                                              0.250000 ^ _18622_/CLK (sky130_fd_sc_hd__dfrtp_1)
                                  1.727255    1.977254   library removal time
                                              1.977254   data required time
---------------------------------------------------------------------------------------------
                                              1.977254   data required time
                                             -4.650405   data arrival time
---------------------------------------------------------------------------------------------
                                              2.673151   slack (MET)


Startpoint: rst_n (input port clocked by clk)
Endpoint: _18623_ (removal check against rising-edge clock clk)
Path Group: asynchronous
Path Type: min

Fanout         Cap        Slew       Delay        Time   Description
---------------------------------------------------------------------------------------------
                      0.150000    0.000000    0.000000   clock clk (rise edge)
                                  0.000000    0.000000   clock network delay (ideal)
                                  2.000000    2.000000 ^ input external delay
   163    0.532195    3.756140    2.650405    4.650405 ^ rst_n (in)
                                                         rst_n (net)
                      3.756140    0.000000    4.650405 ^ _18623_/RESET_B (sky130_fd_sc_hd__dfrtp_1)
                                              4.650405   data arrival time

                      0.150000    0.000000    0.000000   clock clk (rise edge)
                                  0.000000    0.000000   clock network delay (ideal)
                                  0.250000    0.250000   clock uncertainty
                                  0.000000    0.250000   clock reconvergence pessimism
                                              0.250000 ^ _18623_/CLK (sky130_fd_sc_hd__dfrtp_1)
                                  1.727255    1.977254   library removal time
                                              1.977254   data required time
---------------------------------------------------------------------------------------------
                                              1.977254   data required time
                                             -4.650405   data arrival time
---------------------------------------------------------------------------------------------
                                              2.673151   slack (MET)


Startpoint: rst_n (input port clocked by clk)
Endpoint: _18624_ (removal check against rising-edge clock clk)
Path Group: asynchronous
Path Type: min

Fanout         Cap        Slew       Delay        Time   Description
---------------------------------------------------------------------------------------------
                      0.150000    0.000000    0.000000   clock clk (rise edge)
                                  0.000000    0.000000   clock network delay (ideal)
                                  2.000000    2.000000 ^ input external delay
   163    0.532195    3.756140    2.650405    4.650405 ^ rst_n (in)
                                                         rst_n (net)
                      3.756140    0.000000    4.650405 ^ _18624_/RESET_B (sky130_fd_sc_hd__dfrtp_1)
                                              4.650405   data arrival time

                      0.150000    0.000000    0.000000   clock clk (rise edge)
                                  0.000000    0.000000   clock network delay (ideal)
                                  0.250000    0.250000   clock uncertainty
                                  0.000000    0.250000   clock reconvergence pessimism
                                              0.250000 ^ _18624_/CLK (sky130_fd_sc_hd__dfrtp_1)
                                  1.727255    1.977254   library removal time
                                              1.977254   data required time
---------------------------------------------------------------------------------------------
                                              1.977254   data required time
                                             -4.650405   data arrival time
---------------------------------------------------------------------------------------------
                                              2.673151   slack (MET)


Startpoint: rst_n (input port clocked by clk)
Endpoint: _18625_ (removal check against rising-edge clock clk)
Path Group: asynchronous
Path Type: min

Fanout         Cap        Slew       Delay        Time   Description
---------------------------------------------------------------------------------------------
                      0.150000    0.000000    0.000000   clock clk (rise edge)
                                  0.000000    0.000000   clock network delay (ideal)
                                  2.000000    2.000000 ^ input external delay
   163    0.532195    3.756140    2.650405    4.650405 ^ rst_n (in)
                                                         rst_n (net)
                      3.756140    0.000000    4.650405 ^ _18625_/RESET_B (sky130_fd_sc_hd__dfrtp_1)
                                              4.650405   data arrival time

                      0.150000    0.000000    0.000000   clock clk (rise edge)
                                  0.000000    0.000000   clock network delay (ideal)
                                  0.250000    0.250000   clock uncertainty
                                  0.000000    0.250000   clock reconvergence pessimism
                                              0.250000 ^ _18625_/CLK (sky130_fd_sc_hd__dfrtp_1)
                                  1.727255    1.977254   library removal time
                                              1.977254   data required time
---------------------------------------------------------------------------------------------
                                              1.977254   data required time
                                             -4.650405   data arrival time
---------------------------------------------------------------------------------------------
                                              2.673151   slack (MET)


Startpoint: rst_n (input port clocked by clk)
Endpoint: _18626_ (removal check against rising-edge clock clk)
Path Group: asynchronous
Path Type: min

Fanout         Cap        Slew       Delay        Time   Description
---------------------------------------------------------------------------------------------
                      0.150000    0.000000    0.000000   clock clk (rise edge)
                                  0.000000    0.000000   clock network delay (ideal)
                                  2.000000    2.000000 ^ input external delay
   163    0.532195    3.756140    2.650405    4.650405 ^ rst_n (in)
                                                         rst_n (net)
                      3.756140    0.000000    4.650405 ^ _18626_/RESET_B (sky130_fd_sc_hd__dfrtp_1)
                                              4.650405   data arrival time

                      0.150000    0.000000    0.000000   clock clk (rise edge)
                                  0.000000    0.000000   clock network delay (ideal)
                                  0.250000    0.250000   clock uncertainty
                                  0.000000    0.250000   clock reconvergence pessimism
                                              0.250000 ^ _18626_/CLK (sky130_fd_sc_hd__dfrtp_1)
                                  1.727255    1.977254   library removal time
                                              1.977254   data required time
---------------------------------------------------------------------------------------------
                                              1.977254   data required time
                                             -4.650405   data arrival time
---------------------------------------------------------------------------------------------
                                              2.673151   slack (MET)


Startpoint: rst_n (input port clocked by clk)
Endpoint: _18627_ (removal check against rising-edge clock clk)
Path Group: asynchronous
Path Type: min

Fanout         Cap        Slew       Delay        Time   Description
---------------------------------------------------------------------------------------------
                      0.150000    0.000000    0.000000   clock clk (rise edge)
                                  0.000000    0.000000   clock network delay (ideal)
                                  2.000000    2.000000 ^ input external delay
   163    0.532195    3.756140    2.650405    4.650405 ^ rst_n (in)
                                                         rst_n (net)
                      3.756140    0.000000    4.650405 ^ _18627_/RESET_B (sky130_fd_sc_hd__dfrtp_1)
                                              4.650405   data arrival time

                      0.150000    0.000000    0.000000   clock clk (rise edge)
                                  0.000000    0.000000   clock network delay (ideal)
                                  0.250000    0.250000   clock uncertainty
                                  0.000000    0.250000   clock reconvergence pessimism
                                              0.250000 ^ _18627_/CLK (sky130_fd_sc_hd__dfrtp_1)
                                  1.727255    1.977254   library removal time
                                              1.977254   data required time
---------------------------------------------------------------------------------------------
                                              1.977254   data required time
                                             -4.650405   data arrival time
---------------------------------------------------------------------------------------------
                                              2.673151   slack (MET)


Startpoint: rst_n (input port clocked by clk)
Endpoint: _18628_ (removal check against rising-edge clock clk)
Path Group: asynchronous
Path Type: min

Fanout         Cap        Slew       Delay        Time   Description
---------------------------------------------------------------------------------------------
                      0.150000    0.000000    0.000000   clock clk (rise edge)
                                  0.000000    0.000000   clock network delay (ideal)
                                  2.000000    2.000000 ^ input external delay
   163    0.532195    3.756140    2.650405    4.650405 ^ rst_n (in)
                                                         rst_n (net)
                      3.756140    0.000000    4.650405 ^ _18628_/RESET_B (sky130_fd_sc_hd__dfrtp_1)
                                              4.650405   data arrival time

                      0.150000    0.000000    0.000000   clock clk (rise edge)
                                  0.000000    0.000000   clock network delay (ideal)
                                  0.250000    0.250000   clock uncertainty
                                  0.000000    0.250000   clock reconvergence pessimism
                                              0.250000 ^ _18628_/CLK (sky130_fd_sc_hd__dfrtp_1)
                                  1.727255    1.977254   library removal time
                                              1.977254   data required time
---------------------------------------------------------------------------------------------
                                              1.977254   data required time
                                             -4.650405   data arrival time
---------------------------------------------------------------------------------------------
                                              2.673151   slack (MET)


Startpoint: rst_n (input port clocked by clk)
Endpoint: _18629_ (removal check against rising-edge clock clk)
Path Group: asynchronous
Path Type: min

Fanout         Cap        Slew       Delay        Time   Description
---------------------------------------------------------------------------------------------
                      0.150000    0.000000    0.000000   clock clk (rise edge)
                                  0.000000    0.000000   clock network delay (ideal)
                                  2.000000    2.000000 ^ input external delay
   163    0.532195    3.756140    2.650405    4.650405 ^ rst_n (in)
                                                         rst_n (net)
                      3.756140    0.000000    4.650405 ^ _18629_/RESET_B (sky130_fd_sc_hd__dfrtp_1)
                                              4.650405   data arrival time

                      0.150000    0.000000    0.000000   clock clk (rise edge)
                                  0.000000    0.000000   clock network delay (ideal)
                                  0.250000    0.250000   clock uncertainty
                                  0.000000    0.250000   clock reconvergence pessimism
                                              0.250000 ^ _18629_/CLK (sky130_fd_sc_hd__dfrtp_1)
                                  1.727255    1.977254   library removal time
                                              1.977254   data required time
---------------------------------------------------------------------------------------------
                                              1.977254   data required time
                                             -4.650405   data arrival time
---------------------------------------------------------------------------------------------
                                              2.673151   slack (MET)


Startpoint: rst_n (input port clocked by clk)
Endpoint: _18630_ (removal check against rising-edge clock clk)
Path Group: asynchronous
Path Type: min

Fanout         Cap        Slew       Delay        Time   Description
---------------------------------------------------------------------------------------------
                      0.150000    0.000000    0.000000   clock clk (rise edge)
                                  0.000000    0.000000   clock network delay (ideal)
                                  2.000000    2.000000 ^ input external delay
   163    0.532195    3.756140    2.650405    4.650405 ^ rst_n (in)
                                                         rst_n (net)
                      3.756140    0.000000    4.650405 ^ _18630_/RESET_B (sky130_fd_sc_hd__dfrtp_1)
                                              4.650405   data arrival time

                      0.150000    0.000000    0.000000   clock clk (rise edge)
                                  0.000000    0.000000   clock network delay (ideal)
                                  0.250000    0.250000   clock uncertainty
                                  0.000000    0.250000   clock reconvergence pessimism
                                              0.250000 ^ _18630_/CLK (sky130_fd_sc_hd__dfrtp_1)
                                  1.727255    1.977254   library removal time
                                              1.977254   data required time
---------------------------------------------------------------------------------------------
                                              1.977254   data required time
                                             -4.650405   data arrival time
---------------------------------------------------------------------------------------------
                                              2.673151   slack (MET)


Startpoint: rst_n (input port clocked by clk)
Endpoint: _18631_ (removal check against rising-edge clock clk)
Path Group: asynchronous
Path Type: min

Fanout         Cap        Slew       Delay        Time   Description
---------------------------------------------------------------------------------------------
                      0.150000    0.000000    0.000000   clock clk (rise edge)
                                  0.000000    0.000000   clock network delay (ideal)
                                  2.000000    2.000000 ^ input external delay
   163    0.532195    3.756140    2.650405    4.650405 ^ rst_n (in)
                                                         rst_n (net)
                      3.756140    0.000000    4.650405 ^ _18631_/RESET_B (sky130_fd_sc_hd__dfrtp_1)
                                              4.650405   data arrival time

                      0.150000    0.000000    0.000000   clock clk (rise edge)
                                  0.000000    0.000000   clock network delay (ideal)
                                  0.250000    0.250000   clock uncertainty
                                  0.000000    0.250000   clock reconvergence pessimism
                                              0.250000 ^ _18631_/CLK (sky130_fd_sc_hd__dfrtp_1)
                                  1.727255    1.977254   library removal time
                                              1.977254   data required time
---------------------------------------------------------------------------------------------
                                              1.977254   data required time
                                             -4.650405   data arrival time
---------------------------------------------------------------------------------------------
                                              2.673151   slack (MET)


Startpoint: rst_n (input port clocked by clk)
Endpoint: _18632_ (removal check against rising-edge clock clk)
Path Group: asynchronous
Path Type: min

Fanout         Cap        Slew       Delay        Time   Description
---------------------------------------------------------------------------------------------
                      0.150000    0.000000    0.000000   clock clk (rise edge)
                                  0.000000    0.000000   clock network delay (ideal)
                                  2.000000    2.000000 ^ input external delay
   163    0.532195    3.756140    2.650405    4.650405 ^ rst_n (in)
                                                         rst_n (net)
                      3.756140    0.000000    4.650405 ^ _18632_/RESET_B (sky130_fd_sc_hd__dfrtp_1)
                                              4.650405   data arrival time

                      0.150000    0.000000    0.000000   clock clk (rise edge)
                                  0.000000    0.000000   clock network delay (ideal)
                                  0.250000    0.250000   clock uncertainty
                                  0.000000    0.250000   clock reconvergence pessimism
                                              0.250000 ^ _18632_/CLK (sky130_fd_sc_hd__dfrtp_1)
                                  1.727255    1.977254   library removal time
                                              1.977254   data required time
---------------------------------------------------------------------------------------------
                                              1.977254   data required time
                                             -4.650405   data arrival time
---------------------------------------------------------------------------------------------
                                              2.673151   slack (MET)


Startpoint: rst_n (input port clocked by clk)
Endpoint: _18633_ (removal check against rising-edge clock clk)
Path Group: asynchronous
Path Type: min

Fanout         Cap        Slew       Delay        Time   Description
---------------------------------------------------------------------------------------------
                      0.150000    0.000000    0.000000   clock clk (rise edge)
                                  0.000000    0.000000   clock network delay (ideal)
                                  2.000000    2.000000 ^ input external delay
   163    0.532195    3.756140    2.650405    4.650405 ^ rst_n (in)
                                                         rst_n (net)
                      3.756140    0.000000    4.650405 ^ _18633_/RESET_B (sky130_fd_sc_hd__dfrtp_1)
                                              4.650405   data arrival time

                      0.150000    0.000000    0.000000   clock clk (rise edge)
                                  0.000000    0.000000   clock network delay (ideal)
                                  0.250000    0.250000   clock uncertainty
                                  0.000000    0.250000   clock reconvergence pessimism
                                              0.250000 ^ _18633_/CLK (sky130_fd_sc_hd__dfrtp_1)
                                  1.727255    1.977254   library removal time
                                              1.977254   data required time
---------------------------------------------------------------------------------------------
                                              1.977254   data required time
                                             -4.650405   data arrival time
---------------------------------------------------------------------------------------------
                                              2.673151   slack (MET)


Startpoint: rst_n (input port clocked by clk)
Endpoint: _18634_ (removal check against rising-edge clock clk)
Path Group: asynchronous
Path Type: min

Fanout         Cap        Slew       Delay        Time   Description
---------------------------------------------------------------------------------------------
                      0.150000    0.000000    0.000000   clock clk (rise edge)
                                  0.000000    0.000000   clock network delay (ideal)
                                  2.000000    2.000000 ^ input external delay
   163    0.532195    3.756140    2.650405    4.650405 ^ rst_n (in)
                                                         rst_n (net)
                      3.756140    0.000000    4.650405 ^ _18634_/RESET_B (sky130_fd_sc_hd__dfrtp_1)
                                              4.650405   data arrival time

                      0.150000    0.000000    0.000000   clock clk (rise edge)
                                  0.000000    0.000000   clock network delay (ideal)
                                  0.250000    0.250000   clock uncertainty
                                  0.000000    0.250000   clock reconvergence pessimism
                                              0.250000 ^ _18634_/CLK (sky130_fd_sc_hd__dfrtp_1)
                                  1.727255    1.977254   library removal time
                                              1.977254   data required time
---------------------------------------------------------------------------------------------
                                              1.977254   data required time
                                             -4.650405   data arrival time
---------------------------------------------------------------------------------------------
                                              2.673151   slack (MET)


Startpoint: rst_n (input port clocked by clk)
Endpoint: _18635_ (removal check against rising-edge clock clk)
Path Group: asynchronous
Path Type: min

Fanout         Cap        Slew       Delay        Time   Description
---------------------------------------------------------------------------------------------
                      0.150000    0.000000    0.000000   clock clk (rise edge)
                                  0.000000    0.000000   clock network delay (ideal)
                                  2.000000    2.000000 ^ input external delay
   163    0.532195    3.756140    2.650405    4.650405 ^ rst_n (in)
                                                         rst_n (net)
                      3.756140    0.000000    4.650405 ^ _18635_/RESET_B (sky130_fd_sc_hd__dfrtp_1)
                                              4.650405   data arrival time

                      0.150000    0.000000    0.000000   clock clk (rise edge)
                                  0.000000    0.000000   clock network delay (ideal)
                                  0.250000    0.250000   clock uncertainty
                                  0.000000    0.250000   clock reconvergence pessimism
                                              0.250000 ^ _18635_/CLK (sky130_fd_sc_hd__dfrtp_1)
                                  1.727255    1.977254   library removal time
                                              1.977254   data required time
---------------------------------------------------------------------------------------------
                                              1.977254   data required time
                                             -4.650405   data arrival time
---------------------------------------------------------------------------------------------
                                              2.673151   slack (MET)


Startpoint: _18572_ (rising edge-triggered flip-flop clocked by clk)
Endpoint: p[0] (output port clocked by clk)
Path Group: clk
Path Type: min

Fanout         Cap        Slew       Delay        Time   Description
---------------------------------------------------------------------------------------------
                      0.150000    0.000000    0.000000   clock clk (rise edge)
                                  0.000000    0.000000   clock network delay (ideal)
                      0.150000    0.000000    0.000000 ^ _18572_/CLK (sky130_fd_sc_hd__dfrtp_1)
     1    0.033442    0.469389    0.979663    0.979663 ^ _18572_/Q (sky130_fd_sc_hd__dfrtp_1)
                                                         p[0] (net)
                      0.469389    0.000000    0.979663 ^ p[0] (out)
                                              0.979663   data arrival time

                      0.150000    0.000000    0.000000   clock clk (rise edge)
                                  0.000000    0.000000   clock network delay (ideal)
                                  0.250000    0.250000   clock uncertainty
                                  0.000000    0.250000   clock reconvergence pessimism
                                 -2.000000   -1.750000   output external delay
                                             -1.750000   data required time
---------------------------------------------------------------------------------------------
                                             -1.750000   data required time
                                             -0.979663   data arrival time
---------------------------------------------------------------------------------------------
                                              2.729663   slack (MET)


Startpoint: _18582_ (rising edge-triggered flip-flop clocked by clk)
Endpoint: p[10] (output port clocked by clk)
Path Group: clk
Path Type: min

Fanout         Cap        Slew       Delay        Time   Description
---------------------------------------------------------------------------------------------
                      0.150000    0.000000    0.000000   clock clk (rise edge)
                                  0.000000    0.000000   clock network delay (ideal)
                      0.150000    0.000000    0.000000 ^ _18582_/CLK (sky130_fd_sc_hd__dfrtp_1)
     1    0.033442    0.469389    0.979663    0.979663 ^ _18582_/Q (sky130_fd_sc_hd__dfrtp_1)
                                                         p[10] (net)
                      0.469389    0.000000    0.979663 ^ p[10] (out)
                                              0.979663   data arrival time

                      0.150000    0.000000    0.000000   clock clk (rise edge)
                                  0.000000    0.000000   clock network delay (ideal)
                                  0.250000    0.250000   clock uncertainty
                                  0.000000    0.250000   clock reconvergence pessimism
                                 -2.000000   -1.750000   output external delay
                                             -1.750000   data required time
---------------------------------------------------------------------------------------------
                                             -1.750000   data required time
                                             -0.979663   data arrival time
---------------------------------------------------------------------------------------------
                                              2.729663   slack (MET)


Startpoint: _18583_ (rising edge-triggered flip-flop clocked by clk)
Endpoint: p[11] (output port clocked by clk)
Path Group: clk
Path Type: min

Fanout         Cap        Slew       Delay        Time   Description
---------------------------------------------------------------------------------------------
                      0.150000    0.000000    0.000000   clock clk (rise edge)
                                  0.000000    0.000000   clock network delay (ideal)
                      0.150000    0.000000    0.000000 ^ _18583_/CLK (sky130_fd_sc_hd__dfrtp_1)
     1    0.033442    0.469389    0.979663    0.979663 ^ _18583_/Q (sky130_fd_sc_hd__dfrtp_1)
                                                         p[11] (net)
                      0.469389    0.000000    0.979663 ^ p[11] (out)
                                              0.979663   data arrival time

                      0.150000    0.000000    0.000000   clock clk (rise edge)
                                  0.000000    0.000000   clock network delay (ideal)
                                  0.250000    0.250000   clock uncertainty
                                  0.000000    0.250000   clock reconvergence pessimism
                                 -2.000000   -1.750000   output external delay
                                             -1.750000   data required time
---------------------------------------------------------------------------------------------
                                             -1.750000   data required time
                                             -0.979663   data arrival time
---------------------------------------------------------------------------------------------
                                              2.729663   slack (MET)


Startpoint: _18584_ (rising edge-triggered flip-flop clocked by clk)
Endpoint: p[12] (output port clocked by clk)
Path Group: clk
Path Type: min

Fanout         Cap        Slew       Delay        Time   Description
---------------------------------------------------------------------------------------------
                      0.150000    0.000000    0.000000   clock clk (rise edge)
                                  0.000000    0.000000   clock network delay (ideal)
                      0.150000    0.000000    0.000000 ^ _18584_/CLK (sky130_fd_sc_hd__dfrtp_1)
     1    0.033442    0.469389    0.979663    0.979663 ^ _18584_/Q (sky130_fd_sc_hd__dfrtp_1)
                                                         p[12] (net)
                      0.469389    0.000000    0.979663 ^ p[12] (out)
                                              0.979663   data arrival time

                      0.150000    0.000000    0.000000   clock clk (rise edge)
                                  0.000000    0.000000   clock network delay (ideal)
                                  0.250000    0.250000   clock uncertainty
                                  0.000000    0.250000   clock reconvergence pessimism
                                 -2.000000   -1.750000   output external delay
                                             -1.750000   data required time
---------------------------------------------------------------------------------------------
                                             -1.750000   data required time
                                             -0.979663   data arrival time
---------------------------------------------------------------------------------------------
                                              2.729663   slack (MET)


Startpoint: _18585_ (rising edge-triggered flip-flop clocked by clk)
Endpoint: p[13] (output port clocked by clk)
Path Group: clk
Path Type: min

Fanout         Cap        Slew       Delay        Time   Description
---------------------------------------------------------------------------------------------
                      0.150000    0.000000    0.000000   clock clk (rise edge)
                                  0.000000    0.000000   clock network delay (ideal)
                      0.150000    0.000000    0.000000 ^ _18585_/CLK (sky130_fd_sc_hd__dfrtp_1)
     1    0.033442    0.469389    0.979663    0.979663 ^ _18585_/Q (sky130_fd_sc_hd__dfrtp_1)
                                                         p[13] (net)
                      0.469389    0.000000    0.979663 ^ p[13] (out)
                                              0.979663   data arrival time

                      0.150000    0.000000    0.000000   clock clk (rise edge)
                                  0.000000    0.000000   clock network delay (ideal)
                                  0.250000    0.250000   clock uncertainty
                                  0.000000    0.250000   clock reconvergence pessimism
                                 -2.000000   -1.750000   output external delay
                                             -1.750000   data required time
---------------------------------------------------------------------------------------------
                                             -1.750000   data required time
                                             -0.979663   data arrival time
---------------------------------------------------------------------------------------------
                                              2.729663   slack (MET)


Startpoint: _18586_ (rising edge-triggered flip-flop clocked by clk)
Endpoint: p[14] (output port clocked by clk)
Path Group: clk
Path Type: min

Fanout         Cap        Slew       Delay        Time   Description
---------------------------------------------------------------------------------------------
                      0.150000    0.000000    0.000000   clock clk (rise edge)
                                  0.000000    0.000000   clock network delay (ideal)
                      0.150000    0.000000    0.000000 ^ _18586_/CLK (sky130_fd_sc_hd__dfrtp_1)
     1    0.033442    0.469389    0.979663    0.979663 ^ _18586_/Q (sky130_fd_sc_hd__dfrtp_1)
                                                         p[14] (net)
                      0.469389    0.000000    0.979663 ^ p[14] (out)
                                              0.979663   data arrival time

                      0.150000    0.000000    0.000000   clock clk (rise edge)
                                  0.000000    0.000000   clock network delay (ideal)
                                  0.250000    0.250000   clock uncertainty
                                  0.000000    0.250000   clock reconvergence pessimism
                                 -2.000000   -1.750000   output external delay
                                             -1.750000   data required time
---------------------------------------------------------------------------------------------
                                             -1.750000   data required time
                                             -0.979663   data arrival time
---------------------------------------------------------------------------------------------
                                              2.729663   slack (MET)


Startpoint: _18587_ (rising edge-triggered flip-flop clocked by clk)
Endpoint: p[15] (output port clocked by clk)
Path Group: clk
Path Type: min

Fanout         Cap        Slew       Delay        Time   Description
---------------------------------------------------------------------------------------------
                      0.150000    0.000000    0.000000   clock clk (rise edge)
                                  0.000000    0.000000   clock network delay (ideal)
                      0.150000    0.000000    0.000000 ^ _18587_/CLK (sky130_fd_sc_hd__dfrtp_1)
     1    0.033442    0.469389    0.979663    0.979663 ^ _18587_/Q (sky130_fd_sc_hd__dfrtp_1)
                                                         p[15] (net)
                      0.469389    0.000000    0.979663 ^ p[15] (out)
                                              0.979663   data arrival time

                      0.150000    0.000000    0.000000   clock clk (rise edge)
                                  0.000000    0.000000   clock network delay (ideal)
                                  0.250000    0.250000   clock uncertainty
                                  0.000000    0.250000   clock reconvergence pessimism
                                 -2.000000   -1.750000   output external delay
                                             -1.750000   data required time
---------------------------------------------------------------------------------------------
                                             -1.750000   data required time
                                             -0.979663   data arrival time
---------------------------------------------------------------------------------------------
                                              2.729663   slack (MET)


Startpoint: _18588_ (rising edge-triggered flip-flop clocked by clk)
Endpoint: p[16] (output port clocked by clk)
Path Group: clk
Path Type: min

Fanout         Cap        Slew       Delay        Time   Description
---------------------------------------------------------------------------------------------
                      0.150000    0.000000    0.000000   clock clk (rise edge)
                                  0.000000    0.000000   clock network delay (ideal)
                      0.150000    0.000000    0.000000 ^ _18588_/CLK (sky130_fd_sc_hd__dfrtp_1)
     1    0.033442    0.469389    0.979663    0.979663 ^ _18588_/Q (sky130_fd_sc_hd__dfrtp_1)
                                                         p[16] (net)
                      0.469389    0.000000    0.979663 ^ p[16] (out)
                                              0.979663   data arrival time

                      0.150000    0.000000    0.000000   clock clk (rise edge)
                                  0.000000    0.000000   clock network delay (ideal)
                                  0.250000    0.250000   clock uncertainty
                                  0.000000    0.250000   clock reconvergence pessimism
                                 -2.000000   -1.750000   output external delay
                                             -1.750000   data required time
---------------------------------------------------------------------------------------------
                                             -1.750000   data required time
                                             -0.979663   data arrival time
---------------------------------------------------------------------------------------------
                                              2.729663   slack (MET)


Startpoint: _18589_ (rising edge-triggered flip-flop clocked by clk)
Endpoint: p[17] (output port clocked by clk)
Path Group: clk
Path Type: min

Fanout         Cap        Slew       Delay        Time   Description
---------------------------------------------------------------------------------------------
                      0.150000    0.000000    0.000000   clock clk (rise edge)
                                  0.000000    0.000000   clock network delay (ideal)
                      0.150000    0.000000    0.000000 ^ _18589_/CLK (sky130_fd_sc_hd__dfrtp_1)
     1    0.033442    0.469389    0.979663    0.979663 ^ _18589_/Q (sky130_fd_sc_hd__dfrtp_1)
                                                         p[17] (net)
                      0.469389    0.000000    0.979663 ^ p[17] (out)
                                              0.979663   data arrival time

                      0.150000    0.000000    0.000000   clock clk (rise edge)
                                  0.000000    0.000000   clock network delay (ideal)
                                  0.250000    0.250000   clock uncertainty
                                  0.000000    0.250000   clock reconvergence pessimism
                                 -2.000000   -1.750000   output external delay
                                             -1.750000   data required time
---------------------------------------------------------------------------------------------
                                             -1.750000   data required time
                                             -0.979663   data arrival time
---------------------------------------------------------------------------------------------
                                              2.729663   slack (MET)


Startpoint: _18590_ (rising edge-triggered flip-flop clocked by clk)
Endpoint: p[18] (output port clocked by clk)
Path Group: clk
Path Type: min

Fanout         Cap        Slew       Delay        Time   Description
---------------------------------------------------------------------------------------------
                      0.150000    0.000000    0.000000   clock clk (rise edge)
                                  0.000000    0.000000   clock network delay (ideal)
                      0.150000    0.000000    0.000000 ^ _18590_/CLK (sky130_fd_sc_hd__dfrtp_1)
     1    0.033442    0.469389    0.979663    0.979663 ^ _18590_/Q (sky130_fd_sc_hd__dfrtp_1)
                                                         p[18] (net)
                      0.469389    0.000000    0.979663 ^ p[18] (out)
                                              0.979663   data arrival time

                      0.150000    0.000000    0.000000   clock clk (rise edge)
                                  0.000000    0.000000   clock network delay (ideal)
                                  0.250000    0.250000   clock uncertainty
                                  0.000000    0.250000   clock reconvergence pessimism
                                 -2.000000   -1.750000   output external delay
                                             -1.750000   data required time
---------------------------------------------------------------------------------------------
                                             -1.750000   data required time
                                             -0.979663   data arrival time
---------------------------------------------------------------------------------------------
                                              2.729663   slack (MET)


Startpoint: _18591_ (rising edge-triggered flip-flop clocked by clk)
Endpoint: p[19] (output port clocked by clk)
Path Group: clk
Path Type: min

Fanout         Cap        Slew       Delay        Time   Description
---------------------------------------------------------------------------------------------
                      0.150000    0.000000    0.000000   clock clk (rise edge)
                                  0.000000    0.000000   clock network delay (ideal)
                      0.150000    0.000000    0.000000 ^ _18591_/CLK (sky130_fd_sc_hd__dfrtp_1)
     1    0.033442    0.469389    0.979663    0.979663 ^ _18591_/Q (sky130_fd_sc_hd__dfrtp_1)
                                                         p[19] (net)
                      0.469389    0.000000    0.979663 ^ p[19] (out)
                                              0.979663   data arrival time

                      0.150000    0.000000    0.000000   clock clk (rise edge)
                                  0.000000    0.000000   clock network delay (ideal)
                                  0.250000    0.250000   clock uncertainty
                                  0.000000    0.250000   clock reconvergence pessimism
                                 -2.000000   -1.750000   output external delay
                                             -1.750000   data required time
---------------------------------------------------------------------------------------------
                                             -1.750000   data required time
                                             -0.979663   data arrival time
---------------------------------------------------------------------------------------------
                                              2.729663   slack (MET)


Startpoint: _18573_ (rising edge-triggered flip-flop clocked by clk)
Endpoint: p[1] (output port clocked by clk)
Path Group: clk
Path Type: min

Fanout         Cap        Slew       Delay        Time   Description
---------------------------------------------------------------------------------------------
                      0.150000    0.000000    0.000000   clock clk (rise edge)
                                  0.000000    0.000000   clock network delay (ideal)
                      0.150000    0.000000    0.000000 ^ _18573_/CLK (sky130_fd_sc_hd__dfrtp_1)
     1    0.033442    0.469389    0.979663    0.979663 ^ _18573_/Q (sky130_fd_sc_hd__dfrtp_1)
                                                         p[1] (net)
                      0.469389    0.000000    0.979663 ^ p[1] (out)
                                              0.979663   data arrival time

                      0.150000    0.000000    0.000000   clock clk (rise edge)
                                  0.000000    0.000000   clock network delay (ideal)
                                  0.250000    0.250000   clock uncertainty
                                  0.000000    0.250000   clock reconvergence pessimism
                                 -2.000000   -1.750000   output external delay
                                             -1.750000   data required time
---------------------------------------------------------------------------------------------
                                             -1.750000   data required time
                                             -0.979663   data arrival time
---------------------------------------------------------------------------------------------
                                              2.729663   slack (MET)


Startpoint: _18592_ (rising edge-triggered flip-flop clocked by clk)
Endpoint: p[20] (output port clocked by clk)
Path Group: clk
Path Type: min

Fanout         Cap        Slew       Delay        Time   Description
---------------------------------------------------------------------------------------------
                      0.150000    0.000000    0.000000   clock clk (rise edge)
                                  0.000000    0.000000   clock network delay (ideal)
                      0.150000    0.000000    0.000000 ^ _18592_/CLK (sky130_fd_sc_hd__dfrtp_1)
     1    0.033442    0.469389    0.979663    0.979663 ^ _18592_/Q (sky130_fd_sc_hd__dfrtp_1)
                                                         p[20] (net)
                      0.469389    0.000000    0.979663 ^ p[20] (out)
                                              0.979663   data arrival time

                      0.150000    0.000000    0.000000   clock clk (rise edge)
                                  0.000000    0.000000   clock network delay (ideal)
                                  0.250000    0.250000   clock uncertainty
                                  0.000000    0.250000   clock reconvergence pessimism
                                 -2.000000   -1.750000   output external delay
                                             -1.750000   data required time
---------------------------------------------------------------------------------------------
                                             -1.750000   data required time
                                             -0.979663   data arrival time
---------------------------------------------------------------------------------------------
                                              2.729663   slack (MET)


Startpoint: _18593_ (rising edge-triggered flip-flop clocked by clk)
Endpoint: p[21] (output port clocked by clk)
Path Group: clk
Path Type: min

Fanout         Cap        Slew       Delay        Time   Description
---------------------------------------------------------------------------------------------
                      0.150000    0.000000    0.000000   clock clk (rise edge)
                                  0.000000    0.000000   clock network delay (ideal)
                      0.150000    0.000000    0.000000 ^ _18593_/CLK (sky130_fd_sc_hd__dfrtp_1)
     1    0.033442    0.469389    0.979663    0.979663 ^ _18593_/Q (sky130_fd_sc_hd__dfrtp_1)
                                                         p[21] (net)
                      0.469389    0.000000    0.979663 ^ p[21] (out)
                                              0.979663   data arrival time

                      0.150000    0.000000    0.000000   clock clk (rise edge)
                                  0.000000    0.000000   clock network delay (ideal)
                                  0.250000    0.250000   clock uncertainty
                                  0.000000    0.250000   clock reconvergence pessimism
                                 -2.000000   -1.750000   output external delay
                                             -1.750000   data required time
---------------------------------------------------------------------------------------------
                                             -1.750000   data required time
                                             -0.979663   data arrival time
---------------------------------------------------------------------------------------------
                                              2.729663   slack (MET)


Startpoint: _18594_ (rising edge-triggered flip-flop clocked by clk)
Endpoint: p[22] (output port clocked by clk)
Path Group: clk
Path Type: min

Fanout         Cap        Slew       Delay        Time   Description
---------------------------------------------------------------------------------------------
                      0.150000    0.000000    0.000000   clock clk (rise edge)
                                  0.000000    0.000000   clock network delay (ideal)
                      0.150000    0.000000    0.000000 ^ _18594_/CLK (sky130_fd_sc_hd__dfrtp_1)
     1    0.033442    0.469389    0.979663    0.979663 ^ _18594_/Q (sky130_fd_sc_hd__dfrtp_1)
                                                         p[22] (net)
                      0.469389    0.000000    0.979663 ^ p[22] (out)
                                              0.979663   data arrival time

                      0.150000    0.000000    0.000000   clock clk (rise edge)
                                  0.000000    0.000000   clock network delay (ideal)
                                  0.250000    0.250000   clock uncertainty
                                  0.000000    0.250000   clock reconvergence pessimism
                                 -2.000000   -1.750000   output external delay
                                             -1.750000   data required time
---------------------------------------------------------------------------------------------
                                             -1.750000   data required time
                                             -0.979663   data arrival time
---------------------------------------------------------------------------------------------
                                              2.729663   slack (MET)


Startpoint: _18595_ (rising edge-triggered flip-flop clocked by clk)
Endpoint: p[23] (output port clocked by clk)
Path Group: clk
Path Type: min

Fanout         Cap        Slew       Delay        Time   Description
---------------------------------------------------------------------------------------------
                      0.150000    0.000000    0.000000   clock clk (rise edge)
                                  0.000000    0.000000   clock network delay (ideal)
                      0.150000    0.000000    0.000000 ^ _18595_/CLK (sky130_fd_sc_hd__dfrtp_1)
     1    0.033442    0.469389    0.979663    0.979663 ^ _18595_/Q (sky130_fd_sc_hd__dfrtp_1)
                                                         p[23] (net)
                      0.469389    0.000000    0.979663 ^ p[23] (out)
                                              0.979663   data arrival time

                      0.150000    0.000000    0.000000   clock clk (rise edge)
                                  0.000000    0.000000   clock network delay (ideal)
                                  0.250000    0.250000   clock uncertainty
                                  0.000000    0.250000   clock reconvergence pessimism
                                 -2.000000   -1.750000   output external delay
                                             -1.750000   data required time
---------------------------------------------------------------------------------------------
                                             -1.750000   data required time
                                             -0.979663   data arrival time
---------------------------------------------------------------------------------------------
                                              2.729663   slack (MET)


Startpoint: _18596_ (rising edge-triggered flip-flop clocked by clk)
Endpoint: p[24] (output port clocked by clk)
Path Group: clk
Path Type: min

Fanout         Cap        Slew       Delay        Time   Description
---------------------------------------------------------------------------------------------
                      0.150000    0.000000    0.000000   clock clk (rise edge)
                                  0.000000    0.000000   clock network delay (ideal)
                      0.150000    0.000000    0.000000 ^ _18596_/CLK (sky130_fd_sc_hd__dfrtp_1)
     1    0.033442    0.469389    0.979663    0.979663 ^ _18596_/Q (sky130_fd_sc_hd__dfrtp_1)
                                                         p[24] (net)
                      0.469389    0.000000    0.979663 ^ p[24] (out)
                                              0.979663   data arrival time

                      0.150000    0.000000    0.000000   clock clk (rise edge)
                                  0.000000    0.000000   clock network delay (ideal)
                                  0.250000    0.250000   clock uncertainty
                                  0.000000    0.250000   clock reconvergence pessimism
                                 -2.000000   -1.750000   output external delay
                                             -1.750000   data required time
---------------------------------------------------------------------------------------------
                                             -1.750000   data required time
                                             -0.979663   data arrival time
---------------------------------------------------------------------------------------------
                                              2.729663   slack (MET)


Startpoint: _18597_ (rising edge-triggered flip-flop clocked by clk)
Endpoint: p[25] (output port clocked by clk)
Path Group: clk
Path Type: min

Fanout         Cap        Slew       Delay        Time   Description
---------------------------------------------------------------------------------------------
                      0.150000    0.000000    0.000000   clock clk (rise edge)
                                  0.000000    0.000000   clock network delay (ideal)
                      0.150000    0.000000    0.000000 ^ _18597_/CLK (sky130_fd_sc_hd__dfrtp_1)
     1    0.033442    0.469389    0.979663    0.979663 ^ _18597_/Q (sky130_fd_sc_hd__dfrtp_1)
                                                         p[25] (net)
                      0.469389    0.000000    0.979663 ^ p[25] (out)
                                              0.979663   data arrival time

                      0.150000    0.000000    0.000000   clock clk (rise edge)
                                  0.000000    0.000000   clock network delay (ideal)
                                  0.250000    0.250000   clock uncertainty
                                  0.000000    0.250000   clock reconvergence pessimism
                                 -2.000000   -1.750000   output external delay
                                             -1.750000   data required time
---------------------------------------------------------------------------------------------
                                             -1.750000   data required time
                                             -0.979663   data arrival time
---------------------------------------------------------------------------------------------
                                              2.729663   slack (MET)


Startpoint: _18598_ (rising edge-triggered flip-flop clocked by clk)
Endpoint: p[26] (output port clocked by clk)
Path Group: clk
Path Type: min

Fanout         Cap        Slew       Delay        Time   Description
---------------------------------------------------------------------------------------------
                      0.150000    0.000000    0.000000   clock clk (rise edge)
                                  0.000000    0.000000   clock network delay (ideal)
                      0.150000    0.000000    0.000000 ^ _18598_/CLK (sky130_fd_sc_hd__dfrtp_1)
     1    0.033442    0.469389    0.979663    0.979663 ^ _18598_/Q (sky130_fd_sc_hd__dfrtp_1)
                                                         p[26] (net)
                      0.469389    0.000000    0.979663 ^ p[26] (out)
                                              0.979663   data arrival time

                      0.150000    0.000000    0.000000   clock clk (rise edge)
                                  0.000000    0.000000   clock network delay (ideal)
                                  0.250000    0.250000   clock uncertainty
                                  0.000000    0.250000   clock reconvergence pessimism
                                 -2.000000   -1.750000   output external delay
                                             -1.750000   data required time
---------------------------------------------------------------------------------------------
                                             -1.750000   data required time
                                             -0.979663   data arrival time
---------------------------------------------------------------------------------------------
                                              2.729663   slack (MET)


Startpoint: _18599_ (rising edge-triggered flip-flop clocked by clk)
Endpoint: p[27] (output port clocked by clk)
Path Group: clk
Path Type: min

Fanout         Cap        Slew       Delay        Time   Description
---------------------------------------------------------------------------------------------
                      0.150000    0.000000    0.000000   clock clk (rise edge)
                                  0.000000    0.000000   clock network delay (ideal)
                      0.150000    0.000000    0.000000 ^ _18599_/CLK (sky130_fd_sc_hd__dfrtp_1)
     1    0.033442    0.469389    0.979663    0.979663 ^ _18599_/Q (sky130_fd_sc_hd__dfrtp_1)
                                                         p[27] (net)
                      0.469389    0.000000    0.979663 ^ p[27] (out)
                                              0.979663   data arrival time

                      0.150000    0.000000    0.000000   clock clk (rise edge)
                                  0.000000    0.000000   clock network delay (ideal)
                                  0.250000    0.250000   clock uncertainty
                                  0.000000    0.250000   clock reconvergence pessimism
                                 -2.000000   -1.750000   output external delay
                                             -1.750000   data required time
---------------------------------------------------------------------------------------------
                                             -1.750000   data required time
                                             -0.979663   data arrival time
---------------------------------------------------------------------------------------------
                                              2.729663   slack (MET)


Startpoint: _18600_ (rising edge-triggered flip-flop clocked by clk)
Endpoint: p[28] (output port clocked by clk)
Path Group: clk
Path Type: min

Fanout         Cap        Slew       Delay        Time   Description
---------------------------------------------------------------------------------------------
                      0.150000    0.000000    0.000000   clock clk (rise edge)
                                  0.000000    0.000000   clock network delay (ideal)
                      0.150000    0.000000    0.000000 ^ _18600_/CLK (sky130_fd_sc_hd__dfrtp_1)
     1    0.033442    0.469389    0.979663    0.979663 ^ _18600_/Q (sky130_fd_sc_hd__dfrtp_1)
                                                         p[28] (net)
                      0.469389    0.000000    0.979663 ^ p[28] (out)
                                              0.979663   data arrival time

                      0.150000    0.000000    0.000000   clock clk (rise edge)
                                  0.000000    0.000000   clock network delay (ideal)
                                  0.250000    0.250000   clock uncertainty
                                  0.000000    0.250000   clock reconvergence pessimism
                                 -2.000000   -1.750000   output external delay
                                             -1.750000   data required time
---------------------------------------------------------------------------------------------
                                             -1.750000   data required time
                                             -0.979663   data arrival time
---------------------------------------------------------------------------------------------
                                              2.729663   slack (MET)


Startpoint: _18601_ (rising edge-triggered flip-flop clocked by clk)
Endpoint: p[29] (output port clocked by clk)
Path Group: clk
Path Type: min

Fanout         Cap        Slew       Delay        Time   Description
---------------------------------------------------------------------------------------------
                      0.150000    0.000000    0.000000   clock clk (rise edge)
                                  0.000000    0.000000   clock network delay (ideal)
                      0.150000    0.000000    0.000000 ^ _18601_/CLK (sky130_fd_sc_hd__dfrtp_1)
     1    0.033442    0.469389    0.979663    0.979663 ^ _18601_/Q (sky130_fd_sc_hd__dfrtp_1)
                                                         p[29] (net)
                      0.469389    0.000000    0.979663 ^ p[29] (out)
                                              0.979663   data arrival time

                      0.150000    0.000000    0.000000   clock clk (rise edge)
                                  0.000000    0.000000   clock network delay (ideal)
                                  0.250000    0.250000   clock uncertainty
                                  0.000000    0.250000   clock reconvergence pessimism
                                 -2.000000   -1.750000   output external delay
                                             -1.750000   data required time
---------------------------------------------------------------------------------------------
                                             -1.750000   data required time
                                             -0.979663   data arrival time
---------------------------------------------------------------------------------------------
                                              2.729663   slack (MET)


Startpoint: _18574_ (rising edge-triggered flip-flop clocked by clk)
Endpoint: p[2] (output port clocked by clk)
Path Group: clk
Path Type: min

Fanout         Cap        Slew       Delay        Time   Description
---------------------------------------------------------------------------------------------
                      0.150000    0.000000    0.000000   clock clk (rise edge)
                                  0.000000    0.000000   clock network delay (ideal)
                      0.150000    0.000000    0.000000 ^ _18574_/CLK (sky130_fd_sc_hd__dfrtp_1)
     1    0.033442    0.469389    0.979663    0.979663 ^ _18574_/Q (sky130_fd_sc_hd__dfrtp_1)
                                                         p[2] (net)
                      0.469389    0.000000    0.979663 ^ p[2] (out)
                                              0.979663   data arrival time

                      0.150000    0.000000    0.000000   clock clk (rise edge)
                                  0.000000    0.000000   clock network delay (ideal)
                                  0.250000    0.250000   clock uncertainty
                                  0.000000    0.250000   clock reconvergence pessimism
                                 -2.000000   -1.750000   output external delay
                                             -1.750000   data required time
---------------------------------------------------------------------------------------------
                                             -1.750000   data required time
                                             -0.979663   data arrival time
---------------------------------------------------------------------------------------------
                                              2.729663   slack (MET)


Startpoint: _18602_ (rising edge-triggered flip-flop clocked by clk)
Endpoint: p[30] (output port clocked by clk)
Path Group: clk
Path Type: min

Fanout         Cap        Slew       Delay        Time   Description
---------------------------------------------------------------------------------------------
                      0.150000    0.000000    0.000000   clock clk (rise edge)
                                  0.000000    0.000000   clock network delay (ideal)
                      0.150000    0.000000    0.000000 ^ _18602_/CLK (sky130_fd_sc_hd__dfrtp_1)
     1    0.033442    0.469389    0.979663    0.979663 ^ _18602_/Q (sky130_fd_sc_hd__dfrtp_1)
                                                         p[30] (net)
                      0.469389    0.000000    0.979663 ^ p[30] (out)
                                              0.979663   data arrival time

                      0.150000    0.000000    0.000000   clock clk (rise edge)
                                  0.000000    0.000000   clock network delay (ideal)
                                  0.250000    0.250000   clock uncertainty
                                  0.000000    0.250000   clock reconvergence pessimism
                                 -2.000000   -1.750000   output external delay
                                             -1.750000   data required time
---------------------------------------------------------------------------------------------
                                             -1.750000   data required time
                                             -0.979663   data arrival time
---------------------------------------------------------------------------------------------
                                              2.729663   slack (MET)


Startpoint: _18603_ (rising edge-triggered flip-flop clocked by clk)
Endpoint: p[31] (output port clocked by clk)
Path Group: clk
Path Type: min

Fanout         Cap        Slew       Delay        Time   Description
---------------------------------------------------------------------------------------------
                      0.150000    0.000000    0.000000   clock clk (rise edge)
                                  0.000000    0.000000   clock network delay (ideal)
                      0.150000    0.000000    0.000000 ^ _18603_/CLK (sky130_fd_sc_hd__dfrtp_1)
     1    0.033442    0.469389    0.979663    0.979663 ^ _18603_/Q (sky130_fd_sc_hd__dfrtp_1)
                                                         p[31] (net)
                      0.469389    0.000000    0.979663 ^ p[31] (out)
                                              0.979663   data arrival time

                      0.150000    0.000000    0.000000   clock clk (rise edge)
                                  0.000000    0.000000   clock network delay (ideal)
                                  0.250000    0.250000   clock uncertainty
                                  0.000000    0.250000   clock reconvergence pessimism
                                 -2.000000   -1.750000   output external delay
                                             -1.750000   data required time
---------------------------------------------------------------------------------------------
                                             -1.750000   data required time
                                             -0.979663   data arrival time
---------------------------------------------------------------------------------------------
                                              2.729663   slack (MET)


Startpoint: _18604_ (rising edge-triggered flip-flop clocked by clk)
Endpoint: p[32] (output port clocked by clk)
Path Group: clk
Path Type: min

Fanout         Cap        Slew       Delay        Time   Description
---------------------------------------------------------------------------------------------
                      0.150000    0.000000    0.000000   clock clk (rise edge)
                                  0.000000    0.000000   clock network delay (ideal)
                      0.150000    0.000000    0.000000 ^ _18604_/CLK (sky130_fd_sc_hd__dfrtp_1)
     1    0.033442    0.469389    0.979663    0.979663 ^ _18604_/Q (sky130_fd_sc_hd__dfrtp_1)
                                                         p[32] (net)
                      0.469389    0.000000    0.979663 ^ p[32] (out)
                                              0.979663   data arrival time

                      0.150000    0.000000    0.000000   clock clk (rise edge)
                                  0.000000    0.000000   clock network delay (ideal)
                                  0.250000    0.250000   clock uncertainty
                                  0.000000    0.250000   clock reconvergence pessimism
                                 -2.000000   -1.750000   output external delay
                                             -1.750000   data required time
---------------------------------------------------------------------------------------------
                                             -1.750000   data required time
                                             -0.979663   data arrival time
---------------------------------------------------------------------------------------------
                                              2.729663   slack (MET)


Startpoint: _18605_ (rising edge-triggered flip-flop clocked by clk)
Endpoint: p[33] (output port clocked by clk)
Path Group: clk
Path Type: min

Fanout         Cap        Slew       Delay        Time   Description
---------------------------------------------------------------------------------------------
                      0.150000    0.000000    0.000000   clock clk (rise edge)
                                  0.000000    0.000000   clock network delay (ideal)
                      0.150000    0.000000    0.000000 ^ _18605_/CLK (sky130_fd_sc_hd__dfrtp_1)
     1    0.033442    0.469389    0.979663    0.979663 ^ _18605_/Q (sky130_fd_sc_hd__dfrtp_1)
                                                         p[33] (net)
                      0.469389    0.000000    0.979663 ^ p[33] (out)
                                              0.979663   data arrival time

                      0.150000    0.000000    0.000000   clock clk (rise edge)
                                  0.000000    0.000000   clock network delay (ideal)
                                  0.250000    0.250000   clock uncertainty
                                  0.000000    0.250000   clock reconvergence pessimism
                                 -2.000000   -1.750000   output external delay
                                             -1.750000   data required time
---------------------------------------------------------------------------------------------
                                             -1.750000   data required time
                                             -0.979663   data arrival time
---------------------------------------------------------------------------------------------
                                              2.729663   slack (MET)


Startpoint: _18606_ (rising edge-triggered flip-flop clocked by clk)
Endpoint: p[34] (output port clocked by clk)
Path Group: clk
Path Type: min

Fanout         Cap        Slew       Delay        Time   Description
---------------------------------------------------------------------------------------------
                      0.150000    0.000000    0.000000   clock clk (rise edge)
                                  0.000000    0.000000   clock network delay (ideal)
                      0.150000    0.000000    0.000000 ^ _18606_/CLK (sky130_fd_sc_hd__dfrtp_1)
     1    0.033442    0.469389    0.979663    0.979663 ^ _18606_/Q (sky130_fd_sc_hd__dfrtp_1)
                                                         p[34] (net)
                      0.469389    0.000000    0.979663 ^ p[34] (out)
                                              0.979663   data arrival time

                      0.150000    0.000000    0.000000   clock clk (rise edge)
                                  0.000000    0.000000   clock network delay (ideal)
                                  0.250000    0.250000   clock uncertainty
                                  0.000000    0.250000   clock reconvergence pessimism
                                 -2.000000   -1.750000   output external delay
                                             -1.750000   data required time
---------------------------------------------------------------------------------------------
                                             -1.750000   data required time
                                             -0.979663   data arrival time
---------------------------------------------------------------------------------------------
                                              2.729663   slack (MET)


Startpoint: _18607_ (rising edge-triggered flip-flop clocked by clk)
Endpoint: p[35] (output port clocked by clk)
Path Group: clk
Path Type: min

Fanout         Cap        Slew       Delay        Time   Description
---------------------------------------------------------------------------------------------
                      0.150000    0.000000    0.000000   clock clk (rise edge)
                                  0.000000    0.000000   clock network delay (ideal)
                      0.150000    0.000000    0.000000 ^ _18607_/CLK (sky130_fd_sc_hd__dfrtp_1)
     1    0.033442    0.469389    0.979663    0.979663 ^ _18607_/Q (sky130_fd_sc_hd__dfrtp_1)
                                                         p[35] (net)
                      0.469389    0.000000    0.979663 ^ p[35] (out)
                                              0.979663   data arrival time

                      0.150000    0.000000    0.000000   clock clk (rise edge)
                                  0.000000    0.000000   clock network delay (ideal)
                                  0.250000    0.250000   clock uncertainty
                                  0.000000    0.250000   clock reconvergence pessimism
                                 -2.000000   -1.750000   output external delay
                                             -1.750000   data required time
---------------------------------------------------------------------------------------------
                                             -1.750000   data required time
                                             -0.979663   data arrival time
---------------------------------------------------------------------------------------------
                                              2.729663   slack (MET)


Startpoint: _18608_ (rising edge-triggered flip-flop clocked by clk)
Endpoint: p[36] (output port clocked by clk)
Path Group: clk
Path Type: min

Fanout         Cap        Slew       Delay        Time   Description
---------------------------------------------------------------------------------------------
                      0.150000    0.000000    0.000000   clock clk (rise edge)
                                  0.000000    0.000000   clock network delay (ideal)
                      0.150000    0.000000    0.000000 ^ _18608_/CLK (sky130_fd_sc_hd__dfrtp_1)
     1    0.033442    0.469389    0.979663    0.979663 ^ _18608_/Q (sky130_fd_sc_hd__dfrtp_1)
                                                         p[36] (net)
                      0.469389    0.000000    0.979663 ^ p[36] (out)
                                              0.979663   data arrival time

                      0.150000    0.000000    0.000000   clock clk (rise edge)
                                  0.000000    0.000000   clock network delay (ideal)
                                  0.250000    0.250000   clock uncertainty
                                  0.000000    0.250000   clock reconvergence pessimism
                                 -2.000000   -1.750000   output external delay
                                             -1.750000   data required time
---------------------------------------------------------------------------------------------
                                             -1.750000   data required time
                                             -0.979663   data arrival time
---------------------------------------------------------------------------------------------
                                              2.729663   slack (MET)


Startpoint: _18609_ (rising edge-triggered flip-flop clocked by clk)
Endpoint: p[37] (output port clocked by clk)
Path Group: clk
Path Type: min

Fanout         Cap        Slew       Delay        Time   Description
---------------------------------------------------------------------------------------------
                      0.150000    0.000000    0.000000   clock clk (rise edge)
                                  0.000000    0.000000   clock network delay (ideal)
                      0.150000    0.000000    0.000000 ^ _18609_/CLK (sky130_fd_sc_hd__dfrtp_1)
     1    0.033442    0.469389    0.979663    0.979663 ^ _18609_/Q (sky130_fd_sc_hd__dfrtp_1)
                                                         p[37] (net)
                      0.469389    0.000000    0.979663 ^ p[37] (out)
                                              0.979663   data arrival time

                      0.150000    0.000000    0.000000   clock clk (rise edge)
                                  0.000000    0.000000   clock network delay (ideal)
                                  0.250000    0.250000   clock uncertainty
                                  0.000000    0.250000   clock reconvergence pessimism
                                 -2.000000   -1.750000   output external delay
                                             -1.750000   data required time
---------------------------------------------------------------------------------------------
                                             -1.750000   data required time
                                             -0.979663   data arrival time
---------------------------------------------------------------------------------------------
                                              2.729663   slack (MET)


Startpoint: _18610_ (rising edge-triggered flip-flop clocked by clk)
Endpoint: p[38] (output port clocked by clk)
Path Group: clk
Path Type: min

Fanout         Cap        Slew       Delay        Time   Description
---------------------------------------------------------------------------------------------
                      0.150000    0.000000    0.000000   clock clk (rise edge)
                                  0.000000    0.000000   clock network delay (ideal)
                      0.150000    0.000000    0.000000 ^ _18610_/CLK (sky130_fd_sc_hd__dfrtp_1)
     1    0.033442    0.469389    0.979663    0.979663 ^ _18610_/Q (sky130_fd_sc_hd__dfrtp_1)
                                                         p[38] (net)
                      0.469389    0.000000    0.979663 ^ p[38] (out)
                                              0.979663   data arrival time

                      0.150000    0.000000    0.000000   clock clk (rise edge)
                                  0.000000    0.000000   clock network delay (ideal)
                                  0.250000    0.250000   clock uncertainty
                                  0.000000    0.250000   clock reconvergence pessimism
                                 -2.000000   -1.750000   output external delay
                                             -1.750000   data required time
---------------------------------------------------------------------------------------------
                                             -1.750000   data required time
                                             -0.979663   data arrival time
---------------------------------------------------------------------------------------------
                                              2.729663   slack (MET)


Startpoint: _18611_ (rising edge-triggered flip-flop clocked by clk)
Endpoint: p[39] (output port clocked by clk)
Path Group: clk
Path Type: min

Fanout         Cap        Slew       Delay        Time   Description
---------------------------------------------------------------------------------------------
                      0.150000    0.000000    0.000000   clock clk (rise edge)
                                  0.000000    0.000000   clock network delay (ideal)
                      0.150000    0.000000    0.000000 ^ _18611_/CLK (sky130_fd_sc_hd__dfrtp_1)
     1    0.033442    0.469389    0.979663    0.979663 ^ _18611_/Q (sky130_fd_sc_hd__dfrtp_1)
                                                         p[39] (net)
                      0.469389    0.000000    0.979663 ^ p[39] (out)
                                              0.979663   data arrival time

                      0.150000    0.000000    0.000000   clock clk (rise edge)
                                  0.000000    0.000000   clock network delay (ideal)
                                  0.250000    0.250000   clock uncertainty
                                  0.000000    0.250000   clock reconvergence pessimism
                                 -2.000000   -1.750000   output external delay
                                             -1.750000   data required time
---------------------------------------------------------------------------------------------
                                             -1.750000   data required time
                                             -0.979663   data arrival time
---------------------------------------------------------------------------------------------
                                              2.729663   slack (MET)


Startpoint: _18575_ (rising edge-triggered flip-flop clocked by clk)
Endpoint: p[3] (output port clocked by clk)
Path Group: clk
Path Type: min

Fanout         Cap        Slew       Delay        Time   Description
---------------------------------------------------------------------------------------------
                      0.150000    0.000000    0.000000   clock clk (rise edge)
                                  0.000000    0.000000   clock network delay (ideal)
                      0.150000    0.000000    0.000000 ^ _18575_/CLK (sky130_fd_sc_hd__dfrtp_1)
     1    0.033442    0.469389    0.979663    0.979663 ^ _18575_/Q (sky130_fd_sc_hd__dfrtp_1)
                                                         p[3] (net)
                      0.469389    0.000000    0.979663 ^ p[3] (out)
                                              0.979663   data arrival time

                      0.150000    0.000000    0.000000   clock clk (rise edge)
                                  0.000000    0.000000   clock network delay (ideal)
                                  0.250000    0.250000   clock uncertainty
                                  0.000000    0.250000   clock reconvergence pessimism
                                 -2.000000   -1.750000   output external delay
                                             -1.750000   data required time
---------------------------------------------------------------------------------------------
                                             -1.750000   data required time
                                             -0.979663   data arrival time
---------------------------------------------------------------------------------------------
                                              2.729663   slack (MET)


Startpoint: _18612_ (rising edge-triggered flip-flop clocked by clk)
Endpoint: p[40] (output port clocked by clk)
Path Group: clk
Path Type: min

Fanout         Cap        Slew       Delay        Time   Description
---------------------------------------------------------------------------------------------
                      0.150000    0.000000    0.000000   clock clk (rise edge)
                                  0.000000    0.000000   clock network delay (ideal)
                      0.150000    0.000000    0.000000 ^ _18612_/CLK (sky130_fd_sc_hd__dfrtp_1)
     1    0.033442    0.469389    0.979663    0.979663 ^ _18612_/Q (sky130_fd_sc_hd__dfrtp_1)
                                                         p[40] (net)
                      0.469389    0.000000    0.979663 ^ p[40] (out)
                                              0.979663   data arrival time

                      0.150000    0.000000    0.000000   clock clk (rise edge)
                                  0.000000    0.000000   clock network delay (ideal)
                                  0.250000    0.250000   clock uncertainty
                                  0.000000    0.250000   clock reconvergence pessimism
                                 -2.000000   -1.750000   output external delay
                                             -1.750000   data required time
---------------------------------------------------------------------------------------------
                                             -1.750000   data required time
                                             -0.979663   data arrival time
---------------------------------------------------------------------------------------------
                                              2.729663   slack (MET)


Startpoint: _18613_ (rising edge-triggered flip-flop clocked by clk)
Endpoint: p[41] (output port clocked by clk)
Path Group: clk
Path Type: min

Fanout         Cap        Slew       Delay        Time   Description
---------------------------------------------------------------------------------------------
                      0.150000    0.000000    0.000000   clock clk (rise edge)
                                  0.000000    0.000000   clock network delay (ideal)
                      0.150000    0.000000    0.000000 ^ _18613_/CLK (sky130_fd_sc_hd__dfrtp_1)
     1    0.033442    0.469389    0.979663    0.979663 ^ _18613_/Q (sky130_fd_sc_hd__dfrtp_1)
                                                         p[41] (net)
                      0.469389    0.000000    0.979663 ^ p[41] (out)
                                              0.979663   data arrival time

                      0.150000    0.000000    0.000000   clock clk (rise edge)
                                  0.000000    0.000000   clock network delay (ideal)
                                  0.250000    0.250000   clock uncertainty
                                  0.000000    0.250000   clock reconvergence pessimism
                                 -2.000000   -1.750000   output external delay
                                             -1.750000   data required time
---------------------------------------------------------------------------------------------
                                             -1.750000   data required time
                                             -0.979663   data arrival time
---------------------------------------------------------------------------------------------
                                              2.729663   slack (MET)


Startpoint: _18614_ (rising edge-triggered flip-flop clocked by clk)
Endpoint: p[42] (output port clocked by clk)
Path Group: clk
Path Type: min

Fanout         Cap        Slew       Delay        Time   Description
---------------------------------------------------------------------------------------------
                      0.150000    0.000000    0.000000   clock clk (rise edge)
                                  0.000000    0.000000   clock network delay (ideal)
                      0.150000    0.000000    0.000000 ^ _18614_/CLK (sky130_fd_sc_hd__dfrtp_1)
     1    0.033442    0.469389    0.979663    0.979663 ^ _18614_/Q (sky130_fd_sc_hd__dfrtp_1)
                                                         p[42] (net)
                      0.469389    0.000000    0.979663 ^ p[42] (out)
                                              0.979663   data arrival time

                      0.150000    0.000000    0.000000   clock clk (rise edge)
                                  0.000000    0.000000   clock network delay (ideal)
                                  0.250000    0.250000   clock uncertainty
                                  0.000000    0.250000   clock reconvergence pessimism
                                 -2.000000   -1.750000   output external delay
                                             -1.750000   data required time
---------------------------------------------------------------------------------------------
                                             -1.750000   data required time
                                             -0.979663   data arrival time
---------------------------------------------------------------------------------------------
                                              2.729663   slack (MET)


Startpoint: _18615_ (rising edge-triggered flip-flop clocked by clk)
Endpoint: p[43] (output port clocked by clk)
Path Group: clk
Path Type: min

Fanout         Cap        Slew       Delay        Time   Description
---------------------------------------------------------------------------------------------
                      0.150000    0.000000    0.000000   clock clk (rise edge)
                                  0.000000    0.000000   clock network delay (ideal)
                      0.150000    0.000000    0.000000 ^ _18615_/CLK (sky130_fd_sc_hd__dfrtp_1)
     1    0.033442    0.469389    0.979663    0.979663 ^ _18615_/Q (sky130_fd_sc_hd__dfrtp_1)
                                                         p[43] (net)
                      0.469389    0.000000    0.979663 ^ p[43] (out)
                                              0.979663   data arrival time

                      0.150000    0.000000    0.000000   clock clk (rise edge)
                                  0.000000    0.000000   clock network delay (ideal)
                                  0.250000    0.250000   clock uncertainty
                                  0.000000    0.250000   clock reconvergence pessimism
                                 -2.000000   -1.750000   output external delay
                                             -1.750000   data required time
---------------------------------------------------------------------------------------------
                                             -1.750000   data required time
                                             -0.979663   data arrival time
---------------------------------------------------------------------------------------------
                                              2.729663   slack (MET)


Startpoint: _18616_ (rising edge-triggered flip-flop clocked by clk)
Endpoint: p[44] (output port clocked by clk)
Path Group: clk
Path Type: min

Fanout         Cap        Slew       Delay        Time   Description
---------------------------------------------------------------------------------------------
                      0.150000    0.000000    0.000000   clock clk (rise edge)
                                  0.000000    0.000000   clock network delay (ideal)
                      0.150000    0.000000    0.000000 ^ _18616_/CLK (sky130_fd_sc_hd__dfrtp_1)
     1    0.033442    0.469389    0.979663    0.979663 ^ _18616_/Q (sky130_fd_sc_hd__dfrtp_1)
                                                         p[44] (net)
                      0.469389    0.000000    0.979663 ^ p[44] (out)
                                              0.979663   data arrival time

                      0.150000    0.000000    0.000000   clock clk (rise edge)
                                  0.000000    0.000000   clock network delay (ideal)
                                  0.250000    0.250000   clock uncertainty
                                  0.000000    0.250000   clock reconvergence pessimism
                                 -2.000000   -1.750000   output external delay
                                             -1.750000   data required time
---------------------------------------------------------------------------------------------
                                             -1.750000   data required time
                                             -0.979663   data arrival time
---------------------------------------------------------------------------------------------
                                              2.729663   slack (MET)


Startpoint: _18617_ (rising edge-triggered flip-flop clocked by clk)
Endpoint: p[45] (output port clocked by clk)
Path Group: clk
Path Type: min

Fanout         Cap        Slew       Delay        Time   Description
---------------------------------------------------------------------------------------------
                      0.150000    0.000000    0.000000   clock clk (rise edge)
                                  0.000000    0.000000   clock network delay (ideal)
                      0.150000    0.000000    0.000000 ^ _18617_/CLK (sky130_fd_sc_hd__dfrtp_1)
     1    0.033442    0.469389    0.979663    0.979663 ^ _18617_/Q (sky130_fd_sc_hd__dfrtp_1)
                                                         p[45] (net)
                      0.469389    0.000000    0.979663 ^ p[45] (out)
                                              0.979663   data arrival time

                      0.150000    0.000000    0.000000   clock clk (rise edge)
                                  0.000000    0.000000   clock network delay (ideal)
                                  0.250000    0.250000   clock uncertainty
                                  0.000000    0.250000   clock reconvergence pessimism
                                 -2.000000   -1.750000   output external delay
                                             -1.750000   data required time
---------------------------------------------------------------------------------------------
                                             -1.750000   data required time
                                             -0.979663   data arrival time
---------------------------------------------------------------------------------------------
                                              2.729663   slack (MET)


Startpoint: _18618_ (rising edge-triggered flip-flop clocked by clk)
Endpoint: p[46] (output port clocked by clk)
Path Group: clk
Path Type: min

Fanout         Cap        Slew       Delay        Time   Description
---------------------------------------------------------------------------------------------
                      0.150000    0.000000    0.000000   clock clk (rise edge)
                                  0.000000    0.000000   clock network delay (ideal)
                      0.150000    0.000000    0.000000 ^ _18618_/CLK (sky130_fd_sc_hd__dfrtp_1)
     1    0.033442    0.469389    0.979663    0.979663 ^ _18618_/Q (sky130_fd_sc_hd__dfrtp_1)
                                                         p[46] (net)
                      0.469389    0.000000    0.979663 ^ p[46] (out)
                                              0.979663   data arrival time

                      0.150000    0.000000    0.000000   clock clk (rise edge)
                                  0.000000    0.000000   clock network delay (ideal)
                                  0.250000    0.250000   clock uncertainty
                                  0.000000    0.250000   clock reconvergence pessimism
                                 -2.000000   -1.750000   output external delay
                                             -1.750000   data required time
---------------------------------------------------------------------------------------------
                                             -1.750000   data required time
                                             -0.979663   data arrival time
---------------------------------------------------------------------------------------------
                                              2.729663   slack (MET)


Startpoint: _18619_ (rising edge-triggered flip-flop clocked by clk)
Endpoint: p[47] (output port clocked by clk)
Path Group: clk
Path Type: min

Fanout         Cap        Slew       Delay        Time   Description
---------------------------------------------------------------------------------------------
                      0.150000    0.000000    0.000000   clock clk (rise edge)
                                  0.000000    0.000000   clock network delay (ideal)
                      0.150000    0.000000    0.000000 ^ _18619_/CLK (sky130_fd_sc_hd__dfrtp_1)
     1    0.033442    0.469389    0.979663    0.979663 ^ _18619_/Q (sky130_fd_sc_hd__dfrtp_1)
                                                         p[47] (net)
                      0.469389    0.000000    0.979663 ^ p[47] (out)
                                              0.979663   data arrival time

                      0.150000    0.000000    0.000000   clock clk (rise edge)
                                  0.000000    0.000000   clock network delay (ideal)
                                  0.250000    0.250000   clock uncertainty
                                  0.000000    0.250000   clock reconvergence pessimism
                                 -2.000000   -1.750000   output external delay
                                             -1.750000   data required time
---------------------------------------------------------------------------------------------
                                             -1.750000   data required time
                                             -0.979663   data arrival time
---------------------------------------------------------------------------------------------
                                              2.729663   slack (MET)


Startpoint: _18620_ (rising edge-triggered flip-flop clocked by clk)
Endpoint: p[48] (output port clocked by clk)
Path Group: clk
Path Type: min

Fanout         Cap        Slew       Delay        Time   Description
---------------------------------------------------------------------------------------------
                      0.150000    0.000000    0.000000   clock clk (rise edge)
                                  0.000000    0.000000   clock network delay (ideal)
                      0.150000    0.000000    0.000000 ^ _18620_/CLK (sky130_fd_sc_hd__dfrtp_1)
     1    0.033442    0.469389    0.979663    0.979663 ^ _18620_/Q (sky130_fd_sc_hd__dfrtp_1)
                                                         p[48] (net)
                      0.469389    0.000000    0.979663 ^ p[48] (out)
                                              0.979663   data arrival time

                      0.150000    0.000000    0.000000   clock clk (rise edge)
                                  0.000000    0.000000   clock network delay (ideal)
                                  0.250000    0.250000   clock uncertainty
                                  0.000000    0.250000   clock reconvergence pessimism
                                 -2.000000   -1.750000   output external delay
                                             -1.750000   data required time
---------------------------------------------------------------------------------------------
                                             -1.750000   data required time
                                             -0.979663   data arrival time
---------------------------------------------------------------------------------------------
                                              2.729663   slack (MET)


Startpoint: _18621_ (rising edge-triggered flip-flop clocked by clk)
Endpoint: p[49] (output port clocked by clk)
Path Group: clk
Path Type: min

Fanout         Cap        Slew       Delay        Time   Description
---------------------------------------------------------------------------------------------
                      0.150000    0.000000    0.000000   clock clk (rise edge)
                                  0.000000    0.000000   clock network delay (ideal)
                      0.150000    0.000000    0.000000 ^ _18621_/CLK (sky130_fd_sc_hd__dfrtp_1)
     1    0.033442    0.469389    0.979663    0.979663 ^ _18621_/Q (sky130_fd_sc_hd__dfrtp_1)
                                                         p[49] (net)
                      0.469389    0.000000    0.979663 ^ p[49] (out)
                                              0.979663   data arrival time

                      0.150000    0.000000    0.000000   clock clk (rise edge)
                                  0.000000    0.000000   clock network delay (ideal)
                                  0.250000    0.250000   clock uncertainty
                                  0.000000    0.250000   clock reconvergence pessimism
                                 -2.000000   -1.750000   output external delay
                                             -1.750000   data required time
---------------------------------------------------------------------------------------------
                                             -1.750000   data required time
                                             -0.979663   data arrival time
---------------------------------------------------------------------------------------------
                                              2.729663   slack (MET)


Startpoint: _18576_ (rising edge-triggered flip-flop clocked by clk)
Endpoint: p[4] (output port clocked by clk)
Path Group: clk
Path Type: min

Fanout         Cap        Slew       Delay        Time   Description
---------------------------------------------------------------------------------------------
                      0.150000    0.000000    0.000000   clock clk (rise edge)
                                  0.000000    0.000000   clock network delay (ideal)
                      0.150000    0.000000    0.000000 ^ _18576_/CLK (sky130_fd_sc_hd__dfrtp_1)
     1    0.033442    0.469389    0.979663    0.979663 ^ _18576_/Q (sky130_fd_sc_hd__dfrtp_1)
                                                         p[4] (net)
                      0.469389    0.000000    0.979663 ^ p[4] (out)
                                              0.979663   data arrival time

                      0.150000    0.000000    0.000000   clock clk (rise edge)
                                  0.000000    0.000000   clock network delay (ideal)
                                  0.250000    0.250000   clock uncertainty
                                  0.000000    0.250000   clock reconvergence pessimism
                                 -2.000000   -1.750000   output external delay
                                             -1.750000   data required time
---------------------------------------------------------------------------------------------
                                             -1.750000   data required time
                                             -0.979663   data arrival time
---------------------------------------------------------------------------------------------
                                              2.729663   slack (MET)


Startpoint: _18622_ (rising edge-triggered flip-flop clocked by clk)
Endpoint: p[50] (output port clocked by clk)
Path Group: clk
Path Type: min

Fanout         Cap        Slew       Delay        Time   Description
---------------------------------------------------------------------------------------------
                      0.150000    0.000000    0.000000   clock clk (rise edge)
                                  0.000000    0.000000   clock network delay (ideal)
                      0.150000    0.000000    0.000000 ^ _18622_/CLK (sky130_fd_sc_hd__dfrtp_1)
     1    0.033442    0.469389    0.979663    0.979663 ^ _18622_/Q (sky130_fd_sc_hd__dfrtp_1)
                                                         p[50] (net)
                      0.469389    0.000000    0.979663 ^ p[50] (out)
                                              0.979663   data arrival time

                      0.150000    0.000000    0.000000   clock clk (rise edge)
                                  0.000000    0.000000   clock network delay (ideal)
                                  0.250000    0.250000   clock uncertainty
                                  0.000000    0.250000   clock reconvergence pessimism
                                 -2.000000   -1.750000   output external delay
                                             -1.750000   data required time
---------------------------------------------------------------------------------------------
                                             -1.750000   data required time
                                             -0.979663   data arrival time
---------------------------------------------------------------------------------------------
                                              2.729663   slack (MET)


Startpoint: _18623_ (rising edge-triggered flip-flop clocked by clk)
Endpoint: p[51] (output port clocked by clk)
Path Group: clk
Path Type: min

Fanout         Cap        Slew       Delay        Time   Description
---------------------------------------------------------------------------------------------
                      0.150000    0.000000    0.000000   clock clk (rise edge)
                                  0.000000    0.000000   clock network delay (ideal)
                      0.150000    0.000000    0.000000 ^ _18623_/CLK (sky130_fd_sc_hd__dfrtp_1)
     1    0.033442    0.469389    0.979663    0.979663 ^ _18623_/Q (sky130_fd_sc_hd__dfrtp_1)
                                                         p[51] (net)
                      0.469389    0.000000    0.979663 ^ p[51] (out)
                                              0.979663   data arrival time

                      0.150000    0.000000    0.000000   clock clk (rise edge)
                                  0.000000    0.000000   clock network delay (ideal)
                                  0.250000    0.250000   clock uncertainty
                                  0.000000    0.250000   clock reconvergence pessimism
                                 -2.000000   -1.750000   output external delay
                                             -1.750000   data required time
---------------------------------------------------------------------------------------------
                                             -1.750000   data required time
                                             -0.979663   data arrival time
---------------------------------------------------------------------------------------------
                                              2.729663   slack (MET)


Startpoint: _18624_ (rising edge-triggered flip-flop clocked by clk)
Endpoint: p[52] (output port clocked by clk)
Path Group: clk
Path Type: min

Fanout         Cap        Slew       Delay        Time   Description
---------------------------------------------------------------------------------------------
                      0.150000    0.000000    0.000000   clock clk (rise edge)
                                  0.000000    0.000000   clock network delay (ideal)
                      0.150000    0.000000    0.000000 ^ _18624_/CLK (sky130_fd_sc_hd__dfrtp_1)
     1    0.033442    0.469389    0.979663    0.979663 ^ _18624_/Q (sky130_fd_sc_hd__dfrtp_1)
                                                         p[52] (net)
                      0.469389    0.000000    0.979663 ^ p[52] (out)
                                              0.979663   data arrival time

                      0.150000    0.000000    0.000000   clock clk (rise edge)
                                  0.000000    0.000000   clock network delay (ideal)
                                  0.250000    0.250000   clock uncertainty
                                  0.000000    0.250000   clock reconvergence pessimism
                                 -2.000000   -1.750000   output external delay
                                             -1.750000   data required time
---------------------------------------------------------------------------------------------
                                             -1.750000   data required time
                                             -0.979663   data arrival time
---------------------------------------------------------------------------------------------
                                              2.729663   slack (MET)


Startpoint: _18625_ (rising edge-triggered flip-flop clocked by clk)
Endpoint: p[53] (output port clocked by clk)
Path Group: clk
Path Type: min

Fanout         Cap        Slew       Delay        Time   Description
---------------------------------------------------------------------------------------------
                      0.150000    0.000000    0.000000   clock clk (rise edge)
                                  0.000000    0.000000   clock network delay (ideal)
                      0.150000    0.000000    0.000000 ^ _18625_/CLK (sky130_fd_sc_hd__dfrtp_1)
     1    0.033442    0.469389    0.979663    0.979663 ^ _18625_/Q (sky130_fd_sc_hd__dfrtp_1)
                                                         p[53] (net)
                      0.469389    0.000000    0.979663 ^ p[53] (out)
                                              0.979663   data arrival time

                      0.150000    0.000000    0.000000   clock clk (rise edge)
                                  0.000000    0.000000   clock network delay (ideal)
                                  0.250000    0.250000   clock uncertainty
                                  0.000000    0.250000   clock reconvergence pessimism
                                 -2.000000   -1.750000   output external delay
                                             -1.750000   data required time
---------------------------------------------------------------------------------------------
                                             -1.750000   data required time
                                             -0.979663   data arrival time
---------------------------------------------------------------------------------------------
                                              2.729663   slack (MET)


Startpoint: _18626_ (rising edge-triggered flip-flop clocked by clk)
Endpoint: p[54] (output port clocked by clk)
Path Group: clk
Path Type: min

Fanout         Cap        Slew       Delay        Time   Description
---------------------------------------------------------------------------------------------
                      0.150000    0.000000    0.000000   clock clk (rise edge)
                                  0.000000    0.000000   clock network delay (ideal)
                      0.150000    0.000000    0.000000 ^ _18626_/CLK (sky130_fd_sc_hd__dfrtp_1)
     1    0.033442    0.469389    0.979663    0.979663 ^ _18626_/Q (sky130_fd_sc_hd__dfrtp_1)
                                                         p[54] (net)
                      0.469389    0.000000    0.979663 ^ p[54] (out)
                                              0.979663   data arrival time

                      0.150000    0.000000    0.000000   clock clk (rise edge)
                                  0.000000    0.000000   clock network delay (ideal)
                                  0.250000    0.250000   clock uncertainty
                                  0.000000    0.250000   clock reconvergence pessimism
                                 -2.000000   -1.750000   output external delay
                                             -1.750000   data required time
---------------------------------------------------------------------------------------------
                                             -1.750000   data required time
                                             -0.979663   data arrival time
---------------------------------------------------------------------------------------------
                                              2.729663   slack (MET)


Startpoint: _18627_ (rising edge-triggered flip-flop clocked by clk)
Endpoint: p[55] (output port clocked by clk)
Path Group: clk
Path Type: min

Fanout         Cap        Slew       Delay        Time   Description
---------------------------------------------------------------------------------------------
                      0.150000    0.000000    0.000000   clock clk (rise edge)
                                  0.000000    0.000000   clock network delay (ideal)
                      0.150000    0.000000    0.000000 ^ _18627_/CLK (sky130_fd_sc_hd__dfrtp_1)
     1    0.033442    0.469389    0.979663    0.979663 ^ _18627_/Q (sky130_fd_sc_hd__dfrtp_1)
                                                         p[55] (net)
                      0.469389    0.000000    0.979663 ^ p[55] (out)
                                              0.979663   data arrival time

                      0.150000    0.000000    0.000000   clock clk (rise edge)
                                  0.000000    0.000000   clock network delay (ideal)
                                  0.250000    0.250000   clock uncertainty
                                  0.000000    0.250000   clock reconvergence pessimism
                                 -2.000000   -1.750000   output external delay
                                             -1.750000   data required time
---------------------------------------------------------------------------------------------
                                             -1.750000   data required time
                                             -0.979663   data arrival time
---------------------------------------------------------------------------------------------
                                              2.729663   slack (MET)


Startpoint: _18628_ (rising edge-triggered flip-flop clocked by clk)
Endpoint: p[56] (output port clocked by clk)
Path Group: clk
Path Type: min

Fanout         Cap        Slew       Delay        Time   Description
---------------------------------------------------------------------------------------------
                      0.150000    0.000000    0.000000   clock clk (rise edge)
                                  0.000000    0.000000   clock network delay (ideal)
                      0.150000    0.000000    0.000000 ^ _18628_/CLK (sky130_fd_sc_hd__dfrtp_1)
     1    0.033442    0.469389    0.979663    0.979663 ^ _18628_/Q (sky130_fd_sc_hd__dfrtp_1)
                                                         p[56] (net)
                      0.469389    0.000000    0.979663 ^ p[56] (out)
                                              0.979663   data arrival time

                      0.150000    0.000000    0.000000   clock clk (rise edge)
                                  0.000000    0.000000   clock network delay (ideal)
                                  0.250000    0.250000   clock uncertainty
                                  0.000000    0.250000   clock reconvergence pessimism
                                 -2.000000   -1.750000   output external delay
                                             -1.750000   data required time
---------------------------------------------------------------------------------------------
                                             -1.750000   data required time
                                             -0.979663   data arrival time
---------------------------------------------------------------------------------------------
                                              2.729663   slack (MET)


Startpoint: _18629_ (rising edge-triggered flip-flop clocked by clk)
Endpoint: p[57] (output port clocked by clk)
Path Group: clk
Path Type: min

Fanout         Cap        Slew       Delay        Time   Description
---------------------------------------------------------------------------------------------
                      0.150000    0.000000    0.000000   clock clk (rise edge)
                                  0.000000    0.000000   clock network delay (ideal)
                      0.150000    0.000000    0.000000 ^ _18629_/CLK (sky130_fd_sc_hd__dfrtp_1)
     1    0.033442    0.469389    0.979663    0.979663 ^ _18629_/Q (sky130_fd_sc_hd__dfrtp_1)
                                                         p[57] (net)
                      0.469389    0.000000    0.979663 ^ p[57] (out)
                                              0.979663   data arrival time

                      0.150000    0.000000    0.000000   clock clk (rise edge)
                                  0.000000    0.000000   clock network delay (ideal)
                                  0.250000    0.250000   clock uncertainty
                                  0.000000    0.250000   clock reconvergence pessimism
                                 -2.000000   -1.750000   output external delay
                                             -1.750000   data required time
---------------------------------------------------------------------------------------------
                                             -1.750000   data required time
                                             -0.979663   data arrival time
---------------------------------------------------------------------------------------------
                                              2.729663   slack (MET)


Startpoint: _18630_ (rising edge-triggered flip-flop clocked by clk)
Endpoint: p[58] (output port clocked by clk)
Path Group: clk
Path Type: min

Fanout         Cap        Slew       Delay        Time   Description
---------------------------------------------------------------------------------------------
                      0.150000    0.000000    0.000000   clock clk (rise edge)
                                  0.000000    0.000000   clock network delay (ideal)
                      0.150000    0.000000    0.000000 ^ _18630_/CLK (sky130_fd_sc_hd__dfrtp_1)
     1    0.033442    0.469389    0.979663    0.979663 ^ _18630_/Q (sky130_fd_sc_hd__dfrtp_1)
                                                         p[58] (net)
                      0.469389    0.000000    0.979663 ^ p[58] (out)
                                              0.979663   data arrival time

                      0.150000    0.000000    0.000000   clock clk (rise edge)
                                  0.000000    0.000000   clock network delay (ideal)
                                  0.250000    0.250000   clock uncertainty
                                  0.000000    0.250000   clock reconvergence pessimism
                                 -2.000000   -1.750000   output external delay
                                             -1.750000   data required time
---------------------------------------------------------------------------------------------
                                             -1.750000   data required time
                                             -0.979663   data arrival time
---------------------------------------------------------------------------------------------
                                              2.729663   slack (MET)


Startpoint: _18631_ (rising edge-triggered flip-flop clocked by clk)
Endpoint: p[59] (output port clocked by clk)
Path Group: clk
Path Type: min

Fanout         Cap        Slew       Delay        Time   Description
---------------------------------------------------------------------------------------------
                      0.150000    0.000000    0.000000   clock clk (rise edge)
                                  0.000000    0.000000   clock network delay (ideal)
                      0.150000    0.000000    0.000000 ^ _18631_/CLK (sky130_fd_sc_hd__dfrtp_1)
     1    0.033442    0.469389    0.979663    0.979663 ^ _18631_/Q (sky130_fd_sc_hd__dfrtp_1)
                                                         p[59] (net)
                      0.469389    0.000000    0.979663 ^ p[59] (out)
                                              0.979663   data arrival time

                      0.150000    0.000000    0.000000   clock clk (rise edge)
                                  0.000000    0.000000   clock network delay (ideal)
                                  0.250000    0.250000   clock uncertainty
                                  0.000000    0.250000   clock reconvergence pessimism
                                 -2.000000   -1.750000   output external delay
                                             -1.750000   data required time
---------------------------------------------------------------------------------------------
                                             -1.750000   data required time
                                             -0.979663   data arrival time
---------------------------------------------------------------------------------------------
                                              2.729663   slack (MET)


Startpoint: _18577_ (rising edge-triggered flip-flop clocked by clk)
Endpoint: p[5] (output port clocked by clk)
Path Group: clk
Path Type: min

Fanout         Cap        Slew       Delay        Time   Description
---------------------------------------------------------------------------------------------
                      0.150000    0.000000    0.000000   clock clk (rise edge)
                                  0.000000    0.000000   clock network delay (ideal)
                      0.150000    0.000000    0.000000 ^ _18577_/CLK (sky130_fd_sc_hd__dfrtp_1)
     1    0.033442    0.469389    0.979663    0.979663 ^ _18577_/Q (sky130_fd_sc_hd__dfrtp_1)
                                                         p[5] (net)
                      0.469389    0.000000    0.979663 ^ p[5] (out)
                                              0.979663   data arrival time

                      0.150000    0.000000    0.000000   clock clk (rise edge)
                                  0.000000    0.000000   clock network delay (ideal)
                                  0.250000    0.250000   clock uncertainty
                                  0.000000    0.250000   clock reconvergence pessimism
                                 -2.000000   -1.750000   output external delay
                                             -1.750000   data required time
---------------------------------------------------------------------------------------------
                                             -1.750000   data required time
                                             -0.979663   data arrival time
---------------------------------------------------------------------------------------------
                                              2.729663   slack (MET)


Startpoint: _18632_ (rising edge-triggered flip-flop clocked by clk)
Endpoint: p[60] (output port clocked by clk)
Path Group: clk
Path Type: min

Fanout         Cap        Slew       Delay        Time   Description
---------------------------------------------------------------------------------------------
                      0.150000    0.000000    0.000000   clock clk (rise edge)
                                  0.000000    0.000000   clock network delay (ideal)
                      0.150000    0.000000    0.000000 ^ _18632_/CLK (sky130_fd_sc_hd__dfrtp_1)
     1    0.033442    0.469389    0.979663    0.979663 ^ _18632_/Q (sky130_fd_sc_hd__dfrtp_1)
                                                         p[60] (net)
                      0.469389    0.000000    0.979663 ^ p[60] (out)
                                              0.979663   data arrival time

                      0.150000    0.000000    0.000000   clock clk (rise edge)
                                  0.000000    0.000000   clock network delay (ideal)
                                  0.250000    0.250000   clock uncertainty
                                  0.000000    0.250000   clock reconvergence pessimism
                                 -2.000000   -1.750000   output external delay
                                             -1.750000   data required time
---------------------------------------------------------------------------------------------
                                             -1.750000   data required time
                                             -0.979663   data arrival time
---------------------------------------------------------------------------------------------
                                              2.729663   slack (MET)


Startpoint: _18633_ (rising edge-triggered flip-flop clocked by clk)
Endpoint: p[61] (output port clocked by clk)
Path Group: clk
Path Type: min

Fanout         Cap        Slew       Delay        Time   Description
---------------------------------------------------------------------------------------------
                      0.150000    0.000000    0.000000   clock clk (rise edge)
                                  0.000000    0.000000   clock network delay (ideal)
                      0.150000    0.000000    0.000000 ^ _18633_/CLK (sky130_fd_sc_hd__dfrtp_1)
     1    0.033442    0.469389    0.979663    0.979663 ^ _18633_/Q (sky130_fd_sc_hd__dfrtp_1)
                                                         p[61] (net)
                      0.469389    0.000000    0.979663 ^ p[61] (out)
                                              0.979663   data arrival time

                      0.150000    0.000000    0.000000   clock clk (rise edge)
                                  0.000000    0.000000   clock network delay (ideal)
                                  0.250000    0.250000   clock uncertainty
                                  0.000000    0.250000   clock reconvergence pessimism
                                 -2.000000   -1.750000   output external delay
                                             -1.750000   data required time
---------------------------------------------------------------------------------------------
                                             -1.750000   data required time
                                             -0.979663   data arrival time
---------------------------------------------------------------------------------------------
                                              2.729663   slack (MET)


Startpoint: _18634_ (rising edge-triggered flip-flop clocked by clk)
Endpoint: p[62] (output port clocked by clk)
Path Group: clk
Path Type: min

Fanout         Cap        Slew       Delay        Time   Description
---------------------------------------------------------------------------------------------
                      0.150000    0.000000    0.000000   clock clk (rise edge)
                                  0.000000    0.000000   clock network delay (ideal)
                      0.150000    0.000000    0.000000 ^ _18634_/CLK (sky130_fd_sc_hd__dfrtp_1)
     1    0.033442    0.469389    0.979663    0.979663 ^ _18634_/Q (sky130_fd_sc_hd__dfrtp_1)
                                                         p[62] (net)
                      0.469389    0.000000    0.979663 ^ p[62] (out)
                                              0.979663   data arrival time

                      0.150000    0.000000    0.000000   clock clk (rise edge)
                                  0.000000    0.000000   clock network delay (ideal)
                                  0.250000    0.250000   clock uncertainty
                                  0.000000    0.250000   clock reconvergence pessimism
                                 -2.000000   -1.750000   output external delay
                                             -1.750000   data required time
---------------------------------------------------------------------------------------------
                                             -1.750000   data required time
                                             -0.979663   data arrival time
---------------------------------------------------------------------------------------------
                                              2.729663   slack (MET)


Startpoint: _18635_ (rising edge-triggered flip-flop clocked by clk)
Endpoint: p[63] (output port clocked by clk)
Path Group: clk
Path Type: min

Fanout         Cap        Slew       Delay        Time   Description
---------------------------------------------------------------------------------------------
                      0.150000    0.000000    0.000000   clock clk (rise edge)
                                  0.000000    0.000000   clock network delay (ideal)
                      0.150000    0.000000    0.000000 ^ _18635_/CLK (sky130_fd_sc_hd__dfrtp_1)
     1    0.033442    0.469389    0.979663    0.979663 ^ _18635_/Q (sky130_fd_sc_hd__dfrtp_1)
                                                         p[63] (net)
                      0.469389    0.000000    0.979663 ^ p[63] (out)
                                              0.979663   data arrival time

                      0.150000    0.000000    0.000000   clock clk (rise edge)
                                  0.000000    0.000000   clock network delay (ideal)
                                  0.250000    0.250000   clock uncertainty
                                  0.000000    0.250000   clock reconvergence pessimism
                                 -2.000000   -1.750000   output external delay
                                             -1.750000   data required time
---------------------------------------------------------------------------------------------
                                             -1.750000   data required time
                                             -0.979663   data arrival time
---------------------------------------------------------------------------------------------
                                              2.729663   slack (MET)


Startpoint: _18578_ (rising edge-triggered flip-flop clocked by clk)
Endpoint: p[6] (output port clocked by clk)
Path Group: clk
Path Type: min

Fanout         Cap        Slew       Delay        Time   Description
---------------------------------------------------------------------------------------------
                      0.150000    0.000000    0.000000   clock clk (rise edge)
                                  0.000000    0.000000   clock network delay (ideal)
                      0.150000    0.000000    0.000000 ^ _18578_/CLK (sky130_fd_sc_hd__dfrtp_1)
     1    0.033442    0.469389    0.979663    0.979663 ^ _18578_/Q (sky130_fd_sc_hd__dfrtp_1)
                                                         p[6] (net)
                      0.469389    0.000000    0.979663 ^ p[6] (out)
                                              0.979663   data arrival time

                      0.150000    0.000000    0.000000   clock clk (rise edge)
                                  0.000000    0.000000   clock network delay (ideal)
                                  0.250000    0.250000   clock uncertainty
                                  0.000000    0.250000   clock reconvergence pessimism
                                 -2.000000   -1.750000   output external delay
                                             -1.750000   data required time
---------------------------------------------------------------------------------------------
                                             -1.750000   data required time
                                             -0.979663   data arrival time
---------------------------------------------------------------------------------------------
                                              2.729663   slack (MET)


Startpoint: _18579_ (rising edge-triggered flip-flop clocked by clk)
Endpoint: p[7] (output port clocked by clk)
Path Group: clk
Path Type: min

Fanout         Cap        Slew       Delay        Time   Description
---------------------------------------------------------------------------------------------
                      0.150000    0.000000    0.000000   clock clk (rise edge)
                                  0.000000    0.000000   clock network delay (ideal)
                      0.150000    0.000000    0.000000 ^ _18579_/CLK (sky130_fd_sc_hd__dfrtp_1)
     1    0.033442    0.469389    0.979663    0.979663 ^ _18579_/Q (sky130_fd_sc_hd__dfrtp_1)
                                                         p[7] (net)
                      0.469389    0.000000    0.979663 ^ p[7] (out)
                                              0.979663   data arrival time

                      0.150000    0.000000    0.000000   clock clk (rise edge)
                                  0.000000    0.000000   clock network delay (ideal)
                                  0.250000    0.250000   clock uncertainty
                                  0.000000    0.250000   clock reconvergence pessimism
                                 -2.000000   -1.750000   output external delay
                                             -1.750000   data required time
---------------------------------------------------------------------------------------------
                                             -1.750000   data required time
                                             -0.979663   data arrival time
---------------------------------------------------------------------------------------------
                                              2.729663   slack (MET)


Startpoint: _18580_ (rising edge-triggered flip-flop clocked by clk)
Endpoint: p[8] (output port clocked by clk)
Path Group: clk
Path Type: min

Fanout         Cap        Slew       Delay        Time   Description
---------------------------------------------------------------------------------------------
                      0.150000    0.000000    0.000000   clock clk (rise edge)
                                  0.000000    0.000000   clock network delay (ideal)
                      0.150000    0.000000    0.000000 ^ _18580_/CLK (sky130_fd_sc_hd__dfrtp_1)
     1    0.033442    0.469389    0.979663    0.979663 ^ _18580_/Q (sky130_fd_sc_hd__dfrtp_1)
                                                         p[8] (net)
                      0.469389    0.000000    0.979663 ^ p[8] (out)
                                              0.979663   data arrival time

                      0.150000    0.000000    0.000000   clock clk (rise edge)
                                  0.000000    0.000000   clock network delay (ideal)
                                  0.250000    0.250000   clock uncertainty
                                  0.000000    0.250000   clock reconvergence pessimism
                                 -2.000000   -1.750000   output external delay
                                             -1.750000   data required time
---------------------------------------------------------------------------------------------
                                             -1.750000   data required time
                                             -0.979663   data arrival time
---------------------------------------------------------------------------------------------
                                              2.729663   slack (MET)


Startpoint: _18581_ (rising edge-triggered flip-flop clocked by clk)
Endpoint: p[9] (output port clocked by clk)
Path Group: clk
Path Type: min

Fanout         Cap        Slew       Delay        Time   Description
---------------------------------------------------------------------------------------------
                      0.150000    0.000000    0.000000   clock clk (rise edge)
                                  0.000000    0.000000   clock network delay (ideal)
                      0.150000    0.000000    0.000000 ^ _18581_/CLK (sky130_fd_sc_hd__dfrtp_1)
     1    0.033442    0.469389    0.979663    0.979663 ^ _18581_/Q (sky130_fd_sc_hd__dfrtp_1)
                                                         p[9] (net)
                      0.469389    0.000000    0.979663 ^ p[9] (out)
                                              0.979663   data arrival time

                      0.150000    0.000000    0.000000   clock clk (rise edge)
                                  0.000000    0.000000   clock network delay (ideal)
                                  0.250000    0.250000   clock uncertainty
                                  0.000000    0.250000   clock reconvergence pessimism
                                 -2.000000   -1.750000   output external delay
                                             -1.750000   data required time
---------------------------------------------------------------------------------------------
                                             -1.750000   data required time
                                             -0.979663   data arrival time
---------------------------------------------------------------------------------------------
                                              2.729663   slack (MET)


Startpoint: _18571_ (rising edge-triggered flip-flop clocked by clk)
Endpoint: ready (output port clocked by clk)
Path Group: clk
Path Type: min

Fanout         Cap        Slew       Delay        Time   Description
---------------------------------------------------------------------------------------------
                      0.150000    0.000000    0.000000   clock clk (rise edge)
                                  0.000000    0.000000   clock network delay (ideal)
                      0.150000    0.000000    0.000000 ^ _18571_/CLK (sky130_fd_sc_hd__dfrtp_1)
     1    0.033442    0.469389    0.979663    0.979663 ^ _18571_/Q (sky130_fd_sc_hd__dfrtp_1)
                                                         ready (net)
                      0.469389    0.000000    0.979663 ^ ready (out)
                                              0.979663   data arrival time

                      0.150000    0.000000    0.000000   clock clk (rise edge)
                                  0.000000    0.000000   clock network delay (ideal)
                                  0.250000    0.250000   clock uncertainty
                                  0.000000    0.250000   clock reconvergence pessimism
                                 -2.000000   -1.750000   output external delay
                                             -1.750000   data required time
---------------------------------------------------------------------------------------------
                                             -1.750000   data required time
                                             -0.979663   data arrival time
---------------------------------------------------------------------------------------------
                                              2.729663   slack (MET)


Startpoint: _18473_ (rising edge-triggered flip-flop clocked by clk)
Endpoint: sat (output port clocked by clk)
Path Group: clk
Path Type: min

Fanout         Cap        Slew       Delay        Time   Description
---------------------------------------------------------------------------------------------
                      0.150000    0.000000    0.000000   clock clk (rise edge)
                                  0.000000    0.000000   clock network delay (ideal)
                      0.150000    0.000000    0.000000 ^ _18473_/CLK (sky130_fd_sc_hd__dfrtp_1)
     1    0.033442    0.469389    0.979663    0.979663 ^ _18473_/Q (sky130_fd_sc_hd__dfrtp_1)
                                                         sat (net)
                      0.469389    0.000000    0.979663 ^ sat (out)
                                              0.979663   data arrival time

                      0.150000    0.000000    0.000000   clock clk (rise edge)
                                  0.000000    0.000000   clock network delay (ideal)
                                  0.250000    0.250000   clock uncertainty
                                  0.000000    0.250000   clock reconvergence pessimism
                                 -2.000000   -1.750000   output external delay
                                             -1.750000   data required time
---------------------------------------------------------------------------------------------
                                             -1.750000   data required time
                                             -0.979663   data arrival time
---------------------------------------------------------------------------------------------
                                              2.729663   slack (MET)


Startpoint: _18527_ (rising edge-triggered flip-flop clocked by clk)
Endpoint: _18572_ (rising edge-triggered flip-flop clocked by clk)
Path Group: clk
Path Type: min

Fanout         Cap        Slew       Delay        Time   Description
---------------------------------------------------------------------------------------------
                      0.150000    0.000000    0.000000   clock clk (rise edge)
                                  0.000000    0.000000   clock network delay (ideal)
                      0.150000    0.000000    0.000000 ^ _18527_/CLK (sky130_fd_sc_hd__dfrtp_1)
    34    0.072154    0.667493    1.270968    1.270968 v _18527_/Q (sky130_fd_sc_hd__dfrtp_1)
                                                         b_r[21] (net)
                      0.667493    0.000000    1.270968 v _14331_/C (sky130_fd_sc_hd__nand4_1)
     3    0.009632    0.276258    0.507550    1.778518 ^ _14331_/Y (sky130_fd_sc_hd__nand4_1)
                                                         _04656_ (net)
                      0.276258    0.000000    1.778518 ^ _15049_/A (sky130_fd_sc_hd__maj3_1)
     2    0.007255    0.151557    0.419789    2.198308 ^ _15049_/X (sky130_fd_sc_hd__maj3_1)
                                                         _05446_ (net)
                      0.151557    0.000000    2.198308 ^ _15205_/A (sky130_fd_sc_hd__xor2_1)
     2    0.003955    0.078725    0.171157    2.369465 v _15205_/X (sky130_fd_sc_hd__xor2_1)
                                                         _05618_ (net)
                      0.078725    0.000000    2.369465 v _15212_/B1 (sky130_fd_sc_hd__o21ai_0)
     2    0.004734    0.167479    0.158396    2.527861 ^ _15212_/Y (sky130_fd_sc_hd__o21ai_0)
                                                         _05626_ (net)
                      0.167479    0.000000    2.527861 ^ _15215_/A (sky130_fd_sc_hd__nand2_1)
     1    0.004300    0.093699    0.154308    2.682169 v _15215_/Y (sky130_fd_sc_hd__nand2_1)
                                                         _05629_ (net)
                      0.093699    0.000000    2.682169 v _17936_/A (sky130_fd_sc_hd__xnor2_1)
     2    0.007285    0.143009    0.276396    2.958565 v _17936_/Y (sky130_fd_sc_hd__xnor2_1)
                                                         _08621_ (net)
                      0.143009    0.000000    2.958565 v _18264_/B (sky130_fd_sc_hd__xnor2_1)
     2    0.004574    0.102680    0.257242    3.215807 v _18264_/Y (sky130_fd_sc_hd__xnor2_1)
                                                         _08982_ (net)
                      0.102680    0.000000    3.215807 v _18398_/B (sky130_fd_sc_hd__nand2b_1)
     1    0.002421    0.076061    0.115890    3.331697 ^ _18398_/Y (sky130_fd_sc_hd__nand2b_1)
                                                         _09128_ (net)
                      0.076061    0.000000    3.331697 ^ _18399_/B (sky130_fd_sc_hd__nand2_1)
     1    0.001838    0.055214    0.095707    3.427404 v _18399_/Y (sky130_fd_sc_hd__nand2_1)
                                                         fixed_pkg::s_narrow48$func$/headless/otolith/hdl/rtl/fixed_pkg.sv:130$9.$unnamed_block$1.v[0] (net)
                      0.055214    0.000000    3.427404 v _18572_/D (sky130_fd_sc_hd__dfrtp_1)
                                              3.427404   data arrival time

                      0.150000    0.000000    0.000000   clock clk (rise edge)
                                  0.000000    0.000000   clock network delay (ideal)
                                  0.250000    0.250000   clock uncertainty
                                  0.000000    0.250000   clock reconvergence pessimism
                                              0.250000 ^ _18572_/CLK (sky130_fd_sc_hd__dfrtp_1)
                                 -0.072288    0.177712   library hold time
                                              0.177712   data required time
---------------------------------------------------------------------------------------------
                                              0.177712   data required time
                                             -3.427404   data arrival time
---------------------------------------------------------------------------------------------
                                              3.249692   slack (MET)


Startpoint: _18559_ (rising edge-triggered flip-flop clocked by clk)
Endpoint: _18605_ (rising edge-triggered flip-flop clocked by clk)
Path Group: clk
Path Type: min

Fanout         Cap        Slew       Delay        Time   Description
---------------------------------------------------------------------------------------------
                      0.150000    0.000000    0.000000   clock clk (rise edge)
                                  0.000000    0.000000   clock network delay (ideal)
                      0.150000    0.000000    0.000000 ^ _18559_/CLK (sky130_fd_sc_hd__dfrtp_1)
    34    0.069946    0.648219    1.256506    1.256506 v _18559_/Q (sky130_fd_sc_hd__dfrtp_1)
                                                         b_r[53] (net)
                      0.648219    0.000000    1.256506 v _09576_/D (sky130_fd_sc_hd__nand4_1)
     2    0.007265    0.241962    0.446900    1.703407 ^ _09576_/Y (sky130_fd_sc_hd__nand4_1)
                                                         _04712_ (net)
                      0.241962    0.000000    1.703407 ^ _12117_/A (sky130_fd_sc_hd__maj3_1)
     2    0.006085    0.134994    0.394094    2.097501 ^ _12117_/X (sky130_fd_sc_hd__maj3_1)
                                                         _02221_ (net)
                      0.134994    0.000000    2.097501 ^ _12124_/A (sky130_fd_sc_hd__xor2_1)
     2    0.006566    0.098356    0.193228    2.290729 v _12124_/X (sky130_fd_sc_hd__xor2_1)
                                                         _02229_ (net)
                      0.098356    0.000000    2.290729 v _12126_/A (sky130_fd_sc_hd__nand2_1)
     2    0.004129    0.083134    0.115703    2.406433 ^ _12126_/Y (sky130_fd_sc_hd__nand2_1)
                                                         _02231_ (net)
                      0.083134    0.000000    2.406433 ^ _18101_/A (sky130_fd_sc_hd__nand2_1)
     1    0.004399    0.095670    0.119742    2.526175 v _18101_/Y (sky130_fd_sc_hd__nand2_1)
                                                         _08802_ (net)
                      0.095670    0.000000    2.526175 v _18102_/B (sky130_fd_sc_hd__xnor2_1)
     3    0.005971    0.121979    0.251008    2.777182 v _18102_/Y (sky130_fd_sc_hd__xnor2_1)
                                                         _08804_ (net)
                      0.121979    0.000000    2.777182 v _18105_/B (sky130_fd_sc_hd__nor2_1)
     1    0.002476    0.126810    0.154292    2.931475 ^ _18105_/Y (sky130_fd_sc_hd__nor2_1)
                                                         _08807_ (net)
                      0.126810    0.000000    2.931475 ^ _18106_/B (sky130_fd_sc_hd__nor2_1)
     3    0.008839    0.091089    0.133796    3.065271 v _18106_/Y (sky130_fd_sc_hd__nor2_1)
                                                         _08808_ (net)
                      0.091089    0.000000    3.065271 v _18338_/A (sky130_fd_sc_hd__xnor2_1)
     2    0.003316    0.083900    0.262340    3.327611 ^ _18338_/Y (sky130_fd_sc_hd__xnor2_1)
                                                         _09063_ (net)
                      0.083900    0.000000    3.327611 ^ _18434_/A1 (sky130_fd_sc_hd__o21ai_0)
     1    0.001838    0.097116    0.148326    3.475937 v _18434_/Y (sky130_fd_sc_hd__o21ai_0)
                                                         fixed_pkg::s_narrow48$func$/headless/otolith/hdl/rtl/fixed_pkg.sv:130$9.$unnamed_block$1.v[33] (net)
                      0.097116    0.000000    3.475937 v _18605_/D (sky130_fd_sc_hd__dfrtp_1)
                                              3.475937   data arrival time

                      0.150000    0.000000    0.000000   clock clk (rise edge)
                                  0.000000    0.000000   clock network delay (ideal)
                                  0.250000    0.250000   clock uncertainty
                                  0.000000    0.250000   clock reconvergence pessimism
                                              0.250000 ^ _18605_/CLK (sky130_fd_sc_hd__dfrtp_1)
                                 -0.087847    0.162153   library hold time
                                              0.162153   data required time
---------------------------------------------------------------------------------------------
                                              0.162153   data required time
                                             -3.475937   data arrival time
---------------------------------------------------------------------------------------------
                                              3.313784   slack (MET)


Startpoint: _18555_ (rising edge-triggered flip-flop clocked by clk)
Endpoint: _18602_ (rising edge-triggered flip-flop clocked by clk)
Path Group: clk
Path Type: min

Fanout         Cap        Slew       Delay        Time   Description
---------------------------------------------------------------------------------------------
                      0.150000    0.000000    0.000000   clock clk (rise edge)
                                  0.000000    0.000000   clock network delay (ideal)
                      0.150000    0.000000    0.000000 ^ _18555_/CLK (sky130_fd_sc_hd__dfrtp_1)
    34    0.069208    0.641777    1.251673    1.251673 v _18555_/Q (sky130_fd_sc_hd__dfrtp_1)
                                                         b_r[49] (net)
                      0.641777    0.000000    1.251673 v _10296_/D (sky130_fd_sc_hd__nand4_1)
     2    0.007265    0.240735    0.444900    1.696573 ^ _10296_/Y (sky130_fd_sc_hd__nand4_1)
                                                         _00254_ (net)
                      0.240735    0.000000    1.696573 ^ _10437_/A (sky130_fd_sc_hd__maj3_1)
     2    0.007019    0.148213    0.404556    2.101128 ^ _10437_/X (sky130_fd_sc_hd__maj3_1)
                                                         _00395_ (net)
                      0.148213    0.000000    2.101128 ^ _10554_/A (sky130_fd_sc_hd__xor2_1)
     2    0.006566    0.098354    0.198271    2.299399 v _10554_/X (sky130_fd_sc_hd__xor2_1)
                                                         _00512_ (net)
                      0.098354    0.000000    2.299399 v _10669_/A (sky130_fd_sc_hd__nand2_1)
     2    0.003435    0.074152    0.108158    2.407557 ^ _10669_/Y (sky130_fd_sc_hd__nand2_1)
                                                         _00628_ (net)
                      0.074152    0.000000    2.407557 ^ _17871_/B1 (sky130_fd_sc_hd__o21ai_0)
     1    0.004399    0.153299    0.179618    2.587175 v _17871_/Y (sky130_fd_sc_hd__o21ai_0)
                                                         _08549_ (net)
                      0.153299    0.000000    2.587175 v _17872_/B (sky130_fd_sc_hd__xnor2_1)
     2    0.006942    0.135254    0.350680    2.937855 ^ _17872_/Y (sky130_fd_sc_hd__xnor2_1)
                                                         _08551_ (net)
                      0.135254    0.000000    2.937855 ^ _17873_/B (sky130_fd_sc_hd__nand2_1)
     2    0.003857    0.089676    0.142699    3.080554 v _17873_/Y (sky130_fd_sc_hd__nand2_1)
                                                         _08552_ (net)
                      0.089676    0.000000    3.080554 v _18216_/A (sky130_fd_sc_hd__nand2_1)
     1    0.004499    0.087019    0.115532    3.196086 ^ _18216_/Y (sky130_fd_sc_hd__nand2_1)
                                                         _08929_ (net)
                      0.087019    0.000000    3.196086 ^ _18217_/B (sky130_fd_sc_hd__xnor2_1)
     2    0.003638    0.086859    0.133245    3.329330 v _18217_/Y (sky130_fd_sc_hd__xnor2_1)
                                                         _08930_ (net)
                      0.086859    0.000000    3.329330 v _18218_/A (sky130_fd_sc_hd__inv_1)
     1    0.001774    0.044792    0.075562    3.404893 ^ _18218_/Y (sky130_fd_sc_hd__inv_1)
                                                         _08931_ (net)
                      0.044792    0.000000    3.404893 ^ _18431_/A1 (sky130_fd_sc_hd__o21ai_0)
     1    0.001838    0.097041    0.131248    3.536141 v _18431_/Y (sky130_fd_sc_hd__o21ai_0)
                                                         fixed_pkg::s_narrow48$func$/headless/otolith/hdl/rtl/fixed_pkg.sv:130$9.$unnamed_block$1.v[30] (net)
                      0.097041    0.000000    3.536141 v _18602_/D (sky130_fd_sc_hd__dfrtp_1)
                                              3.536141   data arrival time

                      0.150000    0.000000    0.000000   clock clk (rise edge)
                                  0.000000    0.000000   clock network delay (ideal)
                                  0.250000    0.250000   clock uncertainty
                                  0.000000    0.250000   clock reconvergence pessimism
                                              0.250000 ^ _18602_/CLK (sky130_fd_sc_hd__dfrtp_1)
                                 -0.087819    0.162181   library hold time
                                              0.162181   data required time
---------------------------------------------------------------------------------------------
                                              0.162181   data required time
                                             -3.536141   data arrival time
---------------------------------------------------------------------------------------------
                                              3.373960   slack (MET)


Startpoint: _18555_ (rising edge-triggered flip-flop clocked by clk)
Endpoint: _18601_ (rising edge-triggered flip-flop clocked by clk)
Path Group: clk
Path Type: min

Fanout         Cap        Slew       Delay        Time   Description
---------------------------------------------------------------------------------------------
                      0.150000    0.000000    0.000000   clock clk (rise edge)
                                  0.000000    0.000000   clock network delay (ideal)
                      0.150000    0.000000    0.000000 ^ _18555_/CLK (sky130_fd_sc_hd__dfrtp_1)
    34    0.069208    0.641777    1.251673    1.251673 v _18555_/Q (sky130_fd_sc_hd__dfrtp_1)
                                                         b_r[49] (net)
                      0.641777    0.000000    1.251673 v _10296_/D (sky130_fd_sc_hd__nand4_1)
     2    0.007265    0.240735    0.444900    1.696573 ^ _10296_/Y (sky130_fd_sc_hd__nand4_1)
                                                         _00254_ (net)
                      0.240735    0.000000    1.696573 ^ _10437_/A (sky130_fd_sc_hd__maj3_1)
     2    0.007019    0.148213    0.404556    2.101128 ^ _10437_/X (sky130_fd_sc_hd__maj3_1)
                                                         _00395_ (net)
                      0.148213    0.000000    2.101128 ^ _10554_/A (sky130_fd_sc_hd__xor2_1)
     2    0.006566    0.098354    0.198271    2.299399 v _10554_/X (sky130_fd_sc_hd__xor2_1)
                                                         _00512_ (net)
                      0.098354    0.000000    2.299399 v _10669_/A (sky130_fd_sc_hd__nand2_1)
     2    0.003435    0.074152    0.108158    2.407557 ^ _10669_/Y (sky130_fd_sc_hd__nand2_1)
                                                         _00628_ (net)
                      0.074152    0.000000    2.407557 ^ _17871_/B1 (sky130_fd_sc_hd__o21ai_0)
     1    0.004399    0.153299    0.179618    2.587175 v _17871_/Y (sky130_fd_sc_hd__o21ai_0)
                                                         _08549_ (net)
                      0.153299    0.000000    2.587175 v _17872_/B (sky130_fd_sc_hd__xnor2_1)
     2    0.006942    0.135254    0.350680    2.937855 ^ _17872_/Y (sky130_fd_sc_hd__xnor2_1)
                                                         _08551_ (net)
                      0.135254    0.000000    2.937855 ^ _17874_/B (sky130_fd_sc_hd__xor2_1)
     3    0.007941    0.109323    0.201643    3.139498 v _17874_/X (sky130_fd_sc_hd__xor2_1)
                                                         _08553_ (net)
                      0.109323    0.000000    3.139498 v _18229_/A (sky130_fd_sc_hd__xnor2_1)
     2    0.003519    0.087630    0.275362    3.414860 ^ _18229_/Y (sky130_fd_sc_hd__xnor2_1)
                                                         _08943_ (net)
                      0.087630    0.000000    3.414860 ^ _18430_/A1 (sky130_fd_sc_hd__o21ai_0)
     1    0.001838    0.097202    0.149793    3.564652 v _18430_/Y (sky130_fd_sc_hd__o21ai_0)
                                                         fixed_pkg::s_narrow48$func$/headless/otolith/hdl/rtl/fixed_pkg.sv:130$9.$unnamed_block$1.v[29] (net)
                      0.097202    0.000000    3.564652 v _18601_/D (sky130_fd_sc_hd__dfrtp_1)
                                              3.564652   data arrival time

                      0.150000    0.000000    0.000000   clock clk (rise edge)
                                  0.000000    0.000000   clock network delay (ideal)
                                  0.250000    0.250000   clock uncertainty
                                  0.000000    0.250000   clock reconvergence pessimism
                                              0.250000 ^ _18601_/CLK (sky130_fd_sc_hd__dfrtp_1)
                                 -0.087879    0.162121   library hold time
                                              0.162121   data required time
---------------------------------------------------------------------------------------------
                                              0.162121   data required time
                                             -3.564652   data arrival time
---------------------------------------------------------------------------------------------
                                              3.402531   slack (MET)


Startpoint: _18559_ (rising edge-triggered flip-flop clocked by clk)
Endpoint: _18604_ (rising edge-triggered flip-flop clocked by clk)
Path Group: clk
Path Type: min

Fanout         Cap        Slew       Delay        Time   Description
---------------------------------------------------------------------------------------------
                      0.150000    0.000000    0.000000   clock clk (rise edge)
                                  0.000000    0.000000   clock network delay (ideal)
                      0.150000    0.000000    0.000000 ^ _18559_/CLK (sky130_fd_sc_hd__dfrtp_1)
    34    0.069946    0.648219    1.256506    1.256506 v _18559_/Q (sky130_fd_sc_hd__dfrtp_1)
                                                         b_r[53] (net)
                      0.648219    0.000000    1.256506 v _09576_/D (sky130_fd_sc_hd__nand4_1)
     2    0.007265    0.241962    0.446900    1.703407 ^ _09576_/Y (sky130_fd_sc_hd__nand4_1)
                                                         _04712_ (net)
                      0.241962    0.000000    1.703407 ^ _12117_/A (sky130_fd_sc_hd__maj3_1)
     2    0.006085    0.134994    0.394094    2.097501 ^ _12117_/X (sky130_fd_sc_hd__maj3_1)
                                                         _02221_ (net)
                      0.134994    0.000000    2.097501 ^ _12124_/A (sky130_fd_sc_hd__xor2_1)
     2    0.006566    0.098356    0.193228    2.290729 v _12124_/X (sky130_fd_sc_hd__xor2_1)
                                                         _02229_ (net)
                      0.098356    0.000000    2.290729 v _12127_/A (sky130_fd_sc_hd__xnor2_1)
     1    0.002174    0.068601    0.217233    2.507962 v _12127_/Y (sky130_fd_sc_hd__xnor2_1)
                                                         _02232_ (net)
                      0.068601    0.000000    2.507962 v _12128_/A (sky130_fd_sc_hd__inv_1)
     3    0.009358    0.131383    0.133395    2.641357 ^ _12128_/Y (sky130_fd_sc_hd__inv_1)
                                                         _02233_ (net)
                      0.131383    0.000000    2.641357 ^ _18108_/A (sky130_fd_sc_hd__xnor2_1)
     2    0.007070    0.137079    0.269477    2.910834 ^ _18108_/Y (sky130_fd_sc_hd__xnor2_1)
                                                         _08810_ (net)
                      0.137079    0.000000    2.910834 ^ _18109_/B (sky130_fd_sc_hd__xor2_1)
     3    0.008930    0.116829    0.213134    3.123969 v _18109_/X (sky130_fd_sc_hd__xor2_1)
                                                         _08811_ (net)
                      0.116829    0.000000    3.123969 v _18297_/A (sky130_fd_sc_hd__xor2_1)
     2    0.003118    0.173283    0.266607    3.390576 ^ _18297_/X (sky130_fd_sc_hd__xor2_1)
                                                         _09018_ (net)
                      0.173283    0.000000    3.390576 ^ _18433_/A1 (sky130_fd_sc_hd__o21ai_0)
     1    0.001838    0.099174    0.183479    3.574054 v _18433_/Y (sky130_fd_sc_hd__o21ai_0)
                                                         fixed_pkg::s_narrow48$func$/headless/otolith/hdl/rtl/fixed_pkg.sv:130$9.$unnamed_block$1.v[32] (net)
                      0.099174    0.000000    3.574054 v _18604_/D (sky130_fd_sc_hd__dfrtp_1)
                                              3.574054   data arrival time

                      0.150000    0.000000    0.000000   clock clk (rise edge)
                                  0.000000    0.000000   clock network delay (ideal)
                                  0.250000    0.250000   clock uncertainty
                                  0.000000    0.250000   clock reconvergence pessimism
                                              0.250000 ^ _18604_/CLK (sky130_fd_sc_hd__dfrtp_1)
                                 -0.088611    0.161389   library hold time
                                              0.161389   data required time
---------------------------------------------------------------------------------------------
                                              0.161389   data required time
                                             -3.574054   data arrival time
---------------------------------------------------------------------------------------------
                                              3.412665   slack (MET)


Startpoint: _18567_ (rising edge-triggered flip-flop clocked by clk)
Endpoint: _18612_ (rising edge-triggered flip-flop clocked by clk)
Path Group: clk
Path Type: min

Fanout         Cap        Slew       Delay        Time   Description
---------------------------------------------------------------------------------------------
                      0.150000    0.000000    0.000000   clock clk (rise edge)
                                  0.000000    0.000000   clock network delay (ideal)
                      0.150000    0.000000    0.000000 ^ _18567_/CLK (sky130_fd_sc_hd__dfrtp_1)
    35    0.075357    0.695453    1.291947    1.291947 v _18567_/Q (sky130_fd_sc_hd__dfrtp_1)
                                                         b_r[61] (net)
                      0.695453    0.000000    1.291947 v _11150_/A (sky130_fd_sc_hd__nand4_1)
     2    0.007265    0.249671    0.418074    1.710020 ^ _11150_/Y (sky130_fd_sc_hd__nand4_1)
                                                         _01157_ (net)
                      0.249671    0.000000    1.710020 ^ _17132_/A (sky130_fd_sc_hd__maj3_1)
     2    0.006213    0.136805    0.398294    2.108315 ^ _17132_/X (sky130_fd_sc_hd__maj3_1)
                                                         _07738_ (net)
                      0.136805    0.000000    2.108315 ^ _17140_/A (sky130_fd_sc_hd__xnor2_1)
     2    0.006020    0.122123    0.259904    2.368218 ^ _17140_/Y (sky130_fd_sc_hd__xnor2_1)
                                                         _07746_ (net)
                      0.122123    0.000000    2.368218 ^ _17143_/A (sky130_fd_sc_hd__xor2_1)
     4    0.010012    0.123983    0.225491    2.593709 v _17143_/X (sky130_fd_sc_hd__xor2_1)
                                                         _07750_ (net)
                      0.123983    0.000000    2.593709 v _18056_/B (sky130_fd_sc_hd__xor2_1)
     2    0.006283    0.267420    0.308347    2.902056 ^ _18056_/X (sky130_fd_sc_hd__xor2_1)
                                                         _08753_ (net)
                      0.267420    0.000000    2.902056 ^ _18057_/B (sky130_fd_sc_hd__xor2_1)
     3    0.008904    0.116722    0.266323    3.168379 v _18057_/X (sky130_fd_sc_hd__xor2_1)
                                                         _08754_ (net)
                      0.116722    0.000000    3.168379 v _18303_/A (sky130_fd_sc_hd__xnor2_1)
     2    0.004249    0.097001    0.296941    3.465320 ^ _18303_/Y (sky130_fd_sc_hd__xnor2_1)
                                                         _09025_ (net)
                      0.097001    0.000000    3.465320 ^ _18443_/A1 (sky130_fd_sc_hd__o21ai_0)
     1    0.001838    0.097417    0.153478    3.618798 v _18443_/Y (sky130_fd_sc_hd__o21ai_0)
                                                         fixed_pkg::s_narrow48$func$/headless/otolith/hdl/rtl/fixed_pkg.sv:130$9.$unnamed_block$1.v[40] (net)
                      0.097417    0.000000    3.618798 v _18612_/D (sky130_fd_sc_hd__dfrtp_1)
                                              3.618798   data arrival time

                      0.150000    0.000000    0.000000   clock clk (rise edge)
                                  0.000000    0.000000   clock network delay (ideal)
                                  0.250000    0.250000   clock uncertainty
                                  0.000000    0.250000   clock reconvergence pessimism
                                              0.250000 ^ _18612_/CLK (sky130_fd_sc_hd__dfrtp_1)
                                 -0.087959    0.162041   library hold time
                                              0.162041   data required time
---------------------------------------------------------------------------------------------
                                              0.162041   data required time
                                             -3.618798   data arrival time
---------------------------------------------------------------------------------------------
                                              3.456757   slack (MET)


Startpoint: _18567_ (rising edge-triggered flip-flop clocked by clk)
Endpoint: _18613_ (rising edge-triggered flip-flop clocked by clk)
Path Group: clk
Path Type: min

Fanout         Cap        Slew       Delay        Time   Description
---------------------------------------------------------------------------------------------
                      0.150000    0.000000    0.000000   clock clk (rise edge)
                                  0.000000    0.000000   clock network delay (ideal)
                      0.150000    0.000000    0.000000 ^ _18567_/CLK (sky130_fd_sc_hd__dfrtp_1)
    35    0.075357    0.695453    1.291947    1.291947 v _18567_/Q (sky130_fd_sc_hd__dfrtp_1)
                                                         b_r[61] (net)
                      0.695453    0.000000    1.291947 v _11150_/A (sky130_fd_sc_hd__nand4_1)
     2    0.007265    0.249671    0.418074    1.710020 ^ _11150_/Y (sky130_fd_sc_hd__nand4_1)
                                                         _01157_ (net)
                      0.249671    0.000000    1.710020 ^ _17132_/A (sky130_fd_sc_hd__maj3_1)
     2    0.006213    0.136805    0.398294    2.108315 ^ _17132_/X (sky130_fd_sc_hd__maj3_1)
                                                         _07738_ (net)
                      0.136805    0.000000    2.108315 ^ _17135_/B (sky130_fd_sc_hd__or3_1)
     2    0.004178    0.082986    0.212256    2.320570 ^ _17135_/X (sky130_fd_sc_hd__or3_1)
                                                         _07741_ (net)
                      0.082986    0.000000    2.320570 ^ _17136_/C (sky130_fd_sc_hd__nand3b_1)
     2    0.004611    0.166992    0.205583    2.526153 v _17136_/Y (sky130_fd_sc_hd__nand3b_1)
                                                         _07742_ (net)
                      0.166992    0.000000    2.526153 v _17139_/A (sky130_fd_sc_hd__nand2_1)
     3    0.009540    0.160854    0.202525    2.728678 ^ _17139_/Y (sky130_fd_sc_hd__nand2_1)
                                                         _07745_ (net)
                      0.160854    0.000000    2.728678 ^ _18043_/A (sky130_fd_sc_hd__xnor2_1)
     2    0.005883    0.120214    0.267323    2.996001 ^ _18043_/Y (sky130_fd_sc_hd__xnor2_1)
                                                         _08739_ (net)
                      0.120214    0.000000    2.996001 ^ _18045_/B (sky130_fd_sc_hd__xor2_1)
     3    0.007304    0.104507    0.188455    3.184457 v _18045_/X (sky130_fd_sc_hd__xor2_1)
                                                         _08741_ (net)
                      0.104507    0.000000    3.184457 v _18329_/A (sky130_fd_sc_hd__xnor2_1)
     2    0.004227    0.097803    0.291080    3.475536 ^ _18329_/Y (sky130_fd_sc_hd__xnor2_1)
                                                         _09053_ (net)
                      0.097803    0.000000    3.475536 ^ _18444_/A1 (sky130_fd_sc_hd__o21ai_0)
     1    0.001838    0.097436    0.153793    3.629330 v _18444_/Y (sky130_fd_sc_hd__o21ai_0)
                                                         fixed_pkg::s_narrow48$func$/headless/otolith/hdl/rtl/fixed_pkg.sv:130$9.$unnamed_block$1.v[41] (net)
                      0.097436    0.000000    3.629330 v _18613_/D (sky130_fd_sc_hd__dfrtp_1)
                                              3.629330   data arrival time

                      0.150000    0.000000    0.000000   clock clk (rise edge)
                                  0.000000    0.000000   clock network delay (ideal)
                                  0.250000    0.250000   clock uncertainty
                                  0.000000    0.250000   clock reconvergence pessimism
                                              0.250000 ^ _18613_/CLK (sky130_fd_sc_hd__dfrtp_1)
                                 -0.087966    0.162034   library hold time
                                              0.162034   data required time
---------------------------------------------------------------------------------------------
                                              0.162034   data required time
                                             -3.629330   data arrival time
---------------------------------------------------------------------------------------------
                                              3.467295   slack (MET)


Startpoint: _18528_ (rising edge-triggered flip-flop clocked by clk)
Endpoint: _18574_ (rising edge-triggered flip-flop clocked by clk)
Path Group: clk
Path Type: min

Fanout         Cap        Slew       Delay        Time   Description
---------------------------------------------------------------------------------------------
                      0.150000    0.000000    0.000000   clock clk (rise edge)
                                  0.000000    0.000000   clock network delay (ideal)
                      0.150000    0.000000    0.000000 ^ _18528_/CLK (sky130_fd_sc_hd__dfrtp_1)
    35    0.073661    0.680648    1.280838    1.280838 v _18528_/Q (sky130_fd_sc_hd__dfrtp_1)
                                                         b_r[22] (net)
                      0.680648    0.000000    1.280838 v _15183_/D (sky130_fd_sc_hd__nand4_1)
     3    0.009622    0.273216    0.491049    1.771887 ^ _15183_/Y (sky130_fd_sc_hd__nand4_1)
                                                         _05594_ (net)
                      0.273216    0.000000    1.771887 ^ _15513_/A (sky130_fd_sc_hd__maj3_1)
     2    0.005932    0.132827    0.403282    2.175169 ^ _15513_/X (sky130_fd_sc_hd__maj3_1)
                                                         _05957_ (net)
                      0.132827    0.000000    2.175169 ^ _15520_/A (sky130_fd_sc_hd__xnor2_1)
     2    0.007265    0.139861    0.272166    2.447335 ^ _15520_/Y (sky130_fd_sc_hd__xnor2_1)
                                                         _05964_ (net)
                      0.139861    0.000000    2.447335 ^ _15527_/A (sky130_fd_sc_hd__xnor2_1)
     2    0.005932    0.120875    0.260068    2.707403 ^ _15527_/Y (sky130_fd_sc_hd__xnor2_1)
                                                         _05972_ (net)
                      0.120875    0.000000    2.707403 ^ _17939_/A (sky130_fd_sc_hd__xnor2_1)
     3    0.008253    0.157153    0.219797    2.927200 v _17939_/Y (sky130_fd_sc_hd__xnor2_1)
                                                         _08624_ (net)
                      0.157153    0.000000    2.927200 v _17940_/B (sky130_fd_sc_hd__nor2_1)
     1    0.002462    0.129380    0.168173    3.095372 ^ _17940_/Y (sky130_fd_sc_hd__nor2_1)
                                                         _08625_ (net)
                      0.129380    0.000000    3.095372 ^ _18260_/B1 (sky130_fd_sc_hd__a21oi_1)
     1    0.004399    0.068173    0.104896    3.200268 v _18260_/Y (sky130_fd_sc_hd__a21oi_1)
                                                         _08977_ (net)
                      0.068173    0.000000    3.200268 v _18261_/B (sky130_fd_sc_hd__xnor2_1)
     2    0.004450    0.101628    0.220347    3.420615 v _18261_/Y (sky130_fd_sc_hd__xnor2_1)
                                                         _08978_ (net)
                      0.101628    0.000000    3.420615 v _18262_/A (sky130_fd_sc_hd__inv_1)
     1    0.001774    0.048059    0.080852    3.501466 ^ _18262_/Y (sky130_fd_sc_hd__inv_1)
                                                         _08980_ (net)
                      0.048059    0.000000    3.501466 ^ _18402_/A1 (sky130_fd_sc_hd__o21ai_0)
     1    0.001838    0.097038    0.132693    3.634160 v _18402_/Y (sky130_fd_sc_hd__o21ai_0)
                                                         fixed_pkg::s_narrow48$func$/headless/otolith/hdl/rtl/fixed_pkg.sv:130$9.$unnamed_block$1.v[2] (net)
                      0.097038    0.000000    3.634160 v _18574_/D (sky130_fd_sc_hd__dfrtp_1)
                                              3.634160   data arrival time

                      0.150000    0.000000    0.000000   clock clk (rise edge)
                                  0.000000    0.000000   clock network delay (ideal)
                                  0.250000    0.250000   clock uncertainty
                                  0.000000    0.250000   clock reconvergence pessimism
                                              0.250000 ^ _18574_/CLK (sky130_fd_sc_hd__dfrtp_1)
                                 -0.087818    0.162182   library hold time
                                              0.162182   data required time
---------------------------------------------------------------------------------------------
                                              0.162182   data required time
                                             -3.634160   data arrival time
---------------------------------------------------------------------------------------------
                                              3.471978   slack (MET)


Startpoint: _18531_ (rising edge-triggered flip-flop clocked by clk)
Endpoint: _18577_ (rising edge-triggered flip-flop clocked by clk)
Path Group: clk
Path Type: min

Fanout         Cap        Slew       Delay        Time   Description
---------------------------------------------------------------------------------------------
                      0.150000    0.000000    0.000000   clock clk (rise edge)
                                  0.000000    0.000000   clock network delay (ideal)
                      0.150000    0.000000    0.000000 ^ _18531_/CLK (sky130_fd_sc_hd__dfrtp_1)
    37    0.076812    0.708154    1.301476    1.301476 v _18531_/Q (sky130_fd_sc_hd__dfrtp_1)
                                                         b_r[25] (net)
                      0.708154    0.000000    1.301476 v _15286_/D (sky130_fd_sc_hd__nand4_1)
     2    0.007265    0.253371    0.465511    1.766987 ^ _15286_/Y (sky130_fd_sc_hd__nand4_1)
                                                         _05707_ (net)
                      0.253371    0.000000    1.766987 ^ _15441_/A (sky130_fd_sc_hd__maj3_1)
     2    0.006344    0.138783    0.401121    2.168108 ^ _15441_/X (sky130_fd_sc_hd__maj3_1)
                                                         _05877_ (net)
                      0.138783    0.000000    2.168108 ^ _15448_/A (sky130_fd_sc_hd__xnor2_1)
     2    0.006937    0.135197    0.270762    2.438870 ^ _15448_/Y (sky130_fd_sc_hd__xnor2_1)
                                                         _05885_ (net)
                      0.135197    0.000000    2.438870 ^ _15480_/A (sky130_fd_sc_hd__nand2_1)
     2    0.003171    0.083145    0.125834    2.564704 v _15480_/Y (sky130_fd_sc_hd__nand2_1)
                                                         _05920_ (net)
                      0.083145    0.000000    2.564704 v _17952_/B1 (sky130_fd_sc_hd__o21ai_0)
     1    0.004499    0.161606    0.156418    2.721122 ^ _17952_/Y (sky130_fd_sc_hd__o21ai_0)
                                                         _08639_ (net)
                      0.161606    0.000000    2.721122 ^ _17953_/B (sky130_fd_sc_hd__xnor2_1)
     2    0.006112    0.123569    0.265654    2.986776 ^ _17953_/Y (sky130_fd_sc_hd__xnor2_1)
                                                         _08640_ (net)
                      0.123569    0.000000    2.986776 ^ _17955_/B (sky130_fd_sc_hd__xnor2_1)
     2    0.004401    0.099496    0.156072    3.142848 v _17955_/Y (sky130_fd_sc_hd__xnor2_1)
                                                         _08642_ (net)
                      0.099496    0.000000    3.142848 v _17956_/A (sky130_fd_sc_hd__inv_1)
     2    0.006928    0.104678    0.126552    3.269400 ^ _17956_/Y (sky130_fd_sc_hd__inv_1)
                                                         _08643_ (net)
                      0.104678    0.000000    3.269400 ^ _18256_/B (sky130_fd_sc_hd__xnor2_1)
     2    0.004202    0.096294    0.220638    3.490038 ^ _18256_/Y (sky130_fd_sc_hd__xnor2_1)
                                                         _08973_ (net)
                      0.096294    0.000000    3.490038 ^ _18405_/A1 (sky130_fd_sc_hd__o21ai_0)
     1    0.001838    0.097401    0.153200    3.643239 v _18405_/Y (sky130_fd_sc_hd__o21ai_0)
                                                         fixed_pkg::s_narrow48$func$/headless/otolith/hdl/rtl/fixed_pkg.sv:130$9.$unnamed_block$1.v[5] (net)
                      0.097401    0.000000    3.643239 v _18577_/D (sky130_fd_sc_hd__dfrtp_1)
                                              3.643239   data arrival time

                      0.150000    0.000000    0.000000   clock clk (rise edge)
                                  0.000000    0.000000   clock network delay (ideal)
                                  0.250000    0.250000   clock uncertainty
                                  0.000000    0.250000   clock reconvergence pessimism
                                              0.250000 ^ _18577_/CLK (sky130_fd_sc_hd__dfrtp_1)
                                 -0.087953    0.162047   library hold time
                                              0.162047   data required time
---------------------------------------------------------------------------------------------
                                              0.162047   data required time
                                             -3.643239   data arrival time
---------------------------------------------------------------------------------------------
                                              3.481191   slack (MET)


Startpoint: _18551_ (rising edge-triggered flip-flop clocked by clk)
Endpoint: _18596_ (rising edge-triggered flip-flop clocked by clk)
Path Group: clk
Path Type: min

Fanout         Cap        Slew       Delay        Time   Description
---------------------------------------------------------------------------------------------
                      0.150000    0.000000    0.000000   clock clk (rise edge)
                                  0.000000    0.000000   clock network delay (ideal)
                      0.150000    0.000000    0.000000 ^ _18551_/CLK (sky130_fd_sc_hd__dfrtp_1)
    34    0.072446    0.670042    1.272880    1.272880 v _18551_/Q (sky130_fd_sc_hd__dfrtp_1)
                                                         b_r[45] (net)
                      0.670042    0.000000    1.272880 v _10761_/D (sky130_fd_sc_hd__nand4_1)
     2    0.007265    0.246116    0.453677    1.726557 ^ _10761_/Y (sky130_fd_sc_hd__nand4_1)
                                                         _00729_ (net)
                      0.246116    0.000000    1.726557 ^ _11016_/A (sky130_fd_sc_hd__maj3_1)
     2    0.006085    0.134993    0.395553    2.122110 ^ _11016_/X (sky130_fd_sc_hd__maj3_1)
                                                         _01010_ (net)
                      0.134993    0.000000    2.122110 ^ _11021_/A (sky130_fd_sc_hd__xor2_1)
     2    0.006566    0.098356    0.193228    2.315338 v _11021_/X (sky130_fd_sc_hd__xor2_1)
                                                         _01015_ (net)
                      0.098356    0.000000    2.315338 v _15552_/A (sky130_fd_sc_hd__xnor2_1)
     3    0.007334    0.143726    0.279274    2.594612 v _15552_/Y (sky130_fd_sc_hd__xnor2_1)
                                                         _06000_ (net)
                      0.143726    0.000000    2.594612 v _17912_/B (sky130_fd_sc_hd__xnor2_1)
     2    0.006261    0.125737    0.329471    2.924082 ^ _17912_/Y (sky130_fd_sc_hd__xnor2_1)
                                                         _08595_ (net)
                      0.125737    0.000000    2.924082 ^ _17913_/B (sky130_fd_sc_hd__xnor2_1)
     3    0.008854    0.165750    0.208960    3.133042 v _17913_/Y (sky130_fd_sc_hd__xnor2_1)
                                                         _08596_ (net)
                      0.165750    0.000000    3.133042 v _18277_/A (sky130_fd_sc_hd__xor2_1)
     2    0.004233    0.206515    0.313463    3.446505 ^ _18277_/X (sky130_fd_sc_hd__xor2_1)
                                                         _08996_ (net)
                      0.206515    0.000000    3.446505 ^ _18425_/A1 (sky130_fd_sc_hd__o21ai_0)
     1    0.001838    0.099939    0.196549    3.643054 v _18425_/Y (sky130_fd_sc_hd__o21ai_0)
                                                         fixed_pkg::s_narrow48$func$/headless/otolith/hdl/rtl/fixed_pkg.sv:130$9.$unnamed_block$1.v[24] (net)
                      0.099939    0.000000    3.643054 v _18596_/D (sky130_fd_sc_hd__dfrtp_1)
                                              3.643054   data arrival time

                      0.150000    0.000000    0.000000   clock clk (rise edge)
                                  0.000000    0.000000   clock network delay (ideal)
                                  0.250000    0.250000   clock uncertainty
                                  0.000000    0.250000   clock reconvergence pessimism
                                              0.250000 ^ _18596_/CLK (sky130_fd_sc_hd__dfrtp_1)
                                 -0.088895    0.161105   library hold time
                                              0.161105   data required time
---------------------------------------------------------------------------------------------
                                              0.161105   data required time
                                             -3.643054   data arrival time
---------------------------------------------------------------------------------------------
                                              3.481949   slack (MET)


Startpoint: _18528_ (rising edge-triggered flip-flop clocked by clk)
Endpoint: _18573_ (rising edge-triggered flip-flop clocked by clk)
Path Group: clk
Path Type: min

Fanout         Cap        Slew       Delay        Time   Description
---------------------------------------------------------------------------------------------
                      0.150000    0.000000    0.000000   clock clk (rise edge)
                                  0.000000    0.000000   clock network delay (ideal)
                      0.150000    0.000000    0.000000 ^ _18528_/CLK (sky130_fd_sc_hd__dfrtp_1)
    35    0.073661    0.680648    1.280838    1.280838 v _18528_/Q (sky130_fd_sc_hd__dfrtp_1)
                                                         b_r[22] (net)
                      0.680648    0.000000    1.280838 v _15183_/D (sky130_fd_sc_hd__nand4_1)
     3    0.009622    0.273216    0.491049    1.771887 ^ _15183_/Y (sky130_fd_sc_hd__nand4_1)
                                                         _05594_ (net)
                      0.273216    0.000000    1.771887 ^ _15513_/A (sky130_fd_sc_hd__maj3_1)
     2    0.005932    0.132827    0.403282    2.175169 ^ _15513_/X (sky130_fd_sc_hd__maj3_1)
                                                         _05957_ (net)
                      0.132827    0.000000    2.175169 ^ _15520_/A (sky130_fd_sc_hd__xnor2_1)
     2    0.007265    0.139861    0.272166    2.447335 ^ _15520_/Y (sky130_fd_sc_hd__xnor2_1)
                                                         _05964_ (net)
                      0.139861    0.000000    2.447335 ^ _15527_/A (sky130_fd_sc_hd__xnor2_1)
     2    0.005932    0.120875    0.260068    2.707403 ^ _15527_/Y (sky130_fd_sc_hd__xnor2_1)
                                                         _05972_ (net)
                      0.120875    0.000000    2.707403 ^ _17939_/A (sky130_fd_sc_hd__xnor2_1)
     3    0.008719    0.160651    0.283677    2.991080 ^ _17939_/Y (sky130_fd_sc_hd__xnor2_1)
                                                         _08624_ (net)
                      0.160651    0.000000    2.991080 ^ _17941_/B (sky130_fd_sc_hd__xnor2_1)
     3    0.009381    0.170732    0.300889    3.291969 ^ _17941_/Y (sky130_fd_sc_hd__xnor2_1)
                                                         _08626_ (net)
                      0.170732    0.000000    3.291969 ^ _18263_/B (sky130_fd_sc_hd__xor2_1)
     2    0.004634    0.083833    0.180603    3.472572 v _18263_/X (sky130_fd_sc_hd__xor2_1)
                                                         _08981_ (net)
                      0.083833    0.000000    3.472572 v _18400_/B (sky130_fd_sc_hd__nand2b_1)
     1    0.002421    0.073626    0.107016    3.579588 ^ _18400_/Y (sky130_fd_sc_hd__nand2b_1)
                                                         _09129_ (net)
                      0.073626    0.000000    3.579588 ^ _18401_/B (sky130_fd_sc_hd__nand2_1)
     1    0.001838    0.055210    0.094745    3.674333 v _18401_/Y (sky130_fd_sc_hd__nand2_1)
                                                         fixed_pkg::s_narrow48$func$/headless/otolith/hdl/rtl/fixed_pkg.sv:130$9.$unnamed_block$1.v[1] (net)
                      0.055210    0.000000    3.674333 v _18573_/D (sky130_fd_sc_hd__dfrtp_1)
                                              3.674333   data arrival time

                      0.150000    0.000000    0.000000   clock clk (rise edge)
                                  0.000000    0.000000   clock network delay (ideal)
                                  0.250000    0.250000   clock uncertainty
                                  0.000000    0.250000   clock reconvergence pessimism
                                              0.250000 ^ _18573_/CLK (sky130_fd_sc_hd__dfrtp_1)
                                 -0.072286    0.177714   library hold time
                                              0.177714   data required time
---------------------------------------------------------------------------------------------
                                              0.177714   data required time
                                             -3.674333   data arrival time
---------------------------------------------------------------------------------------------
                                              3.496619   slack (MET)


Startpoint: _18551_ (rising edge-triggered flip-flop clocked by clk)
Endpoint: _18597_ (rising edge-triggered flip-flop clocked by clk)
Path Group: clk
Path Type: min

Fanout         Cap        Slew       Delay        Time   Description
---------------------------------------------------------------------------------------------
                      0.150000    0.000000    0.000000   clock clk (rise edge)
                                  0.000000    0.000000   clock network delay (ideal)
                      0.150000    0.000000    0.000000 ^ _18551_/CLK (sky130_fd_sc_hd__dfrtp_1)
    34    0.072446    0.670042    1.272880    1.272880 v _18551_/Q (sky130_fd_sc_hd__dfrtp_1)
                                                         b_r[45] (net)
                      0.670042    0.000000    1.272880 v _10761_/D (sky130_fd_sc_hd__nand4_1)
     2    0.007265    0.246116    0.453677    1.726557 ^ _10761_/Y (sky130_fd_sc_hd__nand4_1)
                                                         _00729_ (net)
                      0.246116    0.000000    1.726557 ^ _11016_/A (sky130_fd_sc_hd__maj3_1)
     2    0.006085    0.134993    0.395553    2.122110 ^ _11016_/X (sky130_fd_sc_hd__maj3_1)
                                                         _01010_ (net)
                      0.134993    0.000000    2.122110 ^ _11021_/A (sky130_fd_sc_hd__xor2_1)
     2    0.006566    0.098356    0.193228    2.315338 v _11021_/X (sky130_fd_sc_hd__xor2_1)
                                                         _01015_ (net)
                      0.098356    0.000000    2.315338 v _11140_/A (sky130_fd_sc_hd__nand2_1)
     2    0.003423    0.073997    0.108028    2.423366 ^ _11140_/Y (sky130_fd_sc_hd__nand2_1)
                                                         _01146_ (net)
                      0.073997    0.000000    2.423366 ^ _17907_/B1 (sky130_fd_sc_hd__o21ai_0)
     1    0.004399    0.140198    0.179557    2.602923 v _17907_/Y (sky130_fd_sc_hd__o21ai_0)
                                                         _08589_ (net)
                      0.140198    0.000000    2.602923 v _17908_/B (sky130_fd_sc_hd__xnor2_1)
     3    0.008974    0.167826    0.307239    2.910161 v _17908_/Y (sky130_fd_sc_hd__xnor2_1)
                                                         _08590_ (net)
                      0.167826    0.000000    2.910161 v _17910_/B (sky130_fd_sc_hd__xnor2_1)
     2    0.006046    0.122832    0.334284    3.244445 ^ _17910_/Y (sky130_fd_sc_hd__xnor2_1)
                                                         _08592_ (net)
                      0.122832    0.000000    3.244445 ^ _18280_/A (sky130_fd_sc_hd__xor2_1)
     2    0.003923    0.078469    0.159867    3.404312 v _18280_/X (sky130_fd_sc_hd__xor2_1)
                                                         _08999_ (net)
                      0.078469    0.000000    3.404312 v _18426_/A1 (sky130_fd_sc_hd__o21ai_0)
     1    0.001853    0.199368    0.250212    3.654524 ^ _18426_/Y (sky130_fd_sc_hd__o21ai_0)
                                                         fixed_pkg::s_narrow48$func$/headless/otolith/hdl/rtl/fixed_pkg.sv:130$9.$unnamed_block$1.v[25] (net)
                      0.199368    0.000000    3.654524 ^ _18597_/D (sky130_fd_sc_hd__dfrtp_1)
                                              3.654524   data arrival time

                      0.150000    0.000000    0.000000   clock clk (rise edge)
                                  0.000000    0.000000   clock network delay (ideal)
                                  0.250000    0.250000   clock uncertainty
                                  0.000000    0.250000   clock reconvergence pessimism
                                              0.250000 ^ _18597_/CLK (sky130_fd_sc_hd__dfrtp_1)
                                 -0.093298    0.156702   library hold time
                                              0.156702   data required time
---------------------------------------------------------------------------------------------
                                              0.156702   data required time
                                             -3.654524   data arrival time
---------------------------------------------------------------------------------------------
                                              3.497822   slack (MET)


Startpoint: _18529_ (rising edge-triggered flip-flop clocked by clk)
Endpoint: _18576_ (rising edge-triggered flip-flop clocked by clk)
Path Group: clk
Path Type: min

Fanout         Cap        Slew       Delay        Time   Description
---------------------------------------------------------------------------------------------
                      0.150000    0.000000    0.000000   clock clk (rise edge)
                                  0.000000    0.000000   clock network delay (ideal)
                      0.150000    0.000000    0.000000 ^ _18529_/CLK (sky130_fd_sc_hd__dfrtp_1)
    36    0.075178    0.693890    1.290774    1.290774 v _18529_/Q (sky130_fd_sc_hd__dfrtp_1)
                                                         b_r[23] (net)
                      0.693890    0.000000    1.290774 v _15424_/D (sky130_fd_sc_hd__nand4_1)
     2    0.007255    0.250551    0.460929    1.751703 ^ _15424_/Y (sky130_fd_sc_hd__nand4_1)
                                                         _05859_ (net)
                      0.250551    0.000000    1.751703 ^ _15499_/A (sky130_fd_sc_hd__maj3_1)
     2    0.007601    0.156456    0.414792    2.166495 ^ _15499_/X (sky130_fd_sc_hd__maj3_1)
                                                         _05941_ (net)
                      0.156456    0.000000    2.166495 ^ _15505_/A (sky130_fd_sc_hd__xnor2_1)
     2    0.006937    0.135229    0.277338    2.443833 ^ _15505_/Y (sky130_fd_sc_hd__xnor2_1)
                                                         _05948_ (net)
                      0.135229    0.000000    2.443833 ^ _15517_/A (sky130_fd_sc_hd__nand2_1)
     2    0.003835    0.088504    0.134544    2.578377 v _15517_/Y (sky130_fd_sc_hd__nand2_1)
                                                         _05961_ (net)
                      0.088504    0.000000    2.578377 v _17926_/B1 (sky130_fd_sc_hd__o21ai_0)
     1    0.004521    0.162428    0.159417    2.737795 ^ _17926_/Y (sky130_fd_sc_hd__o21ai_0)
                                                         _08610_ (net)
                      0.162428    0.000000    2.737795 ^ _17927_/B (sky130_fd_sc_hd__xor2_1)
     3    0.008223    0.110817    0.216033    2.953827 v _17927_/X (sky130_fd_sc_hd__xor2_1)
                                                         _08611_ (net)
                      0.110817    0.000000    2.953827 v _18257_/A2 (sky130_fd_sc_hd__a21oi_1)
     1    0.004499    0.224589    0.282874    3.236701 ^ _18257_/Y (sky130_fd_sc_hd__a21oi_1)
                                                         _08974_ (net)
                      0.224589    0.000000    3.236701 ^ _18258_/B (sky130_fd_sc_hd__xnor2_1)
     2    0.004249    0.096879    0.271561    3.508261 ^ _18258_/Y (sky130_fd_sc_hd__xnor2_1)
                                                         _08975_ (net)
                      0.096879    0.000000    3.508261 ^ _18404_/A1 (sky130_fd_sc_hd__o21ai_0)
     1    0.001838    0.097415    0.153430    3.661691 v _18404_/Y (sky130_fd_sc_hd__o21ai_0)
                                                         fixed_pkg::s_narrow48$func$/headless/otolith/hdl/rtl/fixed_pkg.sv:130$9.$unnamed_block$1.v[4] (net)
                      0.097415    0.000000    3.661691 v _18576_/D (sky130_fd_sc_hd__dfrtp_1)
                                              3.661691   data arrival time

                      0.150000    0.000000    0.000000   clock clk (rise edge)
                                  0.000000    0.000000   clock network delay (ideal)
                                  0.250000    0.250000   clock uncertainty
                                  0.000000    0.250000   clock reconvergence pessimism
                                              0.250000 ^ _18576_/CLK (sky130_fd_sc_hd__dfrtp_1)
                                 -0.087958    0.162042   library hold time
                                              0.162042   data required time
---------------------------------------------------------------------------------------------
                                              0.162042   data required time
                                             -3.661691   data arrival time
---------------------------------------------------------------------------------------------
                                              3.499649   slack (MET)


Startpoint: _18555_ (rising edge-triggered flip-flop clocked by clk)
Endpoint: _18600_ (rising edge-triggered flip-flop clocked by clk)
Path Group: clk
Path Type: min

Fanout         Cap        Slew       Delay        Time   Description
---------------------------------------------------------------------------------------------
                      0.150000    0.000000    0.000000   clock clk (rise edge)
                                  0.000000    0.000000   clock network delay (ideal)
                      0.150000    0.000000    0.000000 ^ _18555_/CLK (sky130_fd_sc_hd__dfrtp_1)
    34    0.069208    0.641777    1.251673    1.251673 v _18555_/Q (sky130_fd_sc_hd__dfrtp_1)
                                                         b_r[49] (net)
                      0.641777    0.000000    1.251673 v _10296_/D (sky130_fd_sc_hd__nand4_1)
     2    0.007265    0.240735    0.444900    1.696573 ^ _10296_/Y (sky130_fd_sc_hd__nand4_1)
                                                         _00254_ (net)
                      0.240735    0.000000    1.696573 ^ _10437_/A (sky130_fd_sc_hd__maj3_1)
     2    0.007019    0.148213    0.404556    2.101128 ^ _10437_/X (sky130_fd_sc_hd__maj3_1)
                                                         _00395_ (net)
                      0.148213    0.000000    2.101128 ^ _10554_/A (sky130_fd_sc_hd__xor2_1)
     2    0.006566    0.098354    0.198271    2.299399 v _10554_/X (sky130_fd_sc_hd__xor2_1)
                                                         _00512_ (net)
                      0.098354    0.000000    2.299399 v _10670_/A (sky130_fd_sc_hd__xnor2_1)
     4    0.010528    0.191058    0.315990    2.615389 v _10670_/Y (sky130_fd_sc_hd__xnor2_1)
                                                         _00629_ (net)
                      0.191058    0.000000    2.615389 v _17876_/A (sky130_fd_sc_hd__xnor2_1)
     1    0.002174    0.068670    0.263036    2.878426 v _17876_/Y (sky130_fd_sc_hd__xnor2_1)
                                                         _08555_ (net)
                      0.068670    0.000000    2.878426 v _17877_/A (sky130_fd_sc_hd__inv_1)
     2    0.006920    0.101917    0.112546    2.990972 ^ _17877_/Y (sky130_fd_sc_hd__inv_1)
                                                         _08556_ (net)
                      0.101917    0.000000    2.990972 ^ _17879_/B (sky130_fd_sc_hd__xnor2_1)
     3    0.008260    0.156584    0.192848    3.183820 v _17879_/Y (sky130_fd_sc_hd__xnor2_1)
                                                         _08558_ (net)
                      0.156584    0.000000    3.183820 v _18337_/A (sky130_fd_sc_hd__xor2_1)
     2    0.003519    0.185299    0.293360    3.477180 ^ _18337_/X (sky130_fd_sc_hd__xor2_1)
                                                         _09062_ (net)
                      0.185299    0.000000    3.477180 ^ _18429_/A1 (sky130_fd_sc_hd__o21ai_0)
     1    0.001838    0.099450    0.188205    3.665385 v _18429_/Y (sky130_fd_sc_hd__o21ai_0)
                                                         fixed_pkg::s_narrow48$func$/headless/otolith/hdl/rtl/fixed_pkg.sv:130$9.$unnamed_block$1.v[28] (net)
                      0.099450    0.000000    3.665385 v _18600_/D (sky130_fd_sc_hd__dfrtp_1)
                                              3.665385   data arrival time

                      0.150000    0.000000    0.000000   clock clk (rise edge)
                                  0.000000    0.000000   clock network delay (ideal)
                                  0.250000    0.250000   clock uncertainty
                                  0.000000    0.250000   clock reconvergence pessimism
                                              0.250000 ^ _18600_/CLK (sky130_fd_sc_hd__dfrtp_1)
                                 -0.088714    0.161286   library hold time
                                              0.161286   data required time
---------------------------------------------------------------------------------------------
                                              0.161286   data required time
                                             -3.665385   data arrival time
---------------------------------------------------------------------------------------------
                                              3.504099   slack (MET)


Startpoint: _18559_ (rising edge-triggered flip-flop clocked by clk)
Endpoint: _18606_ (rising edge-triggered flip-flop clocked by clk)
Path Group: clk
Path Type: min

Fanout         Cap        Slew       Delay        Time   Description
---------------------------------------------------------------------------------------------
                      0.150000    0.000000    0.000000   clock clk (rise edge)
                                  0.000000    0.000000   clock network delay (ideal)
                      0.150000    0.000000    0.000000 ^ _18559_/CLK (sky130_fd_sc_hd__dfrtp_1)
    34    0.069946    0.648219    1.256506    1.256506 v _18559_/Q (sky130_fd_sc_hd__dfrtp_1)
                                                         b_r[53] (net)
                      0.648219    0.000000    1.256506 v _09576_/D (sky130_fd_sc_hd__nand4_1)
     2    0.007265    0.241962    0.446900    1.703407 ^ _09576_/Y (sky130_fd_sc_hd__nand4_1)
                                                         _04712_ (net)
                      0.241962    0.000000    1.703407 ^ _12117_/A (sky130_fd_sc_hd__maj3_1)
     2    0.006085    0.134994    0.394094    2.097501 ^ _12117_/X (sky130_fd_sc_hd__maj3_1)
                                                         _02221_ (net)
                      0.134994    0.000000    2.097501 ^ _12124_/A (sky130_fd_sc_hd__xor2_1)
     2    0.006566    0.098356    0.193228    2.290729 v _12124_/X (sky130_fd_sc_hd__xor2_1)
                                                         _02229_ (net)
                      0.098356    0.000000    2.290729 v _12126_/A (sky130_fd_sc_hd__nand2_1)
     2    0.004129    0.083134    0.115703    2.406433 ^ _12126_/Y (sky130_fd_sc_hd__nand2_1)
                                                         _02231_ (net)
                      0.083134    0.000000    2.406433 ^ _18101_/A (sky130_fd_sc_hd__nand2_1)
     1    0.004399    0.095670    0.119742    2.526175 v _18101_/Y (sky130_fd_sc_hd__nand2_1)
                                                         _08802_ (net)
                      0.095670    0.000000    2.526175 v _18102_/B (sky130_fd_sc_hd__xnor2_1)
     3    0.006510    0.129121    0.315357    2.841531 ^ _18102_/Y (sky130_fd_sc_hd__xnor2_1)
                                                         _08804_ (net)
                      0.129121    0.000000    2.841531 ^ _18103_/B (sky130_fd_sc_hd__and2_0)
     2    0.004921    0.153630    0.293729    3.135260 ^ _18103_/X (sky130_fd_sc_hd__and2_0)
                                                         _08805_ (net)
                      0.153630    0.000000    3.135260 ^ _18323_/B1 (sky130_fd_sc_hd__a21oi_1)
     1    0.004399    0.072572    0.114900    3.250160 v _18323_/Y (sky130_fd_sc_hd__a21oi_1)
                                                         _09047_ (net)
                      0.072572    0.000000    3.250160 v _18324_/B (sky130_fd_sc_hd__xnor2_1)
     2    0.004600    0.103819    0.224128    3.474288 v _18324_/Y (sky130_fd_sc_hd__xnor2_1)
                                                         _09048_ (net)
                      0.103819    0.000000    3.474288 v _18435_/B (sky130_fd_sc_hd__nand2b_1)
     1    0.002421    0.076208    0.116426    3.590714 ^ _18435_/Y (sky130_fd_sc_hd__nand2b_1)
                                                         _09135_ (net)
                      0.076208    0.000000    3.590714 ^ _18436_/B (sky130_fd_sc_hd__nand2_1)
     1    0.001838    0.055215    0.095765    3.686479 v _18436_/Y (sky130_fd_sc_hd__nand2_1)
                                                         fixed_pkg::s_narrow48$func$/headless/otolith/hdl/rtl/fixed_pkg.sv:130$9.$unnamed_block$1.v[34] (net)
                      0.055215    0.000000    3.686479 v _18606_/D (sky130_fd_sc_hd__dfrtp_1)
                                              3.686479   data arrival time

                      0.150000    0.000000    0.000000   clock clk (rise edge)
                                  0.000000    0.000000   clock network delay (ideal)
                                  0.250000    0.250000   clock uncertainty
                                  0.000000    0.250000   clock reconvergence pessimism
                                              0.250000 ^ _18606_/CLK (sky130_fd_sc_hd__dfrtp_1)
                                 -0.072288    0.177712   library hold time
                                              0.177712   data required time
---------------------------------------------------------------------------------------------
                                              0.177712   data required time
                                             -3.686479   data arrival time
---------------------------------------------------------------------------------------------
                                              3.508768   slack (MET)


Startpoint: _18544_ (rising edge-triggered flip-flop clocked by clk)
Endpoint: _18589_ (rising edge-triggered flip-flop clocked by clk)
Path Group: clk
Path Type: min

Fanout         Cap        Slew       Delay        Time   Description
---------------------------------------------------------------------------------------------
                      0.150000    0.000000    0.000000   clock clk (rise edge)
                                  0.000000    0.000000   clock network delay (ideal)
                      0.150000    0.000000    0.000000 ^ _18544_/CLK (sky130_fd_sc_hd__dfrtp_1)
    35    0.075182    0.693925    1.290800    1.290800 v _18544_/Q (sky130_fd_sc_hd__dfrtp_1)
                                                         b_r[38] (net)
                      0.693925    0.000000    1.290800 v _13622_/D (sky130_fd_sc_hd__nand4_1)
     2    0.007265    0.250662    0.461092    1.751893 ^ _13622_/Y (sky130_fd_sc_hd__nand4_1)
                                                         _03877_ (net)
                      0.250662    0.000000    1.751893 ^ _14020_/A (sky130_fd_sc_hd__maj3_1)
     2    0.006344    0.138659    0.400170    2.152063 ^ _14020_/X (sky130_fd_sc_hd__maj3_1)
                                                         _04314_ (net)
                      0.138659    0.000000    2.152063 ^ _14036_/A (sky130_fd_sc_hd__xnor2_1)
     3    0.009396    0.170701    0.297472    2.449534 ^ _14036_/Y (sky130_fd_sc_hd__xnor2_1)
                                                         _04332_ (net)
                      0.170701    0.000000    2.449534 ^ _14040_/A (sky130_fd_sc_hd__xnor2_1)
     3    0.009538    0.172860    0.310942    2.760476 ^ _14040_/Y (sky130_fd_sc_hd__xnor2_1)
                                                         _04336_ (net)
                      0.172860    0.000000    2.760476 ^ _18019_/A (sky130_fd_sc_hd__xnor2_1)
     2    0.005883    0.120236    0.271782    3.032258 ^ _18019_/Y (sky130_fd_sc_hd__xnor2_1)
                                                         _08712_ (net)
                      0.120236    0.000000    3.032258 ^ _18021_/B (sky130_fd_sc_hd__xor2_1)
     3    0.008176    0.111134    0.197931    3.230189 v _18021_/X (sky130_fd_sc_hd__xor2_1)
                                                         _08714_ (net)
                      0.111134    0.000000    3.230189 v _18273_/A (sky130_fd_sc_hd__xnor2_1)
     2    0.004285    0.098630    0.295419    3.525608 ^ _18273_/Y (sky130_fd_sc_hd__xnor2_1)
                                                         _08992_ (net)
                      0.098630    0.000000    3.525608 ^ _18417_/A1 (sky130_fd_sc_hd__o21ai_0)
     1    0.001838    0.097455    0.154119    3.679727 v _18417_/Y (sky130_fd_sc_hd__o21ai_0)
                                                         fixed_pkg::s_narrow48$func$/headless/otolith/hdl/rtl/fixed_pkg.sv:130$9.$unnamed_block$1.v[17] (net)
                      0.097455    0.000000    3.679727 v _18589_/D (sky130_fd_sc_hd__dfrtp_1)
                                              3.679727   data arrival time

                      0.150000    0.000000    0.000000   clock clk (rise edge)
                                  0.000000    0.000000   clock network delay (ideal)
                                  0.250000    0.250000   clock uncertainty
                                  0.000000    0.250000   clock reconvergence pessimism
                                              0.250000 ^ _18589_/CLK (sky130_fd_sc_hd__dfrtp_1)
                                 -0.087973    0.162027   library hold time
                                              0.162027   data required time
---------------------------------------------------------------------------------------------
                                              0.162027   data required time
                                             -3.679727   data arrival time
---------------------------------------------------------------------------------------------
                                              3.517699   slack (MET)


Startpoint: _18539_ (rising edge-triggered flip-flop clocked by clk)
Endpoint: _18584_ (rising edge-triggered flip-flop clocked by clk)
Path Group: clk
Path Type: min

Fanout         Cap        Slew       Delay        Time   Description
---------------------------------------------------------------------------------------------
                      0.150000    0.000000    0.000000   clock clk (rise edge)
                                  0.000000    0.000000   clock network delay (ideal)
                      0.150000    0.000000    0.000000 ^ _18539_/CLK (sky130_fd_sc_hd__dfrtp_1)
    36    0.076025    0.701284    1.296322    1.296322 v _18539_/Q (sky130_fd_sc_hd__dfrtp_1)
                                                         b_r[33] (net)
                      0.701284    0.000000    1.296322 v _12142_/D (sky130_fd_sc_hd__nand4_1)
     2    0.007265    0.252063    0.463377    1.759699 ^ _12142_/Y (sky130_fd_sc_hd__nand4_1)
                                                         _02249_ (net)
                      0.252063    0.000000    1.759699 ^ _13692_/A (sky130_fd_sc_hd__maj3_1)
     2    0.006334    0.138518    0.400545    2.160244 ^ _13692_/X (sky130_fd_sc_hd__maj3_1)
                                                         _03954_ (net)
                      0.138518    0.000000    2.160244 ^ _13697_/A (sky130_fd_sc_hd__xor2_1)
     2    0.005804    0.092626    0.186289    2.346534 v _13697_/X (sky130_fd_sc_hd__xor2_1)
                                                         _03959_ (net)
                      0.092626    0.000000    2.346534 v _13700_/A (sky130_fd_sc_hd__xnor2_1)
     3    0.008830    0.165673    0.293932    2.640466 v _13700_/Y (sky130_fd_sc_hd__xnor2_1)
                                                         _03962_ (net)
                      0.165673    0.000000    2.640466 v _17967_/A (sky130_fd_sc_hd__xnor2_1)
     2    0.006984    0.135929    0.387098    3.027564 ^ _17967_/Y (sky130_fd_sc_hd__xnor2_1)
                                                         _08655_ (net)
                      0.135929    0.000000    3.027564 ^ _17968_/B (sky130_fd_sc_hd__xor2_1)
     3    0.008808    0.115901    0.211331    3.238895 v _17968_/X (sky130_fd_sc_hd__xor2_1)
                                                         _08656_ (net)
                      0.115901    0.000000    3.238895 v _18237_/A (sky130_fd_sc_hd__xnor2_1)
     2    0.004267    0.097272    0.297037    3.535932 ^ _18237_/Y (sky130_fd_sc_hd__xnor2_1)
                                                         _08952_ (net)
                      0.097272    0.000000    3.535932 ^ _18412_/A1 (sky130_fd_sc_hd__o21ai_0)
     1    0.001838    0.097424    0.153585    3.689516 v _18412_/Y (sky130_fd_sc_hd__o21ai_0)
                                                         fixed_pkg::s_narrow48$func$/headless/otolith/hdl/rtl/fixed_pkg.sv:130$9.$unnamed_block$1.v[12] (net)
                      0.097424    0.000000    3.689516 v _18584_/D (sky130_fd_sc_hd__dfrtp_1)
                                              3.689516   data arrival time

                      0.150000    0.000000    0.000000   clock clk (rise edge)
                                  0.000000    0.000000   clock network delay (ideal)
                                  0.250000    0.250000   clock uncertainty
                                  0.000000    0.250000   clock reconvergence pessimism
                                              0.250000 ^ _18584_/CLK (sky130_fd_sc_hd__dfrtp_1)
                                 -0.087961    0.162039   library hold time
                                              0.162039   data required time
---------------------------------------------------------------------------------------------
                                              0.162039   data required time
                                             -3.689516   data arrival time
---------------------------------------------------------------------------------------------
                                              3.527478   slack (MET)


Startpoint: _18546_ (rising edge-triggered flip-flop clocked by clk)
Endpoint: _18592_ (rising edge-triggered flip-flop clocked by clk)
Path Group: clk
Path Type: min

Fanout         Cap        Slew       Delay        Time   Description
---------------------------------------------------------------------------------------------
                      0.150000    0.000000    0.000000   clock clk (rise edge)
                                  0.000000    0.000000   clock network delay (ideal)
                      0.150000    0.000000    0.000000 ^ _18546_/CLK (sky130_fd_sc_hd__dfrtp_1)
    37    0.077710    0.715993    1.307358    1.307358 v _18546_/Q (sky130_fd_sc_hd__dfrtp_1)
                                                         b_r[40] (net)
                      0.715993    0.000000    1.307358 v _13913_/C (sky130_fd_sc_hd__nand4_1)
     3    0.009632    0.288135    0.525184    1.832542 ^ _13913_/Y (sky130_fd_sc_hd__nand4_1)
                                                         _04197_ (net)
                      0.288135    0.000000    1.832542 ^ _14004_/A (sky130_fd_sc_hd__maj3_1)
     2    0.007019    0.148213    0.421208    2.253750 ^ _14004_/X (sky130_fd_sc_hd__maj3_1)
                                                         _04297_ (net)
                      0.148213    0.000000    2.253750 ^ _14010_/A (sky130_fd_sc_hd__xor2_1)
     2    0.006566    0.098354    0.198271    2.452021 v _14010_/X (sky130_fd_sc_hd__xor2_1)
                                                         _04303_ (net)
                      0.098354    0.000000    2.452021 v _14024_/A (sky130_fd_sc_hd__nand2_1)
     2    0.003423    0.073996    0.108027    2.560048 ^ _14024_/Y (sky130_fd_sc_hd__nand2_1)
                                                         _04319_ (net)
                      0.073996    0.000000    2.560048 ^ _18004_/B1 (sky130_fd_sc_hd__o21ai_0)
     1    0.004399    0.140376    0.179557    2.739604 v _18004_/Y (sky130_fd_sc_hd__o21ai_0)
                                                         _08696_ (net)
                      0.140376    0.000000    2.739604 v _18005_/B (sky130_fd_sc_hd__xnor2_1)
     2    0.006942    0.135271    0.345200    3.084804 ^ _18005_/Y (sky130_fd_sc_hd__xnor2_1)
                                                         _08697_ (net)
                      0.135271    0.000000    3.084804 ^ _18006_/B (sky130_fd_sc_hd__nand2_1)
     2    0.003857    0.089677    0.142706    3.227510 v _18006_/Y (sky130_fd_sc_hd__nand2_1)
                                                         _08698_ (net)
                      0.089677    0.000000    3.227510 v _18292_/A (sky130_fd_sc_hd__nand2_1)
     1    0.004521    0.087325    0.115754    3.343264 ^ _18292_/Y (sky130_fd_sc_hd__nand2_1)
                                                         _09013_ (net)
                      0.087325    0.000000    3.343264 ^ _18293_/B (sky130_fd_sc_hd__xor2_1)
     2    0.004434    0.082327    0.143535    3.486800 v _18293_/X (sky130_fd_sc_hd__xor2_1)
                                                         _09014_ (net)
                      0.082327    0.000000    3.486800 v _18294_/A (sky130_fd_sc_hd__inv_1)
     1    0.001774    0.043789    0.073940    3.560739 ^ _18294_/Y (sky130_fd_sc_hd__inv_1)
                                                         _09015_ (net)
                      0.043789    0.000000    3.560739 ^ _18421_/A1 (sky130_fd_sc_hd__o21ai_0)
     1    0.001838    0.097042    0.130805    3.691544 v _18421_/Y (sky130_fd_sc_hd__o21ai_0)
                                                         fixed_pkg::s_narrow48$func$/headless/otolith/hdl/rtl/fixed_pkg.sv:130$9.$unnamed_block$1.v[20] (net)
                      0.097042    0.000000    3.691544 v _18592_/D (sky130_fd_sc_hd__dfrtp_1)
                                              3.691544   data arrival time

                      0.150000    0.000000    0.000000   clock clk (rise edge)
                                  0.000000    0.000000   clock network delay (ideal)
                                  0.250000    0.250000   clock uncertainty
                                  0.000000    0.250000   clock reconvergence pessimism
                                              0.250000 ^ _18592_/CLK (sky130_fd_sc_hd__dfrtp_1)
                                 -0.087819    0.162181   library hold time
                                              0.162181   data required time
---------------------------------------------------------------------------------------------
                                              0.162181   data required time
                                             -3.691544   data arrival time
---------------------------------------------------------------------------------------------
                                              3.529363   slack (MET)


Startpoint: _18547_ (rising edge-triggered flip-flop clocked by clk)
Endpoint: _18593_ (rising edge-triggered flip-flop clocked by clk)
Path Group: clk
Path Type: min

Fanout         Cap        Slew       Delay        Time   Description
---------------------------------------------------------------------------------------------
                      0.150000    0.000000    0.000000   clock clk (rise edge)
                                  0.000000    0.000000   clock network delay (ideal)
                      0.150000    0.000000    0.000000 ^ _18547_/CLK (sky130_fd_sc_hd__dfrtp_1)
    36    0.075959    0.700708    1.295889    1.295889 v _18547_/Q (sky130_fd_sc_hd__dfrtp_1)
                                                         b_r[41] (net)
                      0.700708    0.000000    1.295889 v _13774_/D (sky130_fd_sc_hd__nand4_1)
     2    0.007255    0.251848    0.463045    1.758934 ^ _13774_/Y (sky130_fd_sc_hd__nand4_1)
                                                         _04044_ (net)
                      0.251848    0.000000    1.758934 ^ _13936_/A (sky130_fd_sc_hd__maj3_1)
     2    0.006085    0.134993    0.397566    2.156500 ^ _13936_/X (sky130_fd_sc_hd__maj3_1)
                                                         _04222_ (net)
                      0.134993    0.000000    2.156500 ^ _13941_/A (sky130_fd_sc_hd__xor2_1)
     2    0.003017    0.071307    0.154347    2.310847 v _13941_/X (sky130_fd_sc_hd__xor2_1)
                                                         _04227_ (net)
                      0.071307    0.000000    2.310847 v _13979_/B1 (sky130_fd_sc_hd__o21ai_0)
     3    0.006334    0.208703    0.183129    2.493976 ^ _13979_/Y (sky130_fd_sc_hd__o21ai_0)
                                                         _04269_ (net)
                      0.208703    0.000000    2.493976 ^ _17999_/B1 (sky130_fd_sc_hd__o21ai_0)
     1    0.004243    0.141796    0.234104    2.728079 v _17999_/Y (sky130_fd_sc_hd__o21ai_0)
                                                         _08690_ (net)
                      0.141796    0.000000    2.728079 v _18000_/B (sky130_fd_sc_hd__xor2_1)
     2    0.005883    0.255527    0.306657    3.034736 ^ _18000_/X (sky130_fd_sc_hd__xor2_1)
                                                         _08691_ (net)
                      0.255527    0.000000    3.034736 ^ _18002_/B (sky130_fd_sc_hd__xor2_1)
     3    0.008176    0.111184    0.253434    3.288170 v _18002_/X (sky130_fd_sc_hd__xor2_1)
                                                         _08694_ (net)
                      0.111184    0.000000    3.288170 v _18339_/A (sky130_fd_sc_hd__xnor2_1)
     2    0.003148    0.082605    0.266761    3.554931 ^ _18339_/Y (sky130_fd_sc_hd__xnor2_1)
                                                         _09064_ (net)
                      0.082605    0.000000    3.554931 ^ _18422_/A1 (sky130_fd_sc_hd__o21ai_0)
     1    0.001838    0.097086    0.147816    3.702748 v _18422_/Y (sky130_fd_sc_hd__o21ai_0)
                                                         fixed_pkg::s_narrow48$func$/headless/otolith/hdl/rtl/fixed_pkg.sv:130$9.$unnamed_block$1.v[21] (net)
                      0.097086    0.000000    3.702748 v _18593_/D (sky130_fd_sc_hd__dfrtp_1)
                                              3.702748   data arrival time

                      0.150000    0.000000    0.000000   clock clk (rise edge)
                                  0.000000    0.000000   clock network delay (ideal)
                                  0.250000    0.250000   clock uncertainty
                                  0.000000    0.250000   clock reconvergence pessimism
                                              0.250000 ^ _18593_/CLK (sky130_fd_sc_hd__dfrtp_1)
                                 -0.087836    0.162164   library hold time
                                              0.162164   data required time
---------------------------------------------------------------------------------------------
                                              0.162164   data required time
                                             -3.702748   data arrival time
---------------------------------------------------------------------------------------------
                                              3.540583   slack (MET)


Startpoint: _18565_ (rising edge-triggered flip-flop clocked by clk)
Endpoint: _18609_ (rising edge-triggered flip-flop clocked by clk)
Path Group: clk
Path Type: min

Fanout         Cap        Slew       Delay        Time   Description
---------------------------------------------------------------------------------------------
                      0.150000    0.000000    0.000000   clock clk (rise edge)
                                  0.000000    0.000000   clock network delay (ideal)
                      0.150000    0.000000    0.000000 ^ _18565_/CLK (sky130_fd_sc_hd__dfrtp_1)
    34    0.073529    0.679496    1.279974    1.279974 v _18565_/Q (sky130_fd_sc_hd__dfrtp_1)
                                                         b_r[59] (net)
                      0.679496    0.000000    1.279974 v _11548_/A (sky130_fd_sc_hd__nand4_1)
     3    0.009632    0.272367    0.454942    1.734916 ^ _11548_/Y (sky130_fd_sc_hd__nand4_1)
                                                         _01595_ (net)
                      0.272367    0.000000    1.734916 ^ _11969_/A (sky130_fd_sc_hd__maj3_1)
     2    0.007019    0.148213    0.415668    2.150584 ^ _11969_/X (sky130_fd_sc_hd__maj3_1)
                                                         _02058_ (net)
                      0.148213    0.000000    2.150584 ^ _11976_/A (sky130_fd_sc_hd__xor2_1)
     2    0.003955    0.078725    0.169883    2.320468 v _11976_/X (sky130_fd_sc_hd__xor2_1)
                                                         _02066_ (net)
                      0.078725    0.000000    2.320468 v _12028_/B1 (sky130_fd_sc_hd__o21ai_0)
     3    0.005454    0.186030    0.170977    2.491445 ^ _12028_/Y (sky130_fd_sc_hd__o21ai_0)
                                                         _02123_ (net)
                      0.186030    0.000000    2.491445 ^ _12031_/A (sky130_fd_sc_hd__nand2_1)
     1    0.004263    0.093118    0.161652    2.653097 v _12031_/Y (sky130_fd_sc_hd__nand2_1)
                                                         _02126_ (net)
                      0.093118    0.000000    2.653097 v _18085_/A (sky130_fd_sc_hd__xor2_1)
     3    0.007917    0.108555    0.343435    2.996531 v _18085_/X (sky130_fd_sc_hd__xor2_1)
                                                         _08785_ (net)
                      0.108555    0.000000    2.996531 v _18087_/B (sky130_fd_sc_hd__nand2_1)
     1    0.002421    0.069636    0.113399    3.109931 ^ _18087_/Y (sky130_fd_sc_hd__nand2_1)
                                                         _08787_ (net)
                      0.069636    0.000000    3.109931 ^ _18089_/B (sky130_fd_sc_hd__nand2_1)
     2    0.005949    0.119206    0.142543    3.252474 v _18089_/Y (sky130_fd_sc_hd__nand2_1)
                                                         _08789_ (net)
                      0.119206    0.000000    3.252474 v _18342_/A (sky130_fd_sc_hd__xnor2_1)
     2    0.004285    0.097359    0.298926    3.551399 ^ _18342_/Y (sky130_fd_sc_hd__xnor2_1)
                                                         _09068_ (net)
                      0.097359    0.000000    3.551399 ^ _18439_/A1 (sky130_fd_sc_hd__o21ai_0)
     1    0.001838    0.097426    0.153619    3.705018 v _18439_/Y (sky130_fd_sc_hd__o21ai_0)
                                                         fixed_pkg::s_narrow48$func$/headless/otolith/hdl/rtl/fixed_pkg.sv:130$9.$unnamed_block$1.v[37] (net)
                      0.097426    0.000000    3.705018 v _18609_/D (sky130_fd_sc_hd__dfrtp_1)
                                              3.705018   data arrival time

                      0.150000    0.000000    0.000000   clock clk (rise edge)
                                  0.000000    0.000000   clock network delay (ideal)
                                  0.250000    0.250000   clock uncertainty
                                  0.000000    0.250000   clock reconvergence pessimism
                                              0.250000 ^ _18609_/CLK (sky130_fd_sc_hd__dfrtp_1)
                                 -0.087962    0.162038   library hold time
                                              0.162038   data required time
---------------------------------------------------------------------------------------------
                                              0.162038   data required time
                                             -3.705018   data arrival time
---------------------------------------------------------------------------------------------
                                              3.542980   slack (MET)


Startpoint: _18555_ (rising edge-triggered flip-flop clocked by clk)
Endpoint: _18599_ (rising edge-triggered flip-flop clocked by clk)
Path Group: clk
Path Type: min

Fanout         Cap        Slew       Delay        Time   Description
---------------------------------------------------------------------------------------------
                      0.150000    0.000000    0.000000   clock clk (rise edge)
                                  0.000000    0.000000   clock network delay (ideal)
                      0.150000    0.000000    0.000000 ^ _18555_/CLK (sky130_fd_sc_hd__dfrtp_1)
    34    0.069208    0.641777    1.251673    1.251673 v _18555_/Q (sky130_fd_sc_hd__dfrtp_1)
                                                         b_r[49] (net)
                      0.641777    0.000000    1.251673 v _10406_/C (sky130_fd_sc_hd__nand4_1)
     2    0.007265    0.247370    0.462964    1.714636 ^ _10406_/Y (sky130_fd_sc_hd__nand4_1)
                                                         _00364_ (net)
                      0.247370    0.000000    1.714636 ^ _10665_/A (sky130_fd_sc_hd__maj3_1)
     2    0.006344    0.138659    0.399014    2.113650 ^ _10665_/X (sky130_fd_sc_hd__maj3_1)
                                                         _00624_ (net)
                      0.138659    0.000000    2.113650 ^ _10677_/A (sky130_fd_sc_hd__xnor2_1)
     3    0.009467    0.171752    0.298223    2.411873 ^ _10677_/Y (sky130_fd_sc_hd__xnor2_1)
                                                         _00637_ (net)
                      0.171752    0.000000    2.411873 ^ _10790_/A (sky130_fd_sc_hd__xnor2_1)
     3    0.009565    0.173262    0.311620    2.723493 ^ _10790_/Y (sky130_fd_sc_hd__xnor2_1)
                                                         _00761_ (net)
                      0.173262    0.000000    2.723493 ^ _17883_/A (sky130_fd_sc_hd__xnor2_1)
     2    0.006920    0.135018    0.283404    3.006896 ^ _17883_/Y (sky130_fd_sc_hd__xnor2_1)
                                                         _08563_ (net)
                      0.135018    0.000000    3.006896 ^ _17885_/B (sky130_fd_sc_hd__xnor2_1)
     4    0.009927    0.182013    0.224733    3.231630 v _17885_/Y (sky130_fd_sc_hd__xnor2_1)
                                                         _08565_ (net)
                      0.182013    0.000000    3.231630 v _18278_/A (sky130_fd_sc_hd__xnor2_1)
     2    0.004250    0.096994    0.325333    3.556963 ^ _18278_/Y (sky130_fd_sc_hd__xnor2_1)
                                                         _08997_ (net)
                      0.096994    0.000000    3.556963 ^ _18428_/A1 (sky130_fd_sc_hd__o21ai_0)
     1    0.001838    0.097417    0.153475    3.710438 v _18428_/Y (sky130_fd_sc_hd__o21ai_0)
                                                         fixed_pkg::s_narrow48$func$/headless/otolith/hdl/rtl/fixed_pkg.sv:130$9.$unnamed_block$1.v[27] (net)
                      0.097417    0.000000    3.710438 v _18599_/D (sky130_fd_sc_hd__dfrtp_1)
                                              3.710438   data arrival time

                      0.150000    0.000000    0.000000   clock clk (rise edge)
                                  0.000000    0.000000   clock network delay (ideal)
                                  0.250000    0.250000   clock uncertainty
                                  0.000000    0.250000   clock reconvergence pessimism
                                              0.250000 ^ _18599_/CLK (sky130_fd_sc_hd__dfrtp_1)
                                 -0.087959    0.162041   library hold time
                                              0.162041   data required time
---------------------------------------------------------------------------------------------
                                              0.162041   data required time
                                             -3.710438   data arrival time
---------------------------------------------------------------------------------------------
                                              3.548397   slack (MET)


Startpoint: _18544_ (rising edge-triggered flip-flop clocked by clk)
Endpoint: _18590_ (rising edge-triggered flip-flop clocked by clk)
Path Group: clk
Path Type: min

Fanout         Cap        Slew       Delay        Time   Description
---------------------------------------------------------------------------------------------
                      0.150000    0.000000    0.000000   clock clk (rise edge)
                                  0.000000    0.000000   clock network delay (ideal)
                      0.150000    0.000000    0.000000 ^ _18544_/CLK (sky130_fd_sc_hd__dfrtp_1)
    35    0.075182    0.693925    1.290800    1.290800 v _18544_/Q (sky130_fd_sc_hd__dfrtp_1)
                                                         b_r[38] (net)
                      0.693925    0.000000    1.290800 v _13622_/D (sky130_fd_sc_hd__nand4_1)
     2    0.007265    0.250662    0.461092    1.751893 ^ _13622_/Y (sky130_fd_sc_hd__nand4_1)
                                                         _03877_ (net)
                      0.250662    0.000000    1.751893 ^ _14020_/A (sky130_fd_sc_hd__maj3_1)
     2    0.006344    0.138659    0.400170    2.152063 ^ _14020_/X (sky130_fd_sc_hd__maj3_1)
                                                         _04314_ (net)
                      0.138659    0.000000    2.152063 ^ _14023_/A1 (sky130_fd_sc_hd__o21ai_0)
     2    0.006631    0.193252    0.265130    2.417193 v _14023_/Y (sky130_fd_sc_hd__o21ai_0)
                                                         _04318_ (net)
                      0.193252    0.000000    2.417193 v _14025_/B (sky130_fd_sc_hd__xnor2_1)
     3    0.008820    0.162487    0.414796    2.831989 ^ _14025_/Y (sky130_fd_sc_hd__xnor2_1)
                                                         _04320_ (net)
                      0.162487    0.000000    2.831989 ^ _18016_/A (sky130_fd_sc_hd__xnor2_1)
     2    0.006283    0.125919    0.272352    3.104341 ^ _18016_/Y (sky130_fd_sc_hd__xnor2_1)
                                                         _08709_ (net)
                      0.125919    0.000000    3.104341 ^ _18017_/B (sky130_fd_sc_hd__xor2_1)
     2    0.006603    0.099176    0.183227    3.287568 v _18017_/X (sky130_fd_sc_hd__xor2_1)
                                                         _08710_ (net)
                      0.099176    0.000000    3.287568 v _18246_/A (sky130_fd_sc_hd__xnor2_1)
     2    0.003647    0.089669    0.236276    3.523844 v _18246_/Y (sky130_fd_sc_hd__xnor2_1)
                                                         _08962_ (net)
                      0.089669    0.000000    3.523844 v _18418_/B (sky130_fd_sc_hd__nand2b_1)
     1    0.002421    0.074380    0.109764    3.633607 ^ _18418_/Y (sky130_fd_sc_hd__nand2b_1)
                                                         _09132_ (net)
                      0.074380    0.000000    3.633607 ^ _18419_/B (sky130_fd_sc_hd__nand2_1)
     1    0.001838    0.055211    0.095043    3.728650 v _18419_/Y (sky130_fd_sc_hd__nand2_1)
                                                         fixed_pkg::s_narrow48$func$/headless/otolith/hdl/rtl/fixed_pkg.sv:130$9.$unnamed_block$1.v[18] (net)
                      0.055211    0.000000    3.728650 v _18590_/D (sky130_fd_sc_hd__dfrtp_1)
                                              3.728650   data arrival time

                      0.150000    0.000000    0.000000   clock clk (rise edge)
                                  0.000000    0.000000   clock network delay (ideal)
                                  0.250000    0.250000   clock uncertainty
                                  0.000000    0.250000   clock reconvergence pessimism
                                              0.250000 ^ _18590_/CLK (sky130_fd_sc_hd__dfrtp_1)
                                 -0.072287    0.177713   library hold time
                                              0.177713   data required time
---------------------------------------------------------------------------------------------
                                              0.177713   data required time
                                             -3.728650   data arrival time
---------------------------------------------------------------------------------------------
                                              3.550937   slack (MET)


Startpoint: _18535_ (rising edge-triggered flip-flop clocked by clk)
Endpoint: _18580_ (rising edge-triggered flip-flop clocked by clk)
Path Group: clk
Path Type: min

Fanout         Cap        Slew       Delay        Time   Description
---------------------------------------------------------------------------------------------
                      0.150000    0.000000    0.000000   clock clk (rise edge)
                                  0.000000    0.000000   clock network delay (ideal)
                      0.150000    0.000000    0.000000 ^ _18535_/CLK (sky130_fd_sc_hd__dfrtp_1)
    38    0.080616    0.741360    1.326391    1.326391 v _18535_/Q (sky130_fd_sc_hd__dfrtp_1)
                                                         b_r[29] (net)
                      0.741360    0.000000    1.326391 v _12843_/D (sky130_fd_sc_hd__nand4_1)
     3    0.009632    0.285704    0.511508    1.837899 ^ _12843_/Y (sky130_fd_sc_hd__nand4_1)
                                                         _03020_ (net)
                      0.285704    0.000000    1.837899 ^ _13080_/A (sky130_fd_sc_hd__maj3_1)
     2    0.007019    0.148216    0.420354    2.258253 ^ _13080_/X (sky130_fd_sc_hd__maj3_1)
                                                         _03280_ (net)
                      0.148216    0.000000    2.258253 ^ _13085_/A (sky130_fd_sc_hd__xor2_1)
     2    0.005891    0.093279    0.190933    2.449187 v _13085_/X (sky130_fd_sc_hd__xor2_1)
                                                         _03286_ (net)
                      0.093279    0.000000    2.449187 v _15546_/A (sky130_fd_sc_hd__xnor2_1)
     3    0.007352    0.143988    0.276978    2.726164 v _15546_/Y (sky130_fd_sc_hd__xnor2_1)
                                                         _05993_ (net)
                      0.143988    0.000000    2.726164 v _17981_/B (sky130_fd_sc_hd__xnor2_1)
     2    0.006984    0.135915    0.347789    3.073953 ^ _17981_/Y (sky130_fd_sc_hd__xnor2_1)
                                                         _08670_ (net)
                      0.135915    0.000000    3.073953 ^ _17982_/B (sky130_fd_sc_hd__xor2_1)
     3    0.009007    0.117407    0.213481    3.287434 v _17982_/X (sky130_fd_sc_hd__xor2_1)
                                                         _08672_ (net)
                      0.117407    0.000000    3.287434 v _18251_/A (sky130_fd_sc_hd__xnor2_1)
     2    0.003519    0.086576    0.278871    3.566305 ^ _18251_/Y (sky130_fd_sc_hd__xnor2_1)
                                                         _08967_ (net)
                      0.086576    0.000000    3.566305 ^ _18408_/A1 (sky130_fd_sc_hd__o21ai_0)
     1    0.001838    0.097177    0.149378    3.715683 v _18408_/Y (sky130_fd_sc_hd__o21ai_0)
                                                         fixed_pkg::s_narrow48$func$/headless/otolith/hdl/rtl/fixed_pkg.sv:130$9.$unnamed_block$1.v[8] (net)
                      0.097177    0.000000    3.715683 v _18580_/D (sky130_fd_sc_hd__dfrtp_1)
                                              3.715683   data arrival time

                      0.150000    0.000000    0.000000   clock clk (rise edge)
                                  0.000000    0.000000   clock network delay (ideal)
                                  0.250000    0.250000   clock uncertainty
                                  0.000000    0.250000   clock reconvergence pessimism
                                              0.250000 ^ _18580_/CLK (sky130_fd_sc_hd__dfrtp_1)
                                 -0.087870    0.162130   library hold time
                                              0.162130   data required time
---------------------------------------------------------------------------------------------
                                              0.162130   data required time
                                             -3.715683   data arrival time
---------------------------------------------------------------------------------------------
                                              3.553553   slack (MET)


Startpoint: _18558_ (rising edge-triggered flip-flop clocked by clk)
Endpoint: _18603_ (rising edge-triggered flip-flop clocked by clk)
Path Group: clk
Path Type: min

Fanout         Cap        Slew       Delay        Time   Description
---------------------------------------------------------------------------------------------
                      0.150000    0.000000    0.000000   clock clk (rise edge)
                                  0.000000    0.000000   clock network delay (ideal)
                      0.150000    0.000000    0.000000 ^ _18558_/CLK (sky130_fd_sc_hd__dfrtp_1)
    36    0.075990    0.700978    1.296092    1.296092 v _18558_/Q (sky130_fd_sc_hd__dfrtp_1)
                                                         b_r[52] (net)
                      0.700978    0.000000    1.296092 v _09938_/C (sky130_fd_sc_hd__nand4_1)
     2    0.007265    0.256154    0.482872    1.778964 ^ _09938_/Y (sky130_fd_sc_hd__nand4_1)
                                                         _08693_ (net)
                      0.256154    0.000000    1.778964 ^ _10317_/A (sky130_fd_sc_hd__maj3_1)
     2    0.007023    0.148272    0.410019    2.188983 ^ _10317_/X (sky130_fd_sc_hd__maj3_1)
                                                         _00275_ (net)
                      0.148272    0.000000    2.188983 ^ _10323_/A (sky130_fd_sc_hd__xnor2_1)
     2    0.006566    0.131618    0.210140    2.399123 v _10323_/Y (sky130_fd_sc_hd__xnor2_1)
                                                         _00281_ (net)
                      0.131618    0.000000    2.399123 v _10434_/A (sky130_fd_sc_hd__nand2_1)
     2    0.004858    0.096894    0.138698    2.537821 ^ _10434_/Y (sky130_fd_sc_hd__nand2_1)
                                                         _00392_ (net)
                      0.096894    0.000000    2.537821 ^ _18110_/B1 (sky130_fd_sc_hd__o21a_1)
     1    0.004521    0.096296    0.247950    2.785771 ^ _18110_/X (sky130_fd_sc_hd__o21a_1)
                                                         _08812_ (net)
                      0.096296    0.000000    2.785771 ^ _18111_/B (sky130_fd_sc_hd__xor2_1)
     2    0.006631    0.098838    0.171161    2.956933 v _18111_/X (sky130_fd_sc_hd__xor2_1)
                                                         _08813_ (net)
                      0.098838    0.000000    2.956933 v _18113_/B (sky130_fd_sc_hd__xnor2_1)
     4    0.010487    0.197170    0.304982    3.261914 v _18113_/Y (sky130_fd_sc_hd__xnor2_1)
                                                         _08816_ (net)
                      0.197170    0.000000    3.261914 v _18274_/B (sky130_fd_sc_hd__xnor2_1)
     2    0.004248    0.097377    0.301494    3.563408 ^ _18274_/Y (sky130_fd_sc_hd__xnor2_1)
                                                         _08993_ (net)
                      0.097377    0.000000    3.563408 ^ _18432_/A1 (sky130_fd_sc_hd__o21ai_0)
     1    0.001838    0.097426    0.153626    3.717034 v _18432_/Y (sky130_fd_sc_hd__o21ai_0)
                                                         fixed_pkg::s_narrow48$func$/headless/otolith/hdl/rtl/fixed_pkg.sv:130$9.$unnamed_block$1.v[31] (net)
                      0.097426    0.000000    3.717034 v _18603_/D (sky130_fd_sc_hd__dfrtp_1)
                                              3.717034   data arrival time

                      0.150000    0.000000    0.000000   clock clk (rise edge)
                                  0.000000    0.000000   clock network delay (ideal)
                                  0.250000    0.250000   clock uncertainty
                                  0.000000    0.250000   clock reconvergence pessimism
                                              0.250000 ^ _18603_/CLK (sky130_fd_sc_hd__dfrtp_1)
                                 -0.087962    0.162038   library hold time
                                              0.162038   data required time
---------------------------------------------------------------------------------------------
                                              0.162038   data required time
                                             -3.717034   data arrival time
---------------------------------------------------------------------------------------------
                                              3.554996   slack (MET)


Startpoint: _18566_ (rising edge-triggered flip-flop clocked by clk)
Endpoint: _18610_ (rising edge-triggered flip-flop clocked by clk)
Path Group: clk
Path Type: min

Fanout         Cap        Slew       Delay        Time   Description
---------------------------------------------------------------------------------------------
                      0.150000    0.000000    0.000000   clock clk (rise edge)
                                  0.000000    0.000000   clock network delay (ideal)
                      0.150000    0.000000    0.000000 ^ _18566_/CLK (sky130_fd_sc_hd__dfrtp_1)
    34    0.075136    0.693524    1.290499    1.290499 v _18566_/Q (sky130_fd_sc_hd__dfrtp_1)
                                                         b_r[60] (net)
                      0.693524    0.000000    1.290499 v _11507_/A (sky130_fd_sc_hd__nand4_1)
     3    0.009632    0.275301    0.459171    1.749670 ^ _11507_/Y (sky130_fd_sc_hd__nand4_1)
                                                         _01550_ (net)
                      0.275301    0.000000    1.749670 ^ _11887_/A (sky130_fd_sc_hd__maj3_1)
     2    0.007019    0.148213    0.416699    2.166369 ^ _11887_/X (sky130_fd_sc_hd__maj3_1)
                                                         _01968_ (net)
                      0.148213    0.000000    2.166369 ^ _11893_/A (sky130_fd_sc_hd__xor2_1)
     2    0.006566    0.098354    0.198271    2.364640 v _11893_/X (sky130_fd_sc_hd__xor2_1)
                                                         _01975_ (net)
                      0.098354    0.000000    2.364640 v _11974_/A (sky130_fd_sc_hd__xnor2_1)
     4    0.010443    0.189754    0.315027    2.679667 v _11974_/Y (sky130_fd_sc_hd__xnor2_1)
                                                         _02064_ (net)
                      0.189754    0.000000    2.679667 v _18081_/A (sky130_fd_sc_hd__xnor2_1)
     2    0.005985    0.121739    0.372422    3.052089 ^ _18081_/Y (sky130_fd_sc_hd__xnor2_1)
                                                         _08780_ (net)
                      0.121739    0.000000    3.052089 ^ _18083_/B (sky130_fd_sc_hd__xnor2_1)
     3    0.009285    0.169280    0.283342    3.335431 ^ _18083_/Y (sky130_fd_sc_hd__xnor2_1)
                                                         _08783_ (net)
                      0.169280    0.000000    3.335431 ^ _18311_/A (sky130_fd_sc_hd__xor2_1)
     2    0.004469    0.082590    0.183499    3.518931 v _18311_/X (sky130_fd_sc_hd__xor2_1)
                                                         _09033_ (net)
                      0.082590    0.000000    3.518931 v _18312_/A (sky130_fd_sc_hd__inv_1)
     1    0.001774    0.043847    0.074034    3.592964 ^ _18312_/Y (sky130_fd_sc_hd__inv_1)
                                                         _09035_ (net)
                      0.043847    0.000000    3.592964 ^ _18440_/A1 (sky130_fd_sc_hd__o21ai_0)
     1    0.001838    0.097041    0.130830    3.723795 v _18440_/Y (sky130_fd_sc_hd__o21ai_0)
                                                         fixed_pkg::s_narrow48$func$/headless/otolith/hdl/rtl/fixed_pkg.sv:130$9.$unnamed_block$1.v[38] (net)
                      0.097041    0.000000    3.723795 v _18610_/D (sky130_fd_sc_hd__dfrtp_1)
                                              3.723795   data arrival time

                      0.150000    0.000000    0.000000   clock clk (rise edge)
                                  0.000000    0.000000   clock network delay (ideal)
                                  0.250000    0.250000   clock uncertainty
                                  0.000000    0.250000   clock reconvergence pessimism
                                              0.250000 ^ _18610_/CLK (sky130_fd_sc_hd__dfrtp_1)
                                 -0.087819    0.162181   library hold time
                                              0.162181   data required time
---------------------------------------------------------------------------------------------
                                              0.162181   data required time
                                             -3.723795   data arrival time
---------------------------------------------------------------------------------------------
                                              3.561614   slack (MET)


Startpoint: _18529_ (rising edge-triggered flip-flop clocked by clk)
Endpoint: _18575_ (rising edge-triggered flip-flop clocked by clk)
Path Group: clk
Path Type: min

Fanout         Cap        Slew       Delay        Time   Description
---------------------------------------------------------------------------------------------
                      0.150000    0.000000    0.000000   clock clk (rise edge)
                                  0.000000    0.000000   clock network delay (ideal)
                      0.150000    0.000000    0.000000 ^ _18529_/CLK (sky130_fd_sc_hd__dfrtp_1)
    36    0.075178    0.693890    1.290774    1.290774 v _18529_/Q (sky130_fd_sc_hd__dfrtp_1)
                                                         b_r[23] (net)
                      0.693890    0.000000    1.290774 v _15424_/D (sky130_fd_sc_hd__nand4_1)
     2    0.007255    0.250551    0.460929    1.751703 ^ _15424_/Y (sky130_fd_sc_hd__nand4_1)
                                                         _05859_ (net)
                      0.250551    0.000000    1.751703 ^ _15499_/A (sky130_fd_sc_hd__maj3_1)
     2    0.007601    0.156456    0.414792    2.166495 ^ _15499_/X (sky130_fd_sc_hd__maj3_1)
                                                         _05941_ (net)
                      0.156456    0.000000    2.166495 ^ _15505_/A (sky130_fd_sc_hd__xnor2_1)
     2    0.006937    0.135229    0.277338    2.443833 ^ _15505_/Y (sky130_fd_sc_hd__xnor2_1)
                                                         _05948_ (net)
                      0.135229    0.000000    2.443833 ^ _15517_/A (sky130_fd_sc_hd__nand2_1)
     2    0.003835    0.088504    0.134544    2.578377 v _15517_/Y (sky130_fd_sc_hd__nand2_1)
                                                         _05961_ (net)
                      0.088504    0.000000    2.578377 v _17926_/B1 (sky130_fd_sc_hd__o21ai_0)
     1    0.004521    0.162428    0.159417    2.737795 ^ _17926_/Y (sky130_fd_sc_hd__o21ai_0)
                                                         _08610_ (net)
                      0.162428    0.000000    2.737795 ^ _17927_/B (sky130_fd_sc_hd__xor2_1)
     3    0.008223    0.110817    0.216033    2.953827 v _17927_/X (sky130_fd_sc_hd__xor2_1)
                                                         _08611_ (net)
                      0.110817    0.000000    2.953827 v _17928_/B (sky130_fd_sc_hd__xnor2_1)
     3    0.009007    0.180885    0.293588    3.247415 v _17928_/Y (sky130_fd_sc_hd__xnor2_1)
                                                         _08612_ (net)
                      0.180885    0.000000    3.247415 v _18259_/A (sky130_fd_sc_hd__xnor2_1)
     2    0.004341    0.098264    0.327136    3.574551 ^ _18259_/Y (sky130_fd_sc_hd__xnor2_1)
                                                         _08976_ (net)
                      0.098264    0.000000    3.574551 ^ _18403_/A1 (sky130_fd_sc_hd__o21ai_0)
     1    0.001838    0.097446    0.153975    3.728527 v _18403_/Y (sky130_fd_sc_hd__o21ai_0)
                                                         fixed_pkg::s_narrow48$func$/headless/otolith/hdl/rtl/fixed_pkg.sv:130$9.$unnamed_block$1.v[3] (net)
                      0.097446    0.000000    3.728527 v _18575_/D (sky130_fd_sc_hd__dfrtp_1)
                                              3.728527   data arrival time

                      0.150000    0.000000    0.000000   clock clk (rise edge)
                                  0.000000    0.000000   clock network delay (ideal)
                                  0.250000    0.250000   clock uncertainty
                                  0.000000    0.250000   clock reconvergence pessimism
                                              0.250000 ^ _18575_/CLK (sky130_fd_sc_hd__dfrtp_1)
                                 -0.087970    0.162030   library hold time
                                              0.162030   data required time
---------------------------------------------------------------------------------------------
                                              0.162030   data required time
                                             -3.728527   data arrival time
---------------------------------------------------------------------------------------------
                                              3.566496   slack (MET)


Startpoint: _18568_ (rising edge-triggered flip-flop clocked by clk)
Endpoint: _18614_ (rising edge-triggered flip-flop clocked by clk)
Path Group: clk
Path Type: min

Fanout         Cap        Slew       Delay        Time   Description
---------------------------------------------------------------------------------------------
                      0.150000    0.000000    0.000000   clock clk (rise edge)
                                  0.000000    0.000000   clock network delay (ideal)
                      0.150000    0.000000    0.000000 ^ _18568_/CLK (sky130_fd_sc_hd__dfrtp_1)
    37    0.082643    0.759054    1.339667    1.339667 v _18568_/Q (sky130_fd_sc_hd__dfrtp_1)
                                                         b_r[62] (net)
                      0.759054    0.000000    1.339667 v _11688_/A (sky130_fd_sc_hd__nand2_1)
     2    0.007265    0.137081    0.385852    1.725519 ^ _11688_/Y (sky130_fd_sc_hd__nand2_1)
                                                         _01749_ (net)
                      0.137081    0.000000    1.725519 ^ _17122_/A (sky130_fd_sc_hd__maj3_1)
     2    0.007601    0.156456    0.372564    2.098083 ^ _17122_/X (sky130_fd_sc_hd__maj3_1)
                                                         _07727_ (net)
                      0.156456    0.000000    2.098083 ^ _17124_/C (sky130_fd_sc_hd__maj3_1)
     2    0.006974    0.147576    0.384488    2.482572 ^ _17124_/X (sky130_fd_sc_hd__maj3_1)
                                                         _07729_ (net)
                      0.147576    0.000000    2.482572 ^ _17126_/B (sky130_fd_sc_hd__xor2_1)
     4    0.011049    0.131457    0.239904    2.722476 v _17126_/X (sky130_fd_sc_hd__xor2_1)
                                                         _07731_ (net)
                      0.131457    0.000000    2.722476 v _18040_/A (sky130_fd_sc_hd__xnor2_1)
     2    0.006987    0.137392    0.372255    3.094730 ^ _18040_/Y (sky130_fd_sc_hd__xnor2_1)
                                                         _08735_ (net)
                      0.137392    0.000000    3.094730 ^ _18041_/B (sky130_fd_sc_hd__xor2_1)
     2    0.005700    0.092312    0.178221    3.272951 v _18041_/X (sky130_fd_sc_hd__xor2_1)
                                                         _08736_ (net)
                      0.092312    0.000000    3.272951 v _18315_/A (sky130_fd_sc_hd__xnor2_1)
     2    0.004516    0.102421    0.243116    3.516067 v _18315_/Y (sky130_fd_sc_hd__xnor2_1)
                                                         _09038_ (net)
                      0.102421    0.000000    3.516067 v _18316_/A (sky130_fd_sc_hd__inv_1)
     1    0.001774    0.048234    0.081135    3.597202 ^ _18316_/Y (sky130_fd_sc_hd__inv_1)
                                                         _09039_ (net)
                      0.048234    0.000000    3.597202 ^ _18445_/A1 (sky130_fd_sc_hd__o21ai_0)
     1    0.001838    0.097038    0.132771    3.729973 v _18445_/Y (sky130_fd_sc_hd__o21ai_0)
                                                         fixed_pkg::s_narrow48$func$/headless/otolith/hdl/rtl/fixed_pkg.sv:130$9.$unnamed_block$1.v[42] (net)
                      0.097038    0.000000    3.729973 v _18614_/D (sky130_fd_sc_hd__dfrtp_1)
                                              3.729973   data arrival time

                      0.150000    0.000000    0.000000   clock clk (rise edge)
                                  0.000000    0.000000   clock network delay (ideal)
                                  0.250000    0.250000   clock uncertainty
                                  0.000000    0.250000   clock reconvergence pessimism
                                              0.250000 ^ _18614_/CLK (sky130_fd_sc_hd__dfrtp_1)
                                 -0.087818    0.162182   library hold time
                                              0.162182   data required time
---------------------------------------------------------------------------------------------
                                              0.162182   data required time
                                             -3.729973   data arrival time
---------------------------------------------------------------------------------------------
                                              3.567791   slack (MET)


Startpoint: _18561_ (rising edge-triggered flip-flop clocked by clk)
Endpoint: _18608_ (rising edge-triggered flip-flop clocked by clk)
Path Group: clk
Path Type: min

Fanout         Cap        Slew       Delay        Time   Description
---------------------------------------------------------------------------------------------
                      0.150000    0.000000    0.000000   clock clk (rise edge)
                                  0.000000    0.000000   clock network delay (ideal)
                      0.150000    0.000000    0.000000 ^ _18561_/CLK (sky130_fd_sc_hd__dfrtp_1)
    34    0.074599    0.688836    1.286982    1.286982 v _18561_/Q (sky130_fd_sc_hd__dfrtp_1)
                                                         b_r[55] (net)
                      0.688836    0.000000    1.286982 v _12006_/D (sky130_fd_sc_hd__nand4_1)
     3    0.009632    0.275003    0.493904    1.780886 ^ _12006_/Y (sky130_fd_sc_hd__nand4_1)
                                                         _02099_ (net)
                      0.275003    0.000000    1.780886 ^ _12090_/A (sky130_fd_sc_hd__maj3_1)
     2    0.007019    0.148213    0.416594    2.197480 ^ _12090_/X (sky130_fd_sc_hd__maj3_1)
                                                         _02191_ (net)
                      0.148213    0.000000    2.197480 ^ _12097_/A (sky130_fd_sc_hd__xor2_1)
     2    0.006566    0.098354    0.198271    2.395751 v _12097_/X (sky130_fd_sc_hd__xor2_1)
                                                         _02199_ (net)
                      0.098354    0.000000    2.395751 v _12109_/A (sky130_fd_sc_hd__nand2_1)
     2    0.003423    0.073996    0.108027    2.503778 ^ _12109_/Y (sky130_fd_sc_hd__nand2_1)
                                                         _02212_ (net)
                      0.073996    0.000000    2.503778 ^ _18094_/B1 (sky130_fd_sc_hd__o21ai_0)
     1    0.004399    0.149432    0.179557    2.683335 v _18094_/Y (sky130_fd_sc_hd__o21ai_0)
                                                         _08795_ (net)
                      0.149432    0.000000    2.683335 v _18095_/B (sky130_fd_sc_hd__xnor2_1)
     3    0.009475    0.172122    0.412512    3.095847 ^ _18095_/Y (sky130_fd_sc_hd__xnor2_1)
                                                         _08796_ (net)
                      0.172122    0.000000    3.095847 ^ _18290_/A2 (sky130_fd_sc_hd__a21oi_1)
     1    0.004399    0.091867    0.187610    3.283457 v _18290_/Y (sky130_fd_sc_hd__a21oi_1)
                                                         _09010_ (net)
                      0.091867    0.000000    3.283457 v _18291_/B (sky130_fd_sc_hd__xnor2_1)
     2    0.004921    0.107036    0.273695    3.557152 ^ _18291_/Y (sky130_fd_sc_hd__xnor2_1)
                                                         _09011_ (net)
                      0.107036    0.000000    3.557152 ^ _18438_/A1 (sky130_fd_sc_hd__a21bo_1)
     1    0.001853    0.053468    0.201203    3.758355 ^ _18438_/X (sky130_fd_sc_hd__a21bo_1)
                                                         fixed_pkg::s_narrow48$func$/headless/otolith/hdl/rtl/fixed_pkg.sv:130$9.$unnamed_block$1.v[36] (net)
                      0.053468    0.000000    3.758355 ^ _18608_/D (sky130_fd_sc_hd__dfrtp_1)
                                              3.758355   data arrival time

                      0.150000    0.000000    0.000000   clock clk (rise edge)
                                  0.000000    0.000000   clock network delay (ideal)
                                  0.250000    0.250000   clock uncertainty
                                  0.000000    0.250000   clock reconvergence pessimism
                                              0.250000 ^ _18608_/CLK (sky130_fd_sc_hd__dfrtp_1)
                                 -0.060045    0.189955   library hold time
                                              0.189955   data required time
---------------------------------------------------------------------------------------------
                                              0.189955   data required time
                                             -3.758355   data arrival time
---------------------------------------------------------------------------------------------
                                              3.568400   slack (MET)


Startpoint: _18549_ (rising edge-triggered flip-flop clocked by clk)
Endpoint: _18594_ (rising edge-triggered flip-flop clocked by clk)
Path Group: clk
Path Type: min

Fanout         Cap        Slew       Delay        Time   Description
---------------------------------------------------------------------------------------------
                      0.150000    0.000000    0.000000   clock clk (rise edge)
                                  0.000000    0.000000   clock network delay (ideal)
                      0.150000    0.000000    0.000000 ^ _18549_/CLK (sky130_fd_sc_hd__dfrtp_1)
    35    0.075223    0.694283    1.291069    1.291069 v _18549_/Q (sky130_fd_sc_hd__dfrtp_1)
                                                         b_r[43] (net)
                      0.694283    0.000000    1.291069 v _10990_/D (sky130_fd_sc_hd__nand4_1)
     3    0.009632    0.276112    0.495730    1.786799 ^ _10990_/Y (sky130_fd_sc_hd__nand4_1)
                                                         _00981_ (net)
                      0.276112    0.000000    1.786799 ^ _13798_/A (sky130_fd_sc_hd__maj3_1)
     2    0.007019    0.148213    0.416984    2.203783 ^ _13798_/X (sky130_fd_sc_hd__maj3_1)
                                                         _04070_ (net)
                      0.148213    0.000000    2.203783 ^ _13804_/A (sky130_fd_sc_hd__xor2_1)
     2    0.006566    0.098354    0.198271    2.402054 v _13804_/X (sky130_fd_sc_hd__xor2_1)
                                                         _04077_ (net)
                      0.098354    0.000000    2.402054 v _13884_/A (sky130_fd_sc_hd__xnor2_1)
     3    0.008810    0.162339    0.403578    2.805631 ^ _13884_/Y (sky130_fd_sc_hd__xnor2_1)
                                                         _04165_ (net)
                      0.162339    0.000000    2.805631 ^ _17996_/A (sky130_fd_sc_hd__xor2_1)
     2    0.006631    0.098844    0.204367    3.009998 v _17996_/X (sky130_fd_sc_hd__xor2_1)
                                                         _08687_ (net)
                      0.098844    0.000000    3.009998 v _17998_/B (sky130_fd_sc_hd__xnor2_1)
     2    0.007029    0.137638    0.329782    3.339780 ^ _17998_/Y (sky130_fd_sc_hd__xnor2_1)
                                                         _08689_ (net)
                      0.137638    0.000000    3.339780 ^ _18327_/A (sky130_fd_sc_hd__xnor2_1)
     2    0.004516    0.102421    0.181339    3.521119 v _18327_/Y (sky130_fd_sc_hd__xnor2_1)
                                                         _09051_ (net)
                      0.102421    0.000000    3.521119 v _18328_/A (sky130_fd_sc_hd__inv_1)
     1    0.001774    0.048234    0.081136    3.602254 ^ _18328_/Y (sky130_fd_sc_hd__inv_1)
                                                         _09052_ (net)
                      0.048234    0.000000    3.602254 ^ _18423_/A1 (sky130_fd_sc_hd__o21ai_0)
     1    0.001838    0.097038    0.132771    3.735025 v _18423_/Y (sky130_fd_sc_hd__o21ai_0)
                                                         fixed_pkg::s_narrow48$func$/headless/otolith/hdl/rtl/fixed_pkg.sv:130$9.$unnamed_block$1.v[22] (net)
                      0.097038    0.000000    3.735025 v _18594_/D (sky130_fd_sc_hd__dfrtp_1)
                                              3.735025   data arrival time

                      0.150000    0.000000    0.000000   clock clk (rise edge)
                                  0.000000    0.000000   clock network delay (ideal)
                                  0.250000    0.250000   clock uncertainty
                                  0.000000    0.250000   clock reconvergence pessimism
                                              0.250000 ^ _18594_/CLK (sky130_fd_sc_hd__dfrtp_1)
                                 -0.087818    0.162182   library hold time
                                              0.162182   data required time
---------------------------------------------------------------------------------------------
                                              0.162182   data required time
                                             -3.735025   data arrival time
---------------------------------------------------------------------------------------------
                                              3.572843   slack (MET)


Startpoint: _18543_ (rising edge-triggered flip-flop clocked by clk)
Endpoint: _18588_ (rising edge-triggered flip-flop clocked by clk)
Path Group: clk
Path Type: min

Fanout         Cap        Slew       Delay        Time   Description
---------------------------------------------------------------------------------------------
                      0.150000    0.000000    0.000000   clock clk (rise edge)
                                  0.000000    0.000000   clock network delay (ideal)
                      0.150000    0.000000    0.000000 ^ _18543_/CLK (sky130_fd_sc_hd__dfrtp_1)
    35    0.074533    0.688260    1.286550    1.286550 v _18543_/Q (sky130_fd_sc_hd__dfrtp_1)
                                                         b_r[37] (net)
                      0.688260    0.000000    1.286550 v _13218_/C (sky130_fd_sc_hd__nand4_1)
     3    0.009484    0.282617    0.513271    1.799821 ^ _13218_/Y (sky130_fd_sc_hd__nand4_1)
                                                         _03432_ (net)
                      0.282617    0.000000    1.799821 ^ _13223_/B (sky130_fd_sc_hd__maj3_1)
     2    0.006334    0.138518    0.404272    2.204093 ^ _13223_/X (sky130_fd_sc_hd__maj3_1)
                                                         _03438_ (net)
                      0.138518    0.000000    2.204093 ^ _13648_/A (sky130_fd_sc_hd__xor2_1)
     2    0.003955    0.078723    0.166190    2.370283 v _13648_/X (sky130_fd_sc_hd__xor2_1)
                                                         _03905_ (net)
                      0.078723    0.000000    2.370283 v _13670_/B1 (sky130_fd_sc_hd__o21ai_0)
     2    0.004924    0.172374    0.161715    2.531998 ^ _13670_/Y (sky130_fd_sc_hd__o21ai_0)
                                                         _03929_ (net)
                      0.172374    0.000000    2.531998 ^ _13671_/B (sky130_fd_sc_hd__nand2b_1)
     2    0.006603    0.141571    0.194290    2.726288 v _13671_/Y (sky130_fd_sc_hd__nand2b_1)
                                                         _03930_ (net)
                      0.141571    0.000000    2.726288 v _18012_/A (sky130_fd_sc_hd__xnor2_1)
     2    0.006631    0.133405    0.292344    3.018631 v _18012_/Y (sky130_fd_sc_hd__xnor2_1)
                                                         _08705_ (net)
                      0.133405    0.000000    3.018631 v _18013_/B (sky130_fd_sc_hd__nand2_1)
     2    0.003322    0.084344    0.134480    3.153112 ^ _18013_/Y (sky130_fd_sc_hd__nand2_1)
                                                         _08706_ (net)
                      0.084344    0.000000    3.153112 ^ _18269_/B1 (sky130_fd_sc_hd__o21ai_0)
     1    0.004399    0.140696    0.183819    3.336931 v _18269_/Y (sky130_fd_sc_hd__o21ai_0)
                                                         _08987_ (net)
                      0.140696    0.000000    3.336931 v _18270_/B (sky130_fd_sc_hd__xnor2_1)
     2    0.003316    0.083649    0.254014    3.590945 ^ _18270_/Y (sky130_fd_sc_hd__xnor2_1)
                                                         _08988_ (net)
                      0.083649    0.000000    3.590945 ^ _18416_/A1 (sky130_fd_sc_hd__o21ai_0)
     1    0.001838    0.097110    0.148227    3.739172 v _18416_/Y (sky130_fd_sc_hd__o21ai_0)
                                                         fixed_pkg::s_narrow48$func$/headless/otolith/hdl/rtl/fixed_pkg.sv:130$9.$unnamed_block$1.v[16] (net)
                      0.097110    0.000000    3.739172 v _18588_/D (sky130_fd_sc_hd__dfrtp_1)
                                              3.739172   data arrival time

                      0.150000    0.000000    0.000000   clock clk (rise edge)
                                  0.000000    0.000000   clock network delay (ideal)
                                  0.250000    0.250000   clock uncertainty
                                  0.000000    0.250000   clock reconvergence pessimism
                                              0.250000 ^ _18588_/CLK (sky130_fd_sc_hd__dfrtp_1)
                                 -0.087845    0.162155   library hold time
                                              0.162155   data required time
---------------------------------------------------------------------------------------------
                                              0.162155   data required time
                                             -3.739172   data arrival time
---------------------------------------------------------------------------------------------
                                              3.577017   slack (MET)


Startpoint: _18551_ (rising edge-triggered flip-flop clocked by clk)
Endpoint: _18598_ (rising edge-triggered flip-flop clocked by clk)
Path Group: clk
Path Type: min

Fanout         Cap        Slew       Delay        Time   Description
---------------------------------------------------------------------------------------------
                      0.150000    0.000000    0.000000   clock clk (rise edge)
                                  0.000000    0.000000   clock network delay (ideal)
                      0.150000    0.000000    0.000000 ^ _18551_/CLK (sky130_fd_sc_hd__dfrtp_1)
    34    0.072446    0.670042    1.272880    1.272880 v _18551_/Q (sky130_fd_sc_hd__dfrtp_1)
                                                         b_r[45] (net)
                      0.670042    0.000000    1.272880 v _10761_/D (sky130_fd_sc_hd__nand4_1)
     2    0.007265    0.246116    0.453677    1.726557 ^ _10761_/Y (sky130_fd_sc_hd__nand4_1)
                                                         _00729_ (net)
                      0.246116    0.000000    1.726557 ^ _11016_/A (sky130_fd_sc_hd__maj3_1)
     2    0.006085    0.134993    0.395553    2.122110 ^ _11016_/X (sky130_fd_sc_hd__maj3_1)
                                                         _01010_ (net)
                      0.134993    0.000000    2.122110 ^ _11021_/A (sky130_fd_sc_hd__xor2_1)
     2    0.006566    0.098356    0.193228    2.315338 v _11021_/X (sky130_fd_sc_hd__xor2_1)
                                                         _01015_ (net)
                      0.098356    0.000000    2.315338 v _11140_/A (sky130_fd_sc_hd__nand2_1)
     2    0.003423    0.073997    0.108028    2.423366 ^ _11140_/Y (sky130_fd_sc_hd__nand2_1)
                                                         _01146_ (net)
                      0.073997    0.000000    2.423366 ^ _17907_/B1 (sky130_fd_sc_hd__o21ai_0)
     1    0.004399    0.140198    0.179557    2.602923 v _17907_/Y (sky130_fd_sc_hd__o21ai_0)
                                                         _08589_ (net)
                      0.140198    0.000000    2.602923 v _17908_/B (sky130_fd_sc_hd__xnor2_1)
     3    0.009467    0.171728    0.408402    3.011325 ^ _17908_/Y (sky130_fd_sc_hd__xnor2_1)
                                                         _08590_ (net)
                      0.171728    0.000000    3.011325 ^ _18227_/B (sky130_fd_sc_hd__maj3_1)
     1    0.004521    0.112865    0.338475    3.349800 ^ _18227_/X (sky130_fd_sc_hd__maj3_1)
                                                         _08941_ (net)
                      0.112865    0.000000    3.349800 ^ _18228_/B (sky130_fd_sc_hd__xor2_1)
     2    0.002952    0.070691    0.137805    3.487605 v _18228_/X (sky130_fd_sc_hd__xor2_1)
                                                         _08942_ (net)
                      0.070691    0.000000    3.487605 v _18427_/A1 (sky130_fd_sc_hd__o21ai_0)
     1    0.001853    0.199413    0.246707    3.734312 ^ _18427_/Y (sky130_fd_sc_hd__o21ai_0)
                                                         fixed_pkg::s_narrow48$func$/headless/otolith/hdl/rtl/fixed_pkg.sv:130$9.$unnamed_block$1.v[26] (net)
                      0.199413    0.000000    3.734312 ^ _18598_/D (sky130_fd_sc_hd__dfrtp_1)
                                              3.734312   data arrival time

                      0.150000    0.000000    0.000000   clock clk (rise edge)
                                  0.000000    0.000000   clock network delay (ideal)
                                  0.250000    0.250000   clock uncertainty
                                  0.000000    0.250000   clock reconvergence pessimism
                                              0.250000 ^ _18598_/CLK (sky130_fd_sc_hd__dfrtp_1)
                                 -0.093308    0.156692   library hold time
                                              0.156692   data required time
---------------------------------------------------------------------------------------------
                                              0.156692   data required time
                                             -3.734312   data arrival time
---------------------------------------------------------------------------------------------
                                              3.577620   slack (MET)


Startpoint: _18559_ (rising edge-triggered flip-flop clocked by clk)
Endpoint: _18607_ (rising edge-triggered flip-flop clocked by clk)
Path Group: clk
Path Type: min

Fanout         Cap        Slew       Delay        Time   Description
---------------------------------------------------------------------------------------------
                      0.150000    0.000000    0.000000   clock clk (rise edge)
                                  0.000000    0.000000   clock network delay (ideal)
                      0.150000    0.000000    0.000000 ^ _18559_/CLK (sky130_fd_sc_hd__dfrtp_1)
    34    0.069946    0.648219    1.256506    1.256506 v _18559_/Q (sky130_fd_sc_hd__dfrtp_1)
                                                         b_r[53] (net)
                      0.648219    0.000000    1.256506 v _09576_/D (sky130_fd_sc_hd__nand4_1)
     2    0.007265    0.241962    0.446900    1.703407 ^ _09576_/Y (sky130_fd_sc_hd__nand4_1)
                                                         _04712_ (net)
                      0.241962    0.000000    1.703407 ^ _12117_/A (sky130_fd_sc_hd__maj3_1)
     2    0.006085    0.134994    0.394094    2.097501 ^ _12117_/X (sky130_fd_sc_hd__maj3_1)
                                                         _02221_ (net)
                      0.134994    0.000000    2.097501 ^ _12124_/A (sky130_fd_sc_hd__xor2_1)
     2    0.006566    0.098356    0.193228    2.290729 v _12124_/X (sky130_fd_sc_hd__xor2_1)
                                                         _02229_ (net)
                      0.098356    0.000000    2.290729 v _12126_/A (sky130_fd_sc_hd__nand2_1)
     2    0.004129    0.083134    0.115703    2.406433 ^ _12126_/Y (sky130_fd_sc_hd__nand2_1)
                                                         _02231_ (net)
                      0.083134    0.000000    2.406433 ^ _18101_/A (sky130_fd_sc_hd__nand2_1)
     1    0.004399    0.095670    0.119742    2.526175 v _18101_/Y (sky130_fd_sc_hd__nand2_1)
                                                         _08802_ (net)
                      0.095670    0.000000    2.526175 v _18102_/B (sky130_fd_sc_hd__xnor2_1)
     3    0.006510    0.129121    0.315357    2.841531 ^ _18102_/Y (sky130_fd_sc_hd__xnor2_1)
                                                         _08804_ (net)
                      0.129121    0.000000    2.841531 ^ _18104_/B (sky130_fd_sc_hd__nand2_1)
     1    0.002290    0.066259    0.120413    2.961944 v _18104_/Y (sky130_fd_sc_hd__nand2_1)
                                                         _08806_ (net)
                      0.066259    0.000000    2.961944 v _18120_/C1 (sky130_fd_sc_hd__o221a_1)
     3    0.006849    0.103916    0.252236    3.214180 v _18120_/X (sky130_fd_sc_hd__o221a_1)
                                                         _08823_ (net)
                      0.103916    0.000000    3.214180 v _18242_/B (sky130_fd_sc_hd__nand3_1)
     1    0.002502    0.082909    0.136448    3.350628 ^ _18242_/Y (sky130_fd_sc_hd__nand3_1)
                                                         _08958_ (net)
                      0.082909    0.000000    3.350628 ^ _18243_/B (sky130_fd_sc_hd__nand2b_1)
     2    0.003873    0.097371    0.129163    3.479790 v _18243_/Y (sky130_fd_sc_hd__nand2b_1)
                                                         _08959_ (net)
                      0.097371    0.000000    3.479790 v _18437_/A1 (sky130_fd_sc_hd__o21ai_0)
     1    0.001853    0.199369    0.257914    3.737705 ^ _18437_/Y (sky130_fd_sc_hd__o21ai_0)
                                                         fixed_pkg::s_narrow48$func$/headless/otolith/hdl/rtl/fixed_pkg.sv:130$9.$unnamed_block$1.v[35] (net)
                      0.199369    0.000000    3.737705 ^ _18607_/D (sky130_fd_sc_hd__dfrtp_1)
                                              3.737705   data arrival time

                      0.150000    0.000000    0.000000   clock clk (rise edge)
                                  0.000000    0.000000   clock network delay (ideal)
                                  0.250000    0.250000   clock uncertainty
                                  0.000000    0.250000   clock reconvergence pessimism
                                              0.250000 ^ _18607_/CLK (sky130_fd_sc_hd__dfrtp_1)
                                 -0.093298    0.156702   library hold time
                                              0.156702   data required time
---------------------------------------------------------------------------------------------
                                              0.156702   data required time
                                             -3.737705   data arrival time
---------------------------------------------------------------------------------------------
                                              3.581003   slack (MET)


Startpoint: _18539_ (rising edge-triggered flip-flop clocked by clk)
Endpoint: _18585_ (rising edge-triggered flip-flop clocked by clk)
Path Group: clk
Path Type: min

Fanout         Cap        Slew       Delay        Time   Description
---------------------------------------------------------------------------------------------
                      0.150000    0.000000    0.000000   clock clk (rise edge)
                                  0.000000    0.000000   clock network delay (ideal)
                      0.150000    0.000000    0.000000 ^ _18539_/CLK (sky130_fd_sc_hd__dfrtp_1)
    36    0.076025    0.701284    1.296322    1.296322 v _18539_/Q (sky130_fd_sc_hd__dfrtp_1)
                                                         b_r[33] (net)
                      0.701284    0.000000    1.296322 v _12142_/D (sky130_fd_sc_hd__nand4_1)
     2    0.007265    0.252063    0.463377    1.759699 ^ _12142_/Y (sky130_fd_sc_hd__nand4_1)
                                                         _02249_ (net)
                      0.252063    0.000000    1.759699 ^ _13692_/A (sky130_fd_sc_hd__maj3_1)
     2    0.006334    0.138518    0.400545    2.160244 ^ _13692_/X (sky130_fd_sc_hd__maj3_1)
                                                         _03954_ (net)
                      0.138518    0.000000    2.160244 ^ _13694_/A1 (sky130_fd_sc_hd__o21ai_0)
     2    0.006742    0.196195    0.267267    2.427511 v _13694_/Y (sky130_fd_sc_hd__o21ai_0)
                                                         _03956_ (net)
                      0.196195    0.000000    2.427511 v _13695_/B (sky130_fd_sc_hd__xnor2_1)
     2    0.004477    0.102027    0.281404    2.708915 v _13695_/Y (sky130_fd_sc_hd__xnor2_1)
                                                         _03957_ (net)
                      0.102027    0.000000    2.708915 v _13696_/A (sky130_fd_sc_hd__inv_1)
     2    0.006992    0.105765    0.128250    2.837165 ^ _13696_/Y (sky130_fd_sc_hd__inv_1)
                                                         _03958_ (net)
                      0.105765    0.000000    2.837165 ^ _17963_/A (sky130_fd_sc_hd__xnor2_1)
     3    0.010382    0.185233    0.295599    3.132764 ^ _17963_/Y (sky130_fd_sc_hd__xnor2_1)
                                                         _08651_ (net)
                      0.185233    0.000000    3.132764 ^ _17965_/B (sky130_fd_sc_hd__xnor2_1)
     2    0.006029    0.125116    0.198865    3.331629 v _17965_/Y (sky130_fd_sc_hd__xnor2_1)
                                                         _08653_ (net)
                      0.125116    0.000000    3.331629 v _18335_/A (sky130_fd_sc_hd__xnor2_1)
     2    0.003217    0.082204    0.274573    3.606202 ^ _18335_/Y (sky130_fd_sc_hd__xnor2_1)
                                                         _09060_ (net)
                      0.082204    0.000000    3.606202 ^ _18413_/A1 (sky130_fd_sc_hd__o21ai_0)
     1    0.001838    0.097077    0.147659    3.753861 v _18413_/Y (sky130_fd_sc_hd__o21ai_0)
                                                         fixed_pkg::s_narrow48$func$/headless/otolith/hdl/rtl/fixed_pkg.sv:130$9.$unnamed_block$1.v[13] (net)
                      0.097077    0.000000    3.753861 v _18585_/D (sky130_fd_sc_hd__dfrtp_1)
                                              3.753861   data arrival time

                      0.150000    0.000000    0.000000   clock clk (rise edge)
                                  0.000000    0.000000   clock network delay (ideal)
                                  0.250000    0.250000   clock uncertainty
                                  0.000000    0.250000   clock reconvergence pessimism
                                              0.250000 ^ _18585_/CLK (sky130_fd_sc_hd__dfrtp_1)
                                 -0.087832    0.162168   library hold time
                                              0.162168   data required time
---------------------------------------------------------------------------------------------
                                              0.162168   data required time
                                             -3.753861   data arrival time
---------------------------------------------------------------------------------------------
                                              3.591693   slack (MET)


Startpoint: _18546_ (rising edge-triggered flip-flop clocked by clk)
Endpoint: _18591_ (rising edge-triggered flip-flop clocked by clk)
Path Group: clk
Path Type: min

Fanout         Cap        Slew       Delay        Time   Description
---------------------------------------------------------------------------------------------
                      0.150000    0.000000    0.000000   clock clk (rise edge)
                                  0.000000    0.000000   clock network delay (ideal)
                      0.150000    0.000000    0.000000 ^ _18546_/CLK (sky130_fd_sc_hd__dfrtp_1)
    37    0.077710    0.715993    1.307358    1.307358 v _18546_/Q (sky130_fd_sc_hd__dfrtp_1)
                                                         b_r[40] (net)
                      0.715993    0.000000    1.307358 v _13913_/C (sky130_fd_sc_hd__nand4_1)
     3    0.009632    0.288135    0.525184    1.832542 ^ _13913_/Y (sky130_fd_sc_hd__nand4_1)
                                                         _04197_ (net)
                      0.288135    0.000000    1.832542 ^ _14004_/A (sky130_fd_sc_hd__maj3_1)
     2    0.007019    0.148213    0.421208    2.253750 ^ _14004_/X (sky130_fd_sc_hd__maj3_1)
                                                         _04297_ (net)
                      0.148213    0.000000    2.253750 ^ _14010_/A (sky130_fd_sc_hd__xor2_1)
     2    0.006566    0.098354    0.198271    2.452021 v _14010_/X (sky130_fd_sc_hd__xor2_1)
                                                         _04303_ (net)
                      0.098354    0.000000    2.452021 v _14024_/A (sky130_fd_sc_hd__nand2_1)
     2    0.003423    0.073996    0.108027    2.560048 ^ _14024_/Y (sky130_fd_sc_hd__nand2_1)
                                                         _04319_ (net)
                      0.073996    0.000000    2.560048 ^ _18004_/B1 (sky130_fd_sc_hd__o21ai_0)
     1    0.004399    0.140376    0.179557    2.739604 v _18004_/Y (sky130_fd_sc_hd__o21ai_0)
                                                         _08696_ (net)
                      0.140376    0.000000    2.739604 v _18005_/B (sky130_fd_sc_hd__xnor2_1)
     2    0.006942    0.135271    0.345200    3.084804 ^ _18005_/Y (sky130_fd_sc_hd__xnor2_1)
                                                         _08697_ (net)
                      0.135271    0.000000    3.084804 ^ _18007_/B (sky130_fd_sc_hd__xor2_1)
     4    0.011158    0.132922    0.235943    3.320748 v _18007_/X (sky130_fd_sc_hd__xor2_1)
                                                         _08699_ (net)
                      0.132922    0.000000    3.320748 v _18284_/A (sky130_fd_sc_hd__xnor2_1)
     2    0.004341    0.098660    0.306295    3.627042 ^ _18284_/Y (sky130_fd_sc_hd__xnor2_1)
                                                         _09004_ (net)
                      0.098660    0.000000    3.627042 ^ _18420_/A1 (sky130_fd_sc_hd__o21ai_0)
     1    0.001838    0.097456    0.154130    3.781173 v _18420_/Y (sky130_fd_sc_hd__o21ai_0)
                                                         fixed_pkg::s_narrow48$func$/headless/otolith/hdl/rtl/fixed_pkg.sv:130$9.$unnamed_block$1.v[19] (net)
                      0.097456    0.000000    3.781173 v _18591_/D (sky130_fd_sc_hd__dfrtp_1)
                                              3.781173   data arrival time

                      0.150000    0.000000    0.000000   clock clk (rise edge)
                                  0.000000    0.000000   clock network delay (ideal)
                                  0.250000    0.250000   clock uncertainty
                                  0.000000    0.250000   clock reconvergence pessimism
                                              0.250000 ^ _18591_/CLK (sky130_fd_sc_hd__dfrtp_1)
                                 -0.087973    0.162027   library hold time
                                              0.162027   data required time
---------------------------------------------------------------------------------------------
                                              0.162027   data required time
                                             -3.781173   data arrival time
---------------------------------------------------------------------------------------------
                                              3.619146   slack (MET)


Startpoint: _18549_ (rising edge-triggered flip-flop clocked by clk)
Endpoint: _18595_ (rising edge-triggered flip-flop clocked by clk)
Path Group: clk
Path Type: min

Fanout         Cap        Slew       Delay        Time   Description
---------------------------------------------------------------------------------------------
                      0.150000    0.000000    0.000000   clock clk (rise edge)
                                  0.000000    0.000000   clock network delay (ideal)
                      0.150000    0.000000    0.000000 ^ _18549_/CLK (sky130_fd_sc_hd__dfrtp_1)
    35    0.075223    0.694283    1.291069    1.291069 v _18549_/Q (sky130_fd_sc_hd__dfrtp_1)
                                                         b_r[43] (net)
                      0.694283    0.000000    1.291069 v _10990_/D (sky130_fd_sc_hd__nand4_1)
     3    0.009632    0.276112    0.495730    1.786799 ^ _10990_/Y (sky130_fd_sc_hd__nand4_1)
                                                         _00981_ (net)
                      0.276112    0.000000    1.786799 ^ _13798_/A (sky130_fd_sc_hd__maj3_1)
     2    0.007019    0.148213    0.416984    2.203783 ^ _13798_/X (sky130_fd_sc_hd__maj3_1)
                                                         _04070_ (net)
                      0.148213    0.000000    2.203783 ^ _13804_/A (sky130_fd_sc_hd__xor2_1)
     2    0.006566    0.098354    0.198271    2.402054 v _13804_/X (sky130_fd_sc_hd__xor2_1)
                                                         _04077_ (net)
                      0.098354    0.000000    2.402054 v _13883_/A (sky130_fd_sc_hd__nand2_1)
     2    0.004088    0.082603    0.115256    2.517310 ^ _13883_/Y (sky130_fd_sc_hd__nand2_1)
                                                         _04164_ (net)
                      0.082603    0.000000    2.517310 ^ _17901_/B1 (sky130_fd_sc_hd__o21ai_0)
     1    0.004399    0.145543    0.183072    2.700382 v _17901_/Y (sky130_fd_sc_hd__o21ai_0)
                                                         _08582_ (net)
                      0.145543    0.000000    2.700382 v _17902_/B (sky130_fd_sc_hd__xnor2_1)
     3    0.008694    0.160317    0.391465    3.091847 ^ _17902_/Y (sky130_fd_sc_hd__xnor2_1)
                                                         _08584_ (net)
                      0.160317    0.000000    3.091847 ^ _17904_/B (sky130_fd_sc_hd__xnor2_1)
     4    0.010545    0.191533    0.241629    3.333477 v _17904_/Y (sky130_fd_sc_hd__xnor2_1)
                                                         _08586_ (net)
                      0.191533    0.000000    3.333477 v _18271_/A (sky130_fd_sc_hd__xnor2_1)
     2    0.003148    0.081403    0.301636    3.635113 ^ _18271_/Y (sky130_fd_sc_hd__xnor2_1)
                                                         _08989_ (net)
                      0.081403    0.000000    3.635113 ^ _18424_/A1 (sky130_fd_sc_hd__o21ai_0)
     1    0.001838    0.097058    0.147344    3.782457 v _18424_/Y (sky130_fd_sc_hd__o21ai_0)
                                                         fixed_pkg::s_narrow48$func$/headless/otolith/hdl/rtl/fixed_pkg.sv:130$9.$unnamed_block$1.v[23] (net)
                      0.097058    0.000000    3.782457 v _18595_/D (sky130_fd_sc_hd__dfrtp_1)
                                              3.782457   data arrival time

                      0.150000    0.000000    0.000000   clock clk (rise edge)
                                  0.000000    0.000000   clock network delay (ideal)
                                  0.250000    0.250000   clock uncertainty
                                  0.000000    0.250000   clock reconvergence pessimism
                                              0.250000 ^ _18595_/CLK (sky130_fd_sc_hd__dfrtp_1)
                                 -0.087825    0.162175   library hold time
                                              0.162175   data required time
---------------------------------------------------------------------------------------------
                                              0.162175   data required time
                                             -3.782457   data arrival time
---------------------------------------------------------------------------------------------
                                              3.620282   slack (MET)


Startpoint: _18566_ (rising edge-triggered flip-flop clocked by clk)
Endpoint: _18611_ (rising edge-triggered flip-flop clocked by clk)
Path Group: clk
Path Type: min

Fanout         Cap        Slew       Delay        Time   Description
---------------------------------------------------------------------------------------------
                      0.150000    0.000000    0.000000   clock clk (rise edge)
                                  0.000000    0.000000   clock network delay (ideal)
                      0.150000    0.000000    0.000000 ^ _18566_/CLK (sky130_fd_sc_hd__dfrtp_1)
    34    0.075136    0.693524    1.290499    1.290499 v _18566_/Q (sky130_fd_sc_hd__dfrtp_1)
                                                         b_r[60] (net)
                      0.693524    0.000000    1.290499 v _11507_/A (sky130_fd_sc_hd__nand4_1)
     3    0.009632    0.275301    0.459171    1.749670 ^ _11507_/Y (sky130_fd_sc_hd__nand4_1)
                                                         _01550_ (net)
                      0.275301    0.000000    1.749670 ^ _11887_/A (sky130_fd_sc_hd__maj3_1)
     2    0.007019    0.148213    0.416699    2.166369 ^ _11887_/X (sky130_fd_sc_hd__maj3_1)
                                                         _01968_ (net)
                      0.148213    0.000000    2.166369 ^ _11893_/A (sky130_fd_sc_hd__xor2_1)
     2    0.006566    0.098354    0.198271    2.364640 v _11893_/X (sky130_fd_sc_hd__xor2_1)
                                                         _01975_ (net)
                      0.098354    0.000000    2.364640 v _11973_/A (sky130_fd_sc_hd__nand2_1)
     2    0.004123    0.083056    0.115637    2.480277 ^ _11973_/Y (sky130_fd_sc_hd__nand2_1)
                                                         _02063_ (net)
                      0.083056    0.000000    2.480277 ^ _18053_/B1 (sky130_fd_sc_hd__o21ai_0)
     1    0.004399    0.145460    0.183267    2.663544 v _18053_/Y (sky130_fd_sc_hd__o21ai_0)
                                                         _08750_ (net)
                      0.145460    0.000000    2.663544 v _18054_/B (sky130_fd_sc_hd__xnor2_1)
     3    0.008235    0.156896    0.301166    2.964710 v _18054_/Y (sky130_fd_sc_hd__xnor2_1)
                                                         _08751_ (net)
                      0.156896    0.000000    2.964710 v _18055_/B (sky130_fd_sc_hd__xor2_1)
     3    0.009327    0.358048    0.389695    3.354405 ^ _18055_/X (sky130_fd_sc_hd__xor2_1)
                                                         _08752_ (net)
                      0.358048    0.000000    3.354405 ^ _18295_/A (sky130_fd_sc_hd__xor2_1)
     2    0.004536    0.083084    0.247480    3.601884 v _18295_/X (sky130_fd_sc_hd__xor2_1)
                                                         _09016_ (net)
                      0.083084    0.000000    3.601884 v _18441_/B (sky130_fd_sc_hd__nand2b_1)
     1    0.002421    0.073529    0.106663    3.708547 ^ _18441_/Y (sky130_fd_sc_hd__nand2b_1)
                                                         _09136_ (net)
                      0.073529    0.000000    3.708547 ^ _18442_/B (sky130_fd_sc_hd__nand2_1)
     1    0.001838    0.055209    0.094706    3.803254 v _18442_/Y (sky130_fd_sc_hd__nand2_1)
                                                         fixed_pkg::s_narrow48$func$/headless/otolith/hdl/rtl/fixed_pkg.sv:130$9.$unnamed_block$1.v[39] (net)
                      0.055209    0.000000    3.803254 v _18611_/D (sky130_fd_sc_hd__dfrtp_1)
                                              3.803254   data arrival time

                      0.150000    0.000000    0.000000   clock clk (rise edge)
                                  0.000000    0.000000   clock network delay (ideal)
                                  0.250000    0.250000   clock uncertainty
                                  0.000000    0.250000   clock reconvergence pessimism
                                              0.250000 ^ _18611_/CLK (sky130_fd_sc_hd__dfrtp_1)
                                 -0.072286    0.177714   library hold time
                                              0.177714   data required time
---------------------------------------------------------------------------------------------
                                              0.177714   data required time
                                             -3.803254   data arrival time
---------------------------------------------------------------------------------------------
                                              3.625540   slack (MET)


Startpoint: _18540_ (rising edge-triggered flip-flop clocked by clk)
Endpoint: _18586_ (rising edge-triggered flip-flop clocked by clk)
Path Group: clk
Path Type: min

Fanout         Cap        Slew       Delay        Time   Description
---------------------------------------------------------------------------------------------
                      0.150000    0.000000    0.000000   clock clk (rise edge)
                                  0.000000    0.000000   clock network delay (ideal)
                      0.150000    0.000000    0.000000 ^ _18540_/CLK (sky130_fd_sc_hd__dfrtp_1)
    38    0.081143    0.745960    1.329843    1.329843 v _18540_/Q (sky130_fd_sc_hd__dfrtp_1)
                                                         b_r[34] (net)
                      0.745960    0.000000    1.329843 v _12739_/D (sky130_fd_sc_hd__nand4_1)
     2    0.007265    0.260568    0.477250    1.807092 ^ _12739_/Y (sky130_fd_sc_hd__nand4_1)
                                                         _02905_ (net)
                      0.260568    0.000000    1.807092 ^ _13681_/A (sky130_fd_sc_hd__maj3_1)
     2    0.004080    0.106675    0.376579    2.183671 ^ _13681_/X (sky130_fd_sc_hd__maj3_1)
                                                         _03941_ (net)
                      0.106675    0.000000    2.183671 ^ _13684_/A1 (sky130_fd_sc_hd__o21ai_0)
     2    0.006631    0.193515    0.252417    2.436089 v _13684_/Y (sky130_fd_sc_hd__o21ai_0)
                                                         _03945_ (net)
                      0.193515    0.000000    2.436089 v _13686_/B (sky130_fd_sc_hd__xnor2_1)
     3    0.008810    0.162339    0.414659    2.850748 ^ _13686_/Y (sky130_fd_sc_hd__xnor2_1)
                                                         _03947_ (net)
                      0.162339    0.000000    2.850748 ^ _17959_/A (sky130_fd_sc_hd__xor2_1)
     2    0.006631    0.098844    0.204367    3.055114 v _17959_/X (sky130_fd_sc_hd__xor2_1)
                                                         _08646_ (net)
                      0.098844    0.000000    3.055114 v _17961_/B (sky130_fd_sc_hd__xnor2_1)
     3    0.008566    0.159351    0.368513    3.423627 ^ _17961_/Y (sky130_fd_sc_hd__xnor2_1)
                                                         _08648_ (net)
                      0.159351    0.000000    3.423627 ^ _18332_/A (sky130_fd_sc_hd__xor2_1)
     2    0.003549    0.075672    0.169711    3.593339 v _18332_/X (sky130_fd_sc_hd__xor2_1)
                                                         _09057_ (net)
                      0.075672    0.000000    3.593339 v _18333_/A (sky130_fd_sc_hd__inv_1)
     1    0.001774    0.042885    0.071215    3.664553 ^ _18333_/Y (sky130_fd_sc_hd__inv_1)
                                                         _09058_ (net)
                      0.042885    0.000000    3.664553 ^ _18414_/A1 (sky130_fd_sc_hd__o21ai_0)
     1    0.001838    0.097042    0.130405    3.794958 v _18414_/Y (sky130_fd_sc_hd__o21ai_0)
                                                         fixed_pkg::s_narrow48$func$/headless/otolith/hdl/rtl/fixed_pkg.sv:130$9.$unnamed_block$1.v[14] (net)
                      0.097042    0.000000    3.794958 v _18586_/D (sky130_fd_sc_hd__dfrtp_1)
                                              3.794958   data arrival time

                      0.150000    0.000000    0.000000   clock clk (rise edge)
                                  0.000000    0.000000   clock network delay (ideal)
                                  0.250000    0.250000   clock uncertainty
                                  0.000000    0.250000   clock reconvergence pessimism
                                              0.250000 ^ _18586_/CLK (sky130_fd_sc_hd__dfrtp_1)
                                 -0.087819    0.162181   library hold time
                                              0.162181   data required time
---------------------------------------------------------------------------------------------
                                              0.162181   data required time
                                             -3.794958   data arrival time
---------------------------------------------------------------------------------------------
                                              3.632778   slack (MET)


Startpoint: _18537_ (rising edge-triggered flip-flop clocked by clk)
Endpoint: _18582_ (rising edge-triggered flip-flop clocked by clk)
Path Group: clk
Path Type: min

Fanout         Cap        Slew       Delay        Time   Description
---------------------------------------------------------------------------------------------
                      0.150000    0.000000    0.000000   clock clk (rise edge)
                                  0.000000    0.000000   clock network delay (ideal)
                      0.150000    0.000000    0.000000 ^ _18537_/CLK (sky130_fd_sc_hd__dfrtp_1)
    38    0.078506    0.722941    1.312571    1.312571 v _18537_/Q (sky130_fd_sc_hd__dfrtp_1)
                                                         b_r[31] (net)
                      0.722941    0.000000    1.312571 v _12502_/D (sky130_fd_sc_hd__nand4_1)
     3    0.009632    0.281951    0.505335    1.817906 ^ _12502_/Y (sky130_fd_sc_hd__nand4_1)
                                                         _02645_ (net)
                      0.281951    0.000000    1.817906 ^ _12866_/A (sky130_fd_sc_hd__maj3_1)
     2    0.007019    0.148213    0.419035    2.236942 ^ _12866_/X (sky130_fd_sc_hd__maj3_1)
                                                         _03045_ (net)
                      0.148213    0.000000    2.236942 ^ _12871_/A (sky130_fd_sc_hd__xor2_1)
     2    0.006566    0.098354    0.198271    2.435213 v _12871_/X (sky130_fd_sc_hd__xor2_1)
                                                         _03050_ (net)
                      0.098354    0.000000    2.435213 v _12976_/A (sky130_fd_sc_hd__xnor2_1)
     3    0.008810    0.162255    0.403578    2.838790 ^ _12976_/Y (sky130_fd_sc_hd__xnor2_1)
                                                         _03166_ (net)
                      0.162255    0.000000    2.838790 ^ _17975_/A (sky130_fd_sc_hd__xor2_1)
     2    0.006048    0.094461    0.197995    3.036785 v _17975_/X (sky130_fd_sc_hd__xor2_1)
                                                         _08664_ (net)
                      0.094461    0.000000    3.036785 v _17976_/B (sky130_fd_sc_hd__xnor2_1)
     3    0.008893    0.171807    0.284458    3.321243 v _17976_/Y (sky130_fd_sc_hd__xnor2_1)
                                                         _08665_ (net)
                      0.171807    0.000000    3.321243 v _18286_/A (sky130_fd_sc_hd__xnor2_1)
     1    0.002174    0.066049    0.253525    3.574767 v _18286_/Y (sky130_fd_sc_hd__xnor2_1)
                                                         _09006_ (net)
                      0.066049    0.000000    3.574767 v _18287_/A (sky130_fd_sc_hd__inv_1)
     2    0.004285    0.070410    0.088743    3.663510 ^ _18287_/Y (sky130_fd_sc_hd__inv_1)
                                                         _09007_ (net)
                      0.070410    0.000000    3.663510 ^ _18410_/A1 (sky130_fd_sc_hd__o21ai_0)
     1    0.001838    0.097019    0.142581    3.806091 v _18410_/Y (sky130_fd_sc_hd__o21ai_0)
                                                         fixed_pkg::s_narrow48$func$/headless/otolith/hdl/rtl/fixed_pkg.sv:130$9.$unnamed_block$1.v[10] (net)
                      0.097019    0.000000    3.806091 v _18582_/D (sky130_fd_sc_hd__dfrtp_1)
                                              3.806091   data arrival time

                      0.150000    0.000000    0.000000   clock clk (rise edge)
                                  0.000000    0.000000   clock network delay (ideal)
                                  0.250000    0.250000   clock uncertainty
                                  0.000000    0.250000   clock reconvergence pessimism
                                              0.250000 ^ _18582_/CLK (sky130_fd_sc_hd__dfrtp_1)
                                 -0.087811    0.162189   library hold time
                                              0.162189   data required time
---------------------------------------------------------------------------------------------
                                              0.162189   data required time
                                             -3.806091   data arrival time
---------------------------------------------------------------------------------------------
                                              3.643902   slack (MET)


Startpoint: _18539_ (rising edge-triggered flip-flop clocked by clk)
Endpoint: _18583_ (rising edge-triggered flip-flop clocked by clk)
Path Group: clk
Path Type: min

Fanout         Cap        Slew       Delay        Time   Description
---------------------------------------------------------------------------------------------
                      0.150000    0.000000    0.000000   clock clk (rise edge)
                                  0.000000    0.000000   clock network delay (ideal)
                      0.150000    0.000000    0.000000 ^ _18539_/CLK (sky130_fd_sc_hd__dfrtp_1)
    36    0.076025    0.701284    1.296322    1.296322 v _18539_/Q (sky130_fd_sc_hd__dfrtp_1)
                                                         b_r[33] (net)
                      0.701284    0.000000    1.296322 v _12164_/C (sky130_fd_sc_hd__nand4_1)
     3    0.009484    0.282743    0.517993    1.814315 ^ _12164_/Y (sky130_fd_sc_hd__nand4_1)
                                                         _02273_ (net)
                      0.282743    0.000000    1.814315 ^ _12169_/B (sky130_fd_sc_hd__maj3_1)
     2    0.006344    0.138659    0.404441    2.218756 ^ _12169_/X (sky130_fd_sc_hd__maj3_1)
                                                         _02278_ (net)
                      0.138659    0.000000    2.218756 ^ _12765_/A (sky130_fd_sc_hd__xnor2_1)
     2    0.006866    0.134185    0.269933    2.488688 ^ _12765_/Y (sky130_fd_sc_hd__xnor2_1)
                                                         _02934_ (net)
                      0.134185    0.000000    2.488688 ^ _12870_/A (sky130_fd_sc_hd__xor2_1)
     2    0.006566    0.098363    0.192920    2.681608 v _12870_/X (sky130_fd_sc_hd__xor2_1)
                                                         _03049_ (net)
                      0.098363    0.000000    2.681608 v _17971_/A (sky130_fd_sc_hd__xor2_1)
     3    0.008846    0.115550    0.353108    3.034717 v _17971_/X (sky130_fd_sc_hd__xor2_1)
                                                         _08659_ (net)
                      0.115550    0.000000    3.034717 v _17972_/B (sky130_fd_sc_hd__xor2_1)
     3    0.008895    0.116601    0.329841    3.364558 v _17972_/X (sky130_fd_sc_hd__xor2_1)
                                                         _08661_ (net)
                      0.116601    0.000000    3.364558 v _18281_/A (sky130_fd_sc_hd__xnor2_1)
     2    0.004249    0.099003    0.296888    3.661446 ^ _18281_/Y (sky130_fd_sc_hd__xnor2_1)
                                                         _09000_ (net)
                      0.099003    0.000000    3.661446 ^ _18411_/A1 (sky130_fd_sc_hd__o21ai_0)
     1    0.001838    0.097463    0.154265    3.815711 v _18411_/Y (sky130_fd_sc_hd__o21ai_0)
                                                         fixed_pkg::s_narrow48$func$/headless/otolith/hdl/rtl/fixed_pkg.sv:130$9.$unnamed_block$1.v[11] (net)
                      0.097463    0.000000    3.815711 v _18583_/D (sky130_fd_sc_hd__dfrtp_1)
                                              3.815711   data arrival time

                      0.150000    0.000000    0.000000   clock clk (rise edge)
                                  0.000000    0.000000   clock network delay (ideal)
                                  0.250000    0.250000   clock uncertainty
                                  0.000000    0.250000   clock reconvergence pessimism
                                              0.250000 ^ _18583_/CLK (sky130_fd_sc_hd__dfrtp_1)
                                 -0.087976    0.162024   library hold time
                                              0.162024   data required time
---------------------------------------------------------------------------------------------
                                              0.162024   data required time
                                             -3.815711   data arrival time
---------------------------------------------------------------------------------------------
                                              3.653687   slack (MET)


Startpoint: _18531_ (rising edge-triggered flip-flop clocked by clk)
Endpoint: _18578_ (rising edge-triggered flip-flop clocked by clk)
Path Group: clk
Path Type: min

Fanout         Cap        Slew       Delay        Time   Description
---------------------------------------------------------------------------------------------
                      0.150000    0.000000    0.000000   clock clk (rise edge)
                                  0.000000    0.000000   clock network delay (ideal)
                      0.150000    0.000000    0.000000 ^ _18531_/CLK (sky130_fd_sc_hd__dfrtp_1)
    37    0.076812    0.708154    1.301476    1.301476 v _18531_/Q (sky130_fd_sc_hd__dfrtp_1)
                                                         b_r[25] (net)
                      0.708154    0.000000    1.301476 v _15286_/D (sky130_fd_sc_hd__nand4_1)
     2    0.007265    0.253371    0.465511    1.766987 ^ _15286_/Y (sky130_fd_sc_hd__nand4_1)
                                                         _05707_ (net)
                      0.253371    0.000000    1.766987 ^ _15441_/A (sky130_fd_sc_hd__maj3_1)
     2    0.006344    0.138783    0.401121    2.168108 ^ _15441_/X (sky130_fd_sc_hd__maj3_1)
                                                         _05877_ (net)
                      0.138783    0.000000    2.168108 ^ _15448_/A (sky130_fd_sc_hd__xnor2_1)
     2    0.006937    0.135197    0.270762    2.438870 ^ _15448_/Y (sky130_fd_sc_hd__xnor2_1)
                                                         _05885_ (net)
                      0.135197    0.000000    2.438870 ^ _15480_/A (sky130_fd_sc_hd__nand2_1)
     2    0.003171    0.083145    0.125834    2.564704 v _15480_/Y (sky130_fd_sc_hd__nand2_1)
                                                         _05920_ (net)
                      0.083145    0.000000    2.564704 v _17952_/B1 (sky130_fd_sc_hd__o21ai_0)
     1    0.004499    0.161606    0.156418    2.721122 ^ _17952_/Y (sky130_fd_sc_hd__o21ai_0)
                                                         _08639_ (net)
                      0.161606    0.000000    2.721122 ^ _17953_/B (sky130_fd_sc_hd__xnor2_1)
     2    0.006112    0.123569    0.265654    2.986776 ^ _17953_/Y (sky130_fd_sc_hd__xnor2_1)
                                                         _08640_ (net)
                      0.123569    0.000000    2.986776 ^ _17954_/B (sky130_fd_sc_hd__and2_0)
     2    0.004977    0.154924    0.292650    3.279426 ^ _17954_/X (sky130_fd_sc_hd__and2_0)
                                                         _08641_ (net)
                      0.154924    0.000000    3.279426 ^ _18253_/B1 (sky130_fd_sc_hd__a21o_1)
     1    0.004499    0.081320    0.190749    3.470175 ^ _18253_/X (sky130_fd_sc_hd__a21o_1)
                                                         _08970_ (net)
                      0.081320    0.000000    3.470175 ^ _18254_/B (sky130_fd_sc_hd__xnor2_1)
     2    0.004440    0.098748    0.140406    3.610580 v _18254_/Y (sky130_fd_sc_hd__xnor2_1)
                                                         _08971_ (net)
                      0.098748    0.000000    3.610580 v _18255_/A (sky130_fd_sc_hd__inv_1)
     1    0.001774    0.047422    0.079820    3.690401 ^ _18255_/Y (sky130_fd_sc_hd__inv_1)
                                                         _08972_ (net)
                      0.047422    0.000000    3.690401 ^ _18406_/A1 (sky130_fd_sc_hd__o21ai_0)
     1    0.001838    0.097038    0.132411    3.822812 v _18406_/Y (sky130_fd_sc_hd__o21ai_0)
                                                         fixed_pkg::s_narrow48$func$/headless/otolith/hdl/rtl/fixed_pkg.sv:130$9.$unnamed_block$1.v[6] (net)
                      0.097038    0.000000    3.822812 v _18578_/D (sky130_fd_sc_hd__dfrtp_1)
                                              3.822812   data arrival time

                      0.150000    0.000000    0.000000   clock clk (rise edge)
                                  0.000000    0.000000   clock network delay (ideal)
                                  0.250000    0.250000   clock uncertainty
                                  0.000000    0.250000   clock reconvergence pessimism
                                              0.250000 ^ _18578_/CLK (sky130_fd_sc_hd__dfrtp_1)
                                 -0.087818    0.162182   library hold time
                                              0.162182   data required time
---------------------------------------------------------------------------------------------
                                              0.162182   data required time
                                             -3.822812   data arrival time
---------------------------------------------------------------------------------------------
                                              3.660630   slack (MET)


Startpoint: _18543_ (rising edge-triggered flip-flop clocked by clk)
Endpoint: _18587_ (rising edge-triggered flip-flop clocked by clk)
Path Group: clk
Path Type: min

Fanout         Cap        Slew       Delay        Time   Description
---------------------------------------------------------------------------------------------
                      0.150000    0.000000    0.000000   clock clk (rise edge)
                                  0.000000    0.000000   clock network delay (ideal)
                      0.150000    0.000000    0.000000 ^ _18543_/CLK (sky130_fd_sc_hd__dfrtp_1)
    35    0.074533    0.688260    1.286550    1.286550 v _18543_/Q (sky130_fd_sc_hd__dfrtp_1)
                                                         b_r[37] (net)
                      0.688260    0.000000    1.286550 v _13218_/C (sky130_fd_sc_hd__nand4_1)
     3    0.009484    0.282617    0.513271    1.799821 ^ _13218_/Y (sky130_fd_sc_hd__nand4_1)
                                                         _03432_ (net)
                      0.282617    0.000000    1.799821 ^ _13223_/B (sky130_fd_sc_hd__maj3_1)
     2    0.006334    0.138518    0.404272    2.204093 ^ _13223_/X (sky130_fd_sc_hd__maj3_1)
                                                         _03438_ (net)
                      0.138518    0.000000    2.204093 ^ _13648_/A (sky130_fd_sc_hd__xor2_1)
     2    0.003955    0.078723    0.166190    2.370283 v _13648_/X (sky130_fd_sc_hd__xor2_1)
                                                         _03905_ (net)
                      0.078723    0.000000    2.370283 v _13670_/B1 (sky130_fd_sc_hd__o21ai_0)
     2    0.004924    0.172374    0.161715    2.531998 ^ _13670_/Y (sky130_fd_sc_hd__o21ai_0)
                                                         _03929_ (net)
                      0.172374    0.000000    2.531998 ^ _13671_/B (sky130_fd_sc_hd__nand2b_1)
     2    0.006603    0.141571    0.194290    2.726288 v _13671_/Y (sky130_fd_sc_hd__nand2b_1)
                                                         _03930_ (net)
                      0.141571    0.000000    2.726288 v _18012_/A (sky130_fd_sc_hd__xnor2_1)
     2    0.006920    0.134958    0.374978    3.101265 ^ _18012_/Y (sky130_fd_sc_hd__xnor2_1)
                                                         _08705_ (net)
                      0.134958    0.000000    3.101265 ^ _18014_/B (sky130_fd_sc_hd__xnor2_1)
     4    0.008421    0.159351    0.207594    3.308859 v _18014_/Y (sky130_fd_sc_hd__xnor2_1)
                                                         _08707_ (net)
                      0.159351    0.000000    3.308859 v _18015_/A (sky130_fd_sc_hd__inv_1)
     2    0.007011    0.113537    0.154416    3.463276 ^ _18015_/Y (sky130_fd_sc_hd__inv_1)
                                                         _08708_ (net)
                      0.113537    0.000000    3.463276 ^ _18249_/B (sky130_fd_sc_hd__xnor2_1)
     2    0.003217    0.082317    0.213434    3.676709 ^ _18249_/Y (sky130_fd_sc_hd__xnor2_1)
                                                         _08965_ (net)
                      0.082317    0.000000    3.676709 ^ _18415_/A1 (sky130_fd_sc_hd__o21ai_0)
     1    0.001838    0.097079    0.147703    3.824412 v _18415_/Y (sky130_fd_sc_hd__o21ai_0)
                                                         fixed_pkg::s_narrow48$func$/headless/otolith/hdl/rtl/fixed_pkg.sv:130$9.$unnamed_block$1.v[15] (net)
                      0.097079    0.000000    3.824412 v _18587_/D (sky130_fd_sc_hd__dfrtp_1)
                                              3.824412   data arrival time

                      0.150000    0.000000    0.000000   clock clk (rise edge)
                                  0.000000    0.000000   clock network delay (ideal)
                                  0.250000    0.250000   clock uncertainty
                                  0.000000    0.250000   clock reconvergence pessimism
                                              0.250000 ^ _18587_/CLK (sky130_fd_sc_hd__dfrtp_1)
                                 -0.087833    0.162167   library hold time
                                              0.162167   data required time
---------------------------------------------------------------------------------------------
                                              0.162167   data required time
                                             -3.824412   data arrival time
---------------------------------------------------------------------------------------------
                                              3.662246   slack (MET)


Startpoint: _18532_ (rising edge-triggered flip-flop clocked by clk)
Endpoint: _18579_ (rising edge-triggered flip-flop clocked by clk)
Path Group: clk
Path Type: min

Fanout         Cap        Slew       Delay        Time   Description
---------------------------------------------------------------------------------------------
                      0.150000    0.000000    0.000000   clock clk (rise edge)
                                  0.000000    0.000000   clock network delay (ideal)
                      0.150000    0.000000    0.000000 ^ _18532_/CLK (sky130_fd_sc_hd__dfrtp_1)
    38    0.079891    0.735031    1.321643    1.321643 v _18532_/Q (sky130_fd_sc_hd__dfrtp_1)
                                                         b_r[26] (net)
                      0.735031    0.000000    1.321643 v _13158_/D (sky130_fd_sc_hd__nand4_1)
     3    0.008817    0.275195    0.498292    1.819935 ^ _13158_/Y (sky130_fd_sc_hd__nand4_1)
                                                         _03366_ (net)
                      0.275195    0.000000    1.819935 ^ _15386_/A (sky130_fd_sc_hd__maj3_1)
     2    0.006344    0.138659    0.408785    2.228719 ^ _15386_/X (sky130_fd_sc_hd__maj3_1)
                                                         _05817_ (net)
                      0.138659    0.000000    2.228719 ^ _15389_/A1 (sky130_fd_sc_hd__o21ai_0)
     3    0.008875    0.247629    0.308769    2.537488 v _15389_/Y (sky130_fd_sc_hd__o21ai_0)
                                                         _05820_ (net)
                      0.247629    0.000000    2.537488 v _17983_/A2 (sky130_fd_sc_hd__a21oi_1)
     1    0.004499    0.202877    0.339494    2.876983 ^ _17983_/Y (sky130_fd_sc_hd__a21oi_1)
                                                         _08673_ (net)
                      0.202877    0.000000    2.876983 ^ _17984_/B (sky130_fd_sc_hd__xnor2_1)
     3    0.009981    0.179360    0.325178    3.202161 ^ _17984_/Y (sky130_fd_sc_hd__xnor2_1)
                                                         _08674_ (net)
                      0.179360    0.000000    3.202161 ^ _17985_/B (sky130_fd_sc_hd__xor2_1)
     3    0.008947    0.116859    0.230935    3.433096 v _17985_/X (sky130_fd_sc_hd__xor2_1)
                                                         _08675_ (net)
                      0.116859    0.000000    3.433096 v _18252_/B (sky130_fd_sc_hd__xnor2_1)
     2    0.003316    0.086398    0.243873    3.676969 ^ _18252_/Y (sky130_fd_sc_hd__xnor2_1)
                                                         _08969_ (net)
                      0.086398    0.000000    3.676969 ^ _18407_/A1 (sky130_fd_sc_hd__o21ai_0)
     1    0.001838    0.097173    0.149308    3.826277 v _18407_/Y (sky130_fd_sc_hd__o21ai_0)
                                                         fixed_pkg::s_narrow48$func$/headless/otolith/hdl/rtl/fixed_pkg.sv:130$9.$unnamed_block$1.v[7] (net)
                      0.097173    0.000000    3.826277 v _18579_/D (sky130_fd_sc_hd__dfrtp_1)
                                              3.826277   data arrival time

                      0.150000    0.000000    0.000000   clock clk (rise edge)
                                  0.000000    0.000000   clock network delay (ideal)
                                  0.250000    0.250000   clock uncertainty
                                  0.000000    0.250000   clock reconvergence pessimism
                                              0.250000 ^ _18579_/CLK (sky130_fd_sc_hd__dfrtp_1)
                                 -0.087868    0.162132   library hold time
                                              0.162132   data required time
---------------------------------------------------------------------------------------------
                                              0.162132   data required time
                                             -3.826277   data arrival time
---------------------------------------------------------------------------------------------
                                              3.664145   slack (MET)


Startpoint: _18535_ (rising edge-triggered flip-flop clocked by clk)
Endpoint: _18581_ (rising edge-triggered flip-flop clocked by clk)
Path Group: clk
Path Type: min

Fanout         Cap        Slew       Delay        Time   Description
---------------------------------------------------------------------------------------------
                      0.150000    0.000000    0.000000   clock clk (rise edge)
                                  0.000000    0.000000   clock network delay (ideal)
                      0.150000    0.000000    0.000000 ^ _18535_/CLK (sky130_fd_sc_hd__dfrtp_1)
    38    0.080616    0.741360    1.326391    1.326391 v _18535_/Q (sky130_fd_sc_hd__dfrtp_1)
                                                         b_r[29] (net)
                      0.741360    0.000000    1.326391 v _12843_/D (sky130_fd_sc_hd__nand4_1)
     3    0.009632    0.285704    0.511508    1.837899 ^ _12843_/Y (sky130_fd_sc_hd__nand4_1)
                                                         _03020_ (net)
                      0.285704    0.000000    1.837899 ^ _13080_/A (sky130_fd_sc_hd__maj3_1)
     2    0.007019    0.148216    0.420354    2.258253 ^ _13080_/X (sky130_fd_sc_hd__maj3_1)
                                                         _03280_ (net)
                      0.148216    0.000000    2.258253 ^ _13085_/A (sky130_fd_sc_hd__xor2_1)
     2    0.005891    0.093279    0.190933    2.449187 v _13085_/X (sky130_fd_sc_hd__xor2_1)
                                                         _03286_ (net)
                      0.093279    0.000000    2.449187 v _13190_/B1 (sky130_fd_sc_hd__o21ai_0)
     2    0.004129    0.152658    0.154883    2.604069 ^ _13190_/Y (sky130_fd_sc_hd__o21ai_0)
                                                         _03401_ (net)
                      0.152658    0.000000    2.604069 ^ _17977_/A (sky130_fd_sc_hd__nand2_1)
     1    0.004243    0.092791    0.147258    2.751328 v _17977_/Y (sky130_fd_sc_hd__nand2_1)
                                                         _08666_ (net)
                      0.092791    0.000000    2.751328 v _17978_/B (sky130_fd_sc_hd__xor2_1)
     3    0.008322    0.111596    0.316088    3.067415 v _17978_/X (sky130_fd_sc_hd__xor2_1)
                                                         _08667_ (net)
                      0.111596    0.000000    3.067415 v _17979_/B (sky130_fd_sc_hd__xnor2_1)
     3    0.008746    0.177500    0.290941    3.358357 v _17979_/Y (sky130_fd_sc_hd__xnor2_1)
                                                         _08668_ (net)
                      0.177500    0.000000    3.358357 v _18248_/A (sky130_fd_sc_hd__xor2_1)
     2    0.003217    0.176211    0.295774    3.654131 ^ _18248_/X (sky130_fd_sc_hd__xor2_1)
                                                         _08964_ (net)
                      0.176211    0.000000    3.654131 ^ _18409_/A1 (sky130_fd_sc_hd__o21ai_0)
     1    0.001838    0.099241    0.184631    3.838761 v _18409_/Y (sky130_fd_sc_hd__o21ai_0)
                                                         fixed_pkg::s_narrow48$func$/headless/otolith/hdl/rtl/fixed_pkg.sv:130$9.$unnamed_block$1.v[9] (net)
                      0.099241    0.000000    3.838761 v _18581_/D (sky130_fd_sc_hd__dfrtp_1)
                                              3.838761   data arrival time

                      0.150000    0.000000    0.000000   clock clk (rise edge)
                                  0.000000    0.000000   clock network delay (ideal)
                                  0.250000    0.250000   clock uncertainty
                                  0.000000    0.250000   clock reconvergence pessimism
                                              0.250000 ^ _18581_/CLK (sky130_fd_sc_hd__dfrtp_1)
                                 -0.088636    0.161364   library hold time
                                              0.161364   data required time
---------------------------------------------------------------------------------------------
                                              0.161364   data required time
                                             -3.838761   data arrival time
---------------------------------------------------------------------------------------------
                                              3.677397   slack (MET)


Startpoint: _18568_ (rising edge-triggered flip-flop clocked by clk)
Endpoint: _18615_ (rising edge-triggered flip-flop clocked by clk)
Path Group: clk
Path Type: min

Fanout         Cap        Slew       Delay        Time   Description
---------------------------------------------------------------------------------------------
                      0.150000    0.000000    0.000000   clock clk (rise edge)
                                  0.000000    0.000000   clock network delay (ideal)
                      0.150000    0.000000    0.000000 ^ _18568_/CLK (sky130_fd_sc_hd__dfrtp_1)
    37    0.082643    0.759054    1.339667    1.339667 v _18568_/Q (sky130_fd_sc_hd__dfrtp_1)
                                                         b_r[62] (net)
                      0.759054    0.000000    1.339667 v _11688_/A (sky130_fd_sc_hd__nand2_1)
     2    0.007265    0.137081    0.385852    1.725519 ^ _11688_/Y (sky130_fd_sc_hd__nand2_1)
                                                         _01749_ (net)
                      0.137081    0.000000    1.725519 ^ _17122_/A (sky130_fd_sc_hd__maj3_1)
     2    0.007601    0.156456    0.372564    2.098083 ^ _17122_/X (sky130_fd_sc_hd__maj3_1)
                                                         _07727_ (net)
                      0.156456    0.000000    2.098083 ^ _17124_/C (sky130_fd_sc_hd__maj3_1)
     2    0.006974    0.147576    0.384488    2.482572 ^ _17124_/X (sky130_fd_sc_hd__maj3_1)
                                                         _07729_ (net)
                      0.147576    0.000000    2.482572 ^ _17126_/B (sky130_fd_sc_hd__xor2_1)
     4    0.011049    0.131457    0.239904    2.722476 v _17126_/X (sky130_fd_sc_hd__xor2_1)
                                                         _07731_ (net)
                      0.131457    0.000000    2.722476 v _18073_/A1 (sky130_fd_sc_hd__o21bai_1)
     1    0.004499    0.120668    0.289153    3.011629 ^ _18073_/Y (sky130_fd_sc_hd__o21bai_1)
                                                         _08772_ (net)
                      0.120668    0.000000    3.011629 ^ _18074_/B (sky130_fd_sc_hd__xnor2_1)
     2    0.003739    0.089557    0.147215    3.158844 v _18074_/Y (sky130_fd_sc_hd__xnor2_1)
                                                         _08773_ (net)
                      0.089557    0.000000    3.158844 v _18076_/B (sky130_fd_sc_hd__nor2_1)
     1    0.002476    0.124117    0.141222    3.300066 ^ _18076_/Y (sky130_fd_sc_hd__nor2_1)
                                                         _08775_ (net)
                      0.124117    0.000000    3.300066 ^ _18077_/B (sky130_fd_sc_hd__nor2_1)
     3    0.008036    0.084948    0.127142    3.427208 v _18077_/Y (sky130_fd_sc_hd__nor2_1)
                                                         _08776_ (net)
                      0.084948    0.000000    3.427208 v _18306_/A (sky130_fd_sc_hd__xnor2_1)
     2    0.004285    0.097467    0.284041    3.711249 ^ _18306_/Y (sky130_fd_sc_hd__xnor2_1)
                                                         _09028_ (net)
                      0.097467    0.000000    3.711249 ^ _18446_/A1 (sky130_fd_sc_hd__o21ai_0)
     1    0.001838    0.097428    0.153662    3.864911 v _18446_/Y (sky130_fd_sc_hd__o21ai_0)
                                                         fixed_pkg::s_narrow48$func$/headless/otolith/hdl/rtl/fixed_pkg.sv:130$9.$unnamed_block$1.v[43] (net)
                      0.097428    0.000000    3.864911 v _18615_/D (sky130_fd_sc_hd__dfrtp_1)
                                              3.864911   data arrival time

                      0.150000    0.000000    0.000000   clock clk (rise edge)
                                  0.000000    0.000000   clock network delay (ideal)
                                  0.250000    0.250000   clock uncertainty
                                  0.000000    0.250000   clock reconvergence pessimism
                                              0.250000 ^ _18615_/CLK (sky130_fd_sc_hd__dfrtp_1)
                                 -0.087963    0.162037   library hold time
                                              0.162037   data required time
---------------------------------------------------------------------------------------------
                                              0.162037   data required time
                                             -3.864911   data arrival time
---------------------------------------------------------------------------------------------
                                              3.702873   slack (MET)


Startpoint: _18569_ (rising edge-triggered flip-flop clocked by clk)
Endpoint: _18616_ (rising edge-triggered flip-flop clocked by clk)
Path Group: clk
Path Type: min

Fanout         Cap        Slew       Delay        Time   Description
---------------------------------------------------------------------------------------------
                      0.150000    0.000000    0.000000   clock clk (rise edge)
                                  0.000000    0.000000   clock network delay (ideal)
                      0.150000    0.000000    0.000000 ^ _18569_/CLK (sky130_fd_sc_hd__dfrtp_1)
    47    0.092431    0.844496    1.403775    1.403775 v _18569_/Q (sky130_fd_sc_hd__dfrtp_1)
                                                         b_r[63] (net)
                      0.844496    0.000000    1.403775 v _09208_/A (sky130_fd_sc_hd__nand3_1)
     7    0.020425    0.428260    0.630982    2.034757 ^ _09208_/Y (sky130_fd_sc_hd__nand3_1)
                                                         _00664_ (net)
                      0.428260    0.000000    2.034757 ^ _17042_/A (sky130_fd_sc_hd__maj3_1)
     2    0.007601    0.156683    0.477246    2.512004 ^ _17042_/X (sky130_fd_sc_hd__maj3_1)
                                                         _07639_ (net)
                      0.156683    0.000000    2.512004 ^ _17046_/A (sky130_fd_sc_hd__xnor2_1)
     2    0.004826    0.105141    0.254092    2.766096 ^ _17046_/Y (sky130_fd_sc_hd__xnor2_1)
                                                         _07643_ (net)
                      0.105141    0.000000    2.766096 ^ _17084_/A (sky130_fd_sc_hd__nand2_1)
     1    0.002232    0.064513    0.102002    2.868098 v _17084_/Y (sky130_fd_sc_hd__nand2_1)
                                                         _07685_ (net)
                      0.064513    0.000000    2.868098 v _17085_/B (sky130_fd_sc_hd__nand2_1)
     3    0.007830    0.132440    0.147762    3.015860 ^ _17085_/Y (sky130_fd_sc_hd__nand2_1)
                                                         _07686_ (net)
                      0.132440    0.000000    3.015860 ^ _18070_/A (sky130_fd_sc_hd__xnor2_1)
     2    0.006975    0.135727    0.268821    3.284682 ^ _18070_/Y (sky130_fd_sc_hd__xnor2_1)
                                                         _08768_ (net)
                      0.135727    0.000000    3.284682 ^ _18072_/B (sky130_fd_sc_hd__xnor2_1)
     3    0.008745    0.161312    0.283583    3.568264 ^ _18072_/Y (sky130_fd_sc_hd__xnor2_1)
                                                         _08771_ (net)
                      0.161312    0.000000    3.568264 ^ _18220_/A (sky130_fd_sc_hd__xnor2_1)
     2    0.003646    0.089919    0.180019    3.748283 v _18220_/Y (sky130_fd_sc_hd__xnor2_1)
                                                         _08933_ (net)
                      0.089919    0.000000    3.748283 v _18221_/A (sky130_fd_sc_hd__inv_1)
     1    0.001774    0.045469    0.076658    3.824941 ^ _18221_/Y (sky130_fd_sc_hd__inv_1)
                                                         _08934_ (net)
                      0.045469    0.000000    3.824941 ^ _18447_/A1 (sky130_fd_sc_hd__o21ai_0)
     1    0.001838    0.097040    0.131548    3.956489 v _18447_/Y (sky130_fd_sc_hd__o21ai_0)
                                                         fixed_pkg::s_narrow48$func$/headless/otolith/hdl/rtl/fixed_pkg.sv:130$9.$unnamed_block$1.v[44] (net)
                      0.097040    0.000000    3.956489 v _18616_/D (sky130_fd_sc_hd__dfrtp_1)
                                              3.956489   data arrival time

                      0.150000    0.000000    0.000000   clock clk (rise edge)
                                  0.000000    0.000000   clock network delay (ideal)
                                  0.250000    0.250000   clock uncertainty
                                  0.000000    0.250000   clock reconvergence pessimism
                                              0.250000 ^ _18616_/CLK (sky130_fd_sc_hd__dfrtp_1)
                                 -0.087819    0.162181   library hold time
                                              0.162181   data required time
---------------------------------------------------------------------------------------------
                                              0.162181   data required time
                                             -3.956489   data arrival time
---------------------------------------------------------------------------------------------
                                              3.794308   slack (MET)


Startpoint: _18569_ (rising edge-triggered flip-flop clocked by clk)
Endpoint: _18617_ (rising edge-triggered flip-flop clocked by clk)
Path Group: clk
Path Type: min

Fanout         Cap        Slew       Delay        Time   Description
---------------------------------------------------------------------------------------------
                      0.150000    0.000000    0.000000   clock clk (rise edge)
                                  0.000000    0.000000   clock network delay (ideal)
                      0.150000    0.000000    0.000000 ^ _18569_/CLK (sky130_fd_sc_hd__dfrtp_1)
    47    0.092431    0.844496    1.403775    1.403775 v _18569_/Q (sky130_fd_sc_hd__dfrtp_1)
                                                         b_r[63] (net)
                      0.844496    0.000000    1.403775 v _09208_/A (sky130_fd_sc_hd__nand3_1)
     7    0.020425    0.428260    0.630982    2.034757 ^ _09208_/Y (sky130_fd_sc_hd__nand3_1)
                                                         _00664_ (net)
                      0.428260    0.000000    2.034757 ^ _17042_/A (sky130_fd_sc_hd__maj3_1)
     2    0.007601    0.156683    0.477246    2.512004 ^ _17042_/X (sky130_fd_sc_hd__maj3_1)
                                                         _07639_ (net)
                      0.156683    0.000000    2.512004 ^ _17046_/A (sky130_fd_sc_hd__xnor2_1)
     2    0.004569    0.101688    0.189348    2.701351 v _17046_/Y (sky130_fd_sc_hd__xnor2_1)
                                                         _07643_ (net)
                      0.101688    0.000000    2.701351 v _17082_/A (sky130_fd_sc_hd__nor2_1)
     1    0.002306    0.119623    0.167799    2.869150 ^ _17082_/Y (sky130_fd_sc_hd__nor2_1)
                                                         _07683_ (net)
                      0.119623    0.000000    2.869150 ^ _17083_/A (sky130_fd_sc_hd__inv_1)
     3    0.006743    0.075536    0.115471    2.984622 v _17083_/Y (sky130_fd_sc_hd__inv_1)
                                                         _07684_ (net)
                      0.075536    0.000000    2.984622 v _18065_/B1 (sky130_fd_sc_hd__o21ai_0)
     1    0.004499    0.161425    0.152866    3.137487 ^ _18065_/Y (sky130_fd_sc_hd__o21ai_0)
                                                         _08763_ (net)
                      0.161425    0.000000    3.137487 ^ _18066_/B (sky130_fd_sc_hd__xnor2_1)
     2    0.003754    0.091205    0.162889    3.300376 v _18066_/Y (sky130_fd_sc_hd__xnor2_1)
                                                         _08764_ (net)
                      0.091205    0.000000    3.300376 v _18067_/A (sky130_fd_sc_hd__inv_1)
     2    0.007046    0.104979    0.123804    3.424180 ^ _18067_/Y (sky130_fd_sc_hd__inv_1)
                                                         _08765_ (net)
                      0.104979    0.000000    3.424180 ^ _18068_/B (sky130_fd_sc_hd__xnor2_1)
     2    0.006991    0.136141    0.251361    3.675541 ^ _18068_/Y (sky130_fd_sc_hd__xnor2_1)
                                                         _08766_ (net)
                      0.136141    0.000000    3.675541 ^ _18317_/A (sky130_fd_sc_hd__xnor2_1)
     2    0.004588    0.103643    0.181625    3.857166 v _18317_/Y (sky130_fd_sc_hd__xnor2_1)
                                                         _09040_ (net)
                      0.103643    0.000000    3.857166 v _18448_/B (sky130_fd_sc_hd__nand2b_1)
     1    0.002421    0.076186    0.116343    3.973509 ^ _18448_/Y (sky130_fd_sc_hd__nand2b_1)
                                                         _09138_ (net)
                      0.076186    0.000000    3.973509 ^ _18449_/B (sky130_fd_sc_hd__nand2_1)
     1    0.001838    0.055215    0.095756    4.069265 v _18449_/Y (sky130_fd_sc_hd__nand2_1)
                                                         fixed_pkg::s_narrow48$func$/headless/otolith/hdl/rtl/fixed_pkg.sv:130$9.$unnamed_block$1.v[45] (net)
                      0.055215    0.000000    4.069265 v _18617_/D (sky130_fd_sc_hd__dfrtp_1)
                                              4.069265   data arrival time

                      0.150000    0.000000    0.000000   clock clk (rise edge)
                                  0.000000    0.000000   clock network delay (ideal)
                                  0.250000    0.250000   clock uncertainty
                                  0.000000    0.250000   clock reconvergence pessimism
                                              0.250000 ^ _18617_/CLK (sky130_fd_sc_hd__dfrtp_1)
                                 -0.072288    0.177712   library hold time
                                              0.177712   data required time
---------------------------------------------------------------------------------------------
                                              0.177712   data required time
                                             -4.069265   data arrival time
---------------------------------------------------------------------------------------------
                                              3.891554   slack (MET)


Startpoint: _18569_ (rising edge-triggered flip-flop clocked by clk)
Endpoint: _18618_ (rising edge-triggered flip-flop clocked by clk)
Path Group: clk
Path Type: min

Fanout         Cap        Slew       Delay        Time   Description
---------------------------------------------------------------------------------------------
                      0.150000    0.000000    0.000000   clock clk (rise edge)
                                  0.000000    0.000000   clock network delay (ideal)
                      0.150000    0.000000    0.000000 ^ _18569_/CLK (sky130_fd_sc_hd__dfrtp_1)
    47    0.092431    0.844496    1.403775    1.403775 v _18569_/Q (sky130_fd_sc_hd__dfrtp_1)
                                                         b_r[63] (net)
                      0.844496    0.000000    1.403775 v _09208_/A (sky130_fd_sc_hd__nand3_1)
     7    0.020425    0.428260    0.630982    2.034757 ^ _09208_/Y (sky130_fd_sc_hd__nand3_1)
                                                         _00664_ (net)
                      0.428260    0.000000    2.034757 ^ _17042_/A (sky130_fd_sc_hd__maj3_1)
     2    0.007601    0.156683    0.477246    2.512004 ^ _17042_/X (sky130_fd_sc_hd__maj3_1)
                                                         _07639_ (net)
                      0.156683    0.000000    2.512004 ^ _17046_/A (sky130_fd_sc_hd__xnor2_1)
     2    0.004569    0.101688    0.189348    2.701351 v _17046_/Y (sky130_fd_sc_hd__xnor2_1)
                                                         _07643_ (net)
                      0.101688    0.000000    2.701351 v _17082_/A (sky130_fd_sc_hd__nor2_1)
     1    0.002306    0.119623    0.167799    2.869150 ^ _17082_/Y (sky130_fd_sc_hd__nor2_1)
                                                         _07683_ (net)
                      0.119623    0.000000    2.869150 ^ _17083_/A (sky130_fd_sc_hd__inv_1)
     3    0.006743    0.075536    0.115471    2.984622 v _17083_/Y (sky130_fd_sc_hd__inv_1)
                                                         _07684_ (net)
                      0.075536    0.000000    2.984622 v _18065_/B1 (sky130_fd_sc_hd__o21ai_0)
     1    0.004499    0.161425    0.152866    3.137487 ^ _18065_/Y (sky130_fd_sc_hd__o21ai_0)
                                                         _08763_ (net)
                      0.161425    0.000000    3.137487 ^ _18066_/B (sky130_fd_sc_hd__xnor2_1)
     2    0.003754    0.091205    0.162889    3.300376 v _18066_/Y (sky130_fd_sc_hd__xnor2_1)
                                                         _08764_ (net)
                      0.091205    0.000000    3.300376 v _18067_/A (sky130_fd_sc_hd__inv_1)
     2    0.007046    0.104979    0.123804    3.424180 ^ _18067_/Y (sky130_fd_sc_hd__inv_1)
                                                         _08765_ (net)
                      0.104979    0.000000    3.424180 ^ _18195_/B (sky130_fd_sc_hd__maj3_1)
     1    0.004499    0.114678    0.310359    3.734540 ^ _18195_/X (sky130_fd_sc_hd__maj3_1)
                                                         _08906_ (net)
                      0.114678    0.000000    3.734540 ^ _18196_/B (sky130_fd_sc_hd__xnor2_1)
     2    0.004469    0.100228    0.153475    3.888015 v _18196_/Y (sky130_fd_sc_hd__xnor2_1)
                                                         _08907_ (net)
                      0.100228    0.000000    3.888015 v _18197_/A (sky130_fd_sc_hd__inv_1)
     1    0.001774    0.047749    0.080350    3.968364 ^ _18197_/Y (sky130_fd_sc_hd__inv_1)
                                                         _08908_ (net)
                      0.047749    0.000000    3.968364 ^ _18450_/A1 (sky130_fd_sc_hd__o21ai_0)
     1    0.001838    0.097038    0.132556    4.100921 v _18450_/Y (sky130_fd_sc_hd__o21ai_0)
                                                         fixed_pkg::s_narrow48$func$/headless/otolith/hdl/rtl/fixed_pkg.sv:130$9.$unnamed_block$1.v[46] (net)
                      0.097038    0.000000    4.100921 v _18618_/D (sky130_fd_sc_hd__dfrtp_1)
                                              4.100921   data arrival time

                      0.150000    0.000000    0.000000   clock clk (rise edge)
                                  0.000000    0.000000   clock network delay (ideal)
                                  0.250000    0.250000   clock uncertainty
                                  0.000000    0.250000   clock reconvergence pessimism
                                              0.250000 ^ _18618_/CLK (sky130_fd_sc_hd__dfrtp_1)
                                 -0.087818    0.162182   library hold time
                                              0.162182   data required time
---------------------------------------------------------------------------------------------
                                              0.162182   data required time
                                             -4.100921   data arrival time
---------------------------------------------------------------------------------------------
                                              3.938738   slack (MET)


Startpoint: _18568_ (rising edge-triggered flip-flop clocked by clk)
Endpoint: _18619_ (rising edge-triggered flip-flop clocked by clk)
Path Group: clk
Path Type: min

Fanout         Cap        Slew       Delay        Time   Description
---------------------------------------------------------------------------------------------
                      0.150000    0.000000    0.000000   clock clk (rise edge)
                                  0.000000    0.000000   clock network delay (ideal)
                      0.150000    0.000000    0.000000 ^ _18568_/CLK (sky130_fd_sc_hd__dfrtp_1)
    37    0.082643    0.759054    1.339667    1.339667 v _18568_/Q (sky130_fd_sc_hd__dfrtp_1)
                                                         b_r[62] (net)
                      0.759054    0.000000    1.339667 v _11688_/A (sky130_fd_sc_hd__nand2_1)
     2    0.007265    0.137081    0.385852    1.725519 ^ _11688_/Y (sky130_fd_sc_hd__nand2_1)
                                                         _01749_ (net)
                      0.137081    0.000000    1.725519 ^ _17122_/A (sky130_fd_sc_hd__maj3_1)
     2    0.007601    0.156456    0.372564    2.098083 ^ _17122_/X (sky130_fd_sc_hd__maj3_1)
                                                         _07727_ (net)
                      0.156456    0.000000    2.098083 ^ _17124_/C (sky130_fd_sc_hd__maj3_1)
     2    0.006974    0.147576    0.384488    2.482572 ^ _17124_/X (sky130_fd_sc_hd__maj3_1)
                                                         _07729_ (net)
                      0.147576    0.000000    2.482572 ^ _17126_/B (sky130_fd_sc_hd__xor2_1)
     4    0.011049    0.131457    0.239904    2.722476 v _17126_/X (sky130_fd_sc_hd__xor2_1)
                                                         _07731_ (net)
                      0.131457    0.000000    2.722476 v _18040_/A (sky130_fd_sc_hd__xnor2_1)
     2    0.006438    0.130654    0.285076    3.007552 v _18040_/Y (sky130_fd_sc_hd__xnor2_1)
                                                         _08735_ (net)
                      0.130654    0.000000    3.007552 v _18127_/A2 (sky130_fd_sc_hd__o221ai_1)
     2    0.005068    0.157260    0.359973    3.367525 ^ _18127_/Y (sky130_fd_sc_hd__o221ai_1)
                                                         _08831_ (net)
                      0.157260    0.000000    3.367525 ^ _18131_/B1 (sky130_fd_sc_hd__a221o_1)
     3    0.006714    0.127806    0.342936    3.710461 ^ _18131_/X (sky130_fd_sc_hd__a221o_1)
                                                         _08835_ (net)
                      0.127806    0.000000    3.710461 ^ _18132_/B (sky130_fd_sc_hd__nor2_1)
     3    0.008979    0.092201    0.135210    3.845671 v _18132_/Y (sky130_fd_sc_hd__nor2_1)
                                                         _08837_ (net)
                      0.092201    0.000000    3.845671 v _18239_/A (sky130_fd_sc_hd__xor2_1)
     2    0.004283    0.207989    0.281956    4.127627 ^ _18239_/X (sky130_fd_sc_hd__xor2_1)
                                                         _08954_ (net)
                      0.207989    0.000000    4.127627 ^ _18451_/A1 (sky130_fd_sc_hd__o21ai_0)
     1    0.001838    0.099973    0.197128    4.324755 v _18451_/Y (sky130_fd_sc_hd__o21ai_0)
                                                         fixed_pkg::s_narrow48$func$/headless/otolith/hdl/rtl/fixed_pkg.sv:130$9.$unnamed_block$1.v[47] (net)
                      0.099973    0.000000    4.324755 v _18619_/D (sky130_fd_sc_hd__dfrtp_1)
                                              4.324755   data arrival time

                      0.150000    0.000000    0.000000   clock clk (rise edge)
                                  0.000000    0.000000   clock network delay (ideal)
                                  0.250000    0.250000   clock uncertainty
                                  0.000000    0.250000   clock reconvergence pessimism
                                              0.250000 ^ _18619_/CLK (sky130_fd_sc_hd__dfrtp_1)
                                 -0.088908    0.161092   library hold time
                                              0.161092   data required time
---------------------------------------------------------------------------------------------
                                              0.161092   data required time
                                             -4.324755   data arrival time
---------------------------------------------------------------------------------------------
                                              4.163662   slack (MET)


Startpoint: _18567_ (rising edge-triggered flip-flop clocked by clk)
Endpoint: _18623_ (rising edge-triggered flip-flop clocked by clk)
Path Group: clk
Path Type: min

Fanout         Cap        Slew       Delay        Time   Description
---------------------------------------------------------------------------------------------
                      0.150000    0.000000    0.000000   clock clk (rise edge)
                                  0.000000    0.000000   clock network delay (ideal)
                      0.150000    0.000000    0.000000 ^ _18567_/CLK (sky130_fd_sc_hd__dfrtp_1)
    35    0.075357    0.695453    1.291947    1.291947 v _18567_/Q (sky130_fd_sc_hd__dfrtp_1)
                                                         b_r[61] (net)
                      0.695453    0.000000    1.291947 v _11150_/A (sky130_fd_sc_hd__nand4_1)
     2    0.007265    0.249671    0.418074    1.710020 ^ _11150_/Y (sky130_fd_sc_hd__nand4_1)
                                                         _01157_ (net)
                      0.249671    0.000000    1.710020 ^ _17132_/A (sky130_fd_sc_hd__maj3_1)
     2    0.006213    0.136805    0.398294    2.108315 ^ _17132_/X (sky130_fd_sc_hd__maj3_1)
                                                         _07738_ (net)
                      0.136805    0.000000    2.108315 ^ _17140_/A (sky130_fd_sc_hd__xnor2_1)
     2    0.006020    0.122123    0.259904    2.368218 ^ _17140_/Y (sky130_fd_sc_hd__xnor2_1)
                                                         _07746_ (net)
                      0.122123    0.000000    2.368218 ^ _17143_/A (sky130_fd_sc_hd__xor2_1)
     4    0.010012    0.123983    0.225491    2.593709 v _17143_/X (sky130_fd_sc_hd__xor2_1)
                                                         _07750_ (net)
                      0.123983    0.000000    2.593709 v _18056_/B (sky130_fd_sc_hd__xor2_1)
     2    0.006283    0.267420    0.308347    2.902056 ^ _18056_/X (sky130_fd_sc_hd__xor2_1)
                                                         _08753_ (net)
                      0.267420    0.000000    2.902056 ^ _18057_/B (sky130_fd_sc_hd__xor2_1)
     3    0.008904    0.116722    0.266323    3.168379 v _18057_/X (sky130_fd_sc_hd__xor2_1)
                                                         _08754_ (net)
                      0.116722    0.000000    3.168379 v _18058_/C (sky130_fd_sc_hd__nand3b_1)
     2    0.004842    0.113925    0.170909    3.339288 ^ _18058_/Y (sky130_fd_sc_hd__nand3b_1)
                                                         _08755_ (net)
                      0.113925    0.000000    3.339288 ^ _18080_/A (sky130_fd_sc_hd__nor3_1)
     2    0.004561    0.062423    0.119117    3.458406 v _18080_/Y (sky130_fd_sc_hd__nor3_1)
                                                         _08779_ (net)
                      0.062423    0.000000    3.458406 v _18117_/A (sky130_fd_sc_hd__nand2_1)
     1    0.002474    0.058013    0.082154    3.540560 ^ _18117_/Y (sky130_fd_sc_hd__nand2_1)
                                                         _08820_ (net)
                      0.058013    0.000000    3.540560 ^ _18118_/C (sky130_fd_sc_hd__nor3_1)
     3    0.006211    0.072597    0.090662    3.631222 v _18118_/Y (sky130_fd_sc_hd__nor3_1)
                                                         _08821_ (net)
                      0.072597    0.000000    3.631222 v _18198_/A1 (sky130_fd_sc_hd__o21bai_1)
     2    0.004884    0.126748    0.274332    3.905554 ^ _18198_/Y (sky130_fd_sc_hd__o21bai_1)
                                                         _08909_ (net)
                      0.126748    0.000000    3.905554 ^ _18231_/C (sky130_fd_sc_hd__nand3_1)
     1    0.002305    0.114455    0.177542    4.083095 v _18231_/Y (sky130_fd_sc_hd__nand3_1)
                                                         _08945_ (net)
                      0.114455    0.000000    4.083095 v _18232_/B (sky130_fd_sc_hd__nand2b_1)
     2    0.003148    0.081996    0.129524    4.212620 ^ _18232_/Y (sky130_fd_sc_hd__nand2b_1)
                                                         _08947_ (net)
                      0.081996    0.000000    4.212620 ^ _18456_/A1 (sky130_fd_sc_hd__o21ai_0)
     1    0.001838    0.097072    0.147577    4.360196 v _18456_/Y (sky130_fd_sc_hd__o21ai_0)
                                                         fixed_pkg::s_narrow48$func$/headless/otolith/hdl/rtl/fixed_pkg.sv:130$9.$unnamed_block$1.v[51] (net)
                      0.097072    0.000000    4.360196 v _18623_/D (sky130_fd_sc_hd__dfrtp_1)
                                              4.360196   data arrival time

                      0.150000    0.000000    0.000000   clock clk (rise edge)
                                  0.000000    0.000000   clock network delay (ideal)
                                  0.250000    0.250000   clock uncertainty
                                  0.000000    0.250000   clock reconvergence pessimism
                                              0.250000 ^ _18623_/CLK (sky130_fd_sc_hd__dfrtp_1)
                                 -0.087830    0.162170   library hold time
                                              0.162170   data required time
---------------------------------------------------------------------------------------------
                                              0.162170   data required time
                                             -4.360196   data arrival time
---------------------------------------------------------------------------------------------
                                              4.198027   slack (MET)


Startpoint: _18568_ (rising edge-triggered flip-flop clocked by clk)
Endpoint: _18620_ (rising edge-triggered flip-flop clocked by clk)
Path Group: clk
Path Type: min

Fanout         Cap        Slew       Delay        Time   Description
---------------------------------------------------------------------------------------------
                      0.150000    0.000000    0.000000   clock clk (rise edge)
                                  0.000000    0.000000   clock network delay (ideal)
                      0.150000    0.000000    0.000000 ^ _18568_/CLK (sky130_fd_sc_hd__dfrtp_1)
    37    0.082643    0.759054    1.339667    1.339667 v _18568_/Q (sky130_fd_sc_hd__dfrtp_1)
                                                         b_r[62] (net)
                      0.759054    0.000000    1.339667 v _11688_/A (sky130_fd_sc_hd__nand2_1)
     2    0.007265    0.137081    0.385852    1.725519 ^ _11688_/Y (sky130_fd_sc_hd__nand2_1)
                                                         _01749_ (net)
                      0.137081    0.000000    1.725519 ^ _17122_/A (sky130_fd_sc_hd__maj3_1)
     2    0.007601    0.156456    0.372564    2.098083 ^ _17122_/X (sky130_fd_sc_hd__maj3_1)
                                                         _07727_ (net)
                      0.156456    0.000000    2.098083 ^ _17128_/A (sky130_fd_sc_hd__xnor2_1)
     2    0.002938    0.078431    0.232621    2.330704 ^ _17128_/Y (sky130_fd_sc_hd__xnor2_1)
                                                         _07733_ (net)
                      0.078431    0.000000    2.330704 ^ _17136_/A_N (sky130_fd_sc_hd__nand3b_1)
     2    0.004830    0.113632    0.197867    2.528571 ^ _17136_/Y (sky130_fd_sc_hd__nand3b_1)
                                                         _07742_ (net)
                      0.113632    0.000000    2.528571 ^ _17147_/A1 (sky130_fd_sc_hd__a21o_1)
     2    0.004888    0.089404    0.240647    2.769217 ^ _17147_/X (sky130_fd_sc_hd__a21o_1)
                                                         _07754_ (net)
                      0.089404    0.000000    2.769217 ^ _17150_/A2 (sky130_fd_sc_hd__a21o_1)
     1    0.002564    0.057337    0.214787    2.984004 ^ _17150_/X (sky130_fd_sc_hd__a21o_1)
                                                         _07757_ (net)
                      0.057337    0.000000    2.984004 ^ _17155_/A2 (sky130_fd_sc_hd__a211o_1)
     2    0.004853    0.088131    0.248660    3.232664 ^ _17155_/X (sky130_fd_sc_hd__a211o_1)
                                                         _07763_ (net)
                      0.088131    0.000000    3.232664 ^ _17841_/B1 (sky130_fd_sc_hd__a31oi_1)
     3    0.008947    0.097603    0.115964    3.348628 v _17841_/Y (sky130_fd_sc_hd__a31oi_1)
                                                         _08516_ (net)
                      0.097603    0.000000    3.348628 v _18156_/B (sky130_fd_sc_hd__xnor2_1)
     2    0.007048    0.136903    0.329735    3.678363 ^ _18156_/Y (sky130_fd_sc_hd__xnor2_1)
                                                         _08863_ (net)
                      0.136903    0.000000    3.678363 ^ _18157_/B (sky130_fd_sc_hd__xnor2_1)
     3    0.008757    0.164397    0.212214    3.890577 v _18157_/Y (sky130_fd_sc_hd__xnor2_1)
                                                         _08864_ (net)
                      0.164397    0.000000    3.890577 v _18305_/A (sky130_fd_sc_hd__xnor2_1)
     2    0.004341    0.098209    0.319972    4.210549 ^ _18305_/Y (sky130_fd_sc_hd__xnor2_1)
                                                         _09027_ (net)
                      0.098209    0.000000    4.210549 ^ _18452_/A1 (sky130_fd_sc_hd__o21ai_0)
     1    0.001838    0.097445    0.153953    4.364502 v _18452_/Y (sky130_fd_sc_hd__o21ai_0)
                                                         fixed_pkg::s_narrow48$func$/headless/otolith/hdl/rtl/fixed_pkg.sv:130$9.$unnamed_block$1.v[48] (net)
                      0.097445    0.000000    4.364502 v _18620_/D (sky130_fd_sc_hd__dfrtp_1)
                                              4.364502   data arrival time

                      0.150000    0.000000    0.000000   clock clk (rise edge)
                                  0.000000    0.000000   clock network delay (ideal)
                                  0.250000    0.250000   clock uncertainty
                                  0.000000    0.250000   clock reconvergence pessimism
                                              0.250000 ^ _18620_/CLK (sky130_fd_sc_hd__dfrtp_1)
                                 -0.087969    0.162031   library hold time
                                              0.162031   data required time
---------------------------------------------------------------------------------------------
                                              0.162031   data required time
                                             -4.364502   data arrival time
---------------------------------------------------------------------------------------------
                                              4.202472   slack (MET)


Startpoint: _18566_ (rising edge-triggered flip-flop clocked by clk)
Endpoint: _18628_ (rising edge-triggered flip-flop clocked by clk)
Path Group: clk
Path Type: min

Fanout         Cap        Slew       Delay        Time   Description
---------------------------------------------------------------------------------------------
                      0.150000    0.000000    0.000000   clock clk (rise edge)
                                  0.000000    0.000000   clock network delay (ideal)
                      0.150000    0.000000    0.000000 ^ _18566_/CLK (sky130_fd_sc_hd__dfrtp_1)
    34    0.075136    0.693524    1.290499    1.290499 v _18566_/Q (sky130_fd_sc_hd__dfrtp_1)
                                                         b_r[60] (net)
                      0.693524    0.000000    1.290499 v _11170_/A (sky130_fd_sc_hd__nand4_1)
     3    0.009484    0.273611    0.457371    1.747870 ^ _11170_/Y (sky130_fd_sc_hd__nand4_1)
                                                         _01179_ (net)
                      0.273611    0.000000    1.747870 ^ _11175_/B (sky130_fd_sc_hd__maj3_1)
     2    0.007265    0.151699    0.412214    2.160084 ^ _11175_/X (sky130_fd_sc_hd__maj3_1)
                                                         _01185_ (net)
                      0.151699    0.000000    2.160084 ^ _11794_/A (sky130_fd_sc_hd__xnor2_1)
     3    0.008910    0.166870    0.239593    2.399677 v _11794_/Y (sky130_fd_sc_hd__xnor2_1)
                                                         _01866_ (net)
                      0.166870    0.000000    2.399677 v _11891_/A (sky130_fd_sc_hd__nor2_1)
     1    0.002501    0.125721    0.197284    2.596961 ^ _11891_/Y (sky130_fd_sc_hd__nor2_1)
                                                         _01972_ (net)
                      0.125721    0.000000    2.596961 ^ _12131_/C1 (sky130_fd_sc_hd__a211o_1)
     1    0.002517    0.059861    0.177161    2.774122 ^ _12131_/X (sky130_fd_sc_hd__a211o_1)
                                                         _02236_ (net)
                      0.059861    0.000000    2.774122 ^ _12138_/C1 (sky130_fd_sc_hd__a211oi_1)
     2    0.003867    0.060085    0.076507    2.850629 v _12138_/Y (sky130_fd_sc_hd__a211oi_1)
                                                         _02244_ (net)
                      0.060085    0.000000    2.850629 v _15556_/B1 (sky130_fd_sc_hd__o211ai_1)
     3    0.007096    0.199844    0.192044    3.042673 ^ _15556_/Y (sky130_fd_sc_hd__o211ai_1)
                                                         _06004_ (net)
                      0.199844    0.000000    3.042673 ^ _17146_/A (sky130_fd_sc_hd__nand4_1)
     3    0.006953    0.285411    0.302759    3.345432 v _17146_/Y (sky130_fd_sc_hd__nand4_1)
                                                         _07753_ (net)
                      0.285411    0.000000    3.345432 v _17164_/A (sky130_fd_sc_hd__nand2_1)
     3    0.008800    0.154482    0.245849    3.591281 ^ _17164_/Y (sky130_fd_sc_hd__nand2_1)
                                                         _07773_ (net)
                      0.154482    0.000000    3.591281 ^ _17860_/A (sky130_fd_sc_hd__xnor2_1)
     2    0.006928    0.135097    0.276504    3.867785 ^ _17860_/Y (sky130_fd_sc_hd__xnor2_1)
                                                         _08537_ (net)
                      0.135097    0.000000    3.867785 ^ _17861_/B (sky130_fd_sc_hd__xnor2_1)
     1    0.002174    0.067199    0.133096    4.000882 v _17861_/Y (sky130_fd_sc_hd__xnor2_1)
                                                         _08538_ (net)
                      0.067199    0.000000    4.000882 v _17862_/A (sky130_fd_sc_hd__inv_1)
     3    0.009589    0.134179    0.134745    4.135626 ^ _17862_/Y (sky130_fd_sc_hd__inv_1)
                                                         _08540_ (net)
                      0.134179    0.000000    4.135626 ^ _18224_/A (sky130_fd_sc_hd__xnor2_1)
     2    0.003764    0.091421    0.170949    4.306576 v _18224_/Y (sky130_fd_sc_hd__xnor2_1)
                                                         _08938_ (net)
                      0.091421    0.000000    4.306576 v _18461_/B (sky130_fd_sc_hd__nand2b_1)
     1    0.002421    0.074606    0.110589    4.417164 ^ _18461_/Y (sky130_fd_sc_hd__nand2b_1)
                                                         _09141_ (net)
                      0.074606    0.000000    4.417164 ^ _18462_/B (sky130_fd_sc_hd__nand2_1)
     1    0.001838    0.055212    0.095132    4.512297 v _18462_/Y (sky130_fd_sc_hd__nand2_1)
                                                         fixed_pkg::s_narrow48$func$/headless/otolith/hdl/rtl/fixed_pkg.sv:130$9.$unnamed_block$1.v[56] (net)
                      0.055212    0.000000    4.512297 v _18628_/D (sky130_fd_sc_hd__dfrtp_1)
                                              4.512297   data arrival time

                      0.150000    0.000000    0.000000   clock clk (rise edge)
                                  0.000000    0.000000   clock network delay (ideal)
                                  0.250000    0.250000   clock uncertainty
                                  0.000000    0.250000   clock reconvergence pessimism
                                              0.250000 ^ _18628_/CLK (sky130_fd_sc_hd__dfrtp_1)
                                 -0.072287    0.177713   library hold time
                                              0.177713   data required time
---------------------------------------------------------------------------------------------
                                              0.177713   data required time
                                             -4.512297   data arrival time
---------------------------------------------------------------------------------------------
                                              4.334583   slack (MET)


Startpoint: _18568_ (rising edge-triggered flip-flop clocked by clk)
Endpoint: _18621_ (rising edge-triggered flip-flop clocked by clk)
Path Group: clk
Path Type: min

Fanout         Cap        Slew       Delay        Time   Description
---------------------------------------------------------------------------------------------
                      0.150000    0.000000    0.000000   clock clk (rise edge)
                                  0.000000    0.000000   clock network delay (ideal)
                      0.150000    0.000000    0.000000 ^ _18568_/CLK (sky130_fd_sc_hd__dfrtp_1)
    37    0.082643    0.759054    1.339667    1.339667 v _18568_/Q (sky130_fd_sc_hd__dfrtp_1)
                                                         b_r[62] (net)
                      0.759054    0.000000    1.339667 v _11688_/A (sky130_fd_sc_hd__nand2_1)
     2    0.007265    0.137081    0.385852    1.725519 ^ _11688_/Y (sky130_fd_sc_hd__nand2_1)
                                                         _01749_ (net)
                      0.137081    0.000000    1.725519 ^ _17122_/A (sky130_fd_sc_hd__maj3_1)
     2    0.007601    0.156456    0.372564    2.098083 ^ _17122_/X (sky130_fd_sc_hd__maj3_1)
                                                         _07727_ (net)
                      0.156456    0.000000    2.098083 ^ _17128_/A (sky130_fd_sc_hd__xnor2_1)
     2    0.002938    0.078431    0.232621    2.330704 ^ _17128_/Y (sky130_fd_sc_hd__xnor2_1)
                                                         _07733_ (net)
                      0.078431    0.000000    2.330704 ^ _17136_/A_N (sky130_fd_sc_hd__nand3b_1)
     2    0.004830    0.113632    0.197867    2.528571 ^ _17136_/Y (sky130_fd_sc_hd__nand3b_1)
                                                         _07742_ (net)
                      0.113632    0.000000    2.528571 ^ _17147_/A1 (sky130_fd_sc_hd__a21o_1)
     2    0.004888    0.089404    0.240647    2.769217 ^ _17147_/X (sky130_fd_sc_hd__a21o_1)
                                                         _07754_ (net)
                      0.089404    0.000000    2.769217 ^ _17150_/A2 (sky130_fd_sc_hd__a21o_1)
     1    0.002564    0.057337    0.214787    2.984004 ^ _17150_/X (sky130_fd_sc_hd__a21o_1)
                                                         _07757_ (net)
                      0.057337    0.000000    2.984004 ^ _17155_/A2 (sky130_fd_sc_hd__a211o_1)
     2    0.004853    0.088131    0.248660    3.232664 ^ _17155_/X (sky130_fd_sc_hd__a211o_1)
                                                         _07763_ (net)
                      0.088131    0.000000    3.232664 ^ _17841_/B1 (sky130_fd_sc_hd__a31oi_1)
     3    0.008947    0.097603    0.115964    3.348628 v _17841_/Y (sky130_fd_sc_hd__a31oi_1)
                                                         _08516_ (net)
                      0.097603    0.000000    3.348628 v _18156_/B (sky130_fd_sc_hd__xnor2_1)
     2    0.006688    0.134336    0.260286    3.608914 v _18156_/Y (sky130_fd_sc_hd__xnor2_1)
                                                         _08863_ (net)
                      0.134336    0.000000    3.608914 v _18168_/A2 (sky130_fd_sc_hd__o21a_1)
     2    0.003801    0.069376    0.343851    3.952765 v _18168_/X (sky130_fd_sc_hd__o21a_1)
                                                         _08876_ (net)
                      0.069376    0.000000    3.952765 v _18318_/B1 (sky130_fd_sc_hd__o21ai_0)
     2    0.006926    0.223844    0.192688    4.145452 ^ _18318_/Y (sky130_fd_sc_hd__o21ai_0)
                                                         _09041_ (net)
                      0.223844    0.000000    4.145452 ^ _18341_/B (sky130_fd_sc_hd__xnor2_1)
     2    0.004341    0.098189    0.272341    4.417793 ^ _18341_/Y (sky130_fd_sc_hd__xnor2_1)
                                                         _09066_ (net)
                      0.098189    0.000000    4.417793 ^ _18453_/A1 (sky130_fd_sc_hd__o21ai_0)
     1    0.001838    0.097445    0.153945    4.571739 v _18453_/Y (sky130_fd_sc_hd__o21ai_0)
                                                         fixed_pkg::s_narrow48$func$/headless/otolith/hdl/rtl/fixed_pkg.sv:130$9.$unnamed_block$1.v[49] (net)
                      0.097445    0.000000    4.571739 v _18621_/D (sky130_fd_sc_hd__dfrtp_1)
                                              4.571739   data arrival time

                      0.150000    0.000000    0.000000   clock clk (rise edge)
                                  0.000000    0.000000   clock network delay (ideal)
                                  0.250000    0.250000   clock uncertainty
                                  0.000000    0.250000   clock reconvergence pessimism
                                              0.250000 ^ _18621_/CLK (sky130_fd_sc_hd__dfrtp_1)
                                 -0.087969    0.162031   library hold time
                                              0.162031   data required time
---------------------------------------------------------------------------------------------
                                              0.162031   data required time
                                             -4.571739   data arrival time
---------------------------------------------------------------------------------------------
                                              4.409708   slack (MET)


Startpoint: _18568_ (rising edge-triggered flip-flop clocked by clk)
Endpoint: _18627_ (rising edge-triggered flip-flop clocked by clk)
Path Group: clk
Path Type: min

Fanout         Cap        Slew       Delay        Time   Description
---------------------------------------------------------------------------------------------
                      0.150000    0.000000    0.000000   clock clk (rise edge)
                                  0.000000    0.000000   clock network delay (ideal)
                      0.150000    0.000000    0.000000 ^ _18568_/CLK (sky130_fd_sc_hd__dfrtp_1)
    37    0.082643    0.759054    1.339667    1.339667 v _18568_/Q (sky130_fd_sc_hd__dfrtp_1)
                                                         b_r[62] (net)
                      0.759054    0.000000    1.339667 v _11688_/A (sky130_fd_sc_hd__nand2_1)
     2    0.007265    0.137081    0.385852    1.725519 ^ _11688_/Y (sky130_fd_sc_hd__nand2_1)
                                                         _01749_ (net)
                      0.137081    0.000000    1.725519 ^ _17122_/A (sky130_fd_sc_hd__maj3_1)
     2    0.007601    0.156456    0.372564    2.098083 ^ _17122_/X (sky130_fd_sc_hd__maj3_1)
                                                         _07727_ (net)
                      0.156456    0.000000    2.098083 ^ _17124_/C (sky130_fd_sc_hd__maj3_1)
     2    0.006974    0.147576    0.384488    2.482572 ^ _17124_/X (sky130_fd_sc_hd__maj3_1)
                                                         _07729_ (net)
                      0.147576    0.000000    2.482572 ^ _17126_/B (sky130_fd_sc_hd__xor2_1)
     4    0.011049    0.131457    0.239904    2.722476 v _17126_/X (sky130_fd_sc_hd__xor2_1)
                                                         _07731_ (net)
                      0.131457    0.000000    2.722476 v _18040_/A (sky130_fd_sc_hd__xnor2_1)
     2    0.006438    0.130654    0.285076    3.007552 v _18040_/Y (sky130_fd_sc_hd__xnor2_1)
                                                         _08735_ (net)
                      0.130654    0.000000    3.007552 v _18127_/A2 (sky130_fd_sc_hd__o221ai_1)
     2    0.005068    0.157260    0.359973    3.367525 ^ _18127_/Y (sky130_fd_sc_hd__o221ai_1)
                                                         _08831_ (net)
                      0.157260    0.000000    3.367525 ^ _18131_/B1 (sky130_fd_sc_hd__a221o_1)
     3    0.006714    0.127806    0.342936    3.710461 ^ _18131_/X (sky130_fd_sc_hd__a221o_1)
                                                         _08835_ (net)
                      0.127806    0.000000    3.710461 ^ _18132_/B (sky130_fd_sc_hd__nor2_1)
     3    0.008979    0.092201    0.135210    3.845671 v _18132_/Y (sky130_fd_sc_hd__nor2_1)
                                                         _08837_ (net)
                      0.092201    0.000000    3.845671 v _18186_/A1 (sky130_fd_sc_hd__o21ba_1)
     4    0.009769    0.117449    0.402532    4.248203 v _18186_/X (sky130_fd_sc_hd__o21ba_1)
                                                         _08896_ (net)
                      0.117449    0.000000    4.248203 v _18230_/B (sky130_fd_sc_hd__xnor2_1)
     2    0.003316    0.083668    0.244123    4.492326 ^ _18230_/Y (sky130_fd_sc_hd__xnor2_1)
                                                         _08944_ (net)
                      0.083668    0.000000    4.492326 ^ _18460_/A1 (sky130_fd_sc_hd__o21ai_0)
     1    0.001838    0.097110    0.148234    4.640561 v _18460_/Y (sky130_fd_sc_hd__o21ai_0)
                                                         fixed_pkg::s_narrow48$func$/headless/otolith/hdl/rtl/fixed_pkg.sv:130$9.$unnamed_block$1.v[55] (net)
                      0.097110    0.000000    4.640561 v _18627_/D (sky130_fd_sc_hd__dfrtp_1)
                                              4.640561   data arrival time

                      0.150000    0.000000    0.000000   clock clk (rise edge)
                                  0.000000    0.000000   clock network delay (ideal)
                                  0.250000    0.250000   clock uncertainty
                                  0.000000    0.250000   clock reconvergence pessimism
                                              0.250000 ^ _18627_/CLK (sky130_fd_sc_hd__dfrtp_1)
                                 -0.087845    0.162155   library hold time
                                              0.162155   data required time
---------------------------------------------------------------------------------------------
                                              0.162155   data required time
                                             -4.640561   data arrival time
---------------------------------------------------------------------------------------------
                                              4.478405   slack (MET)


Startpoint: _18569_ (rising edge-triggered flip-flop clocked by clk)
Endpoint: _18629_ (rising edge-triggered flip-flop clocked by clk)
Path Group: clk
Path Type: min

Fanout         Cap        Slew       Delay        Time   Description
---------------------------------------------------------------------------------------------
                      0.150000    0.000000    0.000000   clock clk (rise edge)
                                  0.000000    0.000000   clock network delay (ideal)
                      0.150000    0.000000    0.000000 ^ _18569_/CLK (sky130_fd_sc_hd__dfrtp_1)
    47    0.092431    0.844496    1.403775    1.403775 v _18569_/Q (sky130_fd_sc_hd__dfrtp_1)
                                                         b_r[63] (net)
                      0.844496    0.000000    1.403775 v _09234_/A (sky130_fd_sc_hd__and3_1)
     5    0.009067    0.126138    0.703810    2.107585 v _09234_/X (sky130_fd_sc_hd__and3_1)
                                                         _00950_ (net)
                      0.126138    0.000000    2.107585 v _09259_/B (sky130_fd_sc_hd__nand3b_1)
     2    0.004082    0.104731    0.165834    2.273420 ^ _09259_/Y (sky130_fd_sc_hd__nand3b_1)
                                                         _01225_ (net)
                      0.104731    0.000000    2.273420 ^ _16679_/B1 (sky130_fd_sc_hd__o21ai_0)
     2    0.006487    0.190045    0.234188    2.507607 v _16679_/Y (sky130_fd_sc_hd__o21ai_0)
                                                         _07239_ (net)
                      0.190045    0.000000    2.507607 v _17426_/A2 (sky130_fd_sc_hd__a21oi_1)
     2    0.007591    0.299528    0.388952    2.896559 ^ _17426_/Y (sky130_fd_sc_hd__a21oi_1)
                                                         _08061_ (net)
                      0.299528    0.000000    2.896559 ^ _17436_/A (sky130_fd_sc_hd__xor2_1)
     2    0.005891    0.093290    0.244569    3.141129 v _17436_/X (sky130_fd_sc_hd__xor2_1)
                                                         _08072_ (net)
                      0.093290    0.000000    3.141129 v _17438_/B1 (sky130_fd_sc_hd__o21ai_0)
     2    0.004895    0.172195    0.168301    3.309429 ^ _17438_/Y (sky130_fd_sc_hd__o21ai_0)
                                                         _08074_ (net)
                      0.172195    0.000000    3.309429 ^ _17441_/B (sky130_fd_sc_hd__nand3_1)
     3    0.005969    0.195121    0.249766    3.559196 v _17441_/Y (sky130_fd_sc_hd__nand3_1)
                                                         _08077_ (net)
                      0.195121    0.000000    3.559196 v _17444_/A (sky130_fd_sc_hd__nand2_1)
     1    0.004560    0.095023    0.165275    3.724471 ^ _17444_/Y (sky130_fd_sc_hd__nand2_1)
                                                         _08081_ (net)
                      0.095023    0.000000    3.724471 ^ _17857_/A (sky130_fd_sc_hd__xor2_1)
     2    0.006631    0.098865    0.178687    3.903157 v _17857_/X (sky130_fd_sc_hd__xor2_1)
                                                         _08534_ (net)
                      0.098865    0.000000    3.903157 v _17859_/B (sky130_fd_sc_hd__xnor2_1)
     4    0.010481    0.197075    0.304925    4.208083 v _17859_/Y (sky130_fd_sc_hd__xnor2_1)
                                                         _08536_ (net)
                      0.197075    0.000000    4.208083 v _18345_/A (sky130_fd_sc_hd__xnor2_1)
     2    0.003316    0.083704    0.308334    4.516417 ^ _18345_/Y (sky130_fd_sc_hd__xnor2_1)
                                                         _09071_ (net)
                      0.083704    0.000000    4.516417 ^ _18463_/A1 (sky130_fd_sc_hd__o21ai_0)
     1    0.001838    0.097111    0.148249    4.664665 v _18463_/Y (sky130_fd_sc_hd__o21ai_0)
                                                         fixed_pkg::s_narrow48$func$/headless/otolith/hdl/rtl/fixed_pkg.sv:130$9.$unnamed_block$1.v[57] (net)
                      0.097111    0.000000    4.664665 v _18629_/D (sky130_fd_sc_hd__dfrtp_1)
                                              4.664665   data arrival time

                      0.150000    0.000000    0.000000   clock clk (rise edge)
                                  0.000000    0.000000   clock network delay (ideal)
                                  0.250000    0.250000   clock uncertainty
                                  0.000000    0.250000   clock reconvergence pessimism
                                              0.250000 ^ _18629_/CLK (sky130_fd_sc_hd__dfrtp_1)
                                 -0.087845    0.162155   library hold time
                                              0.162155   data required time
---------------------------------------------------------------------------------------------
                                              0.162155   data required time
                                             -4.664665   data arrival time
---------------------------------------------------------------------------------------------
                                              4.502511   slack (MET)


Startpoint: _18569_ (rising edge-triggered flip-flop clocked by clk)
Endpoint: _18630_ (rising edge-triggered flip-flop clocked by clk)
Path Group: clk
Path Type: min

Fanout         Cap        Slew       Delay        Time   Description
---------------------------------------------------------------------------------------------
                      0.150000    0.000000    0.000000   clock clk (rise edge)
                                  0.000000    0.000000   clock network delay (ideal)
                      0.150000    0.000000    0.000000 ^ _18569_/CLK (sky130_fd_sc_hd__dfrtp_1)
    47    0.092431    0.844496    1.403775    1.403775 v _18569_/Q (sky130_fd_sc_hd__dfrtp_1)
                                                         b_r[63] (net)
                      0.844496    0.000000    1.403775 v _09234_/A (sky130_fd_sc_hd__and3_1)
     5    0.009067    0.126138    0.703810    2.107585 v _09234_/X (sky130_fd_sc_hd__and3_1)
                                                         _00950_ (net)
                      0.126138    0.000000    2.107585 v _09259_/B (sky130_fd_sc_hd__nand3b_1)
     2    0.004082    0.104731    0.165834    2.273420 ^ _09259_/Y (sky130_fd_sc_hd__nand3b_1)
                                                         _01225_ (net)
                      0.104731    0.000000    2.273420 ^ _16679_/B1 (sky130_fd_sc_hd__o21ai_0)
     2    0.006487    0.190045    0.234188    2.507607 v _16679_/Y (sky130_fd_sc_hd__o21ai_0)
                                                         _07239_ (net)
                      0.190045    0.000000    2.507607 v _17426_/A2 (sky130_fd_sc_hd__a21oi_1)
     2    0.007591    0.299528    0.388952    2.896559 ^ _17426_/Y (sky130_fd_sc_hd__a21oi_1)
                                                         _08061_ (net)
                      0.299528    0.000000    2.896559 ^ _17436_/A (sky130_fd_sc_hd__xor2_1)
     2    0.005891    0.093290    0.244569    3.141129 v _17436_/X (sky130_fd_sc_hd__xor2_1)
                                                         _08072_ (net)
                      0.093290    0.000000    3.141129 v _17438_/B1 (sky130_fd_sc_hd__o21ai_0)
     2    0.004895    0.172195    0.168301    3.309429 ^ _17438_/Y (sky130_fd_sc_hd__o21ai_0)
                                                         _08074_ (net)
                      0.172195    0.000000    3.309429 ^ _17441_/B (sky130_fd_sc_hd__nand3_1)
     3    0.005969    0.195121    0.249766    3.559196 v _17441_/Y (sky130_fd_sc_hd__nand3_1)
                                                         _08077_ (net)
                      0.195121    0.000000    3.559196 v _17444_/A (sky130_fd_sc_hd__nand2_1)
     1    0.004560    0.095023    0.165275    3.724471 ^ _17444_/Y (sky130_fd_sc_hd__nand2_1)
                                                         _08081_ (net)
                      0.095023    0.000000    3.724471 ^ _17857_/A (sky130_fd_sc_hd__xor2_1)
     2    0.006631    0.098865    0.178687    3.903157 v _17857_/X (sky130_fd_sc_hd__xor2_1)
                                                         _08534_ (net)
                      0.098865    0.000000    3.903157 v _17858_/B (sky130_fd_sc_hd__nand2_1)
     2    0.004092    0.090449    0.126511    4.029668 ^ _17858_/Y (sky130_fd_sc_hd__nand2_1)
                                                         _08535_ (net)
                      0.090449    0.000000    4.029668 ^ _18205_/B1 (sky130_fd_sc_hd__o21ai_0)
     1    0.004399    0.139831    0.186440    4.216108 v _18205_/Y (sky130_fd_sc_hd__o21ai_0)
                                                         _08917_ (net)
                      0.139831    0.000000    4.216108 v _18206_/B (sky130_fd_sc_hd__xnor2_1)
     2    0.004588    0.103468    0.255894    4.472002 v _18206_/Y (sky130_fd_sc_hd__xnor2_1)
                                                         _08918_ (net)
                      0.103468    0.000000    4.472002 v _18464_/B (sky130_fd_sc_hd__nand2b_1)
     1    0.002421    0.076163    0.116261    4.588263 ^ _18464_/Y (sky130_fd_sc_hd__nand2b_1)
                                                         _09143_ (net)
                      0.076163    0.000000    4.588263 ^ _18465_/B (sky130_fd_sc_hd__nand2_1)
     1    0.001838    0.055215    0.095747    4.684011 v _18465_/Y (sky130_fd_sc_hd__nand2_1)
                                                         fixed_pkg::s_narrow48$func$/headless/otolith/hdl/rtl/fixed_pkg.sv:130$9.$unnamed_block$1.v[58] (net)
                      0.055215    0.000000    4.684011 v _18630_/D (sky130_fd_sc_hd__dfrtp_1)
                                              4.684011   data arrival time

                      0.150000    0.000000    0.000000   clock clk (rise edge)
                                  0.000000    0.000000   clock network delay (ideal)
                                  0.250000    0.250000   clock uncertainty
                                  0.000000    0.250000   clock reconvergence pessimism
                                              0.250000 ^ _18630_/CLK (sky130_fd_sc_hd__dfrtp_1)
                                 -0.072288    0.177712   library hold time
                                              0.177712   data required time
---------------------------------------------------------------------------------------------
                                              0.177712   data required time
                                             -4.684011   data arrival time
---------------------------------------------------------------------------------------------
                                              4.506299   slack (MET)


Startpoint: _18567_ (rising edge-triggered flip-flop clocked by clk)
Endpoint: _18624_ (rising edge-triggered flip-flop clocked by clk)
Path Group: clk
Path Type: min

Fanout         Cap        Slew       Delay        Time   Description
---------------------------------------------------------------------------------------------
                      0.150000    0.000000    0.000000   clock clk (rise edge)
                                  0.000000    0.000000   clock network delay (ideal)
                      0.150000    0.000000    0.000000 ^ _18567_/CLK (sky130_fd_sc_hd__dfrtp_1)
    35    0.075357    0.695453    1.291947    1.291947 v _18567_/Q (sky130_fd_sc_hd__dfrtp_1)
                                                         b_r[61] (net)
                      0.695453    0.000000    1.291947 v _11150_/A (sky130_fd_sc_hd__nand4_1)
     2    0.007265    0.249671    0.418074    1.710020 ^ _11150_/Y (sky130_fd_sc_hd__nand4_1)
                                                         _01157_ (net)
                      0.249671    0.000000    1.710020 ^ _17132_/A (sky130_fd_sc_hd__maj3_1)
     2    0.006213    0.136805    0.398294    2.108315 ^ _17132_/X (sky130_fd_sc_hd__maj3_1)
                                                         _07738_ (net)
                      0.136805    0.000000    2.108315 ^ _17140_/A (sky130_fd_sc_hd__xnor2_1)
     2    0.006020    0.122123    0.259904    2.368218 ^ _17140_/Y (sky130_fd_sc_hd__xnor2_1)
                                                         _07746_ (net)
                      0.122123    0.000000    2.368218 ^ _17143_/A (sky130_fd_sc_hd__xor2_1)
     4    0.010012    0.123983    0.225491    2.593709 v _17143_/X (sky130_fd_sc_hd__xor2_1)
                                                         _07750_ (net)
                      0.123983    0.000000    2.593709 v _18056_/B (sky130_fd_sc_hd__xor2_1)
     2    0.006283    0.267420    0.308347    2.902056 ^ _18056_/X (sky130_fd_sc_hd__xor2_1)
                                                         _08753_ (net)
                      0.267420    0.000000    2.902056 ^ _18057_/B (sky130_fd_sc_hd__xor2_1)
     3    0.008904    0.116722    0.266323    3.168379 v _18057_/X (sky130_fd_sc_hd__xor2_1)
                                                         _08754_ (net)
                      0.116722    0.000000    3.168379 v _18058_/C (sky130_fd_sc_hd__nand3b_1)
     2    0.004842    0.113925    0.170909    3.339288 ^ _18058_/Y (sky130_fd_sc_hd__nand3b_1)
                                                         _08755_ (net)
                      0.113925    0.000000    3.339288 ^ _18080_/A (sky130_fd_sc_hd__nor3_1)
     2    0.004561    0.062423    0.119117    3.458406 v _18080_/Y (sky130_fd_sc_hd__nor3_1)
                                                         _08779_ (net)
                      0.062423    0.000000    3.458406 v _18117_/A (sky130_fd_sc_hd__nand2_1)
     1    0.002474    0.058013    0.082154    3.540560 ^ _18117_/Y (sky130_fd_sc_hd__nand2_1)
                                                         _08820_ (net)
                      0.058013    0.000000    3.540560 ^ _18118_/C (sky130_fd_sc_hd__nor3_1)
     3    0.006211    0.072597    0.090662    3.631222 v _18118_/Y (sky130_fd_sc_hd__nor3_1)
                                                         _08821_ (net)
                      0.072597    0.000000    3.631222 v _18198_/A1 (sky130_fd_sc_hd__o21bai_1)
     2    0.004884    0.126748    0.274332    3.905554 ^ _18198_/Y (sky130_fd_sc_hd__o21bai_1)
                                                         _08909_ (net)
                      0.126748    0.000000    3.905554 ^ _18199_/A2 (sky130_fd_sc_hd__a21oi_1)
     3    0.005757    0.107640    0.185745    4.091299 v _18199_/Y (sky130_fd_sc_hd__a21oi_1)
                                                         _08910_ (net)
                      0.107640    0.000000    4.091299 v _18300_/B (sky130_fd_sc_hd__nor2_1)
     1    0.004499    0.179745    0.191335    4.282633 ^ _18300_/Y (sky130_fd_sc_hd__nor2_1)
                                                         _09021_ (net)
                      0.179745    0.000000    4.282633 ^ _18301_/B (sky130_fd_sc_hd__xnor2_1)
     2    0.004202    0.096154    0.252254    4.534887 ^ _18301_/Y (sky130_fd_sc_hd__xnor2_1)
                                                         _09022_ (net)
                      0.096154    0.000000    4.534887 ^ _18457_/A1 (sky130_fd_sc_hd__o21ai_0)
     1    0.001838    0.097398    0.153145    4.688032 v _18457_/Y (sky130_fd_sc_hd__o21ai_0)
                                                         fixed_pkg::s_narrow48$func$/headless/otolith/hdl/rtl/fixed_pkg.sv:130$9.$unnamed_block$1.v[52] (net)
                      0.097398    0.000000    4.688032 v _18624_/D (sky130_fd_sc_hd__dfrtp_1)
                                              4.688032   data arrival time

                      0.150000    0.000000    0.000000   clock clk (rise edge)
                                  0.000000    0.000000   clock network delay (ideal)
                                  0.250000    0.250000   clock uncertainty
                                  0.000000    0.250000   clock reconvergence pessimism
                                              0.250000 ^ _18624_/CLK (sky130_fd_sc_hd__dfrtp_1)
                                 -0.087951    0.162049   library hold time
                                              0.162049   data required time
---------------------------------------------------------------------------------------------
                                              0.162049   data required time
                                             -4.688032   data arrival time
---------------------------------------------------------------------------------------------
                                              4.525983   slack (MET)


Startpoint: _18568_ (rising edge-triggered flip-flop clocked by clk)
Endpoint: _18622_ (rising edge-triggered flip-flop clocked by clk)
Path Group: clk
Path Type: min

Fanout         Cap        Slew       Delay        Time   Description
---------------------------------------------------------------------------------------------
                      0.150000    0.000000    0.000000   clock clk (rise edge)
                                  0.000000    0.000000   clock network delay (ideal)
                      0.150000    0.000000    0.000000 ^ _18568_/CLK (sky130_fd_sc_hd__dfrtp_1)
    37    0.082643    0.759054    1.339667    1.339667 v _18568_/Q (sky130_fd_sc_hd__dfrtp_1)
                                                         b_r[62] (net)
                      0.759054    0.000000    1.339667 v _11688_/A (sky130_fd_sc_hd__nand2_1)
     2    0.007265    0.137081    0.385852    1.725519 ^ _11688_/Y (sky130_fd_sc_hd__nand2_1)
                                                         _01749_ (net)
                      0.137081    0.000000    1.725519 ^ _17122_/A (sky130_fd_sc_hd__maj3_1)
     2    0.007601    0.156456    0.372564    2.098083 ^ _17122_/X (sky130_fd_sc_hd__maj3_1)
                                                         _07727_ (net)
                      0.156456    0.000000    2.098083 ^ _17128_/A (sky130_fd_sc_hd__xnor2_1)
     2    0.002938    0.078431    0.232621    2.330704 ^ _17128_/Y (sky130_fd_sc_hd__xnor2_1)
                                                         _07733_ (net)
                      0.078431    0.000000    2.330704 ^ _17136_/A_N (sky130_fd_sc_hd__nand3b_1)
     2    0.004830    0.113632    0.197867    2.528571 ^ _17136_/Y (sky130_fd_sc_hd__nand3b_1)
                                                         _07742_ (net)
                      0.113632    0.000000    2.528571 ^ _17147_/A1 (sky130_fd_sc_hd__a21o_1)
     2    0.004888    0.089404    0.240647    2.769217 ^ _17147_/X (sky130_fd_sc_hd__a21o_1)
                                                         _07754_ (net)
                      0.089404    0.000000    2.769217 ^ _17150_/A2 (sky130_fd_sc_hd__a21o_1)
     1    0.002564    0.057337    0.214787    2.984004 ^ _17150_/X (sky130_fd_sc_hd__a21o_1)
                                                         _07757_ (net)
                      0.057337    0.000000    2.984004 ^ _17155_/A2 (sky130_fd_sc_hd__a211o_1)
     2    0.004853    0.088131    0.248660    3.232664 ^ _17155_/X (sky130_fd_sc_hd__a211o_1)
                                                         _07763_ (net)
                      0.088131    0.000000    3.232664 ^ _17841_/B1 (sky130_fd_sc_hd__a31oi_1)
     3    0.008947    0.097603    0.115964    3.348628 v _17841_/Y (sky130_fd_sc_hd__a31oi_1)
                                                         _08516_ (net)
                      0.097603    0.000000    3.348628 v _17842_/B (sky130_fd_sc_hd__nor2_1)
     1    0.002476    0.124785    0.144466    3.493094 ^ _17842_/Y (sky130_fd_sc_hd__nor2_1)
                                                         _08518_ (net)
                      0.124785    0.000000    3.493094 ^ _18151_/B (sky130_fd_sc_hd__nor2_1)
     1    0.004243    0.057255    0.101959    3.595053 v _18151_/Y (sky130_fd_sc_hd__nor2_1)
                                                         _08857_ (net)
                      0.057255    0.000000    3.595053 v _18152_/B (sky130_fd_sc_hd__xor2_1)
     2    0.006112    0.262354    0.276463    3.871516 ^ _18152_/X (sky130_fd_sc_hd__xor2_1)
                                                         _08859_ (net)
                      0.262354    0.000000    3.871516 ^ _18153_/B (sky130_fd_sc_hd__and2_0)
     2    0.003780    0.127617    0.320578    4.192094 ^ _18153_/X (sky130_fd_sc_hd__and2_0)
                                                         _08860_ (net)
                      0.127617    0.000000    4.192094 ^ _18319_/B1 (sky130_fd_sc_hd__a21oi_1)
     1    0.004399    0.067853    0.104169    4.296263 v _18319_/Y (sky130_fd_sc_hd__a21oi_1)
                                                         _09042_ (net)
                      0.067853    0.000000    4.296263 v _18320_/B (sky130_fd_sc_hd__xnor2_1)
     2    0.004512    0.102565    0.220920    4.517183 v _18320_/Y (sky130_fd_sc_hd__xnor2_1)
                                                         _09043_ (net)
                      0.102565    0.000000    4.517183 v _18454_/B (sky130_fd_sc_hd__nand2b_1)
     1    0.002421    0.076046    0.115836    4.633018 ^ _18454_/Y (sky130_fd_sc_hd__nand2b_1)
                                                         _09140_ (net)
                      0.076046    0.000000    4.633018 ^ _18455_/B (sky130_fd_sc_hd__nand2_1)
     1    0.001838    0.055214    0.095701    4.728720 v _18455_/Y (sky130_fd_sc_hd__nand2_1)
                                                         fixed_pkg::s_narrow48$func$/headless/otolith/hdl/rtl/fixed_pkg.sv:130$9.$unnamed_block$1.v[50] (net)
                      0.055214    0.000000    4.728720 v _18622_/D (sky130_fd_sc_hd__dfrtp_1)
                                              4.728720   data arrival time

                      0.150000    0.000000    0.000000   clock clk (rise edge)
                                  0.000000    0.000000   clock network delay (ideal)
                                  0.250000    0.250000   clock uncertainty
                                  0.000000    0.250000   clock reconvergence pessimism
                                              0.250000 ^ _18622_/CLK (sky130_fd_sc_hd__dfrtp_1)
                                 -0.072288    0.177712   library hold time
                                              0.177712   data required time
---------------------------------------------------------------------------------------------
                                              0.177712   data required time
                                             -4.728720   data arrival time
---------------------------------------------------------------------------------------------
                                              4.551008   slack (MET)


Startpoint: _18569_ (rising edge-triggered flip-flop clocked by clk)
Endpoint: _18634_ (rising edge-triggered flip-flop clocked by clk)
Path Group: clk
Path Type: min

Fanout         Cap        Slew       Delay        Time   Description
---------------------------------------------------------------------------------------------
                      0.150000    0.000000    0.000000   clock clk (rise edge)
                                  0.000000    0.000000   clock network delay (ideal)
                      0.150000    0.000000    0.000000 ^ _18569_/CLK (sky130_fd_sc_hd__dfrtp_1)
    47    0.092431    0.844496    1.403775    1.403775 v _18569_/Q (sky130_fd_sc_hd__dfrtp_1)
                                                         b_r[63] (net)
                      0.844496    0.000000    1.403775 v _09286_/A (sky130_fd_sc_hd__nand3_1)
     3    0.006508    0.149285    0.426268    1.830043 ^ _09286_/Y (sky130_fd_sc_hd__nand3_1)
                                                         _01522_ (net)
                      0.149285    0.000000    1.830043 ^ _17453_/A2 (sky130_fd_sc_hd__o22ai_1)
     2    0.006631    0.153524    0.220611    2.050654 v _17453_/Y (sky130_fd_sc_hd__o22ai_1)
                                                         _08091_ (net)
                      0.153524    0.000000    2.050654 v _17454_/B (sky130_fd_sc_hd__nand2_1)
     1    0.002431    0.067317    0.133892    2.184546 ^ _17454_/Y (sky130_fd_sc_hd__nand2_1)
                                                         _08092_ (net)
                      0.067317    0.000000    2.184546 ^ _17455_/B1 (sky130_fd_sc_hd__o21a_1)
     2    0.007530    0.137880    0.268801    2.453347 ^ _17455_/X (sky130_fd_sc_hd__o21a_1)
                                                         _08093_ (net)
                      0.137880    0.000000    2.453347 ^ _17457_/C (sky130_fd_sc_hd__maj3_1)
     2    0.007265    0.151700    0.379860    2.833208 ^ _17457_/X (sky130_fd_sc_hd__maj3_1)
                                                         _08095_ (net)
                      0.151700    0.000000    2.833208 ^ _17581_/A (sky130_fd_sc_hd__xnor2_1)
     2    0.007107    0.137644    0.277447    3.110655 ^ _17581_/Y (sky130_fd_sc_hd__xnor2_1)
                                                         _08231_ (net)
                      0.137644    0.000000    3.110655 ^ _17594_/A (sky130_fd_sc_hd__xor2_1)
     1    0.004399    0.082056    0.170683    3.281338 v _17594_/X (sky130_fd_sc_hd__xor2_1)
                                                         _08246_ (net)
                      0.082056    0.000000    3.281338 v _17595_/B (sky130_fd_sc_hd__xnor2_1)
     2    0.004826    0.105641    0.267133    3.548470 ^ _17595_/Y (sky130_fd_sc_hd__xnor2_1)
                                                         _08247_ (net)
                      0.105641    0.000000    3.548470 ^ _17606_/A (sky130_fd_sc_hd__nand2_1)
     2    0.004612    0.101083    0.131845    3.680316 v _17606_/Y (sky130_fd_sc_hd__nand2_1)
                                                         _08259_ (net)
                      0.101083    0.000000    3.680316 v _17607_/B (sky130_fd_sc_hd__nand2b_1)
     2    0.006095    0.125639    0.155062    3.835378 ^ _17607_/Y (sky130_fd_sc_hd__nand2b_1)
                                                         _08260_ (net)
                      0.125639    0.000000    3.835378 ^ _17826_/A (sky130_fd_sc_hd__xnor2_1)
     2    0.006295    0.126023    0.258789    4.094167 ^ _17826_/Y (sky130_fd_sc_hd__xnor2_1)
                                                         _08500_ (net)
                      0.126023    0.000000    4.094167 ^ _17827_/B (sky130_fd_sc_hd__xor2_1)
     3    0.008871    0.116402    0.207887    4.302054 v _17827_/X (sky130_fd_sc_hd__xor2_1)
                                                         _08501_ (net)
                      0.116402    0.000000    4.302054 v _18190_/A (sky130_fd_sc_hd__xnor2_1)
     2    0.004133    0.095344    0.293883    4.595938 ^ _18190_/Y (sky130_fd_sc_hd__xnor2_1)
                                                         _08900_ (net)
                      0.095344    0.000000    4.595938 ^ _18472_/A1 (sky130_fd_sc_hd__o21ai_0)
     1    0.001838    0.097379    0.152827    4.748764 v _18472_/Y (sky130_fd_sc_hd__o21ai_0)
                                                         fixed_pkg::s_narrow48$func$/headless/otolith/hdl/rtl/fixed_pkg.sv:130$9.$unnamed_block$1.v[62] (net)
                      0.097379    0.000000    4.748764 v _18634_/D (sky130_fd_sc_hd__dfrtp_1)
                                              4.748764   data arrival time

                      0.150000    0.000000    0.000000   clock clk (rise edge)
                                  0.000000    0.000000   clock network delay (ideal)
                                  0.250000    0.250000   clock uncertainty
                                  0.000000    0.250000   clock reconvergence pessimism
                                              0.250000 ^ _18634_/CLK (sky130_fd_sc_hd__dfrtp_1)
                                 -0.087945    0.162055   library hold time
                                              0.162055   data required time
---------------------------------------------------------------------------------------------
                                              0.162055   data required time
                                             -4.748764   data arrival time
---------------------------------------------------------------------------------------------
                                              4.586709   slack (MET)


Startpoint: _18566_ (rising edge-triggered flip-flop clocked by clk)
Endpoint: _18632_ (rising edge-triggered flip-flop clocked by clk)
Path Group: clk
Path Type: min

Fanout         Cap        Slew       Delay        Time   Description
---------------------------------------------------------------------------------------------
                      0.150000    0.000000    0.000000   clock clk (rise edge)
                                  0.000000    0.000000   clock network delay (ideal)
                      0.150000    0.000000    0.000000 ^ _18566_/CLK (sky130_fd_sc_hd__dfrtp_1)
    34    0.075136    0.693524    1.290499    1.290499 v _18566_/Q (sky130_fd_sc_hd__dfrtp_1)
                                                         b_r[60] (net)
                      0.693524    0.000000    1.290499 v _11170_/A (sky130_fd_sc_hd__nand4_1)
     3    0.009484    0.273611    0.457371    1.747870 ^ _11170_/Y (sky130_fd_sc_hd__nand4_1)
                                                         _01179_ (net)
                      0.273611    0.000000    1.747870 ^ _11175_/B (sky130_fd_sc_hd__maj3_1)
     2    0.007265    0.151699    0.412214    2.160084 ^ _11175_/X (sky130_fd_sc_hd__maj3_1)
                                                         _01185_ (net)
                      0.151699    0.000000    2.160084 ^ _11794_/A (sky130_fd_sc_hd__xnor2_1)
     3    0.008910    0.166870    0.239593    2.399677 v _11794_/Y (sky130_fd_sc_hd__xnor2_1)
                                                         _01866_ (net)
                      0.166870    0.000000    2.399677 v _11891_/A (sky130_fd_sc_hd__nor2_1)
     1    0.002501    0.125721    0.197284    2.596961 ^ _11891_/Y (sky130_fd_sc_hd__nor2_1)
                                                         _01972_ (net)
                      0.125721    0.000000    2.596961 ^ _12131_/C1 (sky130_fd_sc_hd__a211o_1)
     1    0.002517    0.059861    0.177161    2.774122 ^ _12131_/X (sky130_fd_sc_hd__a211o_1)
                                                         _02236_ (net)
                      0.059861    0.000000    2.774122 ^ _12138_/C1 (sky130_fd_sc_hd__a211oi_1)
     2    0.003867    0.060085    0.076507    2.850629 v _12138_/Y (sky130_fd_sc_hd__a211oi_1)
                                                         _02244_ (net)
                      0.060085    0.000000    2.850629 v _15556_/B1 (sky130_fd_sc_hd__o211ai_1)
     3    0.007096    0.199844    0.192044    3.042673 ^ _15556_/Y (sky130_fd_sc_hd__o211ai_1)
                                                         _06004_ (net)
                      0.199844    0.000000    3.042673 ^ _17146_/A (sky130_fd_sc_hd__nand4_1)
     3    0.006953    0.285411    0.302759    3.345432 v _17146_/Y (sky130_fd_sc_hd__nand4_1)
                                                         _07753_ (net)
                      0.285411    0.000000    3.345432 v _17823_/A1 (sky130_fd_sc_hd__a21oi_1)
     1    0.002474    0.146693    0.281156    3.626588 ^ _17823_/Y (sky130_fd_sc_hd__a21oi_1)
                                                         _08497_ (net)
                      0.146693    0.000000    3.626588 ^ _17824_/C (sky130_fd_sc_hd__nor3_1)
     3    0.007109    0.086127    0.137939    3.764528 v _17824_/Y (sky130_fd_sc_hd__nor3_1)
                                                         _08498_ (net)
                      0.086127    0.000000    3.764528 v _17832_/B (sky130_fd_sc_hd__xor2_1)
     2    0.006261    0.266779    0.292431    4.056958 ^ _17832_/X (sky130_fd_sc_hd__xor2_1)
                                                         _08507_ (net)
                      0.266779    0.000000    4.056958 ^ _17833_/B (sky130_fd_sc_hd__xnor2_1)
     3    0.009416    0.171704    0.341937    4.398895 ^ _17833_/Y (sky130_fd_sc_hd__xnor2_1)
                                                         _08508_ (net)
                      0.171704    0.000000    4.398895 ^ _18210_/A (sky130_fd_sc_hd__xor2_1)
     2    0.004600    0.083576    0.185848    4.584743 v _18210_/X (sky130_fd_sc_hd__xor2_1)
                                                         _08922_ (net)
                      0.083576    0.000000    4.584743 v _18468_/B (sky130_fd_sc_hd__nand2b_1)
     1    0.002421    0.073593    0.106895    4.691638 ^ _18468_/Y (sky130_fd_sc_hd__nand2b_1)
                                                         _09145_ (net)
                      0.073593    0.000000    4.691638 ^ _18469_/B (sky130_fd_sc_hd__nand2_1)
     1    0.001838    0.055209    0.094731    4.786369 v _18469_/Y (sky130_fd_sc_hd__nand2_1)
                                                         fixed_pkg::s_narrow48$func$/headless/otolith/hdl/rtl/fixed_pkg.sv:130$9.$unnamed_block$1.v[60] (net)
                      0.055209    0.000000    4.786369 v _18632_/D (sky130_fd_sc_hd__dfrtp_1)
                                              4.786369   data arrival time

                      0.150000    0.000000    0.000000   clock clk (rise edge)
                                  0.000000    0.000000   clock network delay (ideal)
                                  0.250000    0.250000   clock uncertainty
                                  0.000000    0.250000   clock reconvergence pessimism
                                              0.250000 ^ _18632_/CLK (sky130_fd_sc_hd__dfrtp_1)
                                 -0.072286    0.177714   library hold time
                                              0.177714   data required time
---------------------------------------------------------------------------------------------
                                              0.177714   data required time
                                             -4.786369   data arrival time
---------------------------------------------------------------------------------------------
                                              4.608655   slack (MET)


Startpoint: _18568_ (rising edge-triggered flip-flop clocked by clk)
Endpoint: _18625_ (rising edge-triggered flip-flop clocked by clk)
Path Group: clk
Path Type: min

Fanout         Cap        Slew       Delay        Time   Description
---------------------------------------------------------------------------------------------
                      0.150000    0.000000    0.000000   clock clk (rise edge)
                                  0.000000    0.000000   clock network delay (ideal)
                      0.150000    0.000000    0.000000 ^ _18568_/CLK (sky130_fd_sc_hd__dfrtp_1)
    37    0.082643    0.759054    1.339667    1.339667 v _18568_/Q (sky130_fd_sc_hd__dfrtp_1)
                                                         b_r[62] (net)
                      0.759054    0.000000    1.339667 v _11688_/A (sky130_fd_sc_hd__nand2_1)
     2    0.007265    0.137081    0.385852    1.725519 ^ _11688_/Y (sky130_fd_sc_hd__nand2_1)
                                                         _01749_ (net)
                      0.137081    0.000000    1.725519 ^ _17122_/A (sky130_fd_sc_hd__maj3_1)
     2    0.007601    0.156456    0.372564    2.098083 ^ _17122_/X (sky130_fd_sc_hd__maj3_1)
                                                         _07727_ (net)
                      0.156456    0.000000    2.098083 ^ _17124_/C (sky130_fd_sc_hd__maj3_1)
     2    0.006974    0.147576    0.384488    2.482572 ^ _17124_/X (sky130_fd_sc_hd__maj3_1)
                                                         _07729_ (net)
                      0.147576    0.000000    2.482572 ^ _17126_/B (sky130_fd_sc_hd__xor2_1)
     4    0.011049    0.131457    0.239904    2.722476 v _17126_/X (sky130_fd_sc_hd__xor2_1)
                                                         _07731_ (net)
                      0.131457    0.000000    2.722476 v _18040_/A (sky130_fd_sc_hd__xnor2_1)
     2    0.006438    0.130654    0.285076    3.007552 v _18040_/Y (sky130_fd_sc_hd__xnor2_1)
                                                         _08735_ (net)
                      0.130654    0.000000    3.007552 v _18127_/A2 (sky130_fd_sc_hd__o221ai_1)
     2    0.005068    0.157260    0.359973    3.367525 ^ _18127_/Y (sky130_fd_sc_hd__o221ai_1)
                                                         _08831_ (net)
                      0.157260    0.000000    3.367525 ^ _18131_/B1 (sky130_fd_sc_hd__a221o_1)
     3    0.006714    0.127806    0.342936    3.710461 ^ _18131_/X (sky130_fd_sc_hd__a221o_1)
                                                         _08835_ (net)
                      0.127806    0.000000    3.710461 ^ _18198_/A2 (sky130_fd_sc_hd__o21bai_1)
     2    0.004513    0.106435    0.164052    3.874513 v _18198_/Y (sky130_fd_sc_hd__o21bai_1)
                                                         _08909_ (net)
                      0.106435    0.000000    3.874513 v _18199_/A2 (sky130_fd_sc_hd__a21oi_1)
     3    0.006265    0.258091    0.322380    4.196894 ^ _18199_/Y (sky130_fd_sc_hd__a21oi_1)
                                                         _08910_ (net)
                      0.258091    0.000000    4.196894 ^ _18200_/A2 (sky130_fd_sc_hd__a21oi_1)
     2    0.005979    0.093221    0.238485    4.435379 v _18200_/Y (sky130_fd_sc_hd__a21oi_1)
                                                         _08911_ (net)
                      0.093221    0.000000    4.435379 v _18346_/B (sky130_fd_sc_hd__xnor2_1)
     2    0.003148    0.081192    0.229486    4.664865 ^ _18346_/Y (sky130_fd_sc_hd__xnor2_1)
                                                         _09072_ (net)
                      0.081192    0.000000    4.664865 ^ _18458_/A1 (sky130_fd_sc_hd__o21ai_0)
     1    0.001838    0.097053    0.147260    4.812125 v _18458_/Y (sky130_fd_sc_hd__o21ai_0)
                                                         fixed_pkg::s_narrow48$func$/headless/otolith/hdl/rtl/fixed_pkg.sv:130$9.$unnamed_block$1.v[53] (net)
                      0.097053    0.000000    4.812125 v _18625_/D (sky130_fd_sc_hd__dfrtp_1)
                                              4.812125   data arrival time

                      0.150000    0.000000    0.000000   clock clk (rise edge)
                                  0.000000    0.000000   clock network delay (ideal)
                                  0.250000    0.250000   clock uncertainty
                                  0.000000    0.250000   clock reconvergence pessimism
                                              0.250000 ^ _18625_/CLK (sky130_fd_sc_hd__dfrtp_1)
                                 -0.087824    0.162176   library hold time
                                              0.162176   data required time
---------------------------------------------------------------------------------------------
                                              0.162176   data required time
                                             -4.812125   data arrival time
---------------------------------------------------------------------------------------------
                                              4.649949   slack (MET)


Startpoint: _18566_ (rising edge-triggered flip-flop clocked by clk)
Endpoint: _18633_ (rising edge-triggered flip-flop clocked by clk)
Path Group: clk
Path Type: min

Fanout         Cap        Slew       Delay        Time   Description
---------------------------------------------------------------------------------------------
                      0.150000    0.000000    0.000000   clock clk (rise edge)
                                  0.000000    0.000000   clock network delay (ideal)
                      0.150000    0.000000    0.000000 ^ _18566_/CLK (sky130_fd_sc_hd__dfrtp_1)
    34    0.075136    0.693524    1.290499    1.290499 v _18566_/Q (sky130_fd_sc_hd__dfrtp_1)
                                                         b_r[60] (net)
                      0.693524    0.000000    1.290499 v _11170_/A (sky130_fd_sc_hd__nand4_1)
     3    0.009484    0.273611    0.457371    1.747870 ^ _11170_/Y (sky130_fd_sc_hd__nand4_1)
                                                         _01179_ (net)
                      0.273611    0.000000    1.747870 ^ _11175_/B (sky130_fd_sc_hd__maj3_1)
     2    0.007265    0.151699    0.412214    2.160084 ^ _11175_/X (sky130_fd_sc_hd__maj3_1)
                                                         _01185_ (net)
                      0.151699    0.000000    2.160084 ^ _11794_/A (sky130_fd_sc_hd__xnor2_1)
     3    0.008910    0.166870    0.239593    2.399677 v _11794_/Y (sky130_fd_sc_hd__xnor2_1)
                                                         _01866_ (net)
                      0.166870    0.000000    2.399677 v _11891_/A (sky130_fd_sc_hd__nor2_1)
     1    0.002501    0.125721    0.197284    2.596961 ^ _11891_/Y (sky130_fd_sc_hd__nor2_1)
                                                         _01972_ (net)
                      0.125721    0.000000    2.596961 ^ _12131_/C1 (sky130_fd_sc_hd__a211o_1)
     1    0.002517    0.059861    0.177161    2.774122 ^ _12131_/X (sky130_fd_sc_hd__a211o_1)
                                                         _02236_ (net)
                      0.059861    0.000000    2.774122 ^ _12138_/C1 (sky130_fd_sc_hd__a211oi_1)
     2    0.003867    0.060085    0.076507    2.850629 v _12138_/Y (sky130_fd_sc_hd__a211oi_1)
                                                         _02244_ (net)
                      0.060085    0.000000    2.850629 v _15556_/B1 (sky130_fd_sc_hd__o211ai_1)
     3    0.007096    0.199844    0.192044    3.042673 ^ _15556_/Y (sky130_fd_sc_hd__o211ai_1)
                                                         _06004_ (net)
                      0.199844    0.000000    3.042673 ^ _17146_/A (sky130_fd_sc_hd__nand4_1)
     3    0.006953    0.285411    0.302759    3.345432 v _17146_/Y (sky130_fd_sc_hd__nand4_1)
                                                         _07753_ (net)
                      0.285411    0.000000    3.345432 v _17823_/A1 (sky130_fd_sc_hd__a21oi_1)
     1    0.002474    0.146693    0.281156    3.626588 ^ _17823_/Y (sky130_fd_sc_hd__a21oi_1)
                                                         _08497_ (net)
                      0.146693    0.000000    3.626588 ^ _17824_/C (sky130_fd_sc_hd__nor3_1)
     3    0.007109    0.086127    0.137939    3.764528 v _17824_/Y (sky130_fd_sc_hd__nor3_1)
                                                         _08498_ (net)
                      0.086127    0.000000    3.764528 v _17832_/B (sky130_fd_sc_hd__xor2_1)
     2    0.005979    0.093940    0.294786    4.059313 v _17832_/X (sky130_fd_sc_hd__xor2_1)
                                                         _08507_ (net)
                      0.093940    0.000000    4.059313 v _18176_/A2 (sky130_fd_sc_hd__o21ai_0)
     2    0.004922    0.172344    0.350151    4.409464 ^ _18176_/Y (sky130_fd_sc_hd__o21ai_0)
                                                         _08885_ (net)
                      0.172344    0.000000    4.409464 ^ _18188_/B1 (sky130_fd_sc_hd__a31o_1)
     2    0.007552    0.139764    0.259122    4.668586 ^ _18188_/X (sky130_fd_sc_hd__a31o_1)
                                                         _08898_ (net)
                      0.139764    0.000000    4.668586 ^ _18207_/B (sky130_fd_sc_hd__xor2_1)
     2    0.004512    0.082903    0.166324    4.834910 v _18207_/X (sky130_fd_sc_hd__xor2_1)
                                                         _08919_ (net)
                      0.082903    0.000000    4.834910 v _18470_/B (sky130_fd_sc_hd__nand2b_1)
     1    0.002421    0.073506    0.106578    4.941489 ^ _18470_/Y (sky130_fd_sc_hd__nand2b_1)
                                                         _09146_ (net)
                      0.073506    0.000000    4.941489 ^ _18471_/B (sky130_fd_sc_hd__nand2_1)
     1    0.001838    0.055209    0.094697    5.036186 v _18471_/Y (sky130_fd_sc_hd__nand2_1)
                                                         fixed_pkg::s_narrow48$func$/headless/otolith/hdl/rtl/fixed_pkg.sv:130$9.$unnamed_block$1.v[61] (net)
                      0.055209    0.000000    5.036186 v _18633_/D (sky130_fd_sc_hd__dfrtp_1)
                                              5.036186   data arrival time

                      0.150000    0.000000    0.000000   clock clk (rise edge)
                                  0.000000    0.000000   clock network delay (ideal)
                                  0.250000    0.250000   clock uncertainty
                                  0.000000    0.250000   clock reconvergence pessimism
                                              0.250000 ^ _18633_/CLK (sky130_fd_sc_hd__dfrtp_1)
                                 -0.072286    0.177714   library hold time
                                              0.177714   data required time
---------------------------------------------------------------------------------------------
                                              0.177714   data required time
                                             -5.036186   data arrival time
---------------------------------------------------------------------------------------------
                                              4.858472   slack (MET)


Startpoint: _18569_ (rising edge-triggered flip-flop clocked by clk)
Endpoint: _18626_ (rising edge-triggered flip-flop clocked by clk)
Path Group: clk
Path Type: min

Fanout         Cap        Slew       Delay        Time   Description
---------------------------------------------------------------------------------------------
                      0.150000    0.000000    0.000000   clock clk (rise edge)
                                  0.000000    0.000000   clock network delay (ideal)
                      0.150000    0.000000    0.000000 ^ _18569_/CLK (sky130_fd_sc_hd__dfrtp_1)
    47    0.096537    1.302303    1.572488    1.572488 ^ _18569_/Q (sky130_fd_sc_hd__dfrtp_1)
                                                         b_r[63] (net)
                      1.302303    0.000000    1.572488 ^ _09205_/A (sky130_fd_sc_hd__nand4_1)
     2    0.004588    0.346634    0.553523    2.126011 v _09205_/Y (sky130_fd_sc_hd__nand4_1)
                                                         _00631_ (net)
                      0.346634    0.000000    2.126011 v _09212_/A (sky130_fd_sc_hd__nor2_1)
     2    0.004924    0.198876    0.311606    2.437617 ^ _09212_/Y (sky130_fd_sc_hd__nor2_1)
                                                         _00708_ (net)
                      0.198876    0.000000    2.437617 ^ _09217_/B1 (sky130_fd_sc_hd__a21oi_1)
    29    0.100084    0.845068    0.716852    3.154469 v _09217_/Y (sky130_fd_sc_hd__a21oi_1)
                                                         _00763_ (net)
                      0.845068    0.000000    3.154469 v _16811_/A (sky130_fd_sc_hd__xnor2_1)
     2    0.006020    0.122585    0.627180    3.781649 ^ _16811_/Y (sky130_fd_sc_hd__xnor2_1)
                                                         _07384_ (net)
                      0.122585    0.000000    3.781649 ^ _16814_/A (sky130_fd_sc_hd__xor2_1)
     4    0.011076    0.131651    0.236943    4.018592 v _16814_/X (sky130_fd_sc_hd__xor2_1)
                                                         _07388_ (net)
                      0.131651    0.000000    4.018592 v _18133_/A (sky130_fd_sc_hd__xnor2_1)
     2    0.006261    0.128080    0.354067    4.372658 ^ _18133_/Y (sky130_fd_sc_hd__xnor2_1)
                                                         _08838_ (net)
                      0.128080    0.000000    4.372658 ^ _18134_/B (sky130_fd_sc_hd__xnor2_1)
     3    0.009279    0.169197    0.285973    4.658632 ^ _18134_/Y (sky130_fd_sc_hd__xnor2_1)
                                                         _08839_ (net)
                      0.169197    0.000000    4.658632 ^ _18202_/A (sky130_fd_sc_hd__xor2_1)
     2    0.004516    0.082943    0.183979    4.842610 v _18202_/X (sky130_fd_sc_hd__xor2_1)
                                                         _08914_ (net)
                      0.082943    0.000000    4.842610 v _18203_/A (sky130_fd_sc_hd__inv_1)
     1    0.001774    0.043925    0.074160    4.916770 ^ _18203_/Y (sky130_fd_sc_hd__inv_1)
                                                         _08915_ (net)
                      0.043925    0.000000    4.916770 ^ _18459_/A1 (sky130_fd_sc_hd__o21ai_0)
     1    0.001838    0.097041    0.130865    5.047636 v _18459_/Y (sky130_fd_sc_hd__o21ai_0)
                                                         fixed_pkg::s_narrow48$func$/headless/otolith/hdl/rtl/fixed_pkg.sv:130$9.$unnamed_block$1.v[54] (net)
                      0.097041    0.000000    5.047636 v _18626_/D (sky130_fd_sc_hd__dfrtp_1)
                                              5.047636   data arrival time

                      0.150000    0.000000    0.000000   clock clk (rise edge)
                                  0.000000    0.000000   clock network delay (ideal)
                                  0.250000    0.250000   clock uncertainty
                                  0.000000    0.250000   clock reconvergence pessimism
                                              0.250000 ^ _18626_/CLK (sky130_fd_sc_hd__dfrtp_1)
                                 -0.087819    0.162181   library hold time
                                              0.162181   data required time
---------------------------------------------------------------------------------------------
                                              0.162181   data required time
                                             -5.047636   data arrival time
---------------------------------------------------------------------------------------------
                                              4.885455   slack (MET)


Startpoint: _18567_ (rising edge-triggered flip-flop clocked by clk)
Endpoint: _18631_ (rising edge-triggered flip-flop clocked by clk)
Path Group: clk
Path Type: min

Fanout         Cap        Slew       Delay        Time   Description
---------------------------------------------------------------------------------------------
                      0.150000    0.000000    0.000000   clock clk (rise edge)
                                  0.000000    0.000000   clock network delay (ideal)
                      0.150000    0.000000    0.000000 ^ _18567_/CLK (sky130_fd_sc_hd__dfrtp_1)
    35    0.075357    0.695453    1.291947    1.291947 v _18567_/Q (sky130_fd_sc_hd__dfrtp_1)
                                                         b_r[61] (net)
                      0.695453    0.000000    1.291947 v _11150_/A (sky130_fd_sc_hd__nand4_1)
     2    0.007265    0.249671    0.418074    1.710020 ^ _11150_/Y (sky130_fd_sc_hd__nand4_1)
                                                         _01157_ (net)
                      0.249671    0.000000    1.710020 ^ _17132_/A (sky130_fd_sc_hd__maj3_1)
     2    0.006213    0.136805    0.398294    2.108315 ^ _17132_/X (sky130_fd_sc_hd__maj3_1)
                                                         _07738_ (net)
                      0.136805    0.000000    2.108315 ^ _17140_/A (sky130_fd_sc_hd__xnor2_1)
     2    0.006020    0.122123    0.259904    2.368218 ^ _17140_/Y (sky130_fd_sc_hd__xnor2_1)
                                                         _07746_ (net)
                      0.122123    0.000000    2.368218 ^ _17143_/A (sky130_fd_sc_hd__xor2_1)
     4    0.010012    0.123983    0.225491    2.593709 v _17143_/X (sky130_fd_sc_hd__xor2_1)
                                                         _07750_ (net)
                      0.123983    0.000000    2.593709 v _18056_/B (sky130_fd_sc_hd__xor2_1)
     2    0.006283    0.267420    0.308347    2.902056 ^ _18056_/X (sky130_fd_sc_hd__xor2_1)
                                                         _08753_ (net)
                      0.267420    0.000000    2.902056 ^ _18057_/B (sky130_fd_sc_hd__xor2_1)
     3    0.008904    0.116722    0.266323    3.168379 v _18057_/X (sky130_fd_sc_hd__xor2_1)
                                                         _08754_ (net)
                      0.116722    0.000000    3.168379 v _18303_/A (sky130_fd_sc_hd__xnor2_1)
     2    0.004249    0.097001    0.296941    3.465320 ^ _18303_/Y (sky130_fd_sc_hd__xnor2_1)
                                                         _09025_ (net)
                      0.097001    0.000000    3.465320 ^ _18307_/B (sky130_fd_sc_hd__nor4_1)
     1    0.002207    0.044236    0.092213    3.557533 v _18307_/Y (sky130_fd_sc_hd__nor4_1)
                                                         _09029_ (net)
                      0.044236    0.000000    3.557533 v _18308_/D (sky130_fd_sc_hd__nand4_1)
     1    0.002487    0.079366    0.114925    3.672458 ^ _18308_/Y (sky130_fd_sc_hd__nand4_1)
                                                         _09030_ (net)
                      0.079366    0.000000    3.672458 ^ _18348_/A3 (sky130_fd_sc_hd__o41ai_1)
     1    0.002281    0.059483    0.136083    3.808541 v _18348_/Y (sky130_fd_sc_hd__o41ai_1)
                                                         _09074_ (net)
                      0.059483    0.000000    3.808541 v _18390_/A1 (sky130_fd_sc_hd__a41o_1)
    64    0.110605    0.919253    1.004744    4.813285 v _18390_/X (sky130_fd_sc_hd__a41o_1)
                                                         _09120_ (net)
                      0.919253    0.000000    4.813285 v _18467_/A (sky130_fd_sc_hd__nand2_1)
     1    0.001853    0.057544    0.280505    5.093791 ^ _18467_/Y (sky130_fd_sc_hd__nand2_1)
                                                         fixed_pkg::s_narrow48$func$/headless/otolith/hdl/rtl/fixed_pkg.sv:130$9.$unnamed_block$1.v[59] (net)
                      0.057544    0.000000    5.093791 ^ _18631_/D (sky130_fd_sc_hd__dfrtp_1)
                                              5.093791   data arrival time

                      0.150000    0.000000    0.000000   clock clk (rise edge)
                                  0.000000    0.000000   clock network delay (ideal)
                                  0.250000    0.250000   clock uncertainty
                                  0.000000    0.250000   clock reconvergence pessimism
                                              0.250000 ^ _18631_/CLK (sky130_fd_sc_hd__dfrtp_1)
                                 -0.060974    0.189026   library hold time
                                              0.189026   data required time
---------------------------------------------------------------------------------------------
                                              0.189026   data required time
                                             -5.093791   data arrival time
---------------------------------------------------------------------------------------------
                                              4.904765   slack (MET)


Startpoint: _18567_ (rising edge-triggered flip-flop clocked by clk)
Endpoint: _18473_ (rising edge-triggered flip-flop clocked by clk)
Path Group: clk
Path Type: min

Fanout         Cap        Slew       Delay        Time   Description
---------------------------------------------------------------------------------------------
                      0.150000    0.000000    0.000000   clock clk (rise edge)
                                  0.000000    0.000000   clock network delay (ideal)
                      0.150000    0.000000    0.000000 ^ _18567_/CLK (sky130_fd_sc_hd__dfrtp_1)
    35    0.075357    0.695453    1.291947    1.291947 v _18567_/Q (sky130_fd_sc_hd__dfrtp_1)
                                                         b_r[61] (net)
                      0.695453    0.000000    1.291947 v _11150_/A (sky130_fd_sc_hd__nand4_1)
     2    0.007265    0.249671    0.418074    1.710020 ^ _11150_/Y (sky130_fd_sc_hd__nand4_1)
                                                         _01157_ (net)
                      0.249671    0.000000    1.710020 ^ _17132_/A (sky130_fd_sc_hd__maj3_1)
     2    0.006213    0.136805    0.398294    2.108315 ^ _17132_/X (sky130_fd_sc_hd__maj3_1)
                                                         _07738_ (net)
                      0.136805    0.000000    2.108315 ^ _17140_/A (sky130_fd_sc_hd__xnor2_1)
     2    0.006020    0.122123    0.259904    2.368218 ^ _17140_/Y (sky130_fd_sc_hd__xnor2_1)
                                                         _07746_ (net)
                      0.122123    0.000000    2.368218 ^ _17143_/A (sky130_fd_sc_hd__xor2_1)
     4    0.010012    0.123983    0.225491    2.593709 v _17143_/X (sky130_fd_sc_hd__xor2_1)
                                                         _07750_ (net)
                      0.123983    0.000000    2.593709 v _18056_/B (sky130_fd_sc_hd__xor2_1)
     2    0.006283    0.267420    0.308347    2.902056 ^ _18056_/X (sky130_fd_sc_hd__xor2_1)
                                                         _08753_ (net)
                      0.267420    0.000000    2.902056 ^ _18057_/B (sky130_fd_sc_hd__xor2_1)
     3    0.008904    0.116722    0.266323    3.168379 v _18057_/X (sky130_fd_sc_hd__xor2_1)
                                                         _08754_ (net)
                      0.116722    0.000000    3.168379 v _18303_/A (sky130_fd_sc_hd__xnor2_1)
     2    0.004249    0.097001    0.296941    3.465320 ^ _18303_/Y (sky130_fd_sc_hd__xnor2_1)
                                                         _09025_ (net)
                      0.097001    0.000000    3.465320 ^ _18307_/B (sky130_fd_sc_hd__nor4_1)
     1    0.002207    0.044236    0.092213    3.557533 v _18307_/Y (sky130_fd_sc_hd__nor4_1)
                                                         _09029_ (net)
                      0.044236    0.000000    3.557533 v _18308_/D (sky130_fd_sc_hd__nand4_1)
     1    0.002487    0.079366    0.114925    3.672458 ^ _18308_/Y (sky130_fd_sc_hd__nand4_1)
                                                         _09030_ (net)
                      0.079366    0.000000    3.672458 ^ _18348_/A3 (sky130_fd_sc_hd__o41ai_1)
     1    0.002281    0.059483    0.136083    3.808541 v _18348_/Y (sky130_fd_sc_hd__o41ai_1)
                                                         _09074_ (net)
                      0.059483    0.000000    3.808541 v _18390_/A1 (sky130_fd_sc_hd__a41o_1)
    64    0.110605    0.919253    1.004744    4.813285 v _18390_/X (sky130_fd_sc_hd__a41o_1)
                                                         _09120_ (net)
                      0.919253    0.000000    4.813285 v _18397_/A (sky130_fd_sc_hd__nand2_1)
     1    0.001853    0.127787    0.280505    5.093791 ^ _18397_/Y (sky130_fd_sc_hd__nand2_1)
                                                         fixed_pkg::s_narrow48$func$/headless/otolith/hdl/rtl/fixed_pkg.sv:130$9.$unnamed_block$1.sat (net)
                      0.127787    0.000000    5.093791 ^ _18473_/D (sky130_fd_sc_hd__dfrtp_1)
                                              5.093791   data arrival time

                      0.150000    0.000000    0.000000   clock clk (rise edge)
                                  0.000000    0.000000   clock network delay (ideal)
                                  0.250000    0.250000   clock uncertainty
                                  0.000000    0.250000   clock reconvergence pessimism
                                              0.250000 ^ _18473_/CLK (sky130_fd_sc_hd__dfrtp_1)
                                 -0.076984    0.173016   library hold time
                                              0.173016   data required time
---------------------------------------------------------------------------------------------
                                              0.173016   data required time
                                             -5.093791   data arrival time
---------------------------------------------------------------------------------------------
                                              4.920774   slack (MET)


Startpoint: _18569_ (rising edge-triggered flip-flop clocked by clk)
Endpoint: _18635_ (rising edge-triggered flip-flop clocked by clk)
Path Group: clk
Path Type: min

Fanout         Cap        Slew       Delay        Time   Description
---------------------------------------------------------------------------------------------
                      0.150000    0.000000    0.000000   clock clk (rise edge)
                                  0.000000    0.000000   clock network delay (ideal)
                      0.150000    0.000000    0.000000 ^ _18569_/CLK (sky130_fd_sc_hd__dfrtp_1)
    47    0.096537    1.302303    1.572488    1.572488 ^ _18569_/Q (sky130_fd_sc_hd__dfrtp_1)
                                                         b_r[63] (net)
                      1.302303    0.000000    1.572488 ^ _09205_/A (sky130_fd_sc_hd__nand4_1)
     2    0.004588    0.346634    0.553523    2.126011 v _09205_/Y (sky130_fd_sc_hd__nand4_1)
                                                         _00631_ (net)
                      0.346634    0.000000    2.126011 v _09212_/A (sky130_fd_sc_hd__nor2_1)
     2    0.004924    0.198876    0.311606    2.437617 ^ _09212_/Y (sky130_fd_sc_hd__nor2_1)
                                                         _00708_ (net)
                      0.198876    0.000000    2.437617 ^ _09217_/B1 (sky130_fd_sc_hd__a21oi_1)
    29    0.100084    0.845068    0.716852    3.154469 v _09217_/Y (sky130_fd_sc_hd__a21oi_1)
                                                         _00763_ (net)
                      0.845068    0.000000    3.154469 v _09521_/A (sky130_fd_sc_hd__xnor2_1)
     2    0.005912    0.121397    0.562895    3.717364 v _09521_/Y (sky130_fd_sc_hd__xnor2_1)
                                                         _04107_ (net)
                      0.121397    0.000000    3.717364 v _17799_/A1 (sky130_fd_sc_hd__o21ai_0)
     1    0.004570    0.165309    0.374405    4.091769 ^ _17799_/Y (sky130_fd_sc_hd__o21ai_0)
                                                         _08471_ (net)
                      0.165309    0.000000    4.091769 ^ _17821_/A (sky130_fd_sc_hd__xnor2_1)
   118    0.419199    6.268704    4.608038    8.699807 ^ _17821_/Y (sky130_fd_sc_hd__xnor2_1)
                                                         fixed_pkg::s_narrow48$func$/headless/otolith/hdl/rtl/fixed_pkg.sv:130$9.$unnamed_block$1.v[63] (net)
                      6.268704    0.000000    8.699807 ^ _18635_/D (sky130_fd_sc_hd__dfrtp_1)
                                              8.699807   data arrival time

                      0.150000    0.000000    0.000000   clock clk (rise edge)
                                  0.000000    0.000000   clock network delay (ideal)
                                  0.250000    0.250000   clock uncertainty
                                  0.000000    0.250000   clock reconvergence pessimism
                                              0.250000 ^ _18635_/CLK (sky130_fd_sc_hd__dfrtp_1)
                                 -1.004690   -0.754690   library hold time
                                             -0.754690   data required time
---------------------------------------------------------------------------------------------
                                             -0.754690   data required time
                                             -8.699807   data arrival time
---------------------------------------------------------------------------------------------
                                              9.454498   slack (MET)



