
 /----------------------------------------------------------------------------\
 |  yosys -- Yosys Open SYnthesis Suite                                       |
 |  Copyright (C) 2012 - 2026  Claire Xenia Wolf <claire@yosyshq.com>         |
 |  Distributed under an ISC-like license, type "license" to see terms        |
 \----------------------------------------------------------------------------/
 Yosys 0.67 (git sha1 2d1509d1b, Release, GNU /usr/bin/c++ 13.3.0)

1. Executing Liberty frontend: /foss/pdks/sky130A/libs.ref/sky130_fd_sc_hd/lib/sky130_fd_sc_hd__tt_025C_1v80.lib
Imported 428 cell types from liberty file.

2. Executing Liberty frontend: /foss/pdks/sky130A/libs.ref/sky130_fd_io/lib/sky130_ef_io__vccd_lvc_clamped_pad_tt_025C_1v80_3v30_3v30.lib
Imported 1 cell types from liberty file.

3. Executing Liberty frontend: /foss/pdks/sky130A/libs.ref/sky130_fd_io/lib/sky130_ef_io__vssd_lvc_clamped_pad_tt_025C_1v80_3v30.lib
Imported 1 cell types from liberty file.

4. Executing Liberty frontend: /foss/pdks/sky130A/libs.ref/sky130_fd_io/lib/sky130_ef_io__vddio_hvc_clamped_pad_tt_025C_1v80_3v30_3v30.lib
Imported 1 cell types from liberty file.

5. Executing Liberty frontend: /foss/pdks/sky130A/libs.ref/sky130_fd_io/lib/sky130_ef_io__vssio_hvc_clamped_pad_tt_025C_1v80_3v30_3v30.lib
Imported 1 cell types from liberty file.

6. Executing Liberty frontend: /foss/pdks/sky130A/libs.ref/sky130_fd_io/lib/sky130_ef_io__gpiov2_pad_tt_tt_025C_1v80_3v30.lib
Imported 1 cell types from liberty file.

7. Executing Liberty frontend: /foss/pdks/sky130A/libs.ref/sky130_fd_io/lib/slices_stubs.lib
Imported 2 cell types from liberty file.

8. Executing Liberty frontend: /foss/pdks/sky130A/libs.ref/sky130_fd_io/lib/sky130_ef_io__analog_stubs.lib
Imported 5 cell types from liberty file.
[INFO] Using SDC file '/headless/otolith/hdl/openlane/ldl/runs/RUN_2026-10-03_23-40-46/06-yosys-synthesis/synthesis.abc.sdc' for ABC…wtaf

9. Executing Verilog-2005 frontend: /headless/otolith/hdl/rtl/fixed_pkg.sv
Parsing SystemVerilog input from `/headless/otolith/hdl/rtl/fixed_pkg.sv' to AST representation.
Successfully finished Verilog frontend.

10. Executing Verilog-2005 frontend: /headless/otolith/hdl/rtl/ldl_kernel.sv
Parsing SystemVerilog input from `/headless/otolith/hdl/rtl/ldl_kernel.sv' to AST representation.
Storing AST representation for module `$abstract\ldl_kernel'.
Successfully finished Verilog frontend.

11. Executing HIERARCHY pass (managing design hierarchy).

12. Executing AST frontend in derive mode using pre-parsed AST for module `\ldl_kernel'.
Generating RTLIL representation for module `\ldl_kernel'.
Warning: Replacing memory \L_r with list of registers. See /headless/otolith/hdl/rtl/ldl_kernel.sv:362
Warning: Replacing memory \D_r with list of registers. See /headless/otolith/hdl/rtl/ldl_kernel.sv:296
Warning: Replacing memory \X_r with list of registers. See /headless/otolith/hdl/rtl/ldl_kernel.sv:250
Warning: Replacing memory \B_r with list of registers. See /headless/otolith/hdl/rtl/ldl_kernel.sv:247
Warning: Replacing memory \S_r with list of registers. See /headless/otolith/hdl/rtl/ldl_kernel.sv:245

12.1. Analyzing design hierarchy..
Top module:  \ldl_kernel

12.2. Analyzing design hierarchy..
Top module:  \ldl_kernel
Removing unused module `$abstract\ldl_kernel'.
Removed 1 unused modules.
Renaming module ldl_kernel to ldl_kernel.

13. Executing ATTRMAP pass (move or copy attributes).

14. Executing TRIBUF pass.

15. Executing HIERARCHY pass (managing design hierarchy).

15.1. Analyzing design hierarchy..
Top module:  \ldl_kernel

15.2. Analyzing design hierarchy..
Top module:  \ldl_kernel
Removed 0 unused modules.

16. Executing PROC_CLEAN pass (remove empty switches from decision trees).
Cleaned up 0 empty switches.

17. Executing PROC_RMDEAD pass (remove dead branches from decision trees).
Marked 2 switch rules as full_case in process $proc$/headless/otolith/hdl/rtl/ldl_kernel.sv:207$584 in module ldl_kernel.
Marked 2 switch rules as full_case in process $proc$/headless/otolith/hdl/rtl/ldl_kernel.sv:163$565 in module ldl_kernel.
Marked 2 switch rules as full_case in process $proc$/headless/otolith/hdl/rtl/ldl_kernel.sv:157$550 in module ldl_kernel.
Marked 5 switch rules as full_case in process $proc$/headless/otolith/hdl/rtl/ldl_kernel.sv:483$526 in module ldl_kernel.
Marked 21 switch rules as full_case in process $proc$/headless/otolith/hdl/rtl/ldl_kernel.sv:222$254 in module ldl_kernel.
Marked 6 switch rules as full_case in process $proc$/headless/otolith/hdl/rtl/ldl_kernel.sv:211$228 in module ldl_kernel.
Marked 8 switch rules as full_case in process $proc$/headless/otolith/hdl/rtl/ldl_kernel.sv:185$152 in module ldl_kernel.
Marked 2 switch rules as full_case in process $proc$/headless/otolith/hdl/rtl/ldl_kernel.sv:167$146 in module ldl_kernel.
Marked 66 switch rules as full_case in process $proc$/headless/otolith/hdl/rtl/ldl_kernel.sv:131$58 in module ldl_kernel.
Removed a total of 0 dead cases.

18. Executing PROC_PRUNE pass (remove redundant assignments in processes).
Removed 2 redundant assignments.
Promoted 127 assignments to connections.

19. Executing PROC_INIT pass (extract init attributes).

20. Executing PROC_ARST pass (detect async resets in processes).
Found async reset \rst_n in `\ldl_kernel.$proc$/headless/otolith/hdl/rtl/ldl_kernel.sv:222$254'.

21. Executing PROC_ROM pass (convert switches to ROMs).
Converted 0 switches.
<suppressed ~124 debug messages>

22. Executing PROC_MUX pass (convert decision trees to multiplexers).
Creating decoders for process `\ldl_kernel.$proc$/headless/otolith/hdl/rtl/ldl_kernel.sv:207$584'.
     1/2: $2\fixed_pkg::s_narrow96to48$func$/headless/otolith/hdl/rtl/ldl_kernel.sv:207$32.v[63:0]$602
     2/2: $1\fixed_pkg::s_narrow96to48$func$/headless/otolith/hdl/rtl/ldl_kernel.sv:207$32.v[63:0]$600
Creating decoders for process `\ldl_kernel.$proc$/headless/otolith/hdl/rtl/ldl_kernel.sv:163$565'.
     1/2: $2\fixed_pkg::s_narrow96to48$func$/headless/otolith/hdl/rtl/ldl_kernel.sv:163$31.v[63:0]$583
     2/2: $1\fixed_pkg::s_narrow96to48$func$/headless/otolith/hdl/rtl/ldl_kernel.sv:163$31.v[63:0]$581
Creating decoders for process `\ldl_kernel.$proc$/headless/otolith/hdl/rtl/ldl_kernel.sv:157$550'.
     1/2: $2\fixed_pkg::s_psub48$func$/headless/otolith/hdl/rtl/ldl_kernel.sv:157$30.v[63:0]$564
     2/2: $1\fixed_pkg::s_psub48$func$/headless/otolith/hdl/rtl/ldl_kernel.sv:157$30.v[63:0]$562
Creating decoders for process `\ldl_kernel.$proc$/headless/otolith/hdl/rtl/ldl_kernel.sv:483$526'.
     1/15: $3$mem2reg_rd$\X_r$/headless/otolith/hdl/rtl/ldl_kernel.sv:486$57_DATA[63:0]$549
     2/15: $3$mem2reg_rd$\D_r$/headless/otolith/hdl/rtl/ldl_kernel.sv:485$56_DATA[63:0]$547
     3/15: $2\out_data[63:0]
     4/15: $2$mem2reg_rd$\D_r$/headless/otolith/hdl/rtl/ldl_kernel.sv:485$56_DATA[63:0]$543
     5/15: $2$mem2reg_rd$\D_r$/headless/otolith/hdl/rtl/ldl_kernel.sv:485$56_ADDR[2:0]$542
     6/15: $2$mem2reg_rd$\X_r$/headless/otolith/hdl/rtl/ldl_kernel.sv:486$57_DATA[63:0]$545
     7/15: $2$mem2reg_rd$\X_r$/headless/otolith/hdl/rtl/ldl_kernel.sv:486$57_ADDR[2:0]$544
     8/15: $2$mem2reg_rd$\L_r$/headless/otolith/hdl/rtl/ldl_kernel.sv:484$55_DATA[63:0]$540
     9/15: $1\out_data[63:0]
    10/15: $1$mem2reg_rd$\L_r$/headless/otolith/hdl/rtl/ldl_kernel.sv:484$55_DATA[63:0]$535
    11/15: $1$mem2reg_rd$\L_r$/headless/otolith/hdl/rtl/ldl_kernel.sv:484$55_ADDR[3:0]$534
    12/15: $1$mem2reg_rd$\X_r$/headless/otolith/hdl/rtl/ldl_kernel.sv:486$57_DATA[63:0]$539
    13/15: $1$mem2reg_rd$\X_r$/headless/otolith/hdl/rtl/ldl_kernel.sv:486$57_ADDR[2:0]$538
    14/15: $1$mem2reg_rd$\D_r$/headless/otolith/hdl/rtl/ldl_kernel.sv:485$56_DATA[63:0]$537
    15/15: $1$mem2reg_rd$\D_r$/headless/otolith/hdl/rtl/ldl_kernel.sv:485$56_ADDR[2:0]$536
Creating decoders for process `\ldl_kernel.$proc$/headless/otolith/hdl/rtl/ldl_kernel.sv:222$254'.
     1/224: $3$mem2reg_wr$\X_r$/headless/otolith/hdl/rtl/ldl_kernel.sv:439$54_ADDR[2:0]$515
     2/224: $3$mem2reg_wr$\X_r$/headless/otolith/hdl/rtl/ldl_kernel.sv:439$54_DATA[63:0]$516
     3/224: $3$mem2reg_rd$\X_r$/headless/otolith/hdl/rtl/ldl_kernel.sv:432$53_DATA[63:0]$511
     4/224: $3$mem2reg_rd$\X_r$/headless/otolith/hdl/rtl/ldl_kernel.sv:422$52_DATA[63:0]$510
     5/224: $4$mem2reg_rd$\B_r$/headless/otolith/hdl/rtl/ldl_kernel.sv:414$51_DATA[63:0]$508
     6/224: $3\acc_seed48$func$/headless/otolith/hdl/rtl/ldl_kernel.sv:414$28.$result[127:0]$501
     7/224: $3\acc_seed48$func$/headless/otolith/hdl/rtl/ldl_kernel.sv:414$28.sx[127:0]$503
     8/224: $3\acc_seed48$func$/headless/otolith/hdl/rtl/ldl_kernel.sv:414$28.x[63:0]$502
     9/224: $3$mem2reg_rd$\B_r$/headless/otolith/hdl/rtl/ldl_kernel.sv:414$51_DATA[63:0]$505
    10/224: $3$mem2reg_rd$\B_r$/headless/otolith/hdl/rtl/ldl_kernel.sv:414$51_ADDR[2:0]$504
    11/224: $3$mem2reg_wr$\L_r$/headless/otolith/hdl/rtl/ldl_kernel.sv:362$48_ADDR[3:0]$475
    12/224: $3$mem2reg_wr$\L_r$/headless/otolith/hdl/rtl/ldl_kernel.sv:362$48_DATA[63:0]$476
    13/224: $3\sl_idx$func$/headless/otolith/hdl/rtl/ldl_kernel.sv:362$26.$result[31:0]$472
    14/224: $3\sl_idx$func$/headless/otolith/hdl/rtl/ldl_kernel.sv:362$26.j[31:0]$474
    15/224: $3\sl_idx$func$/headless/otolith/hdl/rtl/ldl_kernel.sv:362$26.i[31:0]$473
    16/224: $3$mem2reg_wr$\X_r$/headless/otolith/hdl/rtl/ldl_kernel.sv:377$49_DATA[63:0]$478
    17/224: $3$mem2reg_wr$\X_r$/headless/otolith/hdl/rtl/ldl_kernel.sv:377$49_ADDR[2:0]$477
    18/224: $3$mem2reg_rd$\S_r$/headless/otolith/hdl/rtl/ldl_kernel.sv:312$47_DATA[63:0]$463
    19/224: $3$mem2reg_rd$\S_r$/headless/otolith/hdl/rtl/ldl_kernel.sv:272$45_DATA[63:0]$443
    20/224: $4\acc_seed48$func$/headless/otolith/hdl/rtl/ldl_kernel.sv:254$21.$result[127:0]$434
    21/224: $4\acc_seed48$func$/headless/otolith/hdl/rtl/ldl_kernel.sv:254$21.sx[127:0]$436
    22/224: $4\acc_seed48$func$/headless/otolith/hdl/rtl/ldl_kernel.sv:254$21.x[63:0]$435
    23/224: $4$mem2reg_wr$\S_r$/headless/otolith/hdl/rtl/ldl_kernel.sv:245$42_ADDR[4:0]$425
    24/224: $4$mem2reg_wr$\S_r$/headless/otolith/hdl/rtl/ldl_kernel.sv:245$42_DATA[63:0]$426
    25/224: $4$mem2reg_wr$\X_r$/headless/otolith/hdl/rtl/ldl_kernel.sv:250$44_DATA[63:0]$430
    26/224: $4$mem2reg_wr$\X_r$/headless/otolith/hdl/rtl/ldl_kernel.sv:250$44_ADDR[2:0]$429
    27/224: $4$mem2reg_wr$\B_r$/headless/otolith/hdl/rtl/ldl_kernel.sv:247$43_DATA[63:0]$428
    28/224: $4$mem2reg_wr$\B_r$/headless/otolith/hdl/rtl/ldl_kernel.sv:247$43_ADDR[2:0]$427
    29/224: $3\acc_seed48$func$/headless/otolith/hdl/rtl/ldl_kernel.sv:254$21.sx[127:0]$417
    30/224: $3\acc_seed48$func$/headless/otolith/hdl/rtl/ldl_kernel.sv:254$21.x[63:0]$416
    31/224: $3\acc_seed48$func$/headless/otolith/hdl/rtl/ldl_kernel.sv:254$21.$result[127:0]$415
    32/224: $3$mem2reg_wr$\X_r$/headless/otolith/hdl/rtl/ldl_kernel.sv:250$44_DATA[63:0]$423
    33/224: $3$mem2reg_wr$\X_r$/headless/otolith/hdl/rtl/ldl_kernel.sv:250$44_ADDR[2:0]$422
    34/224: $3$mem2reg_wr$\B_r$/headless/otolith/hdl/rtl/ldl_kernel.sv:247$43_DATA[63:0]$421
    35/224: $3$mem2reg_wr$\B_r$/headless/otolith/hdl/rtl/ldl_kernel.sv:247$43_ADDR[2:0]$420
    36/224: $3$mem2reg_wr$\S_r$/headless/otolith/hdl/rtl/ldl_kernel.sv:245$42_DATA[63:0]$419
    37/224: $3$mem2reg_wr$\S_r$/headless/otolith/hdl/rtl/ldl_kernel.sv:245$42_ADDR[4:0]$418
    38/224: $2$mem2reg_wr$\X_r$/headless/otolith/hdl/rtl/ldl_kernel.sv:439$54_DATA[63:0]$414
    39/224: $2$mem2reg_wr$\X_r$/headless/otolith/hdl/rtl/ldl_kernel.sv:439$54_ADDR[2:0]$413
    40/224: $2$mem2reg_rd$\X_r$/headless/otolith/hdl/rtl/ldl_kernel.sv:432$53_DATA[63:0]$412
    41/224: $2$mem2reg_rd$\X_r$/headless/otolith/hdl/rtl/ldl_kernel.sv:432$53_ADDR[2:0]$411
    42/224: $2$mem2reg_rd$\X_r$/headless/otolith/hdl/rtl/ldl_kernel.sv:422$52_DATA[63:0]$410
    43/224: $2$mem2reg_rd$\X_r$/headless/otolith/hdl/rtl/ldl_kernel.sv:422$52_ADDR[2:0]$409
    44/224: $2$mem2reg_rd$\B_r$/headless/otolith/hdl/rtl/ldl_kernel.sv:414$51_DATA[63:0]$408
    45/224: $2$mem2reg_rd$\B_r$/headless/otolith/hdl/rtl/ldl_kernel.sv:414$51_ADDR[2:0]$407
    46/224: $2$mem2reg_wr$\X_r$/headless/otolith/hdl/rtl/ldl_kernel.sv:411$50_DATA[63:0]$406
    47/224: $2$mem2reg_wr$\X_r$/headless/otolith/hdl/rtl/ldl_kernel.sv:411$50_ADDR[2:0]$405
    48/224: $2$mem2reg_wr$\X_r$/headless/otolith/hdl/rtl/ldl_kernel.sv:377$49_DATA[63:0]$404
    49/224: $2$mem2reg_wr$\X_r$/headless/otolith/hdl/rtl/ldl_kernel.sv:377$49_ADDR[2:0]$403
    50/224: $2$mem2reg_wr$\L_r$/headless/otolith/hdl/rtl/ldl_kernel.sv:362$48_DATA[63:0]$402
    51/224: $2$mem2reg_wr$\L_r$/headless/otolith/hdl/rtl/ldl_kernel.sv:362$48_ADDR[3:0]$401
    52/224: $2$mem2reg_rd$\S_r$/headless/otolith/hdl/rtl/ldl_kernel.sv:312$47_DATA[63:0]$400
    53/224: $2$mem2reg_rd$\S_r$/headless/otolith/hdl/rtl/ldl_kernel.sv:312$47_ADDR[4:0]$399
    54/224: $2$mem2reg_wr$\D_r$/headless/otolith/hdl/rtl/ldl_kernel.sv:296$46_DATA[63:0]$398
    55/224: $2$mem2reg_wr$\D_r$/headless/otolith/hdl/rtl/ldl_kernel.sv:296$46_ADDR[2:0]$397
    56/224: $2$mem2reg_rd$\S_r$/headless/otolith/hdl/rtl/ldl_kernel.sv:272$45_DATA[63:0]$396
    57/224: $2$mem2reg_rd$\S_r$/headless/otolith/hdl/rtl/ldl_kernel.sv:272$45_ADDR[4:0]$395
    58/224: $2$mem2reg_wr$\X_r$/headless/otolith/hdl/rtl/ldl_kernel.sv:250$44_DATA[63:0]$394
    59/224: $2$mem2reg_wr$\X_r$/headless/otolith/hdl/rtl/ldl_kernel.sv:250$44_ADDR[2:0]$393
    60/224: $2$mem2reg_wr$\B_r$/headless/otolith/hdl/rtl/ldl_kernel.sv:247$43_DATA[63:0]$392
    61/224: $2$mem2reg_wr$\B_r$/headless/otolith/hdl/rtl/ldl_kernel.sv:247$43_ADDR[2:0]$391
    62/224: $2$mem2reg_wr$\S_r$/headless/otolith/hdl/rtl/ldl_kernel.sv:245$42_DATA[63:0]$390
    63/224: $2$mem2reg_wr$\S_r$/headless/otolith/hdl/rtl/ldl_kernel.sv:245$42_ADDR[4:0]$389
    64/224: $2\acc_seed48$func$/headless/otolith/hdl/rtl/ldl_kernel.sv:432$29.sx[127:0]$388
    65/224: $2\acc_seed48$func$/headless/otolith/hdl/rtl/ldl_kernel.sv:432$29.x[63:0]$387
    66/224: $2\acc_seed48$func$/headless/otolith/hdl/rtl/ldl_kernel.sv:432$29.$result[127:0]$386
    67/224: $2\acc_seed48$func$/headless/otolith/hdl/rtl/ldl_kernel.sv:414$28.sx[127:0]$385
    68/224: $2\acc_seed48$func$/headless/otolith/hdl/rtl/ldl_kernel.sv:414$28.x[63:0]$384
    69/224: $2\acc_seed48$func$/headless/otolith/hdl/rtl/ldl_kernel.sv:414$28.$result[127:0]$383
    70/224: $2\acc_seed48$func$/headless/otolith/hdl/rtl/ldl_kernel.sv:391$27.sx[127:0]$382
    71/224: $2\acc_seed48$func$/headless/otolith/hdl/rtl/ldl_kernel.sv:391$27.x[63:0]$381
    72/224: $2\acc_seed48$func$/headless/otolith/hdl/rtl/ldl_kernel.sv:391$27.$result[127:0]$380
    73/224: $2\sl_idx$func$/headless/otolith/hdl/rtl/ldl_kernel.sv:362$26.j[31:0]$379
    74/224: $2\sl_idx$func$/headless/otolith/hdl/rtl/ldl_kernel.sv:362$26.i[31:0]$378
    75/224: $2\sl_idx$func$/headless/otolith/hdl/rtl/ldl_kernel.sv:362$26.$result[31:0]$377
    76/224: $2\acc_seed48$func$/headless/otolith/hdl/rtl/ldl_kernel.sv:312$25.sx[127:0]$376
    77/224: $2\acc_seed48$func$/headless/otolith/hdl/rtl/ldl_kernel.sv:312$25.x[63:0]$375
    78/224: $2\acc_seed48$func$/headless/otolith/hdl/rtl/ldl_kernel.sv:312$25.$result[127:0]$374
    79/224: $2\lt_idx$func$/headless/otolith/hdl/rtl/ldl_kernel.sv:312$24.j[31:0]$373
    80/224: $2\lt_idx$func$/headless/otolith/hdl/rtl/ldl_kernel.sv:312$24.i[31:0]$372
    81/224: $2\lt_idx$func$/headless/otolith/hdl/rtl/ldl_kernel.sv:312$24.$result[31:0]$371
    82/224: $2\acc_seed48$func$/headless/otolith/hdl/rtl/ldl_kernel.sv:272$23.sx[127:0]$370
    83/224: $2\acc_seed48$func$/headless/otolith/hdl/rtl/ldl_kernel.sv:272$23.x[63:0]$369
    84/224: $2\acc_seed48$func$/headless/otolith/hdl/rtl/ldl_kernel.sv:272$23.$result[127:0]$368
    85/224: $2\lt_idx$func$/headless/otolith/hdl/rtl/ldl_kernel.sv:272$22.j[31:0]$367
    86/224: $2\lt_idx$func$/headless/otolith/hdl/rtl/ldl_kernel.sv:272$22.i[31:0]$366
    87/224: $2\lt_idx$func$/headless/otolith/hdl/rtl/ldl_kernel.sv:272$22.$result[31:0]$365
    88/224: $2\acc_seed48$func$/headless/otolith/hdl/rtl/ldl_kernel.sv:254$21.sx[127:0]$364
    89/224: $2\acc_seed48$func$/headless/otolith/hdl/rtl/ldl_kernel.sv:254$21.x[63:0]$363
    90/224: $2\acc_seed48$func$/headless/otolith/hdl/rtl/ldl_kernel.sv:254$21.$result[127:0]$362
    91/224: $0\sat[0:0]
    92/224: $1$mem2reg_wr$\X_r$/headless/otolith/hdl/rtl/ldl_kernel.sv:439$54_DATA[63:0]$361
    93/224: $1$mem2reg_wr$\X_r$/headless/otolith/hdl/rtl/ldl_kernel.sv:439$54_ADDR[2:0]$360
    94/224: $1$mem2reg_rd$\X_r$/headless/otolith/hdl/rtl/ldl_kernel.sv:432$53_DATA[63:0]$359
    95/224: $1$mem2reg_rd$\X_r$/headless/otolith/hdl/rtl/ldl_kernel.sv:432$53_ADDR[2:0]$358
    96/224: $1$mem2reg_rd$\X_r$/headless/otolith/hdl/rtl/ldl_kernel.sv:422$52_DATA[63:0]$357
    97/224: $1$mem2reg_rd$\X_r$/headless/otolith/hdl/rtl/ldl_kernel.sv:422$52_ADDR[2:0]$356
    98/224: $1$mem2reg_rd$\B_r$/headless/otolith/hdl/rtl/ldl_kernel.sv:414$51_DATA[63:0]$355
    99/224: $1$mem2reg_rd$\B_r$/headless/otolith/hdl/rtl/ldl_kernel.sv:414$51_ADDR[2:0]$354
   100/224: $1$mem2reg_wr$\X_r$/headless/otolith/hdl/rtl/ldl_kernel.sv:411$50_DATA[63:0]$353
   101/224: $1$mem2reg_wr$\X_r$/headless/otolith/hdl/rtl/ldl_kernel.sv:411$50_ADDR[2:0]$352
   102/224: $1$mem2reg_wr$\X_r$/headless/otolith/hdl/rtl/ldl_kernel.sv:377$49_DATA[63:0]$351
   103/224: $1$mem2reg_wr$\X_r$/headless/otolith/hdl/rtl/ldl_kernel.sv:377$49_ADDR[2:0]$350
   104/224: $1$mem2reg_wr$\L_r$/headless/otolith/hdl/rtl/ldl_kernel.sv:362$48_DATA[63:0]$349
   105/224: $1$mem2reg_wr$\L_r$/headless/otolith/hdl/rtl/ldl_kernel.sv:362$48_ADDR[3:0]$348
   106/224: $1$mem2reg_rd$\S_r$/headless/otolith/hdl/rtl/ldl_kernel.sv:312$47_DATA[63:0]$347
   107/224: $1$mem2reg_rd$\S_r$/headless/otolith/hdl/rtl/ldl_kernel.sv:312$47_ADDR[4:0]$346
   108/224: $1$mem2reg_wr$\D_r$/headless/otolith/hdl/rtl/ldl_kernel.sv:296$46_DATA[63:0]$345
   109/224: $1$mem2reg_wr$\D_r$/headless/otolith/hdl/rtl/ldl_kernel.sv:296$46_ADDR[2:0]$344
   110/224: $1$mem2reg_rd$\S_r$/headless/otolith/hdl/rtl/ldl_kernel.sv:272$45_DATA[63:0]$343
   111/224: $1$mem2reg_rd$\S_r$/headless/otolith/hdl/rtl/ldl_kernel.sv:272$45_ADDR[4:0]$342
   112/224: $1$mem2reg_wr$\X_r$/headless/otolith/hdl/rtl/ldl_kernel.sv:250$44_DATA[63:0]$341
   113/224: $1$mem2reg_wr$\X_r$/headless/otolith/hdl/rtl/ldl_kernel.sv:250$44_ADDR[2:0]$340
   114/224: $1$mem2reg_wr$\B_r$/headless/otolith/hdl/rtl/ldl_kernel.sv:247$43_DATA[63:0]$339
   115/224: $1$mem2reg_wr$\B_r$/headless/otolith/hdl/rtl/ldl_kernel.sv:247$43_ADDR[2:0]$338
   116/224: $1$mem2reg_wr$\S_r$/headless/otolith/hdl/rtl/ldl_kernel.sv:245$42_DATA[63:0]$337
   117/224: $1$mem2reg_wr$\S_r$/headless/otolith/hdl/rtl/ldl_kernel.sv:245$42_ADDR[4:0]$336
   118/224: $1\acc_seed48$func$/headless/otolith/hdl/rtl/ldl_kernel.sv:432$29.sx[127:0]$335
   119/224: $1\acc_seed48$func$/headless/otolith/hdl/rtl/ldl_kernel.sv:432$29.x[63:0]$334
   120/224: $1\acc_seed48$func$/headless/otolith/hdl/rtl/ldl_kernel.sv:432$29.$result[127:0]$333
   121/224: $1\acc_seed48$func$/headless/otolith/hdl/rtl/ldl_kernel.sv:414$28.sx[127:0]$332
   122/224: $1\acc_seed48$func$/headless/otolith/hdl/rtl/ldl_kernel.sv:414$28.x[63:0]$331
   123/224: $1\acc_seed48$func$/headless/otolith/hdl/rtl/ldl_kernel.sv:414$28.$result[127:0]$330
   124/224: $1\acc_seed48$func$/headless/otolith/hdl/rtl/ldl_kernel.sv:391$27.sx[127:0]$329
   125/224: $1\acc_seed48$func$/headless/otolith/hdl/rtl/ldl_kernel.sv:391$27.x[63:0]$328
   126/224: $1\acc_seed48$func$/headless/otolith/hdl/rtl/ldl_kernel.sv:391$27.$result[127:0]$327
   127/224: $1\sl_idx$func$/headless/otolith/hdl/rtl/ldl_kernel.sv:362$26.j[31:0]$326
   128/224: $1\sl_idx$func$/headless/otolith/hdl/rtl/ldl_kernel.sv:362$26.i[31:0]$325
   129/224: $1\sl_idx$func$/headless/otolith/hdl/rtl/ldl_kernel.sv:362$26.$result[31:0]$324
   130/224: $1\acc_seed48$func$/headless/otolith/hdl/rtl/ldl_kernel.sv:312$25.sx[127:0]$323
   131/224: $1\acc_seed48$func$/headless/otolith/hdl/rtl/ldl_kernel.sv:312$25.x[63:0]$322
   132/224: $1\acc_seed48$func$/headless/otolith/hdl/rtl/ldl_kernel.sv:312$25.$result[127:0]$321
   133/224: $1\lt_idx$func$/headless/otolith/hdl/rtl/ldl_kernel.sv:312$24.j[31:0]$320
   134/224: $1\lt_idx$func$/headless/otolith/hdl/rtl/ldl_kernel.sv:312$24.i[31:0]$319
   135/224: $1\lt_idx$func$/headless/otolith/hdl/rtl/ldl_kernel.sv:312$24.$result[31:0]$318
   136/224: $1\acc_seed48$func$/headless/otolith/hdl/rtl/ldl_kernel.sv:272$23.sx[127:0]$317
   137/224: $1\acc_seed48$func$/headless/otolith/hdl/rtl/ldl_kernel.sv:272$23.x[63:0]$316
   138/224: $1\acc_seed48$func$/headless/otolith/hdl/rtl/ldl_kernel.sv:272$23.$result[127:0]$315
   139/224: $1\lt_idx$func$/headless/otolith/hdl/rtl/ldl_kernel.sv:272$22.j[31:0]$314
   140/224: $1\lt_idx$func$/headless/otolith/hdl/rtl/ldl_kernel.sv:272$22.i[31:0]$313
   141/224: $1\lt_idx$func$/headless/otolith/hdl/rtl/ldl_kernel.sv:272$22.$result[31:0]$312
   142/224: $1\acc_seed48$func$/headless/otolith/hdl/rtl/ldl_kernel.sv:254$21.sx[127:0]$311
   143/224: $1\acc_seed48$func$/headless/otolith/hdl/rtl/ldl_kernel.sv:254$21.x[63:0]$310
   144/224: $1\acc_seed48$func$/headless/otolith/hdl/rtl/ldl_kernel.sv:254$21.$result[127:0]$309
   145/224: $0\sat_r[0:0]
   146/224: $0\L_r[14][63:0]
   147/224: $0\L_r[13][63:0]
   148/224: $0\L_r[12][63:0]
   149/224: $0\L_r[11][63:0]
   150/224: $0\L_r[10][63:0]
   151/224: $0\L_r[9][63:0]
   152/224: $0\L_r[8][63:0]
   153/224: $0\L_r[7][63:0]
   154/224: $0\L_r[6][63:0]
   155/224: $0\L_r[5][63:0]
   156/224: $0\L_r[4][63:0]
   157/224: $0\L_r[3][63:0]
   158/224: $0\L_r[2][63:0]
   159/224: $0\L_r[1][63:0]
   160/224: $0\L_r[0][63:0]
   161/224: $0\D_r[5][63:0]
   162/224: $0\D_r[4][63:0]
   163/224: $0\D_r[3][63:0]
   164/224: $0\D_r[2][63:0]
   165/224: $0\D_r[1][63:0]
   166/224: $0\D_r[0][63:0]
   167/224: $0\X_r[5][63:0]
   168/224: $0\X_r[4][63:0]
   169/224: $0\X_r[3][63:0]
   170/224: $0\X_r[2][63:0]
   171/224: $0\X_r[1][63:0]
   172/224: $0\X_r[0][63:0]
   173/224: $0\B_r[5][63:0]
   174/224: $0\B_r[4][63:0]
   175/224: $0\B_r[3][63:0]
   176/224: $0\B_r[2][63:0]
   177/224: $0\B_r[1][63:0]
   178/224: $0\B_r[0][63:0]
   179/224: $0\S_r[20][63:0]
   180/224: $0\S_r[19][63:0]
   181/224: $0\S_r[18][63:0]
   182/224: $0\S_r[17][63:0]
   183/224: $0\S_r[16][63:0]
   184/224: $0\S_r[15][63:0]
   185/224: $0\S_r[14][63:0]
   186/224: $0\S_r[13][63:0]
   187/224: $0\S_r[12][63:0]
   188/224: $0\S_r[11][63:0]
   189/224: $0\S_r[10][63:0]
   190/224: $0\S_r[9][63:0]
   191/224: $0\S_r[8][63:0]
   192/224: $0\S_r[7][63:0]
   193/224: $0\S_r[6][63:0]
   194/224: $0\S_r[5][63:0]
   195/224: $0\S_r[4][63:0]
   196/224: $0\S_r[3][63:0]
   197/224: $0\S_r[2][63:0]
   198/224: $0\S_r[1][63:0]
   199/224: $0\S_r[0][63:0]
   200/224: $0\p1[64:0]
   201/224: $0\e_r[63:0]
   202/224: $0\mr_r[63:0]
   203/224: $0\lt_r[63:0]
   204/224: $0\r_r[63:0]
   205/224: $0\m_r[63:0]
   206/224: $0\recip[63:0]
   207/224: $0\num[63:0]
   208/224: $0\acc[127:0]
   209/224: $0\absd[63:0]
   210/224: $0\div_sel[0:0]
   211/224: $0\div_ld[0:0]
   212/224: $0\kk[31:0]
   213/224: $0\nb[31:0]
   214/224: $0\rj[31:0]
   215/224: $0\ri[31:0]
   216/224: $0\ii[31:0]
   217/224: $0\jj[31:0]
   218/224: $0\ld_i[31:0]
   219/224: $0\st[4:0]
   220/224: $0\pd[0:0]
   221/224: $0\done[0:0]
   222/224: $0\busy[0:0]
   223/224: $0\out_valid[0:0]
   224/224: $0\it[31:0]
Creating decoders for process `\ldl_kernel.$proc$/headless/otolith/hdl/rtl/ldl_kernel.sv:211$228'.
     1/12: $6\ld_col[31:0]
     2/12: $6\ld_row[31:0]
     3/12: $5\ld_col[31:0]
     4/12: $5\ld_row[31:0]
     5/12: $4\ld_col[31:0]
     6/12: $4\ld_row[31:0]
     7/12: $3\ld_col[31:0]
     8/12: $3\ld_row[31:0]
     9/12: $2\ld_col[31:0]
    10/12: $2\ld_row[31:0]
    11/12: $1\ld_col[31:0]
    12/12: $1\ld_row[31:0]
Creating decoders for process `\ldl_kernel.$proc$/headless/otolith/hdl/rtl/ldl_kernel.sv:185$152'.
     1/35: $2$mem2reg_rd$\X_r$/headless/otolith/hdl/rtl/ldl_kernel.sv:197$41_DATA[63:0]$227
     2/35: $2$mem2reg_rd$\L_r$/headless/otolith/hdl/rtl/ldl_kernel.sv:197$40_DATA[63:0]$226
     3/35: $2$mem2reg_rd$\X_r$/headless/otolith/hdl/rtl/ldl_kernel.sv:196$39_DATA[63:0]$221
     4/35: $2$mem2reg_rd$\L_r$/headless/otolith/hdl/rtl/ldl_kernel.sv:196$38_DATA[63:0]$220
     5/35: $2$mem2reg_rd$\L_r$/headless/otolith/hdl/rtl/ldl_kernel.sv:191$37_DATA[63:0]$215
     6/35: $2$mem2reg_rd$\D_r$/headless/otolith/hdl/rtl/ldl_kernel.sv:187$36_DATA[63:0]$210
     7/35: $2$mem2reg_rd$\L_r$/headless/otolith/hdl/rtl/ldl_kernel.sv:187$35_DATA[63:0]$209
     8/35: $1\mul_b[63:0]
     9/35: $1$mem2reg_rd$\D_r$/headless/otolith/hdl/rtl/ldl_kernel.sv:187$36_DATA[63:0]$194
    10/35: $1$mem2reg_rd$\D_r$/headless/otolith/hdl/rtl/ldl_kernel.sv:187$36_ADDR[2:0]$193
    11/35: $1\mul_a[63:0]
    12/35: $1$mem2reg_rd$\L_r$/headless/otolith/hdl/rtl/ldl_kernel.sv:187$35_DATA[63:0]$192
    13/35: $1$mem2reg_rd$\L_r$/headless/otolith/hdl/rtl/ldl_kernel.sv:187$35_ADDR[3:0]$191
    14/35: $1\sl_idx$func$/headless/otolith/hdl/rtl/ldl_kernel.sv:187$15.$result[31:0]$179
    15/35: $1\sl_idx$func$/headless/otolith/hdl/rtl/ldl_kernel.sv:187$15.j[31:0]$181
    16/35: $1\sl_idx$func$/headless/otolith/hdl/rtl/ldl_kernel.sv:187$15.i[31:0]$180
    17/35: $1$mem2reg_rd$\X_r$/headless/otolith/hdl/rtl/ldl_kernel.sv:197$41_DATA[63:0]$204
    18/35: $1$mem2reg_rd$\X_r$/headless/otolith/hdl/rtl/ldl_kernel.sv:197$41_ADDR[2:0]$203
    19/35: $1$mem2reg_rd$\L_r$/headless/otolith/hdl/rtl/ldl_kernel.sv:197$40_DATA[63:0]$202
    20/35: $1$mem2reg_rd$\L_r$/headless/otolith/hdl/rtl/ldl_kernel.sv:197$40_ADDR[3:0]$201
    21/35: $1$mem2reg_rd$\X_r$/headless/otolith/hdl/rtl/ldl_kernel.sv:196$39_DATA[63:0]$200
    22/35: $1$mem2reg_rd$\X_r$/headless/otolith/hdl/rtl/ldl_kernel.sv:196$39_ADDR[2:0]$199
    23/35: $1$mem2reg_rd$\L_r$/headless/otolith/hdl/rtl/ldl_kernel.sv:196$38_DATA[63:0]$198
    24/35: $1$mem2reg_rd$\L_r$/headless/otolith/hdl/rtl/ldl_kernel.sv:196$38_ADDR[3:0]$197
    25/35: $1$mem2reg_rd$\L_r$/headless/otolith/hdl/rtl/ldl_kernel.sv:191$37_DATA[63:0]$196
    26/35: $1$mem2reg_rd$\L_r$/headless/otolith/hdl/rtl/ldl_kernel.sv:191$37_ADDR[3:0]$195
    27/35: $1\sl_idx$func$/headless/otolith/hdl/rtl/ldl_kernel.sv:197$18.j[31:0]$190
    28/35: $1\sl_idx$func$/headless/otolith/hdl/rtl/ldl_kernel.sv:197$18.i[31:0]$189
    29/35: $1\sl_idx$func$/headless/otolith/hdl/rtl/ldl_kernel.sv:197$18.$result[31:0]$188
    30/35: $1\sl_idx$func$/headless/otolith/hdl/rtl/ldl_kernel.sv:196$17.j[31:0]$187
    31/35: $1\sl_idx$func$/headless/otolith/hdl/rtl/ldl_kernel.sv:196$17.i[31:0]$186
    32/35: $1\sl_idx$func$/headless/otolith/hdl/rtl/ldl_kernel.sv:196$17.$result[31:0]$185
    33/35: $1\sl_idx$func$/headless/otolith/hdl/rtl/ldl_kernel.sv:191$16.j[31:0]$184
    34/35: $1\sl_idx$func$/headless/otolith/hdl/rtl/ldl_kernel.sv:191$16.i[31:0]$183
    35/35: $1\sl_idx$func$/headless/otolith/hdl/rtl/ldl_kernel.sv:191$16.$result[31:0]$182
Creating decoders for process `\ldl_kernel.$proc$/headless/otolith/hdl/rtl/ldl_kernel.sv:167$146'.
     1/4: $2\rs_sat[0:0]
     2/4: $2\rs_h[63:0]
     3/4: $1\rs_sat[0:0]
     4/4: $1\rs_h[63:0]
Creating decoders for process `\ldl_kernel.$proc$/headless/otolith/hdl/rtl/ldl_kernel.sv:131$58'.
     1/66: $64\fixed_pkg::s_clz64$func$/headless/otolith/hdl/rtl/ldl_kernel.sv:134$12.$result[6:0]$136
     2/66: $63\fixed_pkg::s_clz64$func$/headless/otolith/hdl/rtl/ldl_kernel.sv:134$12.$result[6:0]$135
     3/66: $62\fixed_pkg::s_clz64$func$/headless/otolith/hdl/rtl/ldl_kernel.sv:134$12.$result[6:0]$134
     4/66: $61\fixed_pkg::s_clz64$func$/headless/otolith/hdl/rtl/ldl_kernel.sv:134$12.$result[6:0]$133
     5/66: $60\fixed_pkg::s_clz64$func$/headless/otolith/hdl/rtl/ldl_kernel.sv:134$12.$result[6:0]$132
     6/66: $59\fixed_pkg::s_clz64$func$/headless/otolith/hdl/rtl/ldl_kernel.sv:134$12.$result[6:0]$131
     7/66: $58\fixed_pkg::s_clz64$func$/headless/otolith/hdl/rtl/ldl_kernel.sv:134$12.$result[6:0]$130
     8/66: $57\fixed_pkg::s_clz64$func$/headless/otolith/hdl/rtl/ldl_kernel.sv:134$12.$result[6:0]$129
     9/66: $56\fixed_pkg::s_clz64$func$/headless/otolith/hdl/rtl/ldl_kernel.sv:134$12.$result[6:0]$128
    10/66: $55\fixed_pkg::s_clz64$func$/headless/otolith/hdl/rtl/ldl_kernel.sv:134$12.$result[6:0]$127
    11/66: $54\fixed_pkg::s_clz64$func$/headless/otolith/hdl/rtl/ldl_kernel.sv:134$12.$result[6:0]$126
    12/66: $53\fixed_pkg::s_clz64$func$/headless/otolith/hdl/rtl/ldl_kernel.sv:134$12.$result[6:0]$125
    13/66: $52\fixed_pkg::s_clz64$func$/headless/otolith/hdl/rtl/ldl_kernel.sv:134$12.$result[6:0]$124
    14/66: $51\fixed_pkg::s_clz64$func$/headless/otolith/hdl/rtl/ldl_kernel.sv:134$12.$result[6:0]$123
    15/66: $50\fixed_pkg::s_clz64$func$/headless/otolith/hdl/rtl/ldl_kernel.sv:134$12.$result[6:0]$122
    16/66: $49\fixed_pkg::s_clz64$func$/headless/otolith/hdl/rtl/ldl_kernel.sv:134$12.$result[6:0]$121
    17/66: $48\fixed_pkg::s_clz64$func$/headless/otolith/hdl/rtl/ldl_kernel.sv:134$12.$result[6:0]$120
    18/66: $47\fixed_pkg::s_clz64$func$/headless/otolith/hdl/rtl/ldl_kernel.sv:134$12.$result[6:0]$119
    19/66: $46\fixed_pkg::s_clz64$func$/headless/otolith/hdl/rtl/ldl_kernel.sv:134$12.$result[6:0]$118
    20/66: $45\fixed_pkg::s_clz64$func$/headless/otolith/hdl/rtl/ldl_kernel.sv:134$12.$result[6:0]$117
    21/66: $44\fixed_pkg::s_clz64$func$/headless/otolith/hdl/rtl/ldl_kernel.sv:134$12.$result[6:0]$116
    22/66: $43\fixed_pkg::s_clz64$func$/headless/otolith/hdl/rtl/ldl_kernel.sv:134$12.$result[6:0]$115
    23/66: $42\fixed_pkg::s_clz64$func$/headless/otolith/hdl/rtl/ldl_kernel.sv:134$12.$result[6:0]$114
    24/66: $41\fixed_pkg::s_clz64$func$/headless/otolith/hdl/rtl/ldl_kernel.sv:134$12.$result[6:0]$113
    25/66: $40\fixed_pkg::s_clz64$func$/headless/otolith/hdl/rtl/ldl_kernel.sv:134$12.$result[6:0]$112
    26/66: $39\fixed_pkg::s_clz64$func$/headless/otolith/hdl/rtl/ldl_kernel.sv:134$12.$result[6:0]$111
    27/66: $38\fixed_pkg::s_clz64$func$/headless/otolith/hdl/rtl/ldl_kernel.sv:134$12.$result[6:0]$110
    28/66: $37\fixed_pkg::s_clz64$func$/headless/otolith/hdl/rtl/ldl_kernel.sv:134$12.$result[6:0]$109
    29/66: $36\fixed_pkg::s_clz64$func$/headless/otolith/hdl/rtl/ldl_kernel.sv:134$12.$result[6:0]$108
    30/66: $35\fixed_pkg::s_clz64$func$/headless/otolith/hdl/rtl/ldl_kernel.sv:134$12.$result[6:0]$107
    31/66: $34\fixed_pkg::s_clz64$func$/headless/otolith/hdl/rtl/ldl_kernel.sv:134$12.$result[6:0]$106
    32/66: $33\fixed_pkg::s_clz64$func$/headless/otolith/hdl/rtl/ldl_kernel.sv:134$12.$result[6:0]$105
    33/66: $32\fixed_pkg::s_clz64$func$/headless/otolith/hdl/rtl/ldl_kernel.sv:134$12.$result[6:0]$104
    34/66: $31\fixed_pkg::s_clz64$func$/headless/otolith/hdl/rtl/ldl_kernel.sv:134$12.$result[6:0]$103
    35/66: $30\fixed_pkg::s_clz64$func$/headless/otolith/hdl/rtl/ldl_kernel.sv:134$12.$result[6:0]$102
    36/66: $29\fixed_pkg::s_clz64$func$/headless/otolith/hdl/rtl/ldl_kernel.sv:134$12.$result[6:0]$101
    37/66: $28\fixed_pkg::s_clz64$func$/headless/otolith/hdl/rtl/ldl_kernel.sv:134$12.$result[6:0]$100
    38/66: $27\fixed_pkg::s_clz64$func$/headless/otolith/hdl/rtl/ldl_kernel.sv:134$12.$result[6:0]$99
    39/66: $26\fixed_pkg::s_clz64$func$/headless/otolith/hdl/rtl/ldl_kernel.sv:134$12.$result[6:0]$98
    40/66: $25\fixed_pkg::s_clz64$func$/headless/otolith/hdl/rtl/ldl_kernel.sv:134$12.$result[6:0]$97
    41/66: $24\fixed_pkg::s_clz64$func$/headless/otolith/hdl/rtl/ldl_kernel.sv:134$12.$result[6:0]$96
    42/66: $23\fixed_pkg::s_clz64$func$/headless/otolith/hdl/rtl/ldl_kernel.sv:134$12.$result[6:0]$95
    43/66: $22\fixed_pkg::s_clz64$func$/headless/otolith/hdl/rtl/ldl_kernel.sv:134$12.$result[6:0]$94
    44/66: $21\fixed_pkg::s_clz64$func$/headless/otolith/hdl/rtl/ldl_kernel.sv:134$12.$result[6:0]$93
    45/66: $20\fixed_pkg::s_clz64$func$/headless/otolith/hdl/rtl/ldl_kernel.sv:134$12.$result[6:0]$92
    46/66: $19\fixed_pkg::s_clz64$func$/headless/otolith/hdl/rtl/ldl_kernel.sv:134$12.$result[6:0]$91
    47/66: $18\fixed_pkg::s_clz64$func$/headless/otolith/hdl/rtl/ldl_kernel.sv:134$12.$result[6:0]$90
    48/66: $17\fixed_pkg::s_clz64$func$/headless/otolith/hdl/rtl/ldl_kernel.sv:134$12.$result[6:0]$89
    49/66: $16\fixed_pkg::s_clz64$func$/headless/otolith/hdl/rtl/ldl_kernel.sv:134$12.$result[6:0]$88
    50/66: $15\fixed_pkg::s_clz64$func$/headless/otolith/hdl/rtl/ldl_kernel.sv:134$12.$result[6:0]$87
    51/66: $14\fixed_pkg::s_clz64$func$/headless/otolith/hdl/rtl/ldl_kernel.sv:134$12.$result[6:0]$86
    52/66: $13\fixed_pkg::s_clz64$func$/headless/otolith/hdl/rtl/ldl_kernel.sv:134$12.$result[6:0]$85
    53/66: $12\fixed_pkg::s_clz64$func$/headless/otolith/hdl/rtl/ldl_kernel.sv:134$12.$result[6:0]$84
    54/66: $11\fixed_pkg::s_clz64$func$/headless/otolith/hdl/rtl/ldl_kernel.sv:134$12.$result[6:0]$83
    55/66: $10\fixed_pkg::s_clz64$func$/headless/otolith/hdl/rtl/ldl_kernel.sv:134$12.$result[6:0]$82
    56/66: $9\fixed_pkg::s_clz64$func$/headless/otolith/hdl/rtl/ldl_kernel.sv:134$12.$result[6:0]$81
    57/66: $8\fixed_pkg::s_clz64$func$/headless/otolith/hdl/rtl/ldl_kernel.sv:134$12.$result[6:0]$80
    58/66: $7\fixed_pkg::s_clz64$func$/headless/otolith/hdl/rtl/ldl_kernel.sv:134$12.$result[6:0]$79
    59/66: $6\fixed_pkg::s_clz64$func$/headless/otolith/hdl/rtl/ldl_kernel.sv:134$12.$result[6:0]$78
    60/66: $5\fixed_pkg::s_clz64$func$/headless/otolith/hdl/rtl/ldl_kernel.sv:134$12.$result[6:0]$77
    61/66: $4\fixed_pkg::s_clz64$func$/headless/otolith/hdl/rtl/ldl_kernel.sv:134$12.$result[6:0]$76
    62/66: $3\fixed_pkg::s_clz64$func$/headless/otolith/hdl/rtl/ldl_kernel.sv:134$12.$result[6:0]$75
    63/66: $2\fixed_pkg::s_clz64$func$/headless/otolith/hdl/rtl/ldl_kernel.sv:134$12.$result[6:0]$74
    64/66: $1\fixed_pkg::s_clz64$func$/headless/otolith/hdl/rtl/ldl_kernel.sv:134$12.$result[6:0]$73
    65/66: $1$mem2reg_rd$\D_r$/headless/otolith/hdl/rtl/ldl_kernel.sv:132$34_DATA[63:0]$67
    66/66: $1$mem2reg_rd$\D_r$/headless/otolith/hdl/rtl/ldl_kernel.sv:132$33_DATA[63:0]$66

23. Executing PROC_DLATCH pass (convert process syncs to latches).
No latch inferred for signal `\ldl_kernel.\fixed_pkg::s_narrow96to48$func$/headless/otolith/hdl/rtl/ldl_kernel.sv:207$19.$result' from process `\ldl_kernel.$proc$/headless/otolith/hdl/rtl/ldl_kernel.sv:207$584'.
No latch inferred for signal `\ldl_kernel.\fixed_pkg::s_narrow96to48$func$/headless/otolith/hdl/rtl/ldl_kernel.sv:163$14.$result' from process `\ldl_kernel.$proc$/headless/otolith/hdl/rtl/ldl_kernel.sv:163$565'.
No latch inferred for signal `\ldl_kernel.\fixed_pkg::s_psub48$func$/headless/otolith/hdl/rtl/ldl_kernel.sv:157$13.$result' from process `\ldl_kernel.$proc$/headless/otolith/hdl/rtl/ldl_kernel.sv:157$550'.
No latch inferred for signal `\ldl_kernel.\out_data' from process `\ldl_kernel.$proc$/headless/otolith/hdl/rtl/ldl_kernel.sv:483$526'.
No latch inferred for signal `\ldl_kernel.\ld_row' from process `\ldl_kernel.$proc$/headless/otolith/hdl/rtl/ldl_kernel.sv:211$228'.
No latch inferred for signal `\ldl_kernel.\ld_col' from process `\ldl_kernel.$proc$/headless/otolith/hdl/rtl/ldl_kernel.sv:211$228'.
No latch inferred for signal `\ldl_kernel.\mul_a' from process `\ldl_kernel.$proc$/headless/otolith/hdl/rtl/ldl_kernel.sv:185$152'.
No latch inferred for signal `\ldl_kernel.\mul_b' from process `\ldl_kernel.$proc$/headless/otolith/hdl/rtl/ldl_kernel.sv:185$152'.
No latch inferred for signal `\ldl_kernel.\rs_h' from process `\ldl_kernel.$proc$/headless/otolith/hdl/rtl/ldl_kernel.sv:167$146'.
No latch inferred for signal `\ldl_kernel.\rs_sat' from process `\ldl_kernel.$proc$/headless/otolith/hdl/rtl/ldl_kernel.sv:167$146'.
No latch inferred for signal `\ldl_kernel.\dv_abs' from process `\ldl_kernel.$proc$/headless/otolith/hdl/rtl/ldl_kernel.sv:131$58'.
No latch inferred for signal `\ldl_kernel.\dv_clz' from process `\ldl_kernel.$proc$/headless/otolith/hdl/rtl/ldl_kernel.sv:131$58'.
No latch inferred for signal `\ldl_kernel.\dv_sh' from process `\ldl_kernel.$proc$/headless/otolith/hdl/rtl/ldl_kernel.sv:131$58'.
No latch inferred for signal `\ldl_kernel.\dv_shn' from process `\ldl_kernel.$proc$/headless/otolith/hdl/rtl/ldl_kernel.sv:131$58'.
No latch inferred for signal `\ldl_kernel.\dv_amt' from process `\ldl_kernel.$proc$/headless/otolith/hdl/rtl/ldl_kernel.sv:131$58'.
No latch inferred for signal `\ldl_kernel.\dv_m' from process `\ldl_kernel.$proc$/headless/otolith/hdl/rtl/ldl_kernel.sv:131$58'.
No latch inferred for signal `\ldl_kernel.\dv_den' from process `\ldl_kernel.$proc$/headless/otolith/hdl/rtl/ldl_kernel.sv:131$58'.

24. Executing PROC_DFF pass (convert process syncs to FFs).
Creating register for signal `\ldl_kernel.\it' using process `\ldl_kernel.$proc$/headless/otolith/hdl/rtl/ldl_kernel.sv:222$254'.
  created $adff cell `$procdff$5413' with positive edge clock and positive level reset.
Creating register for signal `\ldl_kernel.\out_valid' using process `\ldl_kernel.$proc$/headless/otolith/hdl/rtl/ldl_kernel.sv:222$254'.
  created $adff cell `$procdff$5418' with positive edge clock and positive level reset.
Creating register for signal `\ldl_kernel.\busy' using process `\ldl_kernel.$proc$/headless/otolith/hdl/rtl/ldl_kernel.sv:222$254'.
  created $adff cell `$procdff$5423' with positive edge clock and positive level reset.
Creating register for signal `\ldl_kernel.\done' using process `\ldl_kernel.$proc$/headless/otolith/hdl/rtl/ldl_kernel.sv:222$254'.
  created $adff cell `$procdff$5428' with positive edge clock and positive level reset.
Creating register for signal `\ldl_kernel.\pd' using process `\ldl_kernel.$proc$/headless/otolith/hdl/rtl/ldl_kernel.sv:222$254'.
  created $adff cell `$procdff$5433' with positive edge clock and positive level reset.
Creating register for signal `\ldl_kernel.\sat' using process `\ldl_kernel.$proc$/headless/otolith/hdl/rtl/ldl_kernel.sv:222$254'.
  created $adff cell `$procdff$5438' with positive edge clock and positive level reset.
Creating register for signal `\ldl_kernel.\st' using process `\ldl_kernel.$proc$/headless/otolith/hdl/rtl/ldl_kernel.sv:222$254'.
  created $adff cell `$procdff$5443' with positive edge clock and positive level reset.
Creating register for signal `\ldl_kernel.\ld_i' using process `\ldl_kernel.$proc$/headless/otolith/hdl/rtl/ldl_kernel.sv:222$254'.
  created $adff cell `$procdff$5448' with positive edge clock and positive level reset.
Creating register for signal `\ldl_kernel.\jj' using process `\ldl_kernel.$proc$/headless/otolith/hdl/rtl/ldl_kernel.sv:222$254'.
  created $adff cell `$procdff$5453' with positive edge clock and positive level reset.
Creating register for signal `\ldl_kernel.\ii' using process `\ldl_kernel.$proc$/headless/otolith/hdl/rtl/ldl_kernel.sv:222$254'.
  created $adff cell `$procdff$5458' with positive edge clock and positive level reset.
Creating register for signal `\ldl_kernel.\ri' using process `\ldl_kernel.$proc$/headless/otolith/hdl/rtl/ldl_kernel.sv:222$254'.
  created $adff cell `$procdff$5463' with positive edge clock and positive level reset.
Creating register for signal `\ldl_kernel.\rj' using process `\ldl_kernel.$proc$/headless/otolith/hdl/rtl/ldl_kernel.sv:222$254'.
  created $adff cell `$procdff$5468' with positive edge clock and positive level reset.
Creating register for signal `\ldl_kernel.\nb' using process `\ldl_kernel.$proc$/headless/otolith/hdl/rtl/ldl_kernel.sv:222$254'.
  created $adff cell `$procdff$5473' with positive edge clock and positive level reset.
Creating register for signal `\ldl_kernel.\kk' using process `\ldl_kernel.$proc$/headless/otolith/hdl/rtl/ldl_kernel.sv:222$254'.
  created $adff cell `$procdff$5478' with positive edge clock and positive level reset.
Creating register for signal `\ldl_kernel.\div_ld' using process `\ldl_kernel.$proc$/headless/otolith/hdl/rtl/ldl_kernel.sv:222$254'.
  created $adff cell `$procdff$5483' with positive edge clock and positive level reset.
Creating register for signal `\ldl_kernel.\div_sel' using process `\ldl_kernel.$proc$/headless/otolith/hdl/rtl/ldl_kernel.sv:222$254'.
  created $adff cell `$procdff$5488' with positive edge clock and positive level reset.
Creating register for signal `\ldl_kernel.\absd' using process `\ldl_kernel.$proc$/headless/otolith/hdl/rtl/ldl_kernel.sv:222$254'.
  created $adff cell `$procdff$5493' with positive edge clock and positive level reset.
Creating register for signal `\ldl_kernel.\acc' using process `\ldl_kernel.$proc$/headless/otolith/hdl/rtl/ldl_kernel.sv:222$254'.
  created $adff cell `$procdff$5498' with positive edge clock and positive level reset.
Creating register for signal `\ldl_kernel.\num' using process `\ldl_kernel.$proc$/headless/otolith/hdl/rtl/ldl_kernel.sv:222$254'.
  created $adff cell `$procdff$5503' with positive edge clock and positive level reset.
Creating register for signal `\ldl_kernel.\recip' using process `\ldl_kernel.$proc$/headless/otolith/hdl/rtl/ldl_kernel.sv:222$254'.
  created $adff cell `$procdff$5508' with positive edge clock and positive level reset.
Creating register for signal `\ldl_kernel.\m_r' using process `\ldl_kernel.$proc$/headless/otolith/hdl/rtl/ldl_kernel.sv:222$254'.
  created $adff cell `$procdff$5513' with positive edge clock and positive level reset.
Creating register for signal `\ldl_kernel.\r_r' using process `\ldl_kernel.$proc$/headless/otolith/hdl/rtl/ldl_kernel.sv:222$254'.
  created $adff cell `$procdff$5518' with positive edge clock and positive level reset.
Creating register for signal `\ldl_kernel.\lt_r' using process `\ldl_kernel.$proc$/headless/otolith/hdl/rtl/ldl_kernel.sv:222$254'.
  created $adff cell `$procdff$5523' with positive edge clock and positive level reset.
Creating register for signal `\ldl_kernel.\mr_r' using process `\ldl_kernel.$proc$/headless/otolith/hdl/rtl/ldl_kernel.sv:222$254'.
  created $adff cell `$procdff$5528' with positive edge clock and positive level reset.
Creating register for signal `\ldl_kernel.\e_r' using process `\ldl_kernel.$proc$/headless/otolith/hdl/rtl/ldl_kernel.sv:222$254'.
  created $adff cell `$procdff$5533' with positive edge clock and positive level reset.
Creating register for signal `\ldl_kernel.\p1' using process `\ldl_kernel.$proc$/headless/otolith/hdl/rtl/ldl_kernel.sv:222$254'.
  created $adff cell `$procdff$5538' with positive edge clock and positive level reset.
Creating register for signal `\ldl_kernel.\sat_r' using process `\ldl_kernel.$proc$/headless/otolith/hdl/rtl/ldl_kernel.sv:222$254'.
  created $adff cell `$procdff$5543' with positive edge clock and positive level reset.
Creating register for signal `\ldl_kernel.\acc_seed48$func$/headless/otolith/hdl/rtl/ldl_kernel.sv:254$21.$result' using process `\ldl_kernel.$proc$/headless/otolith/hdl/rtl/ldl_kernel.sv:222$254'.
  created $adff cell `$procdff$5548' with positive edge clock and positive level reset.
Creating register for signal `\ldl_kernel.\acc_seed48$func$/headless/otolith/hdl/rtl/ldl_kernel.sv:254$21.x' using process `\ldl_kernel.$proc$/headless/otolith/hdl/rtl/ldl_kernel.sv:222$254'.
  created $adff cell `$procdff$5553' with positive edge clock and positive level reset.
Creating register for signal `\ldl_kernel.\acc_seed48$func$/headless/otolith/hdl/rtl/ldl_kernel.sv:254$21.sx' using process `\ldl_kernel.$proc$/headless/otolith/hdl/rtl/ldl_kernel.sv:222$254'.
  created $adff cell `$procdff$5558' with positive edge clock and positive level reset.
Creating register for signal `\ldl_kernel.\lt_idx$func$/headless/otolith/hdl/rtl/ldl_kernel.sv:272$22.$result' using process `\ldl_kernel.$proc$/headless/otolith/hdl/rtl/ldl_kernel.sv:222$254'.
  created $adff cell `$procdff$5563' with positive edge clock and positive level reset.
Creating register for signal `\ldl_kernel.\lt_idx$func$/headless/otolith/hdl/rtl/ldl_kernel.sv:272$22.i' using process `\ldl_kernel.$proc$/headless/otolith/hdl/rtl/ldl_kernel.sv:222$254'.
  created $adff cell `$procdff$5568' with positive edge clock and positive level reset.
Creating register for signal `\ldl_kernel.\lt_idx$func$/headless/otolith/hdl/rtl/ldl_kernel.sv:272$22.j' using process `\ldl_kernel.$proc$/headless/otolith/hdl/rtl/ldl_kernel.sv:222$254'.
  created $adff cell `$procdff$5573' with positive edge clock and positive level reset.
Creating register for signal `\ldl_kernel.\acc_seed48$func$/headless/otolith/hdl/rtl/ldl_kernel.sv:272$23.$result' using process `\ldl_kernel.$proc$/headless/otolith/hdl/rtl/ldl_kernel.sv:222$254'.
  created $adff cell `$procdff$5578' with positive edge clock and positive level reset.
Creating register for signal `\ldl_kernel.\acc_seed48$func$/headless/otolith/hdl/rtl/ldl_kernel.sv:272$23.x' using process `\ldl_kernel.$proc$/headless/otolith/hdl/rtl/ldl_kernel.sv:222$254'.
  created $adff cell `$procdff$5583' with positive edge clock and positive level reset.
Creating register for signal `\ldl_kernel.\acc_seed48$func$/headless/otolith/hdl/rtl/ldl_kernel.sv:272$23.sx' using process `\ldl_kernel.$proc$/headless/otolith/hdl/rtl/ldl_kernel.sv:222$254'.
  created $adff cell `$procdff$5588' with positive edge clock and positive level reset.
Creating register for signal `\ldl_kernel.\lt_idx$func$/headless/otolith/hdl/rtl/ldl_kernel.sv:312$24.$result' using process `\ldl_kernel.$proc$/headless/otolith/hdl/rtl/ldl_kernel.sv:222$254'.
  created $adff cell `$procdff$5593' with positive edge clock and positive level reset.
Creating register for signal `\ldl_kernel.\lt_idx$func$/headless/otolith/hdl/rtl/ldl_kernel.sv:312$24.i' using process `\ldl_kernel.$proc$/headless/otolith/hdl/rtl/ldl_kernel.sv:222$254'.
  created $adff cell `$procdff$5598' with positive edge clock and positive level reset.
Creating register for signal `\ldl_kernel.\lt_idx$func$/headless/otolith/hdl/rtl/ldl_kernel.sv:312$24.j' using process `\ldl_kernel.$proc$/headless/otolith/hdl/rtl/ldl_kernel.sv:222$254'.
  created $adff cell `$procdff$5603' with positive edge clock and positive level reset.
Creating register for signal `\ldl_kernel.\acc_seed48$func$/headless/otolith/hdl/rtl/ldl_kernel.sv:312$25.$result' using process `\ldl_kernel.$proc$/headless/otolith/hdl/rtl/ldl_kernel.sv:222$254'.
  created $adff cell `$procdff$5608' with positive edge clock and positive level reset.
Creating register for signal `\ldl_kernel.\acc_seed48$func$/headless/otolith/hdl/rtl/ldl_kernel.sv:312$25.x' using process `\ldl_kernel.$proc$/headless/otolith/hdl/rtl/ldl_kernel.sv:222$254'.
  created $adff cell `$procdff$5613' with positive edge clock and positive level reset.
Creating register for signal `\ldl_kernel.\acc_seed48$func$/headless/otolith/hdl/rtl/ldl_kernel.sv:312$25.sx' using process `\ldl_kernel.$proc$/headless/otolith/hdl/rtl/ldl_kernel.sv:222$254'.
  created $adff cell `$procdff$5618' with positive edge clock and positive level reset.
Creating register for signal `\ldl_kernel.\sl_idx$func$/headless/otolith/hdl/rtl/ldl_kernel.sv:362$26.$result' using process `\ldl_kernel.$proc$/headless/otolith/hdl/rtl/ldl_kernel.sv:222$254'.
  created $adff cell `$procdff$5623' with positive edge clock and positive level reset.
Creating register for signal `\ldl_kernel.\sl_idx$func$/headless/otolith/hdl/rtl/ldl_kernel.sv:362$26.i' using process `\ldl_kernel.$proc$/headless/otolith/hdl/rtl/ldl_kernel.sv:222$254'.
  created $adff cell `$procdff$5628' with positive edge clock and positive level reset.
Creating register for signal `\ldl_kernel.\sl_idx$func$/headless/otolith/hdl/rtl/ldl_kernel.sv:362$26.j' using process `\ldl_kernel.$proc$/headless/otolith/hdl/rtl/ldl_kernel.sv:222$254'.
  created $adff cell `$procdff$5633' with positive edge clock and positive level reset.
Creating register for signal `\ldl_kernel.\acc_seed48$func$/headless/otolith/hdl/rtl/ldl_kernel.sv:391$27.$result' using process `\ldl_kernel.$proc$/headless/otolith/hdl/rtl/ldl_kernel.sv:222$254'.
  created $adff cell `$procdff$5638' with positive edge clock and positive level reset.
Creating register for signal `\ldl_kernel.\acc_seed48$func$/headless/otolith/hdl/rtl/ldl_kernel.sv:391$27.x' using process `\ldl_kernel.$proc$/headless/otolith/hdl/rtl/ldl_kernel.sv:222$254'.
  created $adff cell `$procdff$5643' with positive edge clock and positive level reset.
Creating register for signal `\ldl_kernel.\acc_seed48$func$/headless/otolith/hdl/rtl/ldl_kernel.sv:391$27.sx' using process `\ldl_kernel.$proc$/headless/otolith/hdl/rtl/ldl_kernel.sv:222$254'.
  created $adff cell `$procdff$5648' with positive edge clock and positive level reset.
Creating register for signal `\ldl_kernel.\acc_seed48$func$/headless/otolith/hdl/rtl/ldl_kernel.sv:414$28.$result' using process `\ldl_kernel.$proc$/headless/otolith/hdl/rtl/ldl_kernel.sv:222$254'.
  created $adff cell `$procdff$5653' with positive edge clock and positive level reset.
Creating register for signal `\ldl_kernel.\acc_seed48$func$/headless/otolith/hdl/rtl/ldl_kernel.sv:414$28.x' using process `\ldl_kernel.$proc$/headless/otolith/hdl/rtl/ldl_kernel.sv:222$254'.
  created $adff cell `$procdff$5658' with positive edge clock and positive level reset.
Creating register for signal `\ldl_kernel.\acc_seed48$func$/headless/otolith/hdl/rtl/ldl_kernel.sv:414$28.sx' using process `\ldl_kernel.$proc$/headless/otolith/hdl/rtl/ldl_kernel.sv:222$254'.
  created $adff cell `$procdff$5663' with positive edge clock and positive level reset.
Creating register for signal `\ldl_kernel.\acc_seed48$func$/headless/otolith/hdl/rtl/ldl_kernel.sv:432$29.$result' using process `\ldl_kernel.$proc$/headless/otolith/hdl/rtl/ldl_kernel.sv:222$254'.
  created $adff cell `$procdff$5668' with positive edge clock and positive level reset.
Creating register for signal `\ldl_kernel.\acc_seed48$func$/headless/otolith/hdl/rtl/ldl_kernel.sv:432$29.x' using process `\ldl_kernel.$proc$/headless/otolith/hdl/rtl/ldl_kernel.sv:222$254'.
  created $adff cell `$procdff$5673' with positive edge clock and positive level reset.
Creating register for signal `\ldl_kernel.\acc_seed48$func$/headless/otolith/hdl/rtl/ldl_kernel.sv:432$29.sx' using process `\ldl_kernel.$proc$/headless/otolith/hdl/rtl/ldl_kernel.sv:222$254'.
  created $adff cell `$procdff$5678' with positive edge clock and positive level reset.
Creating register for signal `\ldl_kernel.\S_r[0]' using process `\ldl_kernel.$proc$/headless/otolith/hdl/rtl/ldl_kernel.sv:222$254'.
  created $dff cell `$procdff$5685' with positive edge clock.
Creating register for signal `\ldl_kernel.\S_r[1]' using process `\ldl_kernel.$proc$/headless/otolith/hdl/rtl/ldl_kernel.sv:222$254'.
  created $dff cell `$procdff$5692' with positive edge clock.
Creating register for signal `\ldl_kernel.\S_r[2]' using process `\ldl_kernel.$proc$/headless/otolith/hdl/rtl/ldl_kernel.sv:222$254'.
  created $dff cell `$procdff$5699' with positive edge clock.
Creating register for signal `\ldl_kernel.\S_r[3]' using process `\ldl_kernel.$proc$/headless/otolith/hdl/rtl/ldl_kernel.sv:222$254'.
  created $dff cell `$procdff$5706' with positive edge clock.
Creating register for signal `\ldl_kernel.\S_r[4]' using process `\ldl_kernel.$proc$/headless/otolith/hdl/rtl/ldl_kernel.sv:222$254'.
  created $dff cell `$procdff$5713' with positive edge clock.
Creating register for signal `\ldl_kernel.\S_r[5]' using process `\ldl_kernel.$proc$/headless/otolith/hdl/rtl/ldl_kernel.sv:222$254'.
  created $dff cell `$procdff$5720' with positive edge clock.
Creating register for signal `\ldl_kernel.\S_r[6]' using process `\ldl_kernel.$proc$/headless/otolith/hdl/rtl/ldl_kernel.sv:222$254'.
  created $dff cell `$procdff$5727' with positive edge clock.
Creating register for signal `\ldl_kernel.\S_r[7]' using process `\ldl_kernel.$proc$/headless/otolith/hdl/rtl/ldl_kernel.sv:222$254'.
  created $dff cell `$procdff$5734' with positive edge clock.
Creating register for signal `\ldl_kernel.\S_r[8]' using process `\ldl_kernel.$proc$/headless/otolith/hdl/rtl/ldl_kernel.sv:222$254'.
  created $dff cell `$procdff$5741' with positive edge clock.
Creating register for signal `\ldl_kernel.\S_r[9]' using process `\ldl_kernel.$proc$/headless/otolith/hdl/rtl/ldl_kernel.sv:222$254'.
  created $dff cell `$procdff$5748' with positive edge clock.
Creating register for signal `\ldl_kernel.\S_r[10]' using process `\ldl_kernel.$proc$/headless/otolith/hdl/rtl/ldl_kernel.sv:222$254'.
  created $dff cell `$procdff$5755' with positive edge clock.
Creating register for signal `\ldl_kernel.\S_r[11]' using process `\ldl_kernel.$proc$/headless/otolith/hdl/rtl/ldl_kernel.sv:222$254'.
  created $dff cell `$procdff$5762' with positive edge clock.
Creating register for signal `\ldl_kernel.\S_r[12]' using process `\ldl_kernel.$proc$/headless/otolith/hdl/rtl/ldl_kernel.sv:222$254'.
  created $dff cell `$procdff$5769' with positive edge clock.
Creating register for signal `\ldl_kernel.\S_r[13]' using process `\ldl_kernel.$proc$/headless/otolith/hdl/rtl/ldl_kernel.sv:222$254'.
  created $dff cell `$procdff$5776' with positive edge clock.
Creating register for signal `\ldl_kernel.\S_r[14]' using process `\ldl_kernel.$proc$/headless/otolith/hdl/rtl/ldl_kernel.sv:222$254'.
  created $dff cell `$procdff$5783' with positive edge clock.
Creating register for signal `\ldl_kernel.\S_r[15]' using process `\ldl_kernel.$proc$/headless/otolith/hdl/rtl/ldl_kernel.sv:222$254'.
  created $dff cell `$procdff$5790' with positive edge clock.
Creating register for signal `\ldl_kernel.\S_r[16]' using process `\ldl_kernel.$proc$/headless/otolith/hdl/rtl/ldl_kernel.sv:222$254'.
  created $dff cell `$procdff$5797' with positive edge clock.
Creating register for signal `\ldl_kernel.\S_r[17]' using process `\ldl_kernel.$proc$/headless/otolith/hdl/rtl/ldl_kernel.sv:222$254'.
  created $dff cell `$procdff$5804' with positive edge clock.
Creating register for signal `\ldl_kernel.\S_r[18]' using process `\ldl_kernel.$proc$/headless/otolith/hdl/rtl/ldl_kernel.sv:222$254'.
  created $dff cell `$procdff$5811' with positive edge clock.
Creating register for signal `\ldl_kernel.\S_r[19]' using process `\ldl_kernel.$proc$/headless/otolith/hdl/rtl/ldl_kernel.sv:222$254'.
  created $dff cell `$procdff$5818' with positive edge clock.
Creating register for signal `\ldl_kernel.\S_r[20]' using process `\ldl_kernel.$proc$/headless/otolith/hdl/rtl/ldl_kernel.sv:222$254'.
  created $dff cell `$procdff$5825' with positive edge clock.
Creating register for signal `\ldl_kernel.\B_r[0]' using process `\ldl_kernel.$proc$/headless/otolith/hdl/rtl/ldl_kernel.sv:222$254'.
  created $dff cell `$procdff$5832' with positive edge clock.
Creating register for signal `\ldl_kernel.\B_r[1]' using process `\ldl_kernel.$proc$/headless/otolith/hdl/rtl/ldl_kernel.sv:222$254'.
  created $dff cell `$procdff$5839' with positive edge clock.
Creating register for signal `\ldl_kernel.\B_r[2]' using process `\ldl_kernel.$proc$/headless/otolith/hdl/rtl/ldl_kernel.sv:222$254'.
  created $dff cell `$procdff$5846' with positive edge clock.
Creating register for signal `\ldl_kernel.\B_r[3]' using process `\ldl_kernel.$proc$/headless/otolith/hdl/rtl/ldl_kernel.sv:222$254'.
  created $dff cell `$procdff$5853' with positive edge clock.
Creating register for signal `\ldl_kernel.\B_r[4]' using process `\ldl_kernel.$proc$/headless/otolith/hdl/rtl/ldl_kernel.sv:222$254'.
  created $dff cell `$procdff$5860' with positive edge clock.
Creating register for signal `\ldl_kernel.\B_r[5]' using process `\ldl_kernel.$proc$/headless/otolith/hdl/rtl/ldl_kernel.sv:222$254'.
  created $dff cell `$procdff$5867' with positive edge clock.
Creating register for signal `\ldl_kernel.\X_r[0]' using process `\ldl_kernel.$proc$/headless/otolith/hdl/rtl/ldl_kernel.sv:222$254'.
  created $dff cell `$procdff$5874' with positive edge clock.
Creating register for signal `\ldl_kernel.\X_r[1]' using process `\ldl_kernel.$proc$/headless/otolith/hdl/rtl/ldl_kernel.sv:222$254'.
  created $dff cell `$procdff$5881' with positive edge clock.
Creating register for signal `\ldl_kernel.\X_r[2]' using process `\ldl_kernel.$proc$/headless/otolith/hdl/rtl/ldl_kernel.sv:222$254'.
  created $dff cell `$procdff$5888' with positive edge clock.
Creating register for signal `\ldl_kernel.\X_r[3]' using process `\ldl_kernel.$proc$/headless/otolith/hdl/rtl/ldl_kernel.sv:222$254'.
  created $dff cell `$procdff$5895' with positive edge clock.
Creating register for signal `\ldl_kernel.\X_r[4]' using process `\ldl_kernel.$proc$/headless/otolith/hdl/rtl/ldl_kernel.sv:222$254'.
  created $dff cell `$procdff$5902' with positive edge clock.
Creating register for signal `\ldl_kernel.\X_r[5]' using process `\ldl_kernel.$proc$/headless/otolith/hdl/rtl/ldl_kernel.sv:222$254'.
  created $dff cell `$procdff$5909' with positive edge clock.
Creating register for signal `\ldl_kernel.\D_r[0]' using process `\ldl_kernel.$proc$/headless/otolith/hdl/rtl/ldl_kernel.sv:222$254'.
  created $dff cell `$procdff$5916' with positive edge clock.
Creating register for signal `\ldl_kernel.\D_r[1]' using process `\ldl_kernel.$proc$/headless/otolith/hdl/rtl/ldl_kernel.sv:222$254'.
  created $dff cell `$procdff$5923' with positive edge clock.
Creating register for signal `\ldl_kernel.\D_r[2]' using process `\ldl_kernel.$proc$/headless/otolith/hdl/rtl/ldl_kernel.sv:222$254'.
  created $dff cell `$procdff$5930' with positive edge clock.
Creating register for signal `\ldl_kernel.\D_r[3]' using process `\ldl_kernel.$proc$/headless/otolith/hdl/rtl/ldl_kernel.sv:222$254'.
  created $dff cell `$procdff$5937' with positive edge clock.
Creating register for signal `\ldl_kernel.\D_r[4]' using process `\ldl_kernel.$proc$/headless/otolith/hdl/rtl/ldl_kernel.sv:222$254'.
  created $dff cell `$procdff$5944' with positive edge clock.
Creating register for signal `\ldl_kernel.\D_r[5]' using process `\ldl_kernel.$proc$/headless/otolith/hdl/rtl/ldl_kernel.sv:222$254'.
  created $dff cell `$procdff$5951' with positive edge clock.
Creating register for signal `\ldl_kernel.\L_r[0]' using process `\ldl_kernel.$proc$/headless/otolith/hdl/rtl/ldl_kernel.sv:222$254'.
  created $dff cell `$procdff$5958' with positive edge clock.
Creating register for signal `\ldl_kernel.\L_r[1]' using process `\ldl_kernel.$proc$/headless/otolith/hdl/rtl/ldl_kernel.sv:222$254'.
  created $dff cell `$procdff$5965' with positive edge clock.
Creating register for signal `\ldl_kernel.\L_r[2]' using process `\ldl_kernel.$proc$/headless/otolith/hdl/rtl/ldl_kernel.sv:222$254'.
  created $dff cell `$procdff$5972' with positive edge clock.
Creating register for signal `\ldl_kernel.\L_r[3]' using process `\ldl_kernel.$proc$/headless/otolith/hdl/rtl/ldl_kernel.sv:222$254'.
  created $dff cell `$procdff$5979' with positive edge clock.
Creating register for signal `\ldl_kernel.\L_r[4]' using process `\ldl_kernel.$proc$/headless/otolith/hdl/rtl/ldl_kernel.sv:222$254'.
  created $dff cell `$procdff$5986' with positive edge clock.
Creating register for signal `\ldl_kernel.\L_r[5]' using process `\ldl_kernel.$proc$/headless/otolith/hdl/rtl/ldl_kernel.sv:222$254'.
  created $dff cell `$procdff$5993' with positive edge clock.
Creating register for signal `\ldl_kernel.\L_r[6]' using process `\ldl_kernel.$proc$/headless/otolith/hdl/rtl/ldl_kernel.sv:222$254'.
  created $dff cell `$procdff$6000' with positive edge clock.
Creating register for signal `\ldl_kernel.\L_r[7]' using process `\ldl_kernel.$proc$/headless/otolith/hdl/rtl/ldl_kernel.sv:222$254'.
  created $dff cell `$procdff$6007' with positive edge clock.
Creating register for signal `\ldl_kernel.\L_r[8]' using process `\ldl_kernel.$proc$/headless/otolith/hdl/rtl/ldl_kernel.sv:222$254'.
  created $dff cell `$procdff$6014' with positive edge clock.
Creating register for signal `\ldl_kernel.\L_r[9]' using process `\ldl_kernel.$proc$/headless/otolith/hdl/rtl/ldl_kernel.sv:222$254'.
  created $dff cell `$procdff$6021' with positive edge clock.
Creating register for signal `\ldl_kernel.\L_r[10]' using process `\ldl_kernel.$proc$/headless/otolith/hdl/rtl/ldl_kernel.sv:222$254'.
  created $dff cell `$procdff$6028' with positive edge clock.
Creating register for signal `\ldl_kernel.\L_r[11]' using process `\ldl_kernel.$proc$/headless/otolith/hdl/rtl/ldl_kernel.sv:222$254'.
  created $dff cell `$procdff$6035' with positive edge clock.
Creating register for signal `\ldl_kernel.\L_r[12]' using process `\ldl_kernel.$proc$/headless/otolith/hdl/rtl/ldl_kernel.sv:222$254'.
  created $dff cell `$procdff$6042' with positive edge clock.
Creating register for signal `\ldl_kernel.\L_r[13]' using process `\ldl_kernel.$proc$/headless/otolith/hdl/rtl/ldl_kernel.sv:222$254'.
  created $dff cell `$procdff$6049' with positive edge clock.
Creating register for signal `\ldl_kernel.\L_r[14]' using process `\ldl_kernel.$proc$/headless/otolith/hdl/rtl/ldl_kernel.sv:222$254'.
  created $dff cell `$procdff$6056' with positive edge clock.
Creating register for signal `\ldl_kernel.$mem2reg_wr$\S_r$/headless/otolith/hdl/rtl/ldl_kernel.sv:245$42_ADDR' using process `\ldl_kernel.$proc$/headless/otolith/hdl/rtl/ldl_kernel.sv:222$254'.
  created $adff cell `$procdff$6061' with positive edge clock and positive level reset.
Creating register for signal `\ldl_kernel.$mem2reg_wr$\S_r$/headless/otolith/hdl/rtl/ldl_kernel.sv:245$42_DATA' using process `\ldl_kernel.$proc$/headless/otolith/hdl/rtl/ldl_kernel.sv:222$254'.
  created $adff cell `$procdff$6066' with positive edge clock and positive level reset.
Creating register for signal `\ldl_kernel.$mem2reg_wr$\B_r$/headless/otolith/hdl/rtl/ldl_kernel.sv:247$43_ADDR' using process `\ldl_kernel.$proc$/headless/otolith/hdl/rtl/ldl_kernel.sv:222$254'.
  created $adff cell `$procdff$6071' with positive edge clock and positive level reset.
Creating register for signal `\ldl_kernel.$mem2reg_wr$\B_r$/headless/otolith/hdl/rtl/ldl_kernel.sv:247$43_DATA' using process `\ldl_kernel.$proc$/headless/otolith/hdl/rtl/ldl_kernel.sv:222$254'.
  created $adff cell `$procdff$6076' with positive edge clock and positive level reset.
Creating register for signal `\ldl_kernel.$mem2reg_wr$\X_r$/headless/otolith/hdl/rtl/ldl_kernel.sv:250$44_ADDR' using process `\ldl_kernel.$proc$/headless/otolith/hdl/rtl/ldl_kernel.sv:222$254'.
  created $adff cell `$procdff$6081' with positive edge clock and positive level reset.
Creating register for signal `\ldl_kernel.$mem2reg_wr$\X_r$/headless/otolith/hdl/rtl/ldl_kernel.sv:250$44_DATA' using process `\ldl_kernel.$proc$/headless/otolith/hdl/rtl/ldl_kernel.sv:222$254'.
  created $adff cell `$procdff$6086' with positive edge clock and positive level reset.
Creating register for signal `\ldl_kernel.$mem2reg_rd$\S_r$/headless/otolith/hdl/rtl/ldl_kernel.sv:272$45_ADDR' using process `\ldl_kernel.$proc$/headless/otolith/hdl/rtl/ldl_kernel.sv:222$254'.
  created $adff cell `$procdff$6091' with positive edge clock and positive level reset.
Creating register for signal `\ldl_kernel.$mem2reg_rd$\S_r$/headless/otolith/hdl/rtl/ldl_kernel.sv:272$45_DATA' using process `\ldl_kernel.$proc$/headless/otolith/hdl/rtl/ldl_kernel.sv:222$254'.
  created $adff cell `$procdff$6096' with positive edge clock and positive level reset.
Creating register for signal `\ldl_kernel.$mem2reg_wr$\D_r$/headless/otolith/hdl/rtl/ldl_kernel.sv:296$46_ADDR' using process `\ldl_kernel.$proc$/headless/otolith/hdl/rtl/ldl_kernel.sv:222$254'.
  created $adff cell `$procdff$6101' with positive edge clock and positive level reset.
Creating register for signal `\ldl_kernel.$mem2reg_wr$\D_r$/headless/otolith/hdl/rtl/ldl_kernel.sv:296$46_DATA' using process `\ldl_kernel.$proc$/headless/otolith/hdl/rtl/ldl_kernel.sv:222$254'.
  created $adff cell `$procdff$6106' with positive edge clock and positive level reset.
Creating register for signal `\ldl_kernel.$mem2reg_rd$\S_r$/headless/otolith/hdl/rtl/ldl_kernel.sv:312$47_ADDR' using process `\ldl_kernel.$proc$/headless/otolith/hdl/rtl/ldl_kernel.sv:222$254'.
  created $adff cell `$procdff$6111' with positive edge clock and positive level reset.
Creating register for signal `\ldl_kernel.$mem2reg_rd$\S_r$/headless/otolith/hdl/rtl/ldl_kernel.sv:312$47_DATA' using process `\ldl_kernel.$proc$/headless/otolith/hdl/rtl/ldl_kernel.sv:222$254'.
  created $adff cell `$procdff$6116' with positive edge clock and positive level reset.
Creating register for signal `\ldl_kernel.$mem2reg_wr$\L_r$/headless/otolith/hdl/rtl/ldl_kernel.sv:362$48_ADDR' using process `\ldl_kernel.$proc$/headless/otolith/hdl/rtl/ldl_kernel.sv:222$254'.
  created $adff cell `$procdff$6121' with positive edge clock and positive level reset.
Creating register for signal `\ldl_kernel.$mem2reg_wr$\L_r$/headless/otolith/hdl/rtl/ldl_kernel.sv:362$48_DATA' using process `\ldl_kernel.$proc$/headless/otolith/hdl/rtl/ldl_kernel.sv:222$254'.
  created $adff cell `$procdff$6126' with positive edge clock and positive level reset.
Creating register for signal `\ldl_kernel.$mem2reg_wr$\X_r$/headless/otolith/hdl/rtl/ldl_kernel.sv:377$49_ADDR' using process `\ldl_kernel.$proc$/headless/otolith/hdl/rtl/ldl_kernel.sv:222$254'.
  created $adff cell `$procdff$6131' with positive edge clock and positive level reset.
Creating register for signal `\ldl_kernel.$mem2reg_wr$\X_r$/headless/otolith/hdl/rtl/ldl_kernel.sv:377$49_DATA' using process `\ldl_kernel.$proc$/headless/otolith/hdl/rtl/ldl_kernel.sv:222$254'.
  created $adff cell `$procdff$6136' with positive edge clock and positive level reset.
Creating register for signal `\ldl_kernel.$mem2reg_wr$\X_r$/headless/otolith/hdl/rtl/ldl_kernel.sv:411$50_ADDR' using process `\ldl_kernel.$proc$/headless/otolith/hdl/rtl/ldl_kernel.sv:222$254'.
  created $adff cell `$procdff$6141' with positive edge clock and positive level reset.
Creating register for signal `\ldl_kernel.$mem2reg_wr$\X_r$/headless/otolith/hdl/rtl/ldl_kernel.sv:411$50_DATA' using process `\ldl_kernel.$proc$/headless/otolith/hdl/rtl/ldl_kernel.sv:222$254'.
  created $adff cell `$procdff$6146' with positive edge clock and positive level reset.
Creating register for signal `\ldl_kernel.$mem2reg_rd$\B_r$/headless/otolith/hdl/rtl/ldl_kernel.sv:414$51_ADDR' using process `\ldl_kernel.$proc$/headless/otolith/hdl/rtl/ldl_kernel.sv:222$254'.
  created $adff cell `$procdff$6151' with positive edge clock and positive level reset.
Creating register for signal `\ldl_kernel.$mem2reg_rd$\B_r$/headless/otolith/hdl/rtl/ldl_kernel.sv:414$51_DATA' using process `\ldl_kernel.$proc$/headless/otolith/hdl/rtl/ldl_kernel.sv:222$254'.
  created $adff cell `$procdff$6156' with positive edge clock and positive level reset.
Creating register for signal `\ldl_kernel.$mem2reg_rd$\X_r$/headless/otolith/hdl/rtl/ldl_kernel.sv:422$52_ADDR' using process `\ldl_kernel.$proc$/headless/otolith/hdl/rtl/ldl_kernel.sv:222$254'.
  created $adff cell `$procdff$6161' with positive edge clock and positive level reset.
Creating register for signal `\ldl_kernel.$mem2reg_rd$\X_r$/headless/otolith/hdl/rtl/ldl_kernel.sv:422$52_DATA' using process `\ldl_kernel.$proc$/headless/otolith/hdl/rtl/ldl_kernel.sv:222$254'.
  created $adff cell `$procdff$6166' with positive edge clock and positive level reset.
Creating register for signal `\ldl_kernel.$mem2reg_rd$\X_r$/headless/otolith/hdl/rtl/ldl_kernel.sv:432$53_ADDR' using process `\ldl_kernel.$proc$/headless/otolith/hdl/rtl/ldl_kernel.sv:222$254'.
  created $adff cell `$procdff$6171' with positive edge clock and positive level reset.
Creating register for signal `\ldl_kernel.$mem2reg_rd$\X_r$/headless/otolith/hdl/rtl/ldl_kernel.sv:432$53_DATA' using process `\ldl_kernel.$proc$/headless/otolith/hdl/rtl/ldl_kernel.sv:222$254'.
  created $adff cell `$procdff$6176' with positive edge clock and positive level reset.
Creating register for signal `\ldl_kernel.$mem2reg_wr$\X_r$/headless/otolith/hdl/rtl/ldl_kernel.sv:439$54_ADDR' using process `\ldl_kernel.$proc$/headless/otolith/hdl/rtl/ldl_kernel.sv:222$254'.
  created $adff cell `$procdff$6181' with positive edge clock and positive level reset.
Creating register for signal `\ldl_kernel.$mem2reg_wr$\X_r$/headless/otolith/hdl/rtl/ldl_kernel.sv:439$54_DATA' using process `\ldl_kernel.$proc$/headless/otolith/hdl/rtl/ldl_kernel.sv:222$254'.
  created $adff cell `$procdff$6186' with positive edge clock and positive level reset.

25. Executing PROC_MEMWR pass (convert process memory writes to cells).

26. Executing PROC_CLEAN pass (remove empty switches from decision trees).
Found and cleaned up 2 empty switches in `\ldl_kernel.$proc$/headless/otolith/hdl/rtl/ldl_kernel.sv:207$584'.
Removing empty process `ldl_kernel.$proc$/headless/otolith/hdl/rtl/ldl_kernel.sv:207$584'.
Found and cleaned up 2 empty switches in `\ldl_kernel.$proc$/headless/otolith/hdl/rtl/ldl_kernel.sv:163$565'.
Removing empty process `ldl_kernel.$proc$/headless/otolith/hdl/rtl/ldl_kernel.sv:163$565'.
Found and cleaned up 2 empty switches in `\ldl_kernel.$proc$/headless/otolith/hdl/rtl/ldl_kernel.sv:157$550'.
Removing empty process `ldl_kernel.$proc$/headless/otolith/hdl/rtl/ldl_kernel.sv:157$550'.
Found and cleaned up 5 empty switches in `\ldl_kernel.$proc$/headless/otolith/hdl/rtl/ldl_kernel.sv:483$526'.
Removing empty process `ldl_kernel.$proc$/headless/otolith/hdl/rtl/ldl_kernel.sv:483$526'.
Found and cleaned up 31 empty switches in `\ldl_kernel.$proc$/headless/otolith/hdl/rtl/ldl_kernel.sv:222$254'.
Removing empty process `ldl_kernel.$proc$/headless/otolith/hdl/rtl/ldl_kernel.sv:222$254'.
Found and cleaned up 6 empty switches in `\ldl_kernel.$proc$/headless/otolith/hdl/rtl/ldl_kernel.sv:211$228'.
Removing empty process `ldl_kernel.$proc$/headless/otolith/hdl/rtl/ldl_kernel.sv:211$228'.
Found and cleaned up 8 empty switches in `\ldl_kernel.$proc$/headless/otolith/hdl/rtl/ldl_kernel.sv:185$152'.
Removing empty process `ldl_kernel.$proc$/headless/otolith/hdl/rtl/ldl_kernel.sv:185$152'.
Found and cleaned up 2 empty switches in `\ldl_kernel.$proc$/headless/otolith/hdl/rtl/ldl_kernel.sv:167$146'.
Removing empty process `ldl_kernel.$proc$/headless/otolith/hdl/rtl/ldl_kernel.sv:167$146'.
Found and cleaned up 66 empty switches in `\ldl_kernel.$proc$/headless/otolith/hdl/rtl/ldl_kernel.sv:131$58'.
Removing empty process `ldl_kernel.$proc$/headless/otolith/hdl/rtl/ldl_kernel.sv:131$58'.
Cleaned up 124 empty switches.

27. Executing CHECK pass (checking for obvious problems).
Checking module ldl_kernel...
Found and reported 0 problems.

28. Executing OPT_EXPR pass (perform const folding).
Optimizing module ldl_kernel.
<suppressed ~373 debug messages>

29. Executing FLATTEN pass (flatten design).

30. Executing OPT_EXPR pass (perform const folding).
Optimizing module ldl_kernel.

31. Executing OPT_CLEAN pass (remove unused cells and wires).
Finding unused cells or wires in module \ldl_kernel..
Removed 514 unused cells and 1517 unused wires.
<suppressed ~540 debug messages>

32. Executing OPT_EXPR pass (perform const folding).
Optimizing module ldl_kernel.

33. Executing OPT_MERGE pass (detect identical cells).
Finding identical cells in module `\ldl_kernel'.
Computing hashes of 1136 cells of `\ldl_kernel'.
Finding duplicate cells in `\ldl_kernel'.
Computing hashes of 878 cells of `\ldl_kernel'.
Finding duplicate cells in `\ldl_kernel'.
Computing hashes of 862 cells of `\ldl_kernel'.
Finding duplicate cells in `\ldl_kernel'.
Computing hashes of 861 cells of `\ldl_kernel'.
Finding duplicate cells in `\ldl_kernel'.
Computing hashes of 860 cells of `\ldl_kernel'.
Finding duplicate cells in `\ldl_kernel'.
<suppressed ~828 debug messages>
Removed a total of 276 cells.

34. Executing OPT_MUXTREE pass (detect dead branches in mux trees).
Running muxtree optimizer on module \ldl_kernel..
  Creating internal representation of mux trees.
  Evaluating internal representation of mux trees.
  Analyzing evaluation results.
    dead port 2/2 on $mux $procmux$4922.
    dead port 2/2 on $mux $procmux$4910.
    dead port 2/2 on $mux $procmux$4985.
    dead port 2/2 on $mux $procmux$4968.
    dead port 2/2 on $mux $procmux$4890.
    dead port 2/2 on $mux $procmux$4943.
    dead port 2/2 on $mux $procmux$1050.
    dead port 2/2 on $mux $procmux$1003.
    dead port 2/2 on $mux $procmux$5011.
    dead port 2/2 on $mux $procmux$796.
    dead port 2/2 on $mux $procmux$794.
    dead port 2/2 on $mux $procmux$776.
    dead port 2/2 on $mux $procmux$5187.
    dead port 2/2 on $mux $procmux$760.
    dead port 2/2 on $mux $procmux$5193.
    dead port 2/2 on $mux $procmux$706.
    dead port 1/2 on $mux $procmux$662.
    dead port 1/2 on $mux $procmux$656.
    dead port 2/2 on $mux $procmux$653.
    dead port 1/2 on $mux $procmux$642.
    dead port 1/2 on $mux $procmux$639.
    dead port 1/2 on $mux $procmux$625.
    dead port 1/2 on $mux $procmux$616.
    dead port 1/2 on $mux $procmux$607.
Removed 24 multiplexer ports.
<suppressed ~591 debug messages>

35. Executing OPT_REDUCE pass (consolidate $*mux and $reduce_* inputs).
  Optimizing cells in module \ldl_kernel.
    New ctrl vector for $pmux cell $procmux$4715: { $procmux$4827_CMP $procmux$4828_CMP $procmux$4721_CMP $procmux$4911_CMP $procmux$4726_CMP $auto$opt_reduce.cc:137:opt_pmux$6230 $procmux$4731_CMP $procmux$4944_CMP $procmux$4736_CMP $procmux$4749_CMP $procmux$5044_CMP $procmux$4751_CMP $procmux$4841_CMP $procmux$4756_CMP $procmux$4757_CMP $procmux$4759_CMP $procmux$4803_CMP $procmux$4767_CMP $procmux$4768_CMP $procmux$4769_CMP $procmux$4770_CMP $procmux$4777_CMP $procmux$4845_CMP }
    New ctrl vector for $pmux cell $procmux$2470: { $procmux$4911_CMP $auto$opt_reduce.cc:137:opt_pmux$6234 $auto$opt_reduce.cc:137:opt_pmux$6232 $procmux$5044_CMP $procmux$4751_CMP }
    New ctrl vector for $pmux cell $procmux$4591: $auto$opt_reduce.cc:137:opt_pmux$6236
    New ctrl vector for $pmux cell $procmux$4571: $auto$opt_reduce.cc:137:opt_pmux$6238
    New ctrl vector for $pmux cell $procmux$4513: { $procmux$4911_CMP $procmux$4726_CMP $procmux$4731_CMP $procmux$4944_CMP $auto$opt_reduce.cc:137:opt_pmux$6240 $procmux$4749_CMP $procmux$4803_CMP $procmux$4768_CMP $procmux$4777_CMP $procmux$4845_CMP }
    New ctrl vector for $pmux cell $procmux$4836: { $auto$opt_reduce.cc:137:opt_pmux$6242 $procmux$4841_CMP $procmux$4845_CMP }
    New ctrl vector for $pmux cell $procmux$4396: { $auto$opt_reduce.cc:137:opt_pmux$6244 $procmux$4841_CMP }
    New ctrl vector for $pmux cell $procmux$4347: $auto$opt_reduce.cc:137:opt_pmux$6246
  Optimizing cells in module \ldl_kernel.
Performed a total of 8 changes.

36. Executing OPT_MERGE pass (detect identical cells).
Finding identical cells in module `\ldl_kernel'.
Computing hashes of 845 cells of `\ldl_kernel'.
Finding duplicate cells in `\ldl_kernel'.
Computing hashes of 834 cells of `\ldl_kernel'.
Finding duplicate cells in `\ldl_kernel'.
<suppressed ~33 debug messages>
Removed a total of 11 cells.

37. Executing OPT_DFF pass (perform DFF optimizations).

38. Executing OPT_CLEAN pass (remove unused cells and wires).
Finding unused cells or wires in module \ldl_kernel..
Removed 0 unused cells and 312 unused wires.
<suppressed ~1 debug messages>

39. Executing OPT_EXPR pass (perform const folding).
Optimizing module ldl_kernel.

40. Rerunning OPT passes. (Maybe there is more to do…)

41. Executing OPT_MUXTREE pass (detect dead branches in mux trees).
Running muxtree optimizer on module \ldl_kernel..
  Creating internal representation of mux trees.
  Evaluating internal representation of mux trees.
  Analyzing evaluation results.
Removed 0 multiplexer ports.
<suppressed ~573 debug messages>

42. Executing OPT_REDUCE pass (consolidate $*mux and $reduce_* inputs).
  Optimizing cells in module \ldl_kernel.
    New ctrl vector for $pmux cell $procmux$5014: { $auto$opt_reduce.cc:137:opt_pmux$6248 $procmux$2474_CMP $procmux$4349_CMP $procmux$4367_CMP $procmux$2478_CMP $procmux$4350_CMP }
  Optimizing cells in module \ldl_kernel.
Performed a total of 1 changes.

43. Executing OPT_MERGE pass (detect identical cells).
Finding identical cells in module `\ldl_kernel'.
Computing hashes of 835 cells of `\ldl_kernel'.
Finding duplicate cells in `\ldl_kernel'.
Removed a total of 0 cells.

44. Executing OPT_DFF pass (perform DFF optimizations).

45. Executing OPT_CLEAN pass (remove unused cells and wires).
Finding unused cells or wires in module \ldl_kernel..

46. Executing OPT_EXPR pass (perform const folding).
Optimizing module ldl_kernel.

47. Rerunning OPT passes. (Maybe there is more to do…)

48. Executing OPT_MUXTREE pass (detect dead branches in mux trees).
Running muxtree optimizer on module \ldl_kernel..
  Creating internal representation of mux trees.
  Evaluating internal representation of mux trees.
  Analyzing evaluation results.
Removed 0 multiplexer ports.
<suppressed ~572 debug messages>

49. Executing OPT_REDUCE pass (consolidate $*mux and $reduce_* inputs).
  Optimizing cells in module \ldl_kernel.
Performed a total of 0 changes.

50. Executing OPT_MERGE pass (detect identical cells).
Finding identical cells in module `\ldl_kernel'.
Computing hashes of 835 cells of `\ldl_kernel'.
Finding duplicate cells in `\ldl_kernel'.
Removed a total of 0 cells.

51. Executing OPT_DFF pass (perform DFF optimizations).

52. Executing OPT_CLEAN pass (remove unused cells and wires).
Finding unused cells or wires in module \ldl_kernel..

53. Executing OPT_EXPR pass (perform const folding).
Optimizing module ldl_kernel.

54. Executing FSM pass (extract and optimize FSM).

54.1. Executing FSM_DETECT pass (finding FSMs in design).
Found FSM state register ldl_kernel.st.

54.2. Executing FSM_EXTRACT pass (extracting FSM from design).
Extracting FSM `\st' from module `\ldl_kernel'.
  found $adff cell for state register: $procdff$5443
  root of input selection tree: $0\st[4:0]
  found reset state: 5'00000 (from async reset)
  found ctrl input: \in_ready
  found ctrl input: $procmux$3014_CMP
  found ctrl input: $procmux$1051_CMP
  found ctrl input: $procmux$4350_CMP
  found ctrl input: $procmux$2478_CMP
  found ctrl input: $procmux$4767_CMP
  found ctrl input: $procmux$2477_CMP
  found ctrl input: $procmux$1004_CMP
  found ctrl input: $procmux$4367_CMP
  found ctrl input: $procmux$4349_CMP
  found ctrl input: $procmux$4400_CMP
  found ctrl input: $procmux$2475_CMP
  found ctrl input: $procmux$2474_CMP
  found ctrl input: $procmux$2473_CMP
  found ctrl input: $procmux$4460_CMP
  found ctrl input: $procmux$4459_CMP
  found ctrl input: $procmux$2472_CMP
  found ctrl input: $auto$opt_reduce.cc:137:opt_pmux$6230
  found ctrl input: $procmux$4451_CMP
  found ctrl input: $procmux$2471_CMP
  found ctrl input: $procmux$4621_CMP
  found ctrl input: $procmux$4699_CMP
  found ctrl input: $procmux$4698_CMP
  found ctrl input: \start
  found state code: 5'00001
  found ctrl input: \in_valid
  found ctrl input: $eq$/headless/otolith/hdl/rtl/ldl_kernel.sv:252$433_Y
  found state code: 5'00110
  found ctrl input: $gt$/headless/otolith/hdl/rtl/ldl_kernel.sv:274$445_Y
  found state code: 5'00011
  found state code: 5'00100
  found ctrl input: $lt$/headless/otolith/hdl/rtl/ldl_kernel.sv:289$450_Y
  found ctrl input: $eq$/headless/otolith/hdl/rtl/ldl_kernel.sv:289$451_Y
  found state code: 5'00101
  found state code: 5'01000
  found ctrl input: $gt$/headless/otolith/hdl/rtl/ldl_kernel.sv:298$454_Y
  found state code: 5'10110
  found ctrl input: $lt$/headless/otolith/hdl/rtl/ldl_kernel.sv:301$457_Y
  found state code: 5'01111
  found state code: 5'00111
  found state code: 5'01010
  found state code: 5'01011
  found ctrl input: $lt$/headless/otolith/hdl/rtl/ldl_kernel.sv:340$467_Y
  found state code: 5'01100
  found state code: 5'01001
  found state code: 5'01101
  found state code: 5'01110
  found ctrl input: \div_ld
  found ctrl input: $lt$/headless/otolith/hdl/rtl/ldl_kernel.sv:363$484_Y
  found state code: 5'00010
  found state code: 5'10011
  found state code: 5'10010
  found state code: 5'10000
  found ctrl input: $ge$/headless/otolith/hdl/rtl/ldl_kernel.sv:398$493_Y
  found ctrl input: $lt$/headless/otolith/hdl/rtl/ldl_kernel.sv:403$497_Y
  found state code: 5'10001
  found state code: 5'10100
  found ctrl input: $ge$/headless/otolith/hdl/rtl/ldl_kernel.sv:437$514_Y
  found state code: 5'10101
  found ctrl input: $eq$/headless/otolith/hdl/rtl/ldl_kernel.sv:448$519_Y
  found state code: 5'10111
  found ctrl input: \out_ready
  found ctrl input: $ge$/headless/otolith/hdl/rtl/ldl_kernel.sv:467$523_Y
  found ctrl output: $procmux$4621_CMP
  found ctrl output: $procmux$4451_CMP
  found ctrl output: $procmux$2472_CMP
  found ctrl output: $procmux$4460_CMP
  found ctrl output: $procmux$2473_CMP
  found ctrl output: $procmux$2475_CMP
  found ctrl output: $procmux$4349_CMP
  found ctrl output: $procmux$4367_CMP
  found ctrl output: $procmux$1004_CMP
  found ctrl output: $procmux$4767_CMP
  found ctrl output: $procmux$2478_CMP
  found ctrl output: $procmux$4350_CMP
  found ctrl output: $procmux$1051_CMP
  found ctrl output: $procmux$3014_CMP
  found ctrl output: $procmux$2477_CMP
  found ctrl output: $procmux$4698_CMP
  found ctrl output: $procmux$4699_CMP
  found ctrl output: $procmux$4397_CMP
  found ctrl output: $procmux$4400_CMP
  found ctrl output: $procmux$2476_CMP
  found ctrl output: \in_ready
  found ctrl output: $procmux$2471_CMP
  found ctrl output: $procmux$4459_CMP
  found ctrl output: $procmux$2474_CMP
  ctrl inputs: { $ge$/headless/otolith/hdl/rtl/ldl_kernel.sv:467$523_Y $eq$/headless/otolith/hdl/rtl/ldl_kernel.sv:448$519_Y $ge$/headless/otolith/hdl/rtl/ldl_kernel.sv:437$514_Y $lt$/headless/otolith/hdl/rtl/ldl_kernel.sv:403$497_Y $ge$/headless/otolith/hdl/rtl/ldl_kernel.sv:398$493_Y $lt$/headless/otolith/hdl/rtl/ldl_kernel.sv:363$484_Y $lt$/headless/otolith/hdl/rtl/ldl_kernel.sv:340$467_Y $lt$/headless/otolith/hdl/rtl/ldl_kernel.sv:301$457_Y $gt$/headless/otolith/hdl/rtl/ldl_kernel.sv:298$454_Y $eq$/headless/otolith/hdl/rtl/ldl_kernel.sv:289$451_Y $lt$/headless/otolith/hdl/rtl/ldl_kernel.sv:289$450_Y $gt$/headless/otolith/hdl/rtl/ldl_kernel.sv:274$445_Y $eq$/headless/otolith/hdl/rtl/ldl_kernel.sv:252$433_Y \div_ld \out_ready \start \in_valid $auto$opt_reduce.cc:137:opt_pmux$6230 }
  ctrl outputs: { $procmux$4767_CMP $procmux$4699_CMP $procmux$4698_CMP $procmux$4621_CMP $procmux$4460_CMP $procmux$4459_CMP $procmux$4451_CMP $procmux$4400_CMP $procmux$4397_CMP $procmux$4367_CMP $procmux$4350_CMP $procmux$4349_CMP $procmux$3014_CMP $procmux$2478_CMP $procmux$2477_CMP $procmux$2476_CMP $procmux$2475_CMP $procmux$2474_CMP $procmux$2473_CMP $procmux$2472_CMP $procmux$2471_CMP $procmux$1051_CMP $procmux$1004_CMP $0\st[4:0] \in_ready }
  transition:    5'00000 18'---------------0-- ->    5'00000 29'00000000000000000000000000001
  transition:    5'00000 18'---------------1-- ->    5'00001 29'00000000000000000000000000011
  transition:    5'10000 18'---00------------- ->    5'10001 29'00000100000000000000000100010
  transition:    5'10000 18'---10------------- ->    5'10000 29'00000100000000000000000100000
  transition:    5'10000 18'----1------------- ->    5'10001 29'00000100000000000000000100010
  transition:    5'01000 18'------------------ ->    5'01001 29'00000000000000010000000010010
  transition:    5'00100 18'---------00------- ->    5'00101 29'00000000000001000000000001010
  transition:    5'00100 18'---------10------- ->    5'00110 29'00000000000001000000000001100
  transition:    5'00100 18'----------1------- ->    5'00011 29'00000000000001000000000000110
  transition:    5'10100 18'--0--------------- ->    5'10100 29'00000000000000000000100101000
  transition:    5'10100 18'--1--------------- ->    5'10101 29'00000000000000000000100101010
  transition:    5'01100 18'------------------ ->    5'01101 29'00000000000000001000000011010
  transition:    5'00010 18'-----------0------ ->    5'00110 29'00000000000000000000010001100
  transition:    5'00010 18'-----------1------ ->    5'00011 29'00000000000000000000010000110
  transition:    5'10010 18'------------------ ->    5'01001 29'00000000100000000000000010010
  transition:    5'01010 18'------------------ ->    5'01011 29'00000000000100000000000010110
  transition:    5'00110 18'--------0--------- ->    5'10110 29'00000000000000100000000101100
  transition:    5'00110 18'-------01--------- ->    5'01111 29'00000000000000100000000011110
  transition:    5'00110 18'-------11--------- ->    5'00111 29'00000000000000100000000001110
  transition:    5'10110 18'------------------ ->    5'10111 29'01000000000000000000000101110
  transition:    5'01110 18'-----0-0-----0---- ->    5'01111 29'00000000000000000010000011110
  transition:    5'01110 18'-----0-1-----0---- ->    5'00010 29'00000000000000000010000000100
  transition:    5'01110 18'-----1-------0---- ->    5'00111 29'00000000000000000010000001110
  transition:    5'01110 18'-----0-------1---- ->    5'10011 29'00000000000000000010000100110
  transition:    5'01110 18'-----1-------1---- ->    5'10010 29'00000000000000000010000100100
  transition:    5'00001 18'----------------0- ->    5'00001 29'00000000000010000000000000010
  transition:    5'00001 18'------------0---1- ->    5'00001 29'00000000000010000000000000010
  transition:    5'00001 18'------------1---1- ->    5'00110 29'00000000000010000000000001100
  transition:    5'10001 18'-----0------------ ->    5'10010 29'00000000000000000001000100100
  transition:    5'10001 18'-----1------------ ->    5'10000 29'00000000000000000001000100000
  transition:    5'01001 18'------------------ ->    5'01010 29'00000000010000000000000010100
  transition:    5'00101 18'------------------ ->    5'01000 29'10000000000000000000000010000
  transition:    5'10101 18'-0---------------- ->    5'10011 29'00010000000000000000000100110
  transition:    5'10101 18'-1---------------- ->    5'10110 29'00010000000000000000000101100
  transition:    5'01101 18'------------------ ->    5'01110 29'00000000000000000100000011100
  transition:    5'00011 18'------------------ ->    5'00100 29'00000000001000000000000001000
  transition:    5'10011 18'------------------ ->    5'10100 29'00000010000000000000000101000
  transition:    5'01011 18'------0----------- ->    5'01100 29'00000001000000000000000011000
  transition:    5'01011 18'------1----------- ->    5'01001 29'00000001000000000000000010010
  transition:    5'00111 18'-----------0------ ->    5'00101 29'00000000000000000000001001010
  transition:    5'00111 18'-----------1------ ->    5'00011 29'00000000000000000000001000110
  transition:    5'10111 18'--------------0--- ->    5'10111 29'00100000000000000000000101110
  transition:    5'10111 18'0-------------1--- ->    5'10111 29'00100000000000000000000101110
  transition:    5'10111 18'1-------------1--- ->    5'00000 29'00100000000000000000000000000
  transition:    5'01111 18'------------------ ->    5'10000 29'00001000000000000000000100000

54.3. Executing FSM_OPT pass (simple optimizations of FSMs).
Optimizing FSM `$fsm$\st$6249' from module `\ldl_kernel'.
  Removing unused input signal $auto$opt_reduce.cc:137:opt_pmux$6230.

54.4. Executing OPT_CLEAN pass (remove unused cells and wires).
Finding unused cells or wires in module \ldl_kernel..
Removed 47 unused cells and 47 unused wires.
<suppressed ~48 debug messages>

54.5. Executing FSM_OPT pass (simple optimizations of FSMs).
Optimizing FSM `$fsm$\st$6249' from module `\ldl_kernel'.
  Removing unused output signal $0\st[4:0] [0].
  Removing unused output signal $0\st[4:0] [1].
  Removing unused output signal $0\st[4:0] [2].
  Removing unused output signal $0\st[4:0] [3].
  Removing unused output signal $0\st[4:0] [4].
  Removing unused output signal $procmux$4767_CMP.

54.6. Executing FSM_RECODE pass (re-assigning FSM state encoding).
Recoding FSM `$fsm$\st$6249' from module `\ldl_kernel' using `auto' encoding:
  mapping auto encoding to `one-hot` for this FSM.
  00000 -> -----------------------1
  10000 -> ----------------------1-
  01000 -> ---------------------1--
  00100 -> --------------------1---
  10100 -> -------------------1----
  01100 -> ------------------1-----
  00010 -> -----------------1------
  10010 -> ----------------1-------
  01010 -> ---------------1--------
  00110 -> --------------1---------
  10110 -> -------------1----------
  01110 -> ------------1-----------
  00001 -> -----------1------------
  10001 -> ----------1-------------
  01001 -> ---------1--------------
  00101 -> --------1---------------
  10101 -> -------1----------------
  01101 -> ------1-----------------
  00011 -> -----1------------------
  10011 -> ----1-------------------
  01011 -> ---1--------------------
  00111 -> --1---------------------
  10111 -> -1----------------------
  01111 -> 1-----------------------

54.7. Executing FSM_INFO pass (dumping all available information on FSM cells).

FSM `$fsm$\st$6249' from module `ldl_kernel':
-------------------------------------

  Information on FSM $fsm$\st$6249 (\st):

  Number of input signals:   17
  Number of output signals:  23
  Number of state bits:      24

  Input signals:
    0: \in_valid
    1: \start
    2: \out_ready
    3: \div_ld
    4: $eq$/headless/otolith/hdl/rtl/ldl_kernel.sv:252$433_Y
    5: $gt$/headless/otolith/hdl/rtl/ldl_kernel.sv:274$445_Y
    6: $lt$/headless/otolith/hdl/rtl/ldl_kernel.sv:289$450_Y
    7: $eq$/headless/otolith/hdl/rtl/ldl_kernel.sv:289$451_Y
    8: $gt$/headless/otolith/hdl/rtl/ldl_kernel.sv:298$454_Y
    9: $lt$/headless/otolith/hdl/rtl/ldl_kernel.sv:301$457_Y
   10: $lt$/headless/otolith/hdl/rtl/ldl_kernel.sv:340$467_Y
   11: $lt$/headless/otolith/hdl/rtl/ldl_kernel.sv:363$484_Y
   12: $ge$/headless/otolith/hdl/rtl/ldl_kernel.sv:398$493_Y
   13: $lt$/headless/otolith/hdl/rtl/ldl_kernel.sv:403$497_Y
   14: $ge$/headless/otolith/hdl/rtl/ldl_kernel.sv:437$514_Y
   15: $eq$/headless/otolith/hdl/rtl/ldl_kernel.sv:448$519_Y
   16: $ge$/headless/otolith/hdl/rtl/ldl_kernel.sv:467$523_Y

  Output signals:
    0: \in_ready
    1: $procmux$1004_CMP
    2: $procmux$1051_CMP
    3: $procmux$2471_CMP
    4: $procmux$2472_CMP
    5: $procmux$2473_CMP
    6: $procmux$2474_CMP
    7: $procmux$2475_CMP
    8: $procmux$2476_CMP
    9: $procmux$2477_CMP
   10: $procmux$2478_CMP
   11: $procmux$3014_CMP
   12: $procmux$4349_CMP
   13: $procmux$4350_CMP
   14: $procmux$4367_CMP
   15: $procmux$4397_CMP
   16: $procmux$4400_CMP
   17: $procmux$4451_CMP
   18: $procmux$4459_CMP
   19: $procmux$4460_CMP
   20: $procmux$4621_CMP
   21: $procmux$4698_CMP
   22: $procmux$4699_CMP

  State encoding:
    0: 24'-----------------------1  <RESET STATE>
    1: 24'----------------------1-
    2: 24'---------------------1--
    3: 24'--------------------1---
    4: 24'-------------------1----
    5: 24'------------------1-----
    6: 24'-----------------1------
    7: 24'----------------1-------
    8: 24'---------------1--------
    9: 24'--------------1---------
   10: 24'-------------1----------
   11: 24'------------1-----------
   12: 24'-----------1------------
   13: 24'----------1-------------
   14: 24'---------1--------------
   15: 24'--------1---------------
   16: 24'-------1----------------
   17: 24'------1-----------------
   18: 24'-----1------------------
   19: 24'----1-------------------
   20: 24'---1--------------------
   21: 24'--1---------------------
   22: 24'-1----------------------
   23: 24'1-----------------------

  Transition Table (state_in, ctrl_in, state_out, ctrl_out):
      0:     0 17'---------------0-   ->     0 23'00000000000000000000001
      1:     0 17'---------------1-   ->    12 23'00000000000000000000001
      2:     1 17'---10------------   ->     1 23'00001000000000000000000
      3:     1 17'---00------------   ->    13 23'00001000000000000000000
      4:     1 17'----1------------   ->    13 23'00001000000000000000000
      5:     2 17'-----------------   ->    14 23'00000000000000100000000
      6:     3 17'---------10------   ->     9 23'00000000000010000000000
      7:     3 17'---------00------   ->    15 23'00000000000010000000000
      8:     3 17'----------1------   ->    18 23'00000000000010000000000
      9:     4 17'--0--------------   ->     4 23'00000000000000000001000
     10:     4 17'--1--------------   ->    16 23'00000000000000000001000
     11:     5 17'-----------------   ->    17 23'00000000000000010000000
     12:     6 17'-----------0-----   ->     9 23'00000000000000000000100
     13:     6 17'-----------1-----   ->    18 23'00000000000000000000100
     14:     7 17'-----------------   ->    14 23'00000001000000000000000
     15:     8 17'-----------------   ->    20 23'00000000001000000000000
     16:     9 17'--------0--------   ->    10 23'00000000000001000000000
     17:     9 17'-------11--------   ->    21 23'00000000000001000000000
     18:     9 17'-------01--------   ->    23 23'00000000000001000000000
     19:    10 17'-----------------   ->    22 23'10000000000000000000000
     20:    11 17'-----0-1-----0---   ->     6 23'00000000000000000100000
     21:    11 17'-----1-------1---   ->     7 23'00000000000000000100000
     22:    11 17'-----0-------1---   ->    19 23'00000000000000000100000
     23:    11 17'-----1-------0---   ->    21 23'00000000000000000100000
     24:    11 17'-----0-0-----0---   ->    23 23'00000000000000000100000
     25:    12 17'------------1---1   ->     9 23'00000000000100000000000
     26:    12 17'----------------0   ->    12 23'00000000000100000000000
     27:    12 17'------------0---1   ->    12 23'00000000000100000000000
     28:    13 17'-----1-----------   ->     1 23'00000000000000000010000
     29:    13 17'-----0-----------   ->     7 23'00000000000000000010000
     30:    14 17'-----------------   ->     8 23'00000000100000000000000
     31:    15 17'-----------------   ->     2 23'00000000000000000000000
     32:    16 17'-1---------------   ->    10 23'00100000000000000000000
     33:    16 17'-0---------------   ->    19 23'00100000000000000000000
     34:    17 17'-----------------   ->    11 23'00000000000000001000000
     35:    18 17'-----------------   ->     3 23'00000000010000000000000
     36:    19 17'-----------------   ->     4 23'00000100000000000000000
     37:    20 17'------0----------   ->     5 23'00000010000000000000000
     38:    20 17'------1----------   ->    14 23'00000010000000000000000
     39:    21 17'-----------0-----   ->    15 23'00000000000000000000010
     40:    21 17'-----------1-----   ->    18 23'00000000000000000000010
     41:    22 17'1-------------1--   ->     0 23'01000000000000000000000
     42:    22 17'--------------0--   ->    22 23'01000000000000000000000
     43:    22 17'0-------------1--   ->    22 23'01000000000000000000000
     44:    23 17'-----------------   ->     1 23'00010000000000000000000

-------------------------------------

54.8. Executing FSM_MAP pass (mapping FSMs to basic logic).
Mapping FSM `$fsm$\st$6249' from module `\ldl_kernel'.

55. Executing OPT_EXPR pass (perform const folding).
Optimizing module ldl_kernel.
<suppressed ~21 debug messages>

56. Executing OPT_MERGE pass (detect identical cells).
Finding identical cells in module `\ldl_kernel'.
Computing hashes of 863 cells of `\ldl_kernel'.
Finding duplicate cells in `\ldl_kernel'.
Computing hashes of 861 cells of `\ldl_kernel'.
Finding duplicate cells in `\ldl_kernel'.
<suppressed ~6 debug messages>
Removed a total of 2 cells.

57. Executing OPT_MUXTREE pass (detect dead branches in mux trees).
Running muxtree optimizer on module \ldl_kernel..
  Creating internal representation of mux trees.
  Evaluating internal representation of mux trees.
  Analyzing evaluation results.
Removed 0 multiplexer ports.
<suppressed ~549 debug messages>

58. Executing OPT_REDUCE pass (consolidate $*mux and $reduce_* inputs).
  Optimizing cells in module \ldl_kernel.
Performed a total of 0 changes.

59. Executing OPT_MERGE pass (detect identical cells).
Finding identical cells in module `\ldl_kernel'.
Computing hashes of 861 cells of `\ldl_kernel'.
Finding duplicate cells in `\ldl_kernel'.
Removed a total of 0 cells.

60. Executing OPT_DFF pass (perform DFF optimizations).
Adding EN signal on $procdff$6056 ($dff) from module ldl_kernel (D = \p1 [63:0], Q = \L_r[14]).
Adding EN signal on $procdff$6049 ($dff) from module ldl_kernel (D = \p1 [63:0], Q = \L_r[13]).
Adding EN signal on $procdff$6042 ($dff) from module ldl_kernel (D = \p1 [63:0], Q = \L_r[12]).
Adding EN signal on $procdff$6035 ($dff) from module ldl_kernel (D = \p1 [63:0], Q = \L_r[11]).
Adding EN signal on $procdff$6028 ($dff) from module ldl_kernel (D = \p1 [63:0], Q = \L_r[10]).
Adding EN signal on $procdff$6021 ($dff) from module ldl_kernel (D = \p1 [63:0], Q = \L_r[9]).
Adding EN signal on $procdff$6014 ($dff) from module ldl_kernel (D = \p1 [63:0], Q = \L_r[8]).
Adding EN signal on $procdff$6007 ($dff) from module ldl_kernel (D = \p1 [63:0], Q = \L_r[7]).
Adding EN signal on $procdff$6000 ($dff) from module ldl_kernel (D = \p1 [63:0], Q = \L_r[6]).
Adding EN signal on $procdff$5993 ($dff) from module ldl_kernel (D = \p1 [63:0], Q = \L_r[5]).
Adding EN signal on $procdff$5986 ($dff) from module ldl_kernel (D = \p1 [63:0], Q = \L_r[4]).
Adding EN signal on $procdff$5979 ($dff) from module ldl_kernel (D = \p1 [63:0], Q = \L_r[3]).
Adding EN signal on $procdff$5972 ($dff) from module ldl_kernel (D = \p1 [63:0], Q = \L_r[2]).
Adding EN signal on $procdff$5965 ($dff) from module ldl_kernel (D = \p1 [63:0], Q = \L_r[1]).
Adding EN signal on $procdff$5958 ($dff) from module ldl_kernel (D = \p1 [63:0], Q = \L_r[0]).
Adding EN signal on $procdff$5951 ($dff) from module ldl_kernel (D = \fixed_pkg::s_narrow96to48$func$/headless/otolith/hdl/rtl/ldl_kernel.sv:207$19.$result [63:0], Q = \D_r[5]).
Adding EN signal on $procdff$5944 ($dff) from module ldl_kernel (D = \fixed_pkg::s_narrow96to48$func$/headless/otolith/hdl/rtl/ldl_kernel.sv:207$19.$result [63:0], Q = \D_r[4]).
Adding EN signal on $procdff$5937 ($dff) from module ldl_kernel (D = \fixed_pkg::s_narrow96to48$func$/headless/otolith/hdl/rtl/ldl_kernel.sv:207$19.$result [63:0], Q = \D_r[3]).
Adding EN signal on $procdff$5930 ($dff) from module ldl_kernel (D = \fixed_pkg::s_narrow96to48$func$/headless/otolith/hdl/rtl/ldl_kernel.sv:207$19.$result [63:0], Q = \D_r[2]).
Adding EN signal on $procdff$5923 ($dff) from module ldl_kernel (D = \fixed_pkg::s_narrow96to48$func$/headless/otolith/hdl/rtl/ldl_kernel.sv:207$19.$result [63:0], Q = \D_r[1]).
Adding EN signal on $procdff$5916 ($dff) from module ldl_kernel (D = \fixed_pkg::s_narrow96to48$func$/headless/otolith/hdl/rtl/ldl_kernel.sv:207$19.$result [63:0], Q = \D_r[0]).
Adding EN signal on $procdff$5909 ($dff) from module ldl_kernel (D = $0\X_r[5][63:0], Q = \X_r[5]).
Adding EN signal on $procdff$5902 ($dff) from module ldl_kernel (D = $0\X_r[4][63:0], Q = \X_r[4]).
Adding EN signal on $procdff$5895 ($dff) from module ldl_kernel (D = $0\X_r[3][63:0], Q = \X_r[3]).
Adding EN signal on $procdff$5888 ($dff) from module ldl_kernel (D = $0\X_r[2][63:0], Q = \X_r[2]).
Adding EN signal on $procdff$5881 ($dff) from module ldl_kernel (D = $0\X_r[1][63:0], Q = \X_r[1]).
Adding EN signal on $procdff$5874 ($dff) from module ldl_kernel (D = $0\X_r[0][63:0], Q = \X_r[0]).
Adding EN signal on $procdff$5867 ($dff) from module ldl_kernel (D = \in_data, Q = \B_r[5]).
Adding EN signal on $procdff$5860 ($dff) from module ldl_kernel (D = \in_data, Q = \B_r[4]).
Adding EN signal on $procdff$5853 ($dff) from module ldl_kernel (D = \in_data, Q = \B_r[3]).
Adding EN signal on $procdff$5846 ($dff) from module ldl_kernel (D = \in_data, Q = \B_r[2]).
Adding EN signal on $procdff$5839 ($dff) from module ldl_kernel (D = \in_data, Q = \B_r[1]).
Adding EN signal on $procdff$5832 ($dff) from module ldl_kernel (D = \in_data, Q = \B_r[0]).
Adding EN signal on $procdff$5825 ($dff) from module ldl_kernel (D = \in_data, Q = \S_r[20]).
Adding EN signal on $procdff$5818 ($dff) from module ldl_kernel (D = \in_data, Q = \S_r[19]).
Adding EN signal on $procdff$5811 ($dff) from module ldl_kernel (D = \in_data, Q = \S_r[18]).
Adding EN signal on $procdff$5804 ($dff) from module ldl_kernel (D = \in_data, Q = \S_r[17]).
Adding EN signal on $procdff$5797 ($dff) from module ldl_kernel (D = \in_data, Q = \S_r[16]).
Adding EN signal on $procdff$5790 ($dff) from module ldl_kernel (D = \in_data, Q = \S_r[15]).
Adding EN signal on $procdff$5783 ($dff) from module ldl_kernel (D = \in_data, Q = \S_r[14]).
Adding EN signal on $procdff$5776 ($dff) from module ldl_kernel (D = \in_data, Q = \S_r[13]).
Adding EN signal on $procdff$5769 ($dff) from module ldl_kernel (D = \in_data, Q = \S_r[12]).
Adding EN signal on $procdff$5762 ($dff) from module ldl_kernel (D = \in_data, Q = \S_r[11]).
Adding EN signal on $procdff$5755 ($dff) from module ldl_kernel (D = \in_data, Q = \S_r[10]).
Adding EN signal on $procdff$5748 ($dff) from module ldl_kernel (D = \in_data, Q = \S_r[9]).
Adding EN signal on $procdff$5741 ($dff) from module ldl_kernel (D = \in_data, Q = \S_r[8]).
Adding EN signal on $procdff$5734 ($dff) from module ldl_kernel (D = \in_data, Q = \S_r[7]).
Adding EN signal on $procdff$5727 ($dff) from module ldl_kernel (D = \in_data, Q = \S_r[6]).
Adding EN signal on $procdff$5720 ($dff) from module ldl_kernel (D = \in_data, Q = \S_r[5]).
Adding EN signal on $procdff$5713 ($dff) from module ldl_kernel (D = \in_data, Q = \S_r[4]).
Adding EN signal on $procdff$5706 ($dff) from module ldl_kernel (D = \in_data, Q = \S_r[3]).
Adding EN signal on $procdff$5699 ($dff) from module ldl_kernel (D = \in_data, Q = \S_r[2]).
Adding EN signal on $procdff$5692 ($dff) from module ldl_kernel (D = \in_data, Q = \S_r[1]).
Adding EN signal on $procdff$5685 ($dff) from module ldl_kernel (D = \in_data, Q = \S_r[0]).
Adding EN signal on $procdff$5538 ($adff) from module ldl_kernel (D = \fixed_pkg::s_narrow96to48$func$/headless/otolith/hdl/rtl/ldl_kernel.sv:163$14.$result, Q = \p1).
Adding EN signal on $procdff$5528 ($adff) from module ldl_kernel (D = \fixed_pkg::s_narrow96to48$func$/headless/otolith/hdl/rtl/ldl_kernel.sv:163$14.$result [63:0], Q = \mr_r).
Adding EN signal on $procdff$5518 ($adff) from module ldl_kernel (D = $0\r_r[63:0], Q = \r_r).
Adding EN signal on $procdff$5508 ($adff) from module ldl_kernel (D = \rs_h, Q = \recip).
Adding EN signal on $procdff$5503 ($adff) from module ldl_kernel (D = $0\num[63:0], Q = \num).
Adding EN signal on $procdff$5498 ($adff) from module ldl_kernel (D = $0\acc[127:0], Q = \acc).
Adding EN signal on $procdff$5488 ($adff) from module ldl_kernel (D = $0\div_sel[0:0], Q = \div_sel).
Adding EN signal on $procdff$5483 ($adff) from module ldl_kernel (D = $0\div_ld[0:0], Q = \div_ld).
Adding EN signal on $procdff$5478 ($adff) from module ldl_kernel (D = $0\kk[31:0], Q = \kk).
Adding EN signal on $procdff$5473 ($adff) from module ldl_kernel (D = \jj, Q = \nb).
Adding EN signal on $procdff$5468 ($adff) from module ldl_kernel (D = \jj, Q = \rj).
Adding EN signal on $procdff$5463 ($adff) from module ldl_kernel (D = $0\ri[31:0], Q = \ri).
Adding EN signal on $procdff$5458 ($adff) from module ldl_kernel (D = $0\ii[31:0], Q = \ii).
Adding EN signal on $procdff$5453 ($adff) from module ldl_kernel (D = $0\jj[31:0], Q = \jj).
Adding EN signal on $procdff$5448 ($adff) from module ldl_kernel (D = $0\ld_i[31:0], Q = \ld_i).
Adding EN signal on $procdff$5433 ($adff) from module ldl_kernel (D = $0\pd[0:0], Q = \pd).
Adding EN signal on $procdff$5428 ($adff) from module ldl_kernel (D = $0\done[0:0], Q = \done).
Adding EN signal on $procdff$5423 ($adff) from module ldl_kernel (D = $0\busy[0:0], Q = \busy).
Adding EN signal on $procdff$5418 ($adff) from module ldl_kernel (D = $0\out_valid[0:0], Q = \out_valid).
Adding EN signal on $procdff$5413 ($adff) from module ldl_kernel (D = $0\it[31:0], Q = \it).

61. Executing OPT_CLEAN pass (remove unused cells and wires).
Finding unused cells or wires in module \ldl_kernel..
Removed 224 unused cells and 260 unused wires.
<suppressed ~225 debug messages>

62. Executing OPT_EXPR pass (perform const folding).
Optimizing module ldl_kernel.
<suppressed ~21 debug messages>

63. Rerunning OPT passes. (Maybe there is more to do…)

64. Executing OPT_MUXTREE pass (detect dead branches in mux trees).
Running muxtree optimizer on module \ldl_kernel..
  Creating internal representation of mux trees.
  Evaluating internal representation of mux trees.
  Analyzing evaluation results.
Removed 0 multiplexer ports.
<suppressed ~269 debug messages>

65. Executing OPT_REDUCE pass (consolidate $*mux and $reduce_* inputs).
  Optimizing cells in module \ldl_kernel.
Performed a total of 0 changes.

66. Executing OPT_MERGE pass (detect identical cells).
Finding identical cells in module `\ldl_kernel'.
Computing hashes of 819 cells of `\ldl_kernel'.
Finding duplicate cells in `\ldl_kernel'.
Computing hashes of 740 cells of `\ldl_kernel'.
Finding duplicate cells in `\ldl_kernel'.
Computing hashes of 736 cells of `\ldl_kernel'.
Finding duplicate cells in `\ldl_kernel'.
<suppressed ~249 debug messages>
Removed a total of 83 cells.

67. Executing OPT_DFF pass (perform DFF optimizations).

68. Executing OPT_CLEAN pass (remove unused cells and wires).
Finding unused cells or wires in module \ldl_kernel..
Removed 0 unused cells and 81 unused wires.
<suppressed ~1 debug messages>

69. Executing OPT_EXPR pass (perform const folding).
Optimizing module ldl_kernel.

70. Rerunning OPT passes. (Maybe there is more to do…)

71. Executing OPT_MUXTREE pass (detect dead branches in mux trees).
Running muxtree optimizer on module \ldl_kernel..
  Creating internal representation of mux trees.
  Evaluating internal representation of mux trees.
  Analyzing evaluation results.
Removed 0 multiplexer ports.
<suppressed ~274 debug messages>

72. Executing OPT_REDUCE pass (consolidate $*mux and $reduce_* inputs).
  Optimizing cells in module \ldl_kernel.
Performed a total of 0 changes.

73. Executing OPT_MERGE pass (detect identical cells).
Finding identical cells in module `\ldl_kernel'.
Computing hashes of 736 cells of `\ldl_kernel'.
Finding duplicate cells in `\ldl_kernel'.
Removed a total of 0 cells.

74. Executing OPT_DFF pass (perform DFF optimizations).

75. Executing OPT_CLEAN pass (remove unused cells and wires).
Finding unused cells or wires in module \ldl_kernel..

76. Executing OPT_EXPR pass (perform const folding).
Optimizing module ldl_kernel.

77. Executing WREDUCE pass (reducing word size of cells).
Removed top 1 bits (of 2) from port B of cell ldl_kernel.$auto$opt_dff.cc:320:make_patterns_logic$6863 ($ne).
Removed top 1 bits (of 2) from port B of cell ldl_kernel.$auto$opt_dff.cc:320:make_patterns_logic$6854 ($ne).
Removed top 1 bits (of 2) from port B of cell ldl_kernel.$auto$opt_dff.cc:320:make_patterns_logic$6790 ($ne).
Removed top 2 bits (of 3) from port B of cell ldl_kernel.$auto$opt_dff.cc:320:make_patterns_logic$6788 ($ne).
Removed top 1 bits (of 2) from port B of cell ldl_kernel.$auto$opt_dff.cc:320:make_patterns_logic$6786 ($ne).
Removed top 1 bits (of 2) from port B of cell ldl_kernel.$auto$opt_dff.cc:320:make_patterns_logic$6784 ($ne).
Removed top 1 bits (of 2) from port B of cell ldl_kernel.$auto$opt_dff.cc:320:make_patterns_logic$6737 ($ne).
Removed top 1 bits (of 2) from port B of cell ldl_kernel.$auto$opt_dff.cc:320:make_patterns_logic$6620 ($ne).
Removed top 1 bits (of 2) from port B of cell ldl_kernel.$auto$opt_dff.cc:320:make_patterns_logic$6616 ($ne).
Removed top 1 bits (of 2) from port B of cell ldl_kernel.$auto$opt_dff.cc:320:make_patterns_logic$6614 ($ne).
Removed top 1 bits (of 2) from port B of cell ldl_kernel.$auto$opt_dff.cc:320:make_patterns_logic$6612 ($ne).
Removed top 1 bits (of 2) from port B of cell ldl_kernel.$auto$opt_dff.cc:320:make_patterns_logic$6603 ($ne).
Removed top 1 bits (of 2) from port B of cell ldl_kernel.$auto$opt_dff.cc:320:make_patterns_logic$6599 ($ne).
Removed top 1 bits (of 2) from port B of cell ldl_kernel.$auto$opt_dff.cc:320:make_patterns_logic$6586 ($ne).
Removed top 1 bits (of 2) from port B of cell ldl_kernel.$auto$opt_dff.cc:320:make_patterns_logic$6582 ($ne).
Removed top 1 bits (of 2) from port B of cell ldl_kernel.$auto$opt_dff.cc:320:make_patterns_logic$6569 ($ne).
Removed top 1 bits (of 2) from port B of cell ldl_kernel.$auto$opt_dff.cc:320:make_patterns_logic$6565 ($ne).
Removed top 1 bits (of 2) from port B of cell ldl_kernel.$auto$opt_dff.cc:320:make_patterns_logic$6552 ($ne).
Removed top 1 bits (of 2) from port B of cell ldl_kernel.$auto$opt_dff.cc:320:make_patterns_logic$6548 ($ne).
Removed top 1 bits (of 2) from port B of cell ldl_kernel.$auto$opt_dff.cc:320:make_patterns_logic$6535 ($ne).
Removed top 1 bits (of 2) from port B of cell ldl_kernel.$auto$opt_dff.cc:320:make_patterns_logic$6531 ($ne).
Removed top 1 bits (of 2) from port B of cell ldl_kernel.$auto$fsm_map.cc:77:implement_pattern_cache$6424 ($eq).
Removed top 1 bits (of 2) from port B of cell ldl_kernel.$auto$fsm_map.cc:77:implement_pattern_cache$6415 ($eq).
Removed top 1 bits (of 2) from port B of cell ldl_kernel.$auto$fsm_map.cc:77:implement_pattern_cache$6393 ($eq).
Removed top 1 bits (of 2) from port B of cell ldl_kernel.$auto$fsm_map.cc:77:implement_pattern_cache$6346 ($eq).
Removed top 1 bits (of 3) from port B of cell ldl_kernel.$auto$fsm_map.cc:77:implement_pattern_cache$6307 ($eq).
Removed top 31 bits (of 32) from port B of cell ldl_kernel.$lt$/headless/otolith/hdl/rtl/ldl_kernel.sv:133$69 ($lt).
Removed top 63 bits (of 64) from port B of cell ldl_kernel.$add$/headless/otolith/hdl/rtl/ldl_kernel.sv:133$71 ($add).
Removed top 2 bits (of 9) from port A of cell ldl_kernel.$sub$/headless/otolith/hdl/rtl/ldl_kernel.sv:135$137 ($sub).
Removed top 4 bits (of 9) from port B of cell ldl_kernel.$sub$/headless/otolith/hdl/rtl/ldl_kernel.sv:135$137 ($sub).
Removed top 1 bits (of 9) from port Y of cell ldl_kernel.$sub$/headless/otolith/hdl/rtl/ldl_kernel.sv:135$137 ($sub).
Removed top 1 bits (of 9) from port A of cell ldl_kernel.$neg$/headless/otolith/hdl/rtl/ldl_kernel.sv:136$138 ($neg).
Removed top 3 bits (of 9) from port Y of cell ldl_kernel.$neg$/headless/otolith/hdl/rtl/ldl_kernel.sv:136$138 ($neg).
Removed top 2 bits (of 8) from port A of cell ldl_kernel.$neg$/headless/otolith/hdl/rtl/ldl_kernel.sv:136$138 ($neg).
Removed top 1 bits (of 9) from port A of cell ldl_kernel.$ge$/headless/otolith/hdl/rtl/ldl_kernel.sv:168$147 ($ge).
Removed top 31 bits (of 32) from port B of cell ldl_kernel.$ge$/headless/otolith/hdl/rtl/ldl_kernel.sv:168$147 ($ge).
Removed top 64 bits (of 128) from port B of cell ldl_kernel.$gt$/headless/otolith/hdl/rtl/ldl_kernel.sv:169$149 ($gt).
Removed top 64 bits (of 128) from port A of cell ldl_kernel.$shl$/headless/otolith/hdl/rtl/ldl_kernel.sv:174$150 ($shl).
Removed top 30 bits (of 32) from port B of cell ldl_kernel.$sub$/headless/otolith/hdl/rtl/ldl_kernel.sv:54$205 ($sub).
Removed top 28 bits (of 32) from port Y of cell ldl_kernel.$add$/headless/otolith/hdl/rtl/ldl_kernel.sv:54$208 ($add).
Removed top 28 bits (of 32) from port A of cell ldl_kernel.$add$/headless/otolith/hdl/rtl/ldl_kernel.sv:54$208 ($add).
Removed top 28 bits (of 32) from port B of cell ldl_kernel.$add$/headless/otolith/hdl/rtl/ldl_kernel.sv:54$208 ($add).
Removed top 30 bits (of 32) from port B of cell ldl_kernel.$sub$/headless/otolith/hdl/rtl/ldl_kernel.sv:54$211 ($sub).
Removed top 28 bits (of 32) from port Y of cell ldl_kernel.$add$/headless/otolith/hdl/rtl/ldl_kernel.sv:54$214 ($add).
Removed top 28 bits (of 32) from port A of cell ldl_kernel.$add$/headless/otolith/hdl/rtl/ldl_kernel.sv:54$214 ($add).
Removed top 28 bits (of 32) from port B of cell ldl_kernel.$add$/headless/otolith/hdl/rtl/ldl_kernel.sv:54$214 ($add).
Removed top 28 bits (of 32) from port Y of cell ldl_kernel.$add$/headless/otolith/hdl/rtl/ldl_kernel.sv:54$219 ($add).
Removed top 28 bits (of 32) from port A of cell ldl_kernel.$add$/headless/otolith/hdl/rtl/ldl_kernel.sv:54$219 ($add).
Removed top 28 bits (of 32) from port B of cell ldl_kernel.$add$/headless/otolith/hdl/rtl/ldl_kernel.sv:54$219 ($add).
Removed top 30 bits (of 32) from port B of cell ldl_kernel.$sub$/headless/otolith/hdl/rtl/ldl_kernel.sv:54$222 ($sub).
Removed top 28 bits (of 32) from port Y of cell ldl_kernel.$add$/headless/otolith/hdl/rtl/ldl_kernel.sv:54$225 ($add).
Removed top 28 bits (of 32) from port A of cell ldl_kernel.$add$/headless/otolith/hdl/rtl/ldl_kernel.sv:54$225 ($add).
Removed top 28 bits (of 32) from port B of cell ldl_kernel.$add$/headless/otolith/hdl/rtl/ldl_kernel.sv:54$225 ($add).
Removed top 26 bits (of 32) from port B of cell ldl_kernel.$eq$/headless/otolith/hdl/rtl/ldl_kernel.sv:252$433 ($eq).
Removed top 27 bits (of 32) from port Y of cell ldl_kernel.$add$/headless/otolith/hdl/rtl/ldl_kernel.sv:49$442 ($add).
Removed top 27 bits (of 32) from port A of cell ldl_kernel.$add$/headless/otolith/hdl/rtl/ldl_kernel.sv:49$442 ($add).
Removed top 27 bits (of 32) from port B of cell ldl_kernel.$add$/headless/otolith/hdl/rtl/ldl_kernel.sv:49$442 ($add).
Removed top 31 bits (of 32) from port B of cell ldl_kernel.$gt$/headless/otolith/hdl/rtl/ldl_kernel.sv:298$454 ($gt).
Removed top 27 bits (of 32) from port Y of cell ldl_kernel.$add$/headless/otolith/hdl/rtl/ldl_kernel.sv:49$462 ($add).
Removed top 27 bits (of 32) from port A of cell ldl_kernel.$add$/headless/otolith/hdl/rtl/ldl_kernel.sv:49$462 ($add).
Removed top 27 bits (of 32) from port B of cell ldl_kernel.$add$/headless/otolith/hdl/rtl/ldl_kernel.sv:49$462 ($add).
Removed top 31 bits (of 32) from port B of cell ldl_kernel.$gt$/headless/otolith/hdl/rtl/ldl_kernel.sv:314$465 ($gt).
Removed top 28 bits (of 32) from port B of cell ldl_kernel.$lt$/headless/otolith/hdl/rtl/ldl_kernel.sv:340$467 ($lt).
Removed top 30 bits (of 32) from port B of cell ldl_kernel.$add$/headless/otolith/hdl/rtl/ldl_kernel.sv:342$468 ($add).
Removed top 28 bits (of 32) from port Y of cell ldl_kernel.$add$/headless/otolith/hdl/rtl/ldl_kernel.sv:54$482 ($add).
Removed top 28 bits (of 32) from port A of cell ldl_kernel.$add$/headless/otolith/hdl/rtl/ldl_kernel.sv:54$482 ($add).
Removed top 28 bits (of 32) from port B of cell ldl_kernel.$add$/headless/otolith/hdl/rtl/ldl_kernel.sv:54$482 ($add).
Removed top 28 bits (of 32) from port B of cell ldl_kernel.$lt$/headless/otolith/hdl/rtl/ldl_kernel.sv:367$487 ($lt).
Removed top 30 bits (of 32) from port B of cell ldl_kernel.$add$/headless/otolith/hdl/rtl/ldl_kernel.sv:368$488 ($add).
Removed top 28 bits (of 32) from port B of cell ldl_kernel.$lt$/headless/otolith/hdl/rtl/ldl_kernel.sv:412$500 ($lt).
Removed top 30 bits (of 32) from port B of cell ldl_kernel.$add$/headless/otolith/hdl/rtl/ldl_kernel.sv:433$513 ($add).
Removed top 28 bits (of 32) from port B of cell ldl_kernel.$ge$/headless/otolith/hdl/rtl/ldl_kernel.sv:437$514 ($ge).
Removed top 30 bits (of 32) from port B of cell ldl_kernel.$add$/headless/otolith/hdl/rtl/ldl_kernel.sv:443$518 ($add).
Removed top 30 bits (of 32) from port B of cell ldl_kernel.$sub$/headless/otolith/hdl/rtl/ldl_kernel.sv:451$520 ($sub).
Removed top 30 bits (of 32) from port B of cell ldl_kernel.$add$/headless/otolith/hdl/rtl/ldl_kernel.sv:467$522 ($add).
Removed top 26 bits (of 32) from port B of cell ldl_kernel.$ge$/headless/otolith/hdl/rtl/ldl_kernel.sv:467$523 ($ge).
Removed top 27 bits (of 32) from port B of cell ldl_kernel.$lt$/headless/otolith/hdl/rtl/ldl_kernel.sv:484$533 ($lt).
Removed top 26 bits (of 32) from port B of cell ldl_kernel.$lt$/headless/otolith/hdl/rtl/ldl_kernel.sv:485$541 ($lt).
Removed top 27 bits (of 32) from port B of cell ldl_kernel.$sub$/headless/otolith/hdl/rtl/ldl_kernel.sv:485$546 ($sub).
Removed top 29 bits (of 32) from port Y of cell ldl_kernel.$sub$/headless/otolith/hdl/rtl/ldl_kernel.sv:485$546 ($sub).
Removed top 29 bits (of 32) from port A of cell ldl_kernel.$sub$/headless/otolith/hdl/rtl/ldl_kernel.sv:485$546 ($sub).
Removed top 4 bits (of 5) from port B of cell ldl_kernel.$sub$/headless/otolith/hdl/rtl/ldl_kernel.sv:485$546 ($sub).
Removed top 26 bits (of 32) from port B of cell ldl_kernel.$sub$/headless/otolith/hdl/rtl/ldl_kernel.sv:486$548 ($sub).
Removed top 29 bits (of 32) from port Y of cell ldl_kernel.$sub$/headless/otolith/hdl/rtl/ldl_kernel.sv:486$548 ($sub).
Removed top 29 bits (of 32) from port A of cell ldl_kernel.$sub$/headless/otolith/hdl/rtl/ldl_kernel.sv:486$548 ($sub).
Removed top 3 bits (of 6) from port B of cell ldl_kernel.$sub$/headless/otolith/hdl/rtl/ldl_kernel.sv:486$548 ($sub).
Converting cell ldl_kernel.$sub$/headless/otolith/hdl/rtl/fixed_pkg.sv:180$557 ($sub) from unsigned to signed.
Removed top 77 bits (of 128) from port A of cell ldl_kernel.$sub$/headless/otolith/hdl/rtl/fixed_pkg.sv:180$557 ($sub).
Removed top 64 bits (of 128) from port B of cell ldl_kernel.$sub$/headless/otolith/hdl/rtl/fixed_pkg.sv:180$557 ($sub).
Removed top 63 bits (of 128) from port Y of cell ldl_kernel.$sub$/headless/otolith/hdl/rtl/fixed_pkg.sv:180$557 ($sub).
Removed top 63 bits (of 128) from port A of cell ldl_kernel.$gt$/headless/otolith/hdl/rtl/fixed_pkg.sv:182$561 ($gt).
Removed top 64 bits (of 128) from port B of cell ldl_kernel.$gt$/headless/otolith/hdl/rtl/fixed_pkg.sv:182$561 ($gt).
Removed top 63 bits (of 128) from port A of cell ldl_kernel.$lt$/headless/otolith/hdl/rtl/fixed_pkg.sv:183$563 ($lt).
Removed top 64 bits (of 128) from port B of cell ldl_kernel.$lt$/headless/otolith/hdl/rtl/fixed_pkg.sv:183$563 ($lt).
Removed top 31 bits (of 32) from port B of cell ldl_kernel.$ge$/headless/otolith/hdl/rtl/fixed_pkg.sv:157$573 ($ge).
Removed top 48 bits (of 128) from port A of cell ldl_kernel.$gt$/headless/otolith/hdl/rtl/fixed_pkg.sv:160$580 ($gt).
Removed top 64 bits (of 128) from port B of cell ldl_kernel.$gt$/headless/otolith/hdl/rtl/fixed_pkg.sv:160$580 ($gt).
Removed top 48 bits (of 128) from port A of cell ldl_kernel.$lt$/headless/otolith/hdl/rtl/fixed_pkg.sv:161$582 ($lt).
Removed top 64 bits (of 128) from port B of cell ldl_kernel.$lt$/headless/otolith/hdl/rtl/fixed_pkg.sv:161$582 ($lt).
Removed top 31 bits (of 32) from port B of cell ldl_kernel.$ge$/headless/otolith/hdl/rtl/fixed_pkg.sv:157$592 ($ge).
Removed top 48 bits (of 128) from port A of cell ldl_kernel.$gt$/headless/otolith/hdl/rtl/fixed_pkg.sv:160$599 ($gt).
Removed top 64 bits (of 128) from port B of cell ldl_kernel.$gt$/headless/otolith/hdl/rtl/fixed_pkg.sv:160$599 ($gt).
Removed top 48 bits (of 128) from port A of cell ldl_kernel.$lt$/headless/otolith/hdl/rtl/fixed_pkg.sv:161$601 ($lt).
Removed top 64 bits (of 128) from port B of cell ldl_kernel.$lt$/headless/otolith/hdl/rtl/fixed_pkg.sv:161$601 ($lt).
Removed top 1 bits (of 3) from port B of cell ldl_kernel.$procmux$649_CMP0 ($eq).
Removed top 1 bits (of 3) from port B of cell ldl_kernel.$procmux$650_CMP0 ($eq).
Removed top 2 bits (of 3) from port B of cell ldl_kernel.$procmux$651_CMP0 ($eq).
Removed top 1 bits (of 4) from port B of cell ldl_kernel.$procmux$698_CMP0 ($eq).
Removed top 1 bits (of 4) from port B of cell ldl_kernel.$procmux$699_CMP0 ($eq).
Removed top 1 bits (of 4) from port B of cell ldl_kernel.$procmux$700_CMP0 ($eq).
Removed top 1 bits (of 4) from port B of cell ldl_kernel.$procmux$701_CMP0 ($eq).
Removed top 2 bits (of 4) from port B of cell ldl_kernel.$procmux$702_CMP0 ($eq).
Removed top 2 bits (of 4) from port B of cell ldl_kernel.$procmux$703_CMP0 ($eq).
Removed top 3 bits (of 4) from port B of cell ldl_kernel.$procmux$704_CMP0 ($eq).
Removed top 1 bits (of 3) from port B of cell ldl_kernel.$procmux$790_CMP0 ($eq).
Removed top 1 bits (of 3) from port B of cell ldl_kernel.$procmux$791_CMP0 ($eq).
Removed top 2 bits (of 3) from port B of cell ldl_kernel.$procmux$792_CMP0 ($eq).
Removed top 1 bits (of 5) from port B of cell ldl_kernel.$procmux$987_CMP0 ($eq).
Removed top 1 bits (of 5) from port B of cell ldl_kernel.$procmux$988_CMP0 ($eq).
Removed top 1 bits (of 5) from port B of cell ldl_kernel.$procmux$989_CMP0 ($eq).
Removed top 1 bits (of 5) from port B of cell ldl_kernel.$procmux$990_CMP0 ($eq).
Removed top 1 bits (of 5) from port B of cell ldl_kernel.$procmux$991_CMP0 ($eq).
Removed top 1 bits (of 5) from port B of cell ldl_kernel.$procmux$992_CMP0 ($eq).
Removed top 1 bits (of 5) from port B of cell ldl_kernel.$procmux$993_CMP0 ($eq).
Removed top 1 bits (of 5) from port B of cell ldl_kernel.$procmux$994_CMP0 ($eq).
Removed top 2 bits (of 5) from port B of cell ldl_kernel.$procmux$995_CMP0 ($eq).
Removed top 2 bits (of 5) from port B of cell ldl_kernel.$procmux$996_CMP0 ($eq).
Removed top 2 bits (of 5) from port B of cell ldl_kernel.$procmux$997_CMP0 ($eq).
Removed top 2 bits (of 5) from port B of cell ldl_kernel.$procmux$998_CMP0 ($eq).
Removed top 3 bits (of 5) from port B of cell ldl_kernel.$procmux$999_CMP0 ($eq).
Removed top 3 bits (of 5) from port B of cell ldl_kernel.$procmux$1000_CMP0 ($eq).
Removed top 4 bits (of 5) from port B of cell ldl_kernel.$procmux$1001_CMP0 ($eq).
Removed top 1 bits (of 5) from port B of cell ldl_kernel.$procmux$1034_CMP0 ($eq).
Removed top 1 bits (of 5) from port B of cell ldl_kernel.$procmux$1035_CMP0 ($eq).
Removed top 1 bits (of 5) from port B of cell ldl_kernel.$procmux$1036_CMP0 ($eq).
Removed top 1 bits (of 5) from port B of cell ldl_kernel.$procmux$1037_CMP0 ($eq).
Removed top 1 bits (of 5) from port B of cell ldl_kernel.$procmux$1038_CMP0 ($eq).
Removed top 1 bits (of 5) from port B of cell ldl_kernel.$procmux$1039_CMP0 ($eq).
Removed top 1 bits (of 5) from port B of cell ldl_kernel.$procmux$1040_CMP0 ($eq).
Removed top 1 bits (of 5) from port B of cell ldl_kernel.$procmux$1041_CMP0 ($eq).
Removed top 2 bits (of 5) from port B of cell ldl_kernel.$procmux$1042_CMP0 ($eq).
Removed top 2 bits (of 5) from port B of cell ldl_kernel.$procmux$1043_CMP0 ($eq).
Removed top 2 bits (of 5) from port B of cell ldl_kernel.$procmux$1044_CMP0 ($eq).
Removed top 2 bits (of 5) from port B of cell ldl_kernel.$procmux$1045_CMP0 ($eq).
Removed top 3 bits (of 5) from port B of cell ldl_kernel.$procmux$1046_CMP0 ($eq).
Removed top 3 bits (of 5) from port B of cell ldl_kernel.$procmux$1047_CMP0 ($eq).
Removed top 4 bits (of 5) from port B of cell ldl_kernel.$procmux$1048_CMP0 ($eq).
Removed top 1 bits (of 4) from port B of cell ldl_kernel.$procmux$2638_CMP0 ($eq).
Removed top 1 bits (of 4) from port B of cell ldl_kernel.$procmux$2663_CMP0 ($eq).
Removed top 1 bits (of 4) from port B of cell ldl_kernel.$procmux$2689_CMP0 ($eq).
Removed top 1 bits (of 4) from port B of cell ldl_kernel.$procmux$2716_CMP0 ($eq).
Removed top 2 bits (of 4) from port B of cell ldl_kernel.$procmux$2744_CMP0 ($eq).
Removed top 2 bits (of 4) from port B of cell ldl_kernel.$procmux$2773_CMP0 ($eq).
Removed top 3 bits (of 4) from port B of cell ldl_kernel.$procmux$2803_CMP0 ($eq).
Removed top 1 bits (of 3) from port B of cell ldl_kernel.$procmux$2905_CMP0 ($eq).
Removed top 1 bits (of 3) from port B of cell ldl_kernel.$procmux$2930_CMP0 ($eq).
Removed top 2 bits (of 3) from port B of cell ldl_kernel.$procmux$2956_CMP0 ($eq).
Removed top 1 bits (of 3) from port B of cell ldl_kernel.$procmux$3069_CMP0 ($eq).
Removed top 1 bits (of 3) from port B of cell ldl_kernel.$procmux$3109_CMP0 ($eq).
Removed top 2 bits (of 3) from port B of cell ldl_kernel.$procmux$3153_CMP0 ($eq).
Removed top 1 bits (of 3) from port B of cell ldl_kernel.$procmux$3314_CMP0 ($eq).
Removed top 1 bits (of 3) from port B of cell ldl_kernel.$procmux$3350_CMP0 ($eq).
Removed top 2 bits (of 3) from port B of cell ldl_kernel.$procmux$3387_CMP0 ($eq).
Removed top 1 bits (of 5) from port B of cell ldl_kernel.$procmux$3639_CMP0 ($eq).
Removed top 1 bits (of 5) from port B of cell ldl_kernel.$procmux$3678_CMP0 ($eq).
Removed top 1 bits (of 5) from port B of cell ldl_kernel.$procmux$3718_CMP0 ($eq).
Removed top 1 bits (of 5) from port B of cell ldl_kernel.$procmux$3759_CMP0 ($eq).
Removed top 1 bits (of 5) from port B of cell ldl_kernel.$procmux$3801_CMP0 ($eq).
Removed top 1 bits (of 5) from port B of cell ldl_kernel.$procmux$3844_CMP0 ($eq).
Removed top 1 bits (of 5) from port B of cell ldl_kernel.$procmux$3888_CMP0 ($eq).
Removed top 1 bits (of 5) from port B of cell ldl_kernel.$procmux$3933_CMP0 ($eq).
Removed top 2 bits (of 5) from port B of cell ldl_kernel.$procmux$3979_CMP0 ($eq).
Removed top 2 bits (of 5) from port B of cell ldl_kernel.$procmux$4026_CMP0 ($eq).
Removed top 2 bits (of 5) from port B of cell ldl_kernel.$procmux$4074_CMP0 ($eq).
Removed top 2 bits (of 5) from port B of cell ldl_kernel.$procmux$4123_CMP0 ($eq).
Removed top 3 bits (of 5) from port B of cell ldl_kernel.$procmux$4173_CMP0 ($eq).
Removed top 3 bits (of 5) from port B of cell ldl_kernel.$procmux$4224_CMP0 ($eq).
Removed top 4 bits (of 5) from port B of cell ldl_kernel.$procmux$4276_CMP0 ($eq).
Removed top 1 bits (of 4) from port B of cell ldl_kernel.$procmux$4902_CMP0 ($eq).
Removed top 1 bits (of 4) from port B of cell ldl_kernel.$procmux$4903_CMP0 ($eq).
Removed top 1 bits (of 4) from port B of cell ldl_kernel.$procmux$4904_CMP0 ($eq).
Removed top 1 bits (of 4) from port B of cell ldl_kernel.$procmux$4905_CMP0 ($eq).
Removed top 2 bits (of 4) from port B of cell ldl_kernel.$procmux$4906_CMP0 ($eq).
Removed top 2 bits (of 4) from port B of cell ldl_kernel.$procmux$4907_CMP0 ($eq).
Removed top 3 bits (of 4) from port B of cell ldl_kernel.$procmux$4908_CMP0 ($eq).
Removed top 1 bits (of 3) from port B of cell ldl_kernel.$procmux$4918_CMP0 ($eq).
Removed top 1 bits (of 3) from port B of cell ldl_kernel.$procmux$4919_CMP0 ($eq).
Removed top 2 bits (of 3) from port B of cell ldl_kernel.$procmux$4920_CMP0 ($eq).
Removed top 1 bits (of 4) from port B of cell ldl_kernel.$procmux$4935_CMP0 ($eq).
Removed top 1 bits (of 4) from port B of cell ldl_kernel.$procmux$4936_CMP0 ($eq).
Removed top 1 bits (of 4) from port B of cell ldl_kernel.$procmux$4937_CMP0 ($eq).
Removed top 1 bits (of 4) from port B of cell ldl_kernel.$procmux$4938_CMP0 ($eq).
Removed top 2 bits (of 4) from port B of cell ldl_kernel.$procmux$4939_CMP0 ($eq).
Removed top 2 bits (of 4) from port B of cell ldl_kernel.$procmux$4940_CMP0 ($eq).
Removed top 3 bits (of 4) from port B of cell ldl_kernel.$procmux$4941_CMP0 ($eq).
Removed top 1 bits (of 4) from port B of cell ldl_kernel.$procmux$4960_CMP0 ($eq).
Removed top 1 bits (of 4) from port B of cell ldl_kernel.$procmux$4961_CMP0 ($eq).
Removed top 1 bits (of 4) from port B of cell ldl_kernel.$procmux$4962_CMP0 ($eq).
Removed top 1 bits (of 4) from port B of cell ldl_kernel.$procmux$4963_CMP0 ($eq).
Removed top 2 bits (of 4) from port B of cell ldl_kernel.$procmux$4964_CMP0 ($eq).
Removed top 2 bits (of 4) from port B of cell ldl_kernel.$procmux$4965_CMP0 ($eq).
Removed top 3 bits (of 4) from port B of cell ldl_kernel.$procmux$4966_CMP0 ($eq).
Removed top 1 bits (of 4) from port B of cell ldl_kernel.$procmux$5003_CMP0 ($eq).
Removed top 1 bits (of 4) from port B of cell ldl_kernel.$procmux$5004_CMP0 ($eq).
Removed top 1 bits (of 4) from port B of cell ldl_kernel.$procmux$5005_CMP0 ($eq).
Removed top 1 bits (of 4) from port B of cell ldl_kernel.$procmux$5006_CMP0 ($eq).
Removed top 2 bits (of 4) from port B of cell ldl_kernel.$procmux$5007_CMP0 ($eq).
Removed top 2 bits (of 4) from port B of cell ldl_kernel.$procmux$5008_CMP0 ($eq).
Removed top 3 bits (of 4) from port B of cell ldl_kernel.$procmux$5009_CMP0 ($eq).
Removed top 27 bits (of 32) from port Y of cell ldl_kernel.$auto$opt_expr.cc:1835:replace_const_cells$6228 ($add).
Removed top 27 bits (of 32) from port A of cell ldl_kernel.$auto$opt_expr.cc:1835:replace_const_cells$6228 ($add).
Removed top 27 bits (of 32) from port Y of cell ldl_kernel.$auto$opt_expr.cc:1835:replace_const_cells$6222 ($add).
Removed top 27 bits (of 32) from port A of cell ldl_kernel.$auto$opt_expr.cc:1835:replace_const_cells$6222 ($add).
Removed top 28 bits (of 32) from port Y of cell ldl_kernel.$auto$opt_expr.cc:1835:replace_const_cells$6216 ($add).
Removed top 28 bits (of 32) from port A of cell ldl_kernel.$auto$opt_expr.cc:1835:replace_const_cells$6216 ($add).
Removed top 28 bits (of 32) from port Y of cell ldl_kernel.$auto$opt_expr.cc:1835:replace_const_cells$6210 ($add).
Removed top 28 bits (of 32) from port A of cell ldl_kernel.$auto$opt_expr.cc:1835:replace_const_cells$6210 ($add).
Removed top 28 bits (of 32) from port Y of cell ldl_kernel.$auto$opt_expr.cc:1835:replace_const_cells$6198 ($add).
Removed top 28 bits (of 32) from port A of cell ldl_kernel.$auto$opt_expr.cc:1835:replace_const_cells$6198 ($add).
Removed top 28 bits (of 32) from port Y of cell ldl_kernel.$auto$opt_expr.cc:1835:replace_const_cells$6192 ($add).
Removed top 28 bits (of 32) from port A of cell ldl_kernel.$auto$opt_expr.cc:1835:replace_const_cells$6192 ($add).
Removed top 27 bits (of 32) from wire ldl_kernel.$add$/headless/otolith/hdl/rtl/ldl_kernel.sv:49$442_Y.
Removed top 27 bits (of 32) from wire ldl_kernel.$add$/headless/otolith/hdl/rtl/ldl_kernel.sv:49$462_Y.
Removed top 28 bits (of 32) from wire ldl_kernel.$add$/headless/otolith/hdl/rtl/ldl_kernel.sv:54$208_Y.
Removed top 28 bits (of 32) from wire ldl_kernel.$add$/headless/otolith/hdl/rtl/ldl_kernel.sv:54$214_Y.
Removed top 28 bits (of 32) from wire ldl_kernel.$add$/headless/otolith/hdl/rtl/ldl_kernel.sv:54$219_Y.
Removed top 28 bits (of 32) from wire ldl_kernel.$add$/headless/otolith/hdl/rtl/ldl_kernel.sv:54$225_Y.
Removed top 28 bits (of 32) from wire ldl_kernel.$add$/headless/otolith/hdl/rtl/ldl_kernel.sv:54$482_Y.
Removed top 27 bits (of 32) from wire ldl_kernel.$div$/headless/otolith/hdl/rtl/ldl_kernel.sv:49$441_Y.
Removed top 27 bits (of 32) from wire ldl_kernel.$div$/headless/otolith/hdl/rtl/ldl_kernel.sv:49$461_Y.
Removed top 28 bits (of 32) from wire ldl_kernel.$div$/headless/otolith/hdl/rtl/ldl_kernel.sv:54$207_Y.
Removed top 28 bits (of 32) from wire ldl_kernel.$div$/headless/otolith/hdl/rtl/ldl_kernel.sv:54$213_Y.
Removed top 28 bits (of 32) from wire ldl_kernel.$div$/headless/otolith/hdl/rtl/ldl_kernel.sv:54$218_Y.
Removed top 28 bits (of 32) from wire ldl_kernel.$div$/headless/otolith/hdl/rtl/ldl_kernel.sv:54$224_Y.
Removed top 29 bits (of 32) from wire ldl_kernel.$sub$/headless/otolith/hdl/rtl/ldl_kernel.sv:247$431_Y.
Removed top 29 bits (of 32) from wire ldl_kernel.$sub$/headless/otolith/hdl/rtl/ldl_kernel.sv:485$546_Y.
Removed top 3 bits (of 9) from wire ldl_kernel.dv_shn.

78. Executing PEEPOPT pass (run peephole optimizers).

79. Executing OPT_CLEAN pass (remove unused cells and wires).
Finding unused cells or wires in module \ldl_kernel..
Removed 0 unused cells and 16 unused wires.
<suppressed ~1 debug messages>

80. Executing ALUMACC pass (create $alu and $macc cells).
Extracting $alu and $macc cells in module ldl_kernel:
  creating $macc model for $add$/headless/otolith/hdl/rtl/fixed_pkg.sv:158$575 ($add).
  creating $macc model for $add$/headless/otolith/hdl/rtl/fixed_pkg.sv:158$594 ($add).
  creating $macc model for $add$/headless/otolith/hdl/rtl/ldl_kernel.sv:133$71 ($add).
  creating $macc model for $add$/headless/otolith/hdl/rtl/ldl_kernel.sv:342$468 ($add).
  creating $macc model for $add$/headless/otolith/hdl/rtl/ldl_kernel.sv:368$488 ($add).
  creating $macc model for $add$/headless/otolith/hdl/rtl/ldl_kernel.sv:433$513 ($add).
  creating $macc model for $add$/headless/otolith/hdl/rtl/ldl_kernel.sv:443$518 ($add).
  creating $macc model for $add$/headless/otolith/hdl/rtl/ldl_kernel.sv:467$522 ($add).
  creating $macc model for $add$/headless/otolith/hdl/rtl/ldl_kernel.sv:49$442 ($add).
  creating $macc model for $add$/headless/otolith/hdl/rtl/ldl_kernel.sv:49$462 ($add).
  creating $macc model for $add$/headless/otolith/hdl/rtl/ldl_kernel.sv:54$208 ($add).
  creating $macc model for $add$/headless/otolith/hdl/rtl/ldl_kernel.sv:54$214 ($add).
  creating $macc model for $add$/headless/otolith/hdl/rtl/ldl_kernel.sv:54$219 ($add).
  creating $macc model for $add$/headless/otolith/hdl/rtl/ldl_kernel.sv:54$225 ($add).
  creating $macc model for $add$/headless/otolith/hdl/rtl/ldl_kernel.sv:54$482 ($add).
  creating $macc model for $auto$opt_expr.cc:1835:replace_const_cells$6192 ($add).
  creating $macc model for $auto$opt_expr.cc:1835:replace_const_cells$6198 ($add).
  creating $macc model for $auto$opt_expr.cc:1835:replace_const_cells$6210 ($add).
  creating $macc model for $auto$opt_expr.cc:1835:replace_const_cells$6216 ($add).
  creating $macc model for $auto$opt_expr.cc:1835:replace_const_cells$6222 ($add).
  creating $macc model for $auto$opt_expr.cc:1835:replace_const_cells$6228 ($add).
  creating $macc model for $mul$/headless/otolith/hdl/rtl/ldl_kernel.sv:151$145 ($mul).
  creating $macc model for $mul$/headless/otolith/hdl/rtl/ldl_kernel.sv:49$440 ($mul).
  creating $macc model for $mul$/headless/otolith/hdl/rtl/ldl_kernel.sv:49$460 ($mul).
  creating $macc model for $mul$/headless/otolith/hdl/rtl/ldl_kernel.sv:54$206 ($mul).
  creating $macc model for $mul$/headless/otolith/hdl/rtl/ldl_kernel.sv:54$212 ($mul).
  creating $macc model for $mul$/headless/otolith/hdl/rtl/ldl_kernel.sv:54$223 ($mul).
  creating $macc model for $mul$/headless/otolith/hdl/rtl/ldl_kernel.sv:54$480 ($mul).
  creating $macc model for $neg$/headless/otolith/hdl/rtl/ldl_kernel.sv:136$138 ($neg).
  creating $macc model for $sub$/headless/otolith/hdl/rtl/fixed_pkg.sv:180$557 ($sub).
  creating $macc model for $sub$/headless/otolith/hdl/rtl/ldl_kernel.sv:135$137 ($sub).
  creating $macc model for $sub$/headless/otolith/hdl/rtl/ldl_kernel.sv:442$517 ($sub).
  creating $macc model for $sub$/headless/otolith/hdl/rtl/ldl_kernel.sv:451$520 ($sub).
  creating $macc model for $sub$/headless/otolith/hdl/rtl/ldl_kernel.sv:485$546 ($sub).
  creating $macc model for $sub$/headless/otolith/hdl/rtl/ldl_kernel.sv:486$548 ($sub).
  creating $macc model for $sub$/headless/otolith/hdl/rtl/ldl_kernel.sv:54$205 ($sub).
  creating $macc model for $sub$/headless/otolith/hdl/rtl/ldl_kernel.sv:54$211 ($sub).
  creating $macc model for $sub$/headless/otolith/hdl/rtl/ldl_kernel.sv:54$222 ($sub).
  merging $macc model for $auto$opt_expr.cc:1835:replace_const_cells$6198 into $add$/headless/otolith/hdl/rtl/ldl_kernel.sv:54$225.
  merging $macc model for $auto$opt_expr.cc:1835:replace_const_cells$6210 into $add$/headless/otolith/hdl/rtl/ldl_kernel.sv:54$214.
  merging $macc model for $auto$opt_expr.cc:1835:replace_const_cells$6216 into $add$/headless/otolith/hdl/rtl/ldl_kernel.sv:54$208.
  merging $macc model for $auto$opt_expr.cc:1835:replace_const_cells$6228 into $add$/headless/otolith/hdl/rtl/ldl_kernel.sv:49$462.
  merging $macc model for $auto$opt_expr.cc:1835:replace_const_cells$6222 into $add$/headless/otolith/hdl/rtl/ldl_kernel.sv:49$442.
  creating $alu model for $macc $sub$/headless/otolith/hdl/rtl/ldl_kernel.sv:451$520.
  creating $alu model for $macc $sub$/headless/otolith/hdl/rtl/ldl_kernel.sv:442$517.
  creating $alu model for $macc $sub$/headless/otolith/hdl/rtl/ldl_kernel.sv:135$137.
  creating $alu model for $macc $sub$/headless/otolith/hdl/rtl/fixed_pkg.sv:180$557.
  creating $alu model for $macc $neg$/headless/otolith/hdl/rtl/ldl_kernel.sv:136$138.
  creating $alu model for $macc $sub$/headless/otolith/hdl/rtl/ldl_kernel.sv:54$211.
  creating $alu model for $macc $sub$/headless/otolith/hdl/rtl/ldl_kernel.sv:54$222.
  creating $alu model for $macc $sub$/headless/otolith/hdl/rtl/ldl_kernel.sv:54$205.
  creating $alu model for $macc $sub$/headless/otolith/hdl/rtl/ldl_kernel.sv:486$548.
  creating $alu model for $macc $sub$/headless/otolith/hdl/rtl/ldl_kernel.sv:485$546.
  creating $alu model for $macc $auto$opt_expr.cc:1835:replace_const_cells$6192.
  creating $alu model for $macc $add$/headless/otolith/hdl/rtl/ldl_kernel.sv:54$482.
  creating $alu model for $macc $add$/headless/otolith/hdl/rtl/ldl_kernel.sv:54$225.
  creating $alu model for $macc $add$/headless/otolith/hdl/rtl/ldl_kernel.sv:54$219.
  creating $alu model for $macc $add$/headless/otolith/hdl/rtl/ldl_kernel.sv:54$214.
  creating $alu model for $macc $add$/headless/otolith/hdl/rtl/ldl_kernel.sv:54$208.
  creating $alu model for $macc $add$/headless/otolith/hdl/rtl/ldl_kernel.sv:49$462.
  creating $alu model for $macc $add$/headless/otolith/hdl/rtl/ldl_kernel.sv:49$442.
  creating $alu model for $macc $add$/headless/otolith/hdl/rtl/ldl_kernel.sv:467$522.
  creating $alu model for $macc $add$/headless/otolith/hdl/rtl/ldl_kernel.sv:443$518.
  creating $alu model for $macc $add$/headless/otolith/hdl/rtl/ldl_kernel.sv:433$513.
  creating $alu model for $macc $add$/headless/otolith/hdl/rtl/ldl_kernel.sv:368$488.
  creating $alu model for $macc $add$/headless/otolith/hdl/rtl/ldl_kernel.sv:342$468.
  creating $alu model for $macc $add$/headless/otolith/hdl/rtl/ldl_kernel.sv:133$71.
  creating $alu model for $macc $add$/headless/otolith/hdl/rtl/fixed_pkg.sv:158$594.
  creating $alu model for $macc $add$/headless/otolith/hdl/rtl/fixed_pkg.sv:158$575.
  creating $macc cell for $mul$/headless/otolith/hdl/rtl/ldl_kernel.sv:54$223: $auto$alumacc.cc:382:replace_macc$6882
  creating $macc cell for $mul$/headless/otolith/hdl/rtl/ldl_kernel.sv:54$480: $auto$alumacc.cc:382:replace_macc$6883
  creating $macc cell for $mul$/headless/otolith/hdl/rtl/ldl_kernel.sv:151$145: $auto$alumacc.cc:382:replace_macc$6884
  creating $macc cell for $mul$/headless/otolith/hdl/rtl/ldl_kernel.sv:49$440: $auto$alumacc.cc:382:replace_macc$6885
  creating $macc cell for $mul$/headless/otolith/hdl/rtl/ldl_kernel.sv:49$460: $auto$alumacc.cc:382:replace_macc$6886
  creating $macc cell for $mul$/headless/otolith/hdl/rtl/ldl_kernel.sv:54$206: $auto$alumacc.cc:382:replace_macc$6887
  creating $macc cell for $mul$/headless/otolith/hdl/rtl/ldl_kernel.sv:54$212: $auto$alumacc.cc:382:replace_macc$6888
  creating $alu model for $ge$/headless/otolith/hdl/rtl/fixed_pkg.sv:157$573 ($ge): new $alu
  creating $alu model for $ge$/headless/otolith/hdl/rtl/fixed_pkg.sv:157$592 ($ge): new $alu
  creating $alu model for $ge$/headless/otolith/hdl/rtl/ldl_kernel.sv:168$147 ($ge): new $alu
  creating $alu model for $ge$/headless/otolith/hdl/rtl/ldl_kernel.sv:398$493 ($ge): new $alu
  creating $alu model for $ge$/headless/otolith/hdl/rtl/ldl_kernel.sv:437$514 ($ge): new $alu
  creating $alu model for $ge$/headless/otolith/hdl/rtl/ldl_kernel.sv:467$523 ($ge): new $alu
  creating $alu model for $gt$/headless/otolith/hdl/rtl/fixed_pkg.sv:160$580 ($gt): new $alu
  creating $alu model for $gt$/headless/otolith/hdl/rtl/fixed_pkg.sv:160$599 ($gt): new $alu
  creating $alu model for $gt$/headless/otolith/hdl/rtl/fixed_pkg.sv:182$561 ($gt): new $alu
  creating $alu model for $gt$/headless/otolith/hdl/rtl/ldl_kernel.sv:169$149 ($gt): new $alu
  creating $alu model for $gt$/headless/otolith/hdl/rtl/ldl_kernel.sv:298$454 ($gt): new $alu
  creating $alu model for $gt$/headless/otolith/hdl/rtl/ldl_kernel.sv:314$465 ($gt): new $alu
  creating $alu model for $lt$/headless/otolith/hdl/rtl/fixed_pkg.sv:161$582 ($lt): new $alu
  creating $alu model for $lt$/headless/otolith/hdl/rtl/fixed_pkg.sv:161$601 ($lt): new $alu
  creating $alu model for $lt$/headless/otolith/hdl/rtl/fixed_pkg.sv:183$563 ($lt): new $alu
  creating $alu model for $lt$/headless/otolith/hdl/rtl/ldl_kernel.sv:133$69 ($lt): new $alu
  creating $alu model for $lt$/headless/otolith/hdl/rtl/ldl_kernel.sv:289$450 ($lt): new $alu
  creating $alu model for $lt$/headless/otolith/hdl/rtl/ldl_kernel.sv:340$467 ($lt): new $alu
  creating $alu model for $lt$/headless/otolith/hdl/rtl/ldl_kernel.sv:367$487 ($lt): new $alu
  creating $alu model for $lt$/headless/otolith/hdl/rtl/ldl_kernel.sv:403$497 ($lt): new $alu
  creating $alu model for $lt$/headless/otolith/hdl/rtl/ldl_kernel.sv:412$500 ($lt): new $alu
  creating $alu model for $lt$/headless/otolith/hdl/rtl/ldl_kernel.sv:484$533 ($lt): new $alu
  creating $alu model for $lt$/headless/otolith/hdl/rtl/ldl_kernel.sv:485$541 ($lt): new $alu
  creating $alu cell for $lt$/headless/otolith/hdl/rtl/ldl_kernel.sv:485$541: $auto$alumacc.cc:512:replace_alu$6912
  creating $alu cell for $lt$/headless/otolith/hdl/rtl/ldl_kernel.sv:484$533: $auto$alumacc.cc:512:replace_alu$6919
  creating $alu cell for $lt$/headless/otolith/hdl/rtl/ldl_kernel.sv:412$500: $auto$alumacc.cc:512:replace_alu$6926
  creating $alu cell for $lt$/headless/otolith/hdl/rtl/ldl_kernel.sv:403$497: $auto$alumacc.cc:512:replace_alu$6933
  creating $alu cell for $lt$/headless/otolith/hdl/rtl/ldl_kernel.sv:367$487: $auto$alumacc.cc:512:replace_alu$6940
  creating $alu cell for $lt$/headless/otolith/hdl/rtl/ldl_kernel.sv:340$467: $auto$alumacc.cc:512:replace_alu$6947
  creating $alu cell for $lt$/headless/otolith/hdl/rtl/ldl_kernel.sv:289$450: $auto$alumacc.cc:512:replace_alu$6954
  creating $alu cell for $lt$/headless/otolith/hdl/rtl/ldl_kernel.sv:133$69: $auto$alumacc.cc:512:replace_alu$6961
  creating $alu cell for $lt$/headless/otolith/hdl/rtl/fixed_pkg.sv:183$563: $auto$alumacc.cc:512:replace_alu$6968
  creating $alu cell for $lt$/headless/otolith/hdl/rtl/fixed_pkg.sv:161$601: $auto$alumacc.cc:512:replace_alu$6975
  creating $alu cell for $lt$/headless/otolith/hdl/rtl/fixed_pkg.sv:161$582: $auto$alumacc.cc:512:replace_alu$6982
  creating $alu cell for $gt$/headless/otolith/hdl/rtl/ldl_kernel.sv:314$465: $auto$alumacc.cc:512:replace_alu$6989
  creating $alu cell for $gt$/headless/otolith/hdl/rtl/ldl_kernel.sv:298$454: $auto$alumacc.cc:512:replace_alu$7002
  creating $alu cell for $gt$/headless/otolith/hdl/rtl/ldl_kernel.sv:169$149: $auto$alumacc.cc:512:replace_alu$7013
  creating $alu cell for $gt$/headless/otolith/hdl/rtl/fixed_pkg.sv:182$561: $auto$alumacc.cc:512:replace_alu$7026
  creating $alu cell for $gt$/headless/otolith/hdl/rtl/fixed_pkg.sv:160$599: $auto$alumacc.cc:512:replace_alu$7039
  creating $alu cell for $gt$/headless/otolith/hdl/rtl/fixed_pkg.sv:160$580: $auto$alumacc.cc:512:replace_alu$7052
  creating $alu cell for $ge$/headless/otolith/hdl/rtl/ldl_kernel.sv:467$523: $auto$alumacc.cc:512:replace_alu$7065
  creating $alu cell for $ge$/headless/otolith/hdl/rtl/ldl_kernel.sv:437$514: $auto$alumacc.cc:512:replace_alu$7080
  creating $alu cell for $ge$/headless/otolith/hdl/rtl/ldl_kernel.sv:398$493: $auto$alumacc.cc:512:replace_alu$7095
  creating $alu cell for $ge$/headless/otolith/hdl/rtl/ldl_kernel.sv:168$147: $auto$alumacc.cc:512:replace_alu$7110
  creating $alu cell for $ge$/headless/otolith/hdl/rtl/fixed_pkg.sv:157$592: $auto$alumacc.cc:512:replace_alu$7125
  creating $alu cell for $ge$/headless/otolith/hdl/rtl/fixed_pkg.sv:157$573: $auto$alumacc.cc:512:replace_alu$7140
  creating $alu cell for $add$/headless/otolith/hdl/rtl/fixed_pkg.sv:158$575: $auto$alumacc.cc:512:replace_alu$7155
  creating $alu cell for $add$/headless/otolith/hdl/rtl/fixed_pkg.sv:158$594: $auto$alumacc.cc:512:replace_alu$7158
  creating $alu cell for $add$/headless/otolith/hdl/rtl/ldl_kernel.sv:133$71: $auto$alumacc.cc:512:replace_alu$7161
  creating $alu cell for $add$/headless/otolith/hdl/rtl/ldl_kernel.sv:342$468: $auto$alumacc.cc:512:replace_alu$7164
  creating $alu cell for $add$/headless/otolith/hdl/rtl/ldl_kernel.sv:368$488: $auto$alumacc.cc:512:replace_alu$7167
  creating $alu cell for $add$/headless/otolith/hdl/rtl/ldl_kernel.sv:433$513: $auto$alumacc.cc:512:replace_alu$7170
  creating $alu cell for $add$/headless/otolith/hdl/rtl/ldl_kernel.sv:443$518: $auto$alumacc.cc:512:replace_alu$7173
  creating $alu cell for $add$/headless/otolith/hdl/rtl/ldl_kernel.sv:467$522: $auto$alumacc.cc:512:replace_alu$7176
  creating $alu cell for $add$/headless/otolith/hdl/rtl/ldl_kernel.sv:49$442: $auto$alumacc.cc:512:replace_alu$7179
  creating $alu cell for $add$/headless/otolith/hdl/rtl/ldl_kernel.sv:49$462: $auto$alumacc.cc:512:replace_alu$7182
  creating $alu cell for $add$/headless/otolith/hdl/rtl/ldl_kernel.sv:54$208: $auto$alumacc.cc:512:replace_alu$7185
  creating $alu cell for $add$/headless/otolith/hdl/rtl/ldl_kernel.sv:54$214: $auto$alumacc.cc:512:replace_alu$7188
  creating $alu cell for $add$/headless/otolith/hdl/rtl/ldl_kernel.sv:54$219: $auto$alumacc.cc:512:replace_alu$7191
  creating $alu cell for $add$/headless/otolith/hdl/rtl/ldl_kernel.sv:54$225: $auto$alumacc.cc:512:replace_alu$7194
  creating $alu cell for $add$/headless/otolith/hdl/rtl/ldl_kernel.sv:54$482: $auto$alumacc.cc:512:replace_alu$7197
  creating $alu cell for $auto$opt_expr.cc:1835:replace_const_cells$6192: $auto$alumacc.cc:512:replace_alu$7200
  creating $alu cell for $sub$/headless/otolith/hdl/rtl/ldl_kernel.sv:485$546: $auto$alumacc.cc:512:replace_alu$7203
  creating $alu cell for $sub$/headless/otolith/hdl/rtl/ldl_kernel.sv:486$548: $auto$alumacc.cc:512:replace_alu$7206
  creating $alu cell for $sub$/headless/otolith/hdl/rtl/ldl_kernel.sv:54$205: $auto$alumacc.cc:512:replace_alu$7209
  creating $alu cell for $sub$/headless/otolith/hdl/rtl/ldl_kernel.sv:54$222: $auto$alumacc.cc:512:replace_alu$7212
  creating $alu cell for $sub$/headless/otolith/hdl/rtl/ldl_kernel.sv:54$211: $auto$alumacc.cc:512:replace_alu$7215
  creating $alu cell for $neg$/headless/otolith/hdl/rtl/ldl_kernel.sv:136$138: $auto$alumacc.cc:512:replace_alu$7218
  creating $alu cell for $sub$/headless/otolith/hdl/rtl/fixed_pkg.sv:180$557: $auto$alumacc.cc:512:replace_alu$7221
  creating $alu cell for $sub$/headless/otolith/hdl/rtl/ldl_kernel.sv:135$137: $auto$alumacc.cc:512:replace_alu$7224
  creating $alu cell for $sub$/headless/otolith/hdl/rtl/ldl_kernel.sv:442$517: $auto$alumacc.cc:512:replace_alu$7227
  creating $alu cell for $sub$/headless/otolith/hdl/rtl/ldl_kernel.sv:451$520: $auto$alumacc.cc:512:replace_alu$7230
  created 49 $alu and 7 $macc cells.

81. Executing SHARE pass (SAT-based resource sharing).
Found 4 cells in module ldl_kernel that may be considered for resource sharing.
  Analyzing resource sharing options for $shr$/headless/otolith/hdl/rtl/ldl_kernel.sv:178$151 ($shr):
    Found 1 activation_patterns using ctrl signal $auto$rtlil.cc:3268:ReduceOr$7124.
    Found 1 candidates: $shr$/headless/otolith/hdl/rtl/ldl_kernel.sv:138$143
    Analyzing resource sharing with $shr$/headless/otolith/hdl/rtl/ldl_kernel.sv:138$143 ($shr):
      Found 1 activation_patterns using ctrl signal { \st [14] $auto$rtlil.cc:3268:ReduceOr$7124 }.
      Forbidden control signals for this pair of cells: { $lt$/headless/otolith/hdl/rtl/fixed_pkg.sv:159$578_Y $gt$/headless/otolith/hdl/rtl/fixed_pkg.sv:159$577_Y $ge$/headless/otolith/hdl/rtl/fixed_pkg.sv:157$573_Y }
      Activation pattern for cell $shr$/headless/otolith/hdl/rtl/ldl_kernel.sv:178$151: $auto$rtlil.cc:3268:ReduceOr$7124 = 1'0
      Activation pattern for cell $shr$/headless/otolith/hdl/rtl/ldl_kernel.sv:138$143: { \st [14] $auto$rtlil.cc:3268:ReduceOr$7124 } = 2'10
      Size of SAT problem: 93 cells, 9701 variables, 26124 clauses
      According to the SAT solver this pair of cells can not be shared.
      Model from SAT solver: { \st [14] $auto$rtlil.cc:3268:ReduceOr$7124 } = 2'10
  Analyzing resource sharing options for $shr$/headless/otolith/hdl/rtl/ldl_kernel.sv:138$143 ($shr):
    Found 1 activation_patterns using ctrl signal { \st [14] $auto$rtlil.cc:3268:ReduceOr$7124 }.
    No candidates found.
  Analyzing resource sharing options for $shl$/headless/otolith/hdl/rtl/ldl_kernel.sv:174$150 ($shl):
    Found 3 activation_patterns using ctrl signal { \st [5] $auto$rtlil.cc:3264:Not$7025 $auto$rtlil.cc:3268:ReduceOr$7124 }.
    Found 1 candidates: $shl$/headless/otolith/hdl/rtl/ldl_kernel.sv:138$142
    Analyzing resource sharing with $shl$/headless/otolith/hdl/rtl/ldl_kernel.sv:138$142 ($shl):
      Found 1 activation_patterns using ctrl signal { \st [14] $auto$rtlil.cc:3268:ReduceOr$7124 }.
      Forbidden control signals for this pair of cells: { $lt$/headless/otolith/hdl/rtl/fixed_pkg.sv:159$578_Y $gt$/headless/otolith/hdl/rtl/fixed_pkg.sv:159$577_Y $ge$/headless/otolith/hdl/rtl/fixed_pkg.sv:157$573_Y $gt$/headless/otolith/hdl/rtl/ldl_kernel.sv:169$149_Y }
      Activation pattern for cell $shl$/headless/otolith/hdl/rtl/ldl_kernel.sv:174$150: { $auto$rtlil.cc:3264:Not$7025 $auto$rtlil.cc:3268:ReduceOr$7124 } = 2'01
      Activation pattern for cell $shl$/headless/otolith/hdl/rtl/ldl_kernel.sv:174$150: $auto$rtlil.cc:3268:ReduceOr$7124 = 1'1
      Activation pattern for cell $shl$/headless/otolith/hdl/rtl/ldl_kernel.sv:174$150: { \st [5] $auto$rtlil.cc:3268:ReduceOr$7124 } = 2'11
      Activation pattern for cell $shl$/headless/otolith/hdl/rtl/ldl_kernel.sv:138$142: { \st [14] $auto$rtlil.cc:3268:ReduceOr$7124 } = 2'11
      Size of SAT problem: 99 cells, 12167 variables, 32615 clauses
      According to the SAT solver this pair of cells can not be shared.
      Model from SAT solver: { \st [14] \st [5] $auto$rtlil.cc:3264:Not$7025 $auto$rtlil.cc:3268:ReduceOr$7124 } = 4'1011
  Analyzing resource sharing options for $shl$/headless/otolith/hdl/rtl/ldl_kernel.sv:138$142 ($shl):
    Found 1 activation_patterns using ctrl signal { \st [14] $auto$rtlil.cc:3268:ReduceOr$7124 }.
    No candidates found.

82. Executing OPT_EXPR pass (perform const folding).
Optimizing module ldl_kernel.
<suppressed ~29 debug messages>

83. Executing OPT_MERGE pass (detect identical cells).
Finding identical cells in module `\ldl_kernel'.
Computing hashes of 815 cells of `\ldl_kernel'.
Finding duplicate cells in `\ldl_kernel'.
Computing hashes of 814 cells of `\ldl_kernel'.
Finding duplicate cells in `\ldl_kernel'.
<suppressed ~3 debug messages>
Removed a total of 1 cells.

84. Executing OPT_MUXTREE pass (detect dead branches in mux trees).
Running muxtree optimizer on module \ldl_kernel..
  Creating internal representation of mux trees.
  Evaluating internal representation of mux trees.
  Analyzing evaluation results.
Removed 0 multiplexer ports.
<suppressed ~274 debug messages>

85. Executing OPT_REDUCE pass (consolidate $*mux and $reduce_* inputs).
  Optimizing cells in module \ldl_kernel.
Performed a total of 0 changes.

86. Executing OPT_MERGE pass (detect identical cells).
Finding identical cells in module `\ldl_kernel'.
Computing hashes of 814 cells of `\ldl_kernel'.
Finding duplicate cells in `\ldl_kernel'.
Removed a total of 0 cells.

87. Executing OPT_DFF pass (perform DFF optimizations).

88. Executing OPT_CLEAN pass (remove unused cells and wires).
Finding unused cells or wires in module \ldl_kernel..
Removed 7 unused cells and 63 unused wires.
<suppressed ~14 debug messages>

89. Executing OPT_EXPR pass (perform const folding).
Optimizing module ldl_kernel.

90. Rerunning OPT passes. (Maybe there is more to do…)

91. Executing OPT_MUXTREE pass (detect dead branches in mux trees).
Running muxtree optimizer on module \ldl_kernel..
  Creating internal representation of mux trees.
  Evaluating internal representation of mux trees.
      Replacing known input bits on port A of cell $ternary$/headless/otolith/hdl/rtl/ldl_kernel.sv:133$72: \dv_den -> { 1'0 \dv_den [62:0] }
  Analyzing evaluation results.
Removed 0 multiplexer ports.
<suppressed ~274 debug messages>

92. Executing OPT_REDUCE pass (consolidate $*mux and $reduce_* inputs).
  Optimizing cells in module \ldl_kernel.
Performed a total of 0 changes.

93. Executing OPT_MERGE pass (detect identical cells).
Finding identical cells in module `\ldl_kernel'.
Computing hashes of 801 cells of `\ldl_kernel'.
Finding duplicate cells in `\ldl_kernel'.
Removed a total of 0 cells.

94. Executing OPT_DFF pass (perform DFF optimizations).

95. Executing OPT_CLEAN pass (remove unused cells and wires).
Finding unused cells or wires in module \ldl_kernel..

96. Executing OPT_EXPR pass (perform const folding).
Optimizing module ldl_kernel.

97. Executing MEMORY pass.

97.1. Executing OPT_MEM pass (optimize memories).
Performed a total of 0 transformations.

97.2. Executing OPT_MEM_PRIORITY pass (removing unnecessary memory write priority relations).
Performed a total of 0 transformations.

97.3. Executing OPT_MEM_FEEDBACK pass (finding memory read-to-write feedback paths).

97.4. Executing MEMORY_BMUX2ROM pass (converting muxes to ROMs).

97.5. Executing MEMORY_DFF pass (merging $dff cells to $memrd).

97.6. Executing OPT_CLEAN pass (remove unused cells and wires).
Finding unused cells or wires in module \ldl_kernel..

97.7. Executing MEMORY_SHARE pass (consolidating $memrd/$memwr cells).

97.8. Executing OPT_MEM_WIDEN pass (optimize memories where all ports are wide).
Performed a total of 0 transformations.

97.9. Executing OPT_CLEAN pass (remove unused cells and wires).
Finding unused cells or wires in module \ldl_kernel..

97.10. Executing MEMORY_COLLECT pass (generating $mem cells).

98. Executing OPT_CLEAN pass (remove unused cells and wires).
Finding unused cells or wires in module \ldl_kernel..

99. Executing OPT_EXPR pass (perform const folding).
Optimizing module ldl_kernel.
<suppressed ~115 debug messages>

100. Executing OPT_MERGE pass (detect identical cells).
Finding identical cells in module `\ldl_kernel'.
Computing hashes of 928 cells of `\ldl_kernel'.
Finding duplicate cells in `\ldl_kernel'.
Removed a total of 0 cells.

101. Executing OPT_DFF pass (perform DFF optimizations).

102. Executing OPT_CLEAN pass (remove unused cells and wires).
Finding unused cells or wires in module \ldl_kernel..
Removed 205 unused cells and 275 unused wires.
<suppressed ~206 debug messages>

103. Executing MEMORY_MAP pass (converting memories to logic and flip-flops).

104. Executing OPT_EXPR pass (perform const folding).
Optimizing module ldl_kernel.
<suppressed ~2 debug messages>

105. Executing OPT_MERGE pass (detect identical cells).
Finding identical cells in module `\ldl_kernel'.
Computing hashes of 723 cells of `\ldl_kernel'.
Finding duplicate cells in `\ldl_kernel'.
Removed a total of 0 cells.

106. Executing OPT_MUXTREE pass (detect dead branches in mux trees).
Running muxtree optimizer on module \ldl_kernel..
  Creating internal representation of mux trees.
  Evaluating internal representation of mux trees.
  Analyzing evaluation results.
Removed 0 multiplexer ports.
<suppressed ~167 debug messages>

107. Executing OPT_REDUCE pass (consolidate $*mux and $reduce_* inputs).
  Optimizing cells in module \ldl_kernel.
    New ctrl vector for $pmux cell $procmux$2995: { $auto$opt_reduce.cc:137:opt_pmux$7638 \st [11] }
    New ctrl vector for $pmux cell $procmux$3025: { $auto$opt_reduce.cc:137:opt_pmux$7640 \st [11] }
    New ctrl vector for $pmux cell $procmux$3059: { $auto$opt_reduce.cc:137:opt_pmux$7642 \st [11] }
    New ctrl vector for $pmux cell $procmux$3097: { $auto$opt_reduce.cc:137:opt_pmux$7644 \st [11] }
    New ctrl vector for $pmux cell $procmux$3139: { $auto$opt_reduce.cc:137:opt_pmux$7646 \st [11] }
    New ctrl vector for $pmux cell $procmux$3185: { $auto$opt_reduce.cc:137:opt_pmux$7648 \st [11] }
    New ctrl vector for $pmux cell $procmux$4449: { $auto$opt_reduce.cc:137:opt_pmux$7650 \st [19] \st [13] \st [23] \st [21] \st [6] }
    New ctrl vector for $pmux cell $procmux$4513: { $auto$opt_reduce.cc:137:opt_pmux$7652 \st [19] }
    New ctrl vector for $pmux cell $procmux$4620: { \st [16] \st [13] \st [11] \st [9] }
    New ctrl vector for $pmux cell $procmux$4673: { \st [11] \st [9] }
    New ctrl vector for $pmux cell $procmux$4697: { \st [22] \st [12] }
    New ctrl vector for $pmux cell $procmux$4826: \st [10]
    New ctrl vector for $pmux cell $procmux$4836: \st [20]
    Consolidated identical input bits for $mux cell $procmux$5391:
      Old ports: A=7'1000000, B=7'0111111, Y=$1\fixed_pkg::s_clz64$func$/headless/otolith/hdl/rtl/ldl_kernel.sv:134$12.$result[6:0]$73
      New ports: A=2'10, B=2'01, Y={ $1\fixed_pkg::s_clz64$func$/headless/otolith/hdl/rtl/ldl_kernel.sv:134$12.$result[6:0]$73 [6] $1\fixed_pkg::s_clz64$func$/headless/otolith/hdl/rtl/ldl_kernel.sv:134$12.$result[6:0]$73 [0] }
      New connections: $1\fixed_pkg::s_clz64$func$/headless/otolith/hdl/rtl/ldl_kernel.sv:134$12.$result[6:0]$73 [5:1] = { $1\fixed_pkg::s_clz64$func$/headless/otolith/hdl/rtl/ldl_kernel.sv:134$12.$result[6:0]$73 [0] $1\fixed_pkg::s_clz64$func$/headless/otolith/hdl/rtl/ldl_kernel.sv:134$12.$result[6:0]$73 [0] $1\fixed_pkg::s_clz64$func$/headless/otolith/hdl/rtl/ldl_kernel.sv:134$12.$result[6:0]$73 [0] $1\fixed_pkg::s_clz64$func$/headless/otolith/hdl/rtl/ldl_kernel.sv:134$12.$result[6:0]$73 [0] $1\fixed_pkg::s_clz64$func$/headless/otolith/hdl/rtl/ldl_kernel.sv:134$12.$result[6:0]$73 [0] }
    Consolidated identical input bits for $mux cell $ternary$/headless/otolith/hdl/rtl/fixed_pkg.sv:157$574:
      Old ports: A=128'11111111111111111111111111111111111111111111111111111111111111111111111111111111100000000000000000000000000000000000000000000000, B=128'00000000000000000000000000000000000000000000000000000000000000000000000000000000100000000000000000000000000000000000000000000000, Y=$0\fixed_pkg::s_narrow96to48$func$/headless/otolith/hdl/rtl/ldl_kernel.sv:163$31.half[127:0]$569
      New ports: A=1'1, B=1'0, Y=$0\fixed_pkg::s_narrow96to48$func$/headless/otolith/hdl/rtl/ldl_kernel.sv:163$31.half[127:0]$569 [48]
      New connections: { $0\fixed_pkg::s_narrow96to48$func$/headless/otolith/hdl/rtl/ldl_kernel.sv:163$31.half[127:0]$569 [127:49] $0\fixed_pkg::s_narrow96to48$func$/headless/otolith/hdl/rtl/ldl_kernel.sv:163$31.half[127:0]$569 [47:0] } = { $0\fixed_pkg::s_narrow96to48$func$/headless/otolith/hdl/rtl/ldl_kernel.sv:163$31.half[127:0]$569 [48] $0\fixed_pkg::s_narrow96to48$func$/headless/otolith/hdl/rtl/ldl_kernel.sv:163$31.half[127:0]$569 [48] $0\fixed_pkg::s_narrow96to48$func$/headless/otolith/hdl/rtl/ldl_kernel.sv:163$31.half[127:0]$569 [48] $0\fixed_pkg::s_narrow96to48$func$/headless/otolith/hdl/rtl/ldl_kernel.sv:163$31.half[127:0]$569 [48] $0\fixed_pkg::s_narrow96to48$func$/headless/otolith/hdl/rtl/ldl_kernel.sv:163$31.half[127:0]$569 [48] $0\fixed_pkg::s_narrow96to48$func$/headless/otolith/hdl/rtl/ldl_kernel.sv:163$31.half[127:0]$569 [48] $0\fixed_pkg::s_narrow96to48$func$/headless/otolith/hdl/rtl/ldl_kernel.sv:163$31.half[127:0]$569 [48] $0\fixed_pkg::s_narrow96to48$func$/headless/otolith/hdl/rtl/ldl_kernel.sv:163$31.half[127:0]$569 [48] $0\fixed_pkg::s_narrow96to48$func$/headless/otolith/hdl/rtl/ldl_kernel.sv:163$31.half[127:0]$569 [48] $0\fixed_pkg::s_narrow96to48$func$/headless/otolith/hdl/rtl/ldl_kernel.sv:163$31.half[127:0]$569 [48] $0\fixed_pkg::s_narrow96to48$func$/headless/otolith/hdl/rtl/ldl_kernel.sv:163$31.half[127:0]$569 [48] $0\fixed_pkg::s_narrow96to48$func$/headless/otolith/hdl/rtl/ldl_kernel.sv:163$31.half[127:0]$569 [48] $0\fixed_pkg::s_narrow96to48$func$/headless/otolith/hdl/rtl/ldl_kernel.sv:163$31.half[127:0]$569 [48] $0\fixed_pkg::s_narrow96to48$func$/headless/otolith/hdl/rtl/ldl_kernel.sv:163$31.half[127:0]$569 [48] $0\fixed_pkg::s_narrow96to48$func$/headless/otolith/hdl/rtl/ldl_kernel.sv:163$31.half[127:0]$569 [48] $0\fixed_pkg::s_narrow96to48$func$/headless/otolith/hdl/rtl/ldl_kernel.sv:163$31.half[127:0]$569 [48] $0\fixed_pkg::s_narrow96to48$func$/headless/otolith/hdl/rtl/ldl_kernel.sv:163$31.half[127:0]$569 [48] $0\fixed_pkg::s_narrow96to48$func$/headless/otolith/hdl/rtl/ldl_kernel.sv:163$31.half[127:0]$569 [48] $0\fixed_pkg::s_narrow96to48$func$/headless/otolith/hdl/rtl/ldl_kernel.sv:163$31.half[127:0]$569 [48] $0\fixed_pkg::s_narrow96to48$func$/headless/otolith/hdl/rtl/ldl_kernel.sv:163$31.half[127:0]$569 [48] $0\fixed_pkg::s_narrow96to48$func$/headless/otolith/hdl/rtl/ldl_kernel.sv:163$31.half[127:0]$569 [48] $0\fixed_pkg::s_narrow96to48$func$/headless/otolith/hdl/rtl/ldl_kernel.sv:163$31.half[127:0]$569 [48] $0\fixed_pkg::s_narrow96to48$func$/headless/otolith/hdl/rtl/ldl_kernel.sv:163$31.half[127:0]$569 [48] $0\fixed_pkg::s_narrow96to48$func$/headless/otolith/hdl/rtl/ldl_kernel.sv:163$31.half[127:0]$569 [48] $0\fixed_pkg::s_narrow96to48$func$/headless/otolith/hdl/rtl/ldl_kernel.sv:163$31.half[127:0]$569 [48] $0\fixed_pkg::s_narrow96to48$func$/headless/otolith/hdl/rtl/ldl_kernel.sv:163$31.half[127:0]$569 [48] $0\fixed_pkg::s_narrow96to48$func$/headless/otolith/hdl/rtl/ldl_kernel.sv:163$31.half[127:0]$569 [48] $0\fixed_pkg::s_narrow96to48$func$/headless/otolith/hdl/rtl/ldl_kernel.sv:163$31.half[127:0]$569 [48] $0\fixed_pkg::s_narrow96to48$func$/headless/otolith/hdl/rtl/ldl_kernel.sv:163$31.half[127:0]$569 [48] $0\fixed_pkg::s_narrow96to48$func$/headless/otolith/hdl/rtl/ldl_kernel.sv:163$31.half[127:0]$569 [48] $0\fixed_pkg::s_narrow96to48$func$/headless/otolith/hdl/rtl/ldl_kernel.sv:163$31.half[127:0]$569 [48] $0\fixed_pkg::s_narrow96to48$func$/headless/otolith/hdl/rtl/ldl_kernel.sv:163$31.half[127:0]$569 [48] $0\fixed_pkg::s_narrow96to48$func$/headless/otolith/hdl/rtl/ldl_kernel.sv:163$31.half[127:0]$569 [48] $0\fixed_pkg::s_narrow96to48$func$/headless/otolith/hdl/rtl/ldl_kernel.sv:163$31.half[127:0]$569 [48] $0\fixed_pkg::s_narrow96to48$func$/headless/otolith/hdl/rtl/ldl_kernel.sv:163$31.half[127:0]$569 [48] $0\fixed_pkg::s_narrow96to48$func$/headless/otolith/hdl/rtl/ldl_kernel.sv:163$31.half[127:0]$569 [48] $0\fixed_pkg::s_narrow96to48$func$/headless/otolith/hdl/rtl/ldl_kernel.sv:163$31.half[127:0]$569 [48] $0\fixed_pkg::s_narrow96to48$func$/headless/otolith/hdl/rtl/ldl_kernel.sv:163$31.half[127:0]$569 [48] $0\fixed_pkg::s_narrow96to48$func$/headless/otolith/hdl/rtl/ldl_kernel.sv:163$31.half[127:0]$569 [48] $0\fixed_pkg::s_narrow96to48$func$/headless/otolith/hdl/rtl/ldl_kernel.sv:163$31.half[127:0]$569 [48] $0\fixed_pkg::s_narrow96to48$func$/headless/otolith/hdl/rtl/ldl_kernel.sv:163$31.half[127:0]$569 [48] $0\fixed_pkg::s_narrow96to48$func$/headless/otolith/hdl/rtl/ldl_kernel.sv:163$31.half[127:0]$569 [48] $0\fixed_pkg::s_narrow96to48$func$/headless/otolith/hdl/rtl/ldl_kernel.sv:163$31.half[127:0]$569 [48] $0\fixed_pkg::s_narrow96to48$func$/headless/otolith/hdl/rtl/ldl_kernel.sv:163$31.half[127:0]$569 [48] $0\fixed_pkg::s_narrow96to48$func$/headless/otolith/hdl/rtl/ldl_kernel.sv:163$31.half[127:0]$569 [48] $0\fixed_pkg::s_narrow96to48$func$/headless/otolith/hdl/rtl/ldl_kernel.sv:163$31.half[127:0]$569 [48] $0\fixed_pkg::s_narrow96to48$func$/headless/otolith/hdl/rtl/ldl_kernel.sv:163$31.half[127:0]$569 [48] $0\fixed_pkg::s_narrow96to48$func$/headless/otolith/hdl/rtl/ldl_kernel.sv:163$31.half[127:0]$569 [48] $0\fixed_pkg::s_narrow96to48$func$/headless/otolith/hdl/rtl/ldl_kernel.sv:163$31.half[127:0]$569 [48] $0\fixed_pkg::s_narrow96to48$func$/headless/otolith/hdl/rtl/ldl_kernel.sv:163$31.half[127:0]$569 [48] $0\fixed_pkg::s_narrow96to48$func$/headless/otolith/hdl/rtl/ldl_kernel.sv:163$31.half[127:0]$569 [48] $0\fixed_pkg::s_narrow96to48$func$/headless/otolith/hdl/rtl/ldl_kernel.sv:163$31.half[127:0]$569 [48] $0\fixed_pkg::s_narrow96to48$func$/headless/otolith/hdl/rtl/ldl_kernel.sv:163$31.half[127:0]$569 [48] $0\fixed_pkg::s_narrow96to48$func$/headless/otolith/hdl/rtl/ldl_kernel.sv:163$31.half[127:0]$569 [48] $0\fixed_pkg::s_narrow96to48$func$/headless/otolith/hdl/rtl/ldl_kernel.sv:163$31.half[127:0]$569 [48] $0\fixed_pkg::s_narrow96to48$func$/headless/otolith/hdl/rtl/ldl_kernel.sv:163$31.half[127:0]$569 [48] $0\fixed_pkg::s_narrow96to48$func$/headless/otolith/hdl/rtl/ldl_kernel.sv:163$31.half[127:0]$569 [48] $0\fixed_pkg::s_narrow96to48$func$/headless/otolith/hdl/rtl/ldl_kernel.sv:163$31.half[127:0]$569 [48] $0\fixed_pkg::s_narrow96to48$func$/headless/otolith/hdl/rtl/ldl_kernel.sv:163$31.half[127:0]$569 [48] $0\fixed_pkg::s_narrow96to48$func$/headless/otolith/hdl/rtl/ldl_kernel.sv:163$31.half[127:0]$569 [48] $0\fixed_pkg::s_narrow96to48$func$/headless/otolith/hdl/rtl/ldl_kernel.sv:163$31.half[127:0]$569 [48] $0\fixed_pkg::s_narrow96to48$func$/headless/otolith/hdl/rtl/ldl_kernel.sv:163$31.half[127:0]$569 [48] $0\fixed_pkg::s_narrow96to48$func$/headless/otolith/hdl/rtl/ldl_kernel.sv:163$31.half[127:0]$569 [48] $0\fixed_pkg::s_narrow96to48$func$/headless/otolith/hdl/rtl/ldl_kernel.sv:163$31.half[127:0]$569 [48] $0\fixed_pkg::s_narrow96to48$func$/headless/otolith/hdl/rtl/ldl_kernel.sv:163$31.half[127:0]$569 [48] $0\fixed_pkg::s_narrow96to48$func$/headless/otolith/hdl/rtl/ldl_kernel.sv:163$31.half[127:0]$569 [48] $0\fixed_pkg::s_narrow96to48$func$/headless/otolith/hdl/rtl/ldl_kernel.sv:163$31.half[127:0]$569 [48] $0\fixed_pkg::s_narrow96to48$func$/headless/otolith/hdl/rtl/ldl_kernel.sv:163$31.half[127:0]$569 [48] $0\fixed_pkg::s_narrow96to48$func$/headless/otolith/hdl/rtl/ldl_kernel.sv:163$31.half[127:0]$569 [48] $0\fixed_pkg::s_narrow96to48$func$/headless/otolith/hdl/rtl/ldl_kernel.sv:163$31.half[127:0]$569 [48] $0\fixed_pkg::s_narrow96to48$func$/headless/otolith/hdl/rtl/ldl_kernel.sv:163$31.half[127:0]$569 [48] $0\fixed_pkg::s_narrow96to48$func$/headless/otolith/hdl/rtl/ldl_kernel.sv:163$31.half[127:0]$569 [48] $0\fixed_pkg::s_narrow96to48$func$/headless/otolith/hdl/rtl/ldl_kernel.sv:163$31.half[127:0]$569 [48] $0\fixed_pkg::s_narrow96to48$func$/headless/otolith/hdl/rtl/ldl_kernel.sv:163$31.half[127:0]$569 [48] $0\fixed_pkg::s_narrow96to48$func$/headless/otolith/hdl/rtl/ldl_kernel.sv:163$31.half[127:0]$569 [48] $0\fixed_pkg::s_narrow96to48$func$/headless/otolith/hdl/rtl/ldl_kernel.sv:163$31.half[127:0]$569 [48] $0\fixed_pkg::s_narrow96to48$func$/headless/otolith/hdl/rtl/ldl_kernel.sv:163$31.half[127:0]$569 [48] $0\fixed_pkg::s_narrow96to48$func$/headless/otolith/hdl/rtl/ldl_kernel.sv:163$31.half[127:0]$569 [48] $0\fixed_pkg::s_narrow96to48$func$/headless/otolith/hdl/rtl/ldl_kernel.sv:163$31.half[127:0]$569 [48] 48'100000000000000000000000000000000000000000000000 }
    Consolidated identical input bits for $mux cell $ternary$/headless/otolith/hdl/rtl/fixed_pkg.sv:157$593:
      Old ports: A=128'11111111111111111111111111111111111111111111111111111111111111111111111111111111100000000000000000000000000000000000000000000000, B=128'00000000000000000000000000000000000000000000000000000000000000000000000000000000100000000000000000000000000000000000000000000000, Y=$0\fixed_pkg::s_narrow96to48$func$/headless/otolith/hdl/rtl/ldl_kernel.sv:207$32.half[127:0]$588
      New ports: A=1'1, B=1'0, Y=$0\fixed_pkg::s_narrow96to48$func$/headless/otolith/hdl/rtl/ldl_kernel.sv:207$32.half[127:0]$588 [48]
      New connections: { $0\fixed_pkg::s_narrow96to48$func$/headless/otolith/hdl/rtl/ldl_kernel.sv:207$32.half[127:0]$588 [127:49] $0\fixed_pkg::s_narrow96to48$func$/headless/otolith/hdl/rtl/ldl_kernel.sv:207$32.half[127:0]$588 [47:0] } = { $0\fixed_pkg::s_narrow96to48$func$/headless/otolith/hdl/rtl/ldl_kernel.sv:207$32.half[127:0]$588 [48] $0\fixed_pkg::s_narrow96to48$func$/headless/otolith/hdl/rtl/ldl_kernel.sv:207$32.half[127:0]$588 [48] $0\fixed_pkg::s_narrow96to48$func$/headless/otolith/hdl/rtl/ldl_kernel.sv:207$32.half[127:0]$588 [48] $0\fixed_pkg::s_narrow96to48$func$/headless/otolith/hdl/rtl/ldl_kernel.sv:207$32.half[127:0]$588 [48] $0\fixed_pkg::s_narrow96to48$func$/headless/otolith/hdl/rtl/ldl_kernel.sv:207$32.half[127:0]$588 [48] $0\fixed_pkg::s_narrow96to48$func$/headless/otolith/hdl/rtl/ldl_kernel.sv:207$32.half[127:0]$588 [48] $0\fixed_pkg::s_narrow96to48$func$/headless/otolith/hdl/rtl/ldl_kernel.sv:207$32.half[127:0]$588 [48] $0\fixed_pkg::s_narrow96to48$func$/headless/otolith/hdl/rtl/ldl_kernel.sv:207$32.half[127:0]$588 [48] $0\fixed_pkg::s_narrow96to48$func$/headless/otolith/hdl/rtl/ldl_kernel.sv:207$32.half[127:0]$588 [48] $0\fixed_pkg::s_narrow96to48$func$/headless/otolith/hdl/rtl/ldl_kernel.sv:207$32.half[127:0]$588 [48] $0\fixed_pkg::s_narrow96to48$func$/headless/otolith/hdl/rtl/ldl_kernel.sv:207$32.half[127:0]$588 [48] $0\fixed_pkg::s_narrow96to48$func$/headless/otolith/hdl/rtl/ldl_kernel.sv:207$32.half[127:0]$588 [48] $0\fixed_pkg::s_narrow96to48$func$/headless/otolith/hdl/rtl/ldl_kernel.sv:207$32.half[127:0]$588 [48] $0\fixed_pkg::s_narrow96to48$func$/headless/otolith/hdl/rtl/ldl_kernel.sv:207$32.half[127:0]$588 [48] $0\fixed_pkg::s_narrow96to48$func$/headless/otolith/hdl/rtl/ldl_kernel.sv:207$32.half[127:0]$588 [48] $0\fixed_pkg::s_narrow96to48$func$/headless/otolith/hdl/rtl/ldl_kernel.sv:207$32.half[127:0]$588 [48] $0\fixed_pkg::s_narrow96to48$func$/headless/otolith/hdl/rtl/ldl_kernel.sv:207$32.half[127:0]$588 [48] $0\fixed_pkg::s_narrow96to48$func$/headless/otolith/hdl/rtl/ldl_kernel.sv:207$32.half[127:0]$588 [48] $0\fixed_pkg::s_narrow96to48$func$/headless/otolith/hdl/rtl/ldl_kernel.sv:207$32.half[127:0]$588 [48] $0\fixed_pkg::s_narrow96to48$func$/headless/otolith/hdl/rtl/ldl_kernel.sv:207$32.half[127:0]$588 [48] $0\fixed_pkg::s_narrow96to48$func$/headless/otolith/hdl/rtl/ldl_kernel.sv:207$32.half[127:0]$588 [48] $0\fixed_pkg::s_narrow96to48$func$/headless/otolith/hdl/rtl/ldl_kernel.sv:207$32.half[127:0]$588 [48] $0\fixed_pkg::s_narrow96to48$func$/headless/otolith/hdl/rtl/ldl_kernel.sv:207$32.half[127:0]$588 [48] $0\fixed_pkg::s_narrow96to48$func$/headless/otolith/hdl/rtl/ldl_kernel.sv:207$32.half[127:0]$588 [48] $0\fixed_pkg::s_narrow96to48$func$/headless/otolith/hdl/rtl/ldl_kernel.sv:207$32.half[127:0]$588 [48] $0\fixed_pkg::s_narrow96to48$func$/headless/otolith/hdl/rtl/ldl_kernel.sv:207$32.half[127:0]$588 [48] $0\fixed_pkg::s_narrow96to48$func$/headless/otolith/hdl/rtl/ldl_kernel.sv:207$32.half[127:0]$588 [48] $0\fixed_pkg::s_narrow96to48$func$/headless/otolith/hdl/rtl/ldl_kernel.sv:207$32.half[127:0]$588 [48] $0\fixed_pkg::s_narrow96to48$func$/headless/otolith/hdl/rtl/ldl_kernel.sv:207$32.half[127:0]$588 [48] $0\fixed_pkg::s_narrow96to48$func$/headless/otolith/hdl/rtl/ldl_kernel.sv:207$32.half[127:0]$588 [48] $0\fixed_pkg::s_narrow96to48$func$/headless/otolith/hdl/rtl/ldl_kernel.sv:207$32.half[127:0]$588 [48] $0\fixed_pkg::s_narrow96to48$func$/headless/otolith/hdl/rtl/ldl_kernel.sv:207$32.half[127:0]$588 [48] $0\fixed_pkg::s_narrow96to48$func$/headless/otolith/hdl/rtl/ldl_kernel.sv:207$32.half[127:0]$588 [48] $0\fixed_pkg::s_narrow96to48$func$/headless/otolith/hdl/rtl/ldl_kernel.sv:207$32.half[127:0]$588 [48] $0\fixed_pkg::s_narrow96to48$func$/headless/otolith/hdl/rtl/ldl_kernel.sv:207$32.half[127:0]$588 [48] $0\fixed_pkg::s_narrow96to48$func$/headless/otolith/hdl/rtl/ldl_kernel.sv:207$32.half[127:0]$588 [48] $0\fixed_pkg::s_narrow96to48$func$/headless/otolith/hdl/rtl/ldl_kernel.sv:207$32.half[127:0]$588 [48] $0\fixed_pkg::s_narrow96to48$func$/headless/otolith/hdl/rtl/ldl_kernel.sv:207$32.half[127:0]$588 [48] $0\fixed_pkg::s_narrow96to48$func$/headless/otolith/hdl/rtl/ldl_kernel.sv:207$32.half[127:0]$588 [48] $0\fixed_pkg::s_narrow96to48$func$/headless/otolith/hdl/rtl/ldl_kernel.sv:207$32.half[127:0]$588 [48] $0\fixed_pkg::s_narrow96to48$func$/headless/otolith/hdl/rtl/ldl_kernel.sv:207$32.half[127:0]$588 [48] $0\fixed_pkg::s_narrow96to48$func$/headless/otolith/hdl/rtl/ldl_kernel.sv:207$32.half[127:0]$588 [48] $0\fixed_pkg::s_narrow96to48$func$/headless/otolith/hdl/rtl/ldl_kernel.sv:207$32.half[127:0]$588 [48] $0\fixed_pkg::s_narrow96to48$func$/headless/otolith/hdl/rtl/ldl_kernel.sv:207$32.half[127:0]$588 [48] $0\fixed_pkg::s_narrow96to48$func$/headless/otolith/hdl/rtl/ldl_kernel.sv:207$32.half[127:0]$588 [48] $0\fixed_pkg::s_narrow96to48$func$/headless/otolith/hdl/rtl/ldl_kernel.sv:207$32.half[127:0]$588 [48] $0\fixed_pkg::s_narrow96to48$func$/headless/otolith/hdl/rtl/ldl_kernel.sv:207$32.half[127:0]$588 [48] $0\fixed_pkg::s_narrow96to48$func$/headless/otolith/hdl/rtl/ldl_kernel.sv:207$32.half[127:0]$588 [48] $0\fixed_pkg::s_narrow96to48$func$/headless/otolith/hdl/rtl/ldl_kernel.sv:207$32.half[127:0]$588 [48] $0\fixed_pkg::s_narrow96to48$func$/headless/otolith/hdl/rtl/ldl_kernel.sv:207$32.half[127:0]$588 [48] $0\fixed_pkg::s_narrow96to48$func$/headless/otolith/hdl/rtl/ldl_kernel.sv:207$32.half[127:0]$588 [48] $0\fixed_pkg::s_narrow96to48$func$/headless/otolith/hdl/rtl/ldl_kernel.sv:207$32.half[127:0]$588 [48] $0\fixed_pkg::s_narrow96to48$func$/headless/otolith/hdl/rtl/ldl_kernel.sv:207$32.half[127:0]$588 [48] $0\fixed_pkg::s_narrow96to48$func$/headless/otolith/hdl/rtl/ldl_kernel.sv:207$32.half[127:0]$588 [48] $0\fixed_pkg::s_narrow96to48$func$/headless/otolith/hdl/rtl/ldl_kernel.sv:207$32.half[127:0]$588 [48] $0\fixed_pkg::s_narrow96to48$func$/headless/otolith/hdl/rtl/ldl_kernel.sv:207$32.half[127:0]$588 [48] $0\fixed_pkg::s_narrow96to48$func$/headless/otolith/hdl/rtl/ldl_kernel.sv:207$32.half[127:0]$588 [48] $0\fixed_pkg::s_narrow96to48$func$/headless/otolith/hdl/rtl/ldl_kernel.sv:207$32.half[127:0]$588 [48] $0\fixed_pkg::s_narrow96to48$func$/headless/otolith/hdl/rtl/ldl_kernel.sv:207$32.half[127:0]$588 [48] $0\fixed_pkg::s_narrow96to48$func$/headless/otolith/hdl/rtl/ldl_kernel.sv:207$32.half[127:0]$588 [48] $0\fixed_pkg::s_narrow96to48$func$/headless/otolith/hdl/rtl/ldl_kernel.sv:207$32.half[127:0]$588 [48] $0\fixed_pkg::s_narrow96to48$func$/headless/otolith/hdl/rtl/ldl_kernel.sv:207$32.half[127:0]$588 [48] $0\fixed_pkg::s_narrow96to48$func$/headless/otolith/hdl/rtl/ldl_kernel.sv:207$32.half[127:0]$588 [48] $0\fixed_pkg::s_narrow96to48$func$/headless/otolith/hdl/rtl/ldl_kernel.sv:207$32.half[127:0]$588 [48] $0\fixed_pkg::s_narrow96to48$func$/headless/otolith/hdl/rtl/ldl_kernel.sv:207$32.half[127:0]$588 [48] $0\fixed_pkg::s_narrow96to48$func$/headless/otolith/hdl/rtl/ldl_kernel.sv:207$32.half[127:0]$588 [48] $0\fixed_pkg::s_narrow96to48$func$/headless/otolith/hdl/rtl/ldl_kernel.sv:207$32.half[127:0]$588 [48] $0\fixed_pkg::s_narrow96to48$func$/headless/otolith/hdl/rtl/ldl_kernel.sv:207$32.half[127:0]$588 [48] $0\fixed_pkg::s_narrow96to48$func$/headless/otolith/hdl/rtl/ldl_kernel.sv:207$32.half[127:0]$588 [48] $0\fixed_pkg::s_narrow96to48$func$/headless/otolith/hdl/rtl/ldl_kernel.sv:207$32.half[127:0]$588 [48] $0\fixed_pkg::s_narrow96to48$func$/headless/otolith/hdl/rtl/ldl_kernel.sv:207$32.half[127:0]$588 [48] $0\fixed_pkg::s_narrow96to48$func$/headless/otolith/hdl/rtl/ldl_kernel.sv:207$32.half[127:0]$588 [48] $0\fixed_pkg::s_narrow96to48$func$/headless/otolith/hdl/rtl/ldl_kernel.sv:207$32.half[127:0]$588 [48] $0\fixed_pkg::s_narrow96to48$func$/headless/otolith/hdl/rtl/ldl_kernel.sv:207$32.half[127:0]$588 [48] $0\fixed_pkg::s_narrow96to48$func$/headless/otolith/hdl/rtl/ldl_kernel.sv:207$32.half[127:0]$588 [48] $0\fixed_pkg::s_narrow96to48$func$/headless/otolith/hdl/rtl/ldl_kernel.sv:207$32.half[127:0]$588 [48] $0\fixed_pkg::s_narrow96to48$func$/headless/otolith/hdl/rtl/ldl_kernel.sv:207$32.half[127:0]$588 [48] $0\fixed_pkg::s_narrow96to48$func$/headless/otolith/hdl/rtl/ldl_kernel.sv:207$32.half[127:0]$588 [48] $0\fixed_pkg::s_narrow96to48$func$/headless/otolith/hdl/rtl/ldl_kernel.sv:207$32.half[127:0]$588 [48] 48'100000000000000000000000000000000000000000000000 }
    New input vector for $reduce_or cell $auto$opt_reduce.cc:131:opt_pmux$7651: { \st [23] \st [21] \st [13:11] \st [9] \st [6] \st [0] }
  Optimizing cells in module \ldl_kernel.
    Consolidated identical input bits for $mux cell $procmux$5388:
      Old ports: A=$1\fixed_pkg::s_clz64$func$/headless/otolith/hdl/rtl/ldl_kernel.sv:134$12.$result[6:0]$73, B=7'0111110, Y=$2\fixed_pkg::s_clz64$func$/headless/otolith/hdl/rtl/ldl_kernel.sv:134$12.$result[6:0]$74
      New ports: A={ $1\fixed_pkg::s_clz64$func$/headless/otolith/hdl/rtl/ldl_kernel.sv:134$12.$result[6:0]$73 [6] $1\fixed_pkg::s_clz64$func$/headless/otolith/hdl/rtl/ldl_kernel.sv:134$12.$result[6:0]$73 [0] $1\fixed_pkg::s_clz64$func$/headless/otolith/hdl/rtl/ldl_kernel.sv:134$12.$result[6:0]$73 [0] }, B=3'010, Y={ $2\fixed_pkg::s_clz64$func$/headless/otolith/hdl/rtl/ldl_kernel.sv:134$12.$result[6:0]$74 [6] $2\fixed_pkg::s_clz64$func$/headless/otolith/hdl/rtl/ldl_kernel.sv:134$12.$result[6:0]$74 [1:0] }
      New connections: $2\fixed_pkg::s_clz64$func$/headless/otolith/hdl/rtl/ldl_kernel.sv:134$12.$result[6:0]$74 [5:2] = { $2\fixed_pkg::s_clz64$func$/headless/otolith/hdl/rtl/ldl_kernel.sv:134$12.$result[6:0]$74 [1] $2\fixed_pkg::s_clz64$func$/headless/otolith/hdl/rtl/ldl_kernel.sv:134$12.$result[6:0]$74 [1] $2\fixed_pkg::s_clz64$func$/headless/otolith/hdl/rtl/ldl_kernel.sv:134$12.$result[6:0]$74 [1] $2\fixed_pkg::s_clz64$func$/headless/otolith/hdl/rtl/ldl_kernel.sv:134$12.$result[6:0]$74 [1] }
  Optimizing cells in module \ldl_kernel.
    Consolidated identical input bits for $mux cell $procmux$5385:
      Old ports: A=$2\fixed_pkg::s_clz64$func$/headless/otolith/hdl/rtl/ldl_kernel.sv:134$12.$result[6:0]$74, B=7'0111101, Y=$3\fixed_pkg::s_clz64$func$/headless/otolith/hdl/rtl/ldl_kernel.sv:134$12.$result[6:0]$75
      New ports: A={ $2\fixed_pkg::s_clz64$func$/headless/otolith/hdl/rtl/ldl_kernel.sv:134$12.$result[6:0]$74 [6] $2\fixed_pkg::s_clz64$func$/headless/otolith/hdl/rtl/ldl_kernel.sv:134$12.$result[6:0]$74 [1] $2\fixed_pkg::s_clz64$func$/headless/otolith/hdl/rtl/ldl_kernel.sv:134$12.$result[6:0]$74 [1:0] }, B=4'0101, Y={ $3\fixed_pkg::s_clz64$func$/headless/otolith/hdl/rtl/ldl_kernel.sv:134$12.$result[6:0]$75 [6] $3\fixed_pkg::s_clz64$func$/headless/otolith/hdl/rtl/ldl_kernel.sv:134$12.$result[6:0]$75 [2:0] }
      New connections: $3\fixed_pkg::s_clz64$func$/headless/otolith/hdl/rtl/ldl_kernel.sv:134$12.$result[6:0]$75 [5:3] = { $3\fixed_pkg::s_clz64$func$/headless/otolith/hdl/rtl/ldl_kernel.sv:134$12.$result[6:0]$75 [2] $3\fixed_pkg::s_clz64$func$/headless/otolith/hdl/rtl/ldl_kernel.sv:134$12.$result[6:0]$75 [2] $3\fixed_pkg::s_clz64$func$/headless/otolith/hdl/rtl/ldl_kernel.sv:134$12.$result[6:0]$75 [2] }
  Optimizing cells in module \ldl_kernel.
    Consolidated identical input bits for $mux cell $procmux$5382:
      Old ports: A=$3\fixed_pkg::s_clz64$func$/headless/otolith/hdl/rtl/ldl_kernel.sv:134$12.$result[6:0]$75, B=7'0111100, Y=$4\fixed_pkg::s_clz64$func$/headless/otolith/hdl/rtl/ldl_kernel.sv:134$12.$result[6:0]$76
      New ports: A={ $3\fixed_pkg::s_clz64$func$/headless/otolith/hdl/rtl/ldl_kernel.sv:134$12.$result[6:0]$75 [6] $3\fixed_pkg::s_clz64$func$/headless/otolith/hdl/rtl/ldl_kernel.sv:134$12.$result[6:0]$75 [2:0] }, B=4'0100, Y={ $4\fixed_pkg::s_clz64$func$/headless/otolith/hdl/rtl/ldl_kernel.sv:134$12.$result[6:0]$76 [6] $4\fixed_pkg::s_clz64$func$/headless/otolith/hdl/rtl/ldl_kernel.sv:134$12.$result[6:0]$76 [2:0] }
      New connections: $4\fixed_pkg::s_clz64$func$/headless/otolith/hdl/rtl/ldl_kernel.sv:134$12.$result[6:0]$76 [5:3] = { $4\fixed_pkg::s_clz64$func$/headless/otolith/hdl/rtl/ldl_kernel.sv:134$12.$result[6:0]$76 [2] $4\fixed_pkg::s_clz64$func$/headless/otolith/hdl/rtl/ldl_kernel.sv:134$12.$result[6:0]$76 [2] $4\fixed_pkg::s_clz64$func$/headless/otolith/hdl/rtl/ldl_kernel.sv:134$12.$result[6:0]$76 [2] }
  Optimizing cells in module \ldl_kernel.
    Consolidated identical input bits for $mux cell $procmux$5379:
      Old ports: A=$4\fixed_pkg::s_clz64$func$/headless/otolith/hdl/rtl/ldl_kernel.sv:134$12.$result[6:0]$76, B=7'0111011, Y=$5\fixed_pkg::s_clz64$func$/headless/otolith/hdl/rtl/ldl_kernel.sv:134$12.$result[6:0]$77
      New ports: A={ $4\fixed_pkg::s_clz64$func$/headless/otolith/hdl/rtl/ldl_kernel.sv:134$12.$result[6:0]$76 [6] $4\fixed_pkg::s_clz64$func$/headless/otolith/hdl/rtl/ldl_kernel.sv:134$12.$result[6:0]$76 [2] $4\fixed_pkg::s_clz64$func$/headless/otolith/hdl/rtl/ldl_kernel.sv:134$12.$result[6:0]$76 [2:0] }, B=5'01011, Y={ $5\fixed_pkg::s_clz64$func$/headless/otolith/hdl/rtl/ldl_kernel.sv:134$12.$result[6:0]$77 [6] $5\fixed_pkg::s_clz64$func$/headless/otolith/hdl/rtl/ldl_kernel.sv:134$12.$result[6:0]$77 [3:0] }
      New connections: $5\fixed_pkg::s_clz64$func$/headless/otolith/hdl/rtl/ldl_kernel.sv:134$12.$result[6:0]$77 [5:4] = { $5\fixed_pkg::s_clz64$func$/headless/otolith/hdl/rtl/ldl_kernel.sv:134$12.$result[6:0]$77 [3] $5\fixed_pkg::s_clz64$func$/headless/otolith/hdl/rtl/ldl_kernel.sv:134$12.$result[6:0]$77 [3] }
  Optimizing cells in module \ldl_kernel.
    Consolidated identical input bits for $mux cell $procmux$5376:
      Old ports: A=$5\fixed_pkg::s_clz64$func$/headless/otolith/hdl/rtl/ldl_kernel.sv:134$12.$result[6:0]$77, B=7'0111010, Y=$6\fixed_pkg::s_clz64$func$/headless/otolith/hdl/rtl/ldl_kernel.sv:134$12.$result[6:0]$78
      New ports: A={ $5\fixed_pkg::s_clz64$func$/headless/otolith/hdl/rtl/ldl_kernel.sv:134$12.$result[6:0]$77 [6] $5\fixed_pkg::s_clz64$func$/headless/otolith/hdl/rtl/ldl_kernel.sv:134$12.$result[6:0]$77 [3:0] }, B=5'01010, Y={ $6\fixed_pkg::s_clz64$func$/headless/otolith/hdl/rtl/ldl_kernel.sv:134$12.$result[6:0]$78 [6] $6\fixed_pkg::s_clz64$func$/headless/otolith/hdl/rtl/ldl_kernel.sv:134$12.$result[6:0]$78 [3:0] }
      New connections: $6\fixed_pkg::s_clz64$func$/headless/otolith/hdl/rtl/ldl_kernel.sv:134$12.$result[6:0]$78 [5:4] = { $6\fixed_pkg::s_clz64$func$/headless/otolith/hdl/rtl/ldl_kernel.sv:134$12.$result[6:0]$78 [3] $6\fixed_pkg::s_clz64$func$/headless/otolith/hdl/rtl/ldl_kernel.sv:134$12.$result[6:0]$78 [3] }
  Optimizing cells in module \ldl_kernel.
    Consolidated identical input bits for $mux cell $procmux$5373:
      Old ports: A=$6\fixed_pkg::s_clz64$func$/headless/otolith/hdl/rtl/ldl_kernel.sv:134$12.$result[6:0]$78, B=7'0111001, Y=$7\fixed_pkg::s_clz64$func$/headless/otolith/hdl/rtl/ldl_kernel.sv:134$12.$result[6:0]$79
      New ports: A={ $6\fixed_pkg::s_clz64$func$/headless/otolith/hdl/rtl/ldl_kernel.sv:134$12.$result[6:0]$78 [6] $6\fixed_pkg::s_clz64$func$/headless/otolith/hdl/rtl/ldl_kernel.sv:134$12.$result[6:0]$78 [3:0] }, B=5'01001, Y={ $7\fixed_pkg::s_clz64$func$/headless/otolith/hdl/rtl/ldl_kernel.sv:134$12.$result[6:0]$79 [6] $7\fixed_pkg::s_clz64$func$/headless/otolith/hdl/rtl/ldl_kernel.sv:134$12.$result[6:0]$79 [3:0] }
      New connections: $7\fixed_pkg::s_clz64$func$/headless/otolith/hdl/rtl/ldl_kernel.sv:134$12.$result[6:0]$79 [5:4] = { $7\fixed_pkg::s_clz64$func$/headless/otolith/hdl/rtl/ldl_kernel.sv:134$12.$result[6:0]$79 [3] $7\fixed_pkg::s_clz64$func$/headless/otolith/hdl/rtl/ldl_kernel.sv:134$12.$result[6:0]$79 [3] }
  Optimizing cells in module \ldl_kernel.
    Consolidated identical input bits for $mux cell $procmux$5370:
      Old ports: A=$7\fixed_pkg::s_clz64$func$/headless/otolith/hdl/rtl/ldl_kernel.sv:134$12.$result[6:0]$79, B=7'0111000, Y=$8\fixed_pkg::s_clz64$func$/headless/otolith/hdl/rtl/ldl_kernel.sv:134$12.$result[6:0]$80
      New ports: A={ $7\fixed_pkg::s_clz64$func$/headless/otolith/hdl/rtl/ldl_kernel.sv:134$12.$result[6:0]$79 [6] $7\fixed_pkg::s_clz64$func$/headless/otolith/hdl/rtl/ldl_kernel.sv:134$12.$result[6:0]$79 [3:0] }, B=5'01000, Y={ $8\fixed_pkg::s_clz64$func$/headless/otolith/hdl/rtl/ldl_kernel.sv:134$12.$result[6:0]$80 [6] $8\fixed_pkg::s_clz64$func$/headless/otolith/hdl/rtl/ldl_kernel.sv:134$12.$result[6:0]$80 [3:0] }
      New connections: $8\fixed_pkg::s_clz64$func$/headless/otolith/hdl/rtl/ldl_kernel.sv:134$12.$result[6:0]$80 [5:4] = { $8\fixed_pkg::s_clz64$func$/headless/otolith/hdl/rtl/ldl_kernel.sv:134$12.$result[6:0]$80 [3] $8\fixed_pkg::s_clz64$func$/headless/otolith/hdl/rtl/ldl_kernel.sv:134$12.$result[6:0]$80 [3] }
  Optimizing cells in module \ldl_kernel.
    Consolidated identical input bits for $mux cell $procmux$5367:
      Old ports: A=$8\fixed_pkg::s_clz64$func$/headless/otolith/hdl/rtl/ldl_kernel.sv:134$12.$result[6:0]$80, B=7'0110111, Y=$9\fixed_pkg::s_clz64$func$/headless/otolith/hdl/rtl/ldl_kernel.sv:134$12.$result[6:0]$81
      New ports: A={ $8\fixed_pkg::s_clz64$func$/headless/otolith/hdl/rtl/ldl_kernel.sv:134$12.$result[6:0]$80 [6] $8\fixed_pkg::s_clz64$func$/headless/otolith/hdl/rtl/ldl_kernel.sv:134$12.$result[6:0]$80 [3] $8\fixed_pkg::s_clz64$func$/headless/otolith/hdl/rtl/ldl_kernel.sv:134$12.$result[6:0]$80 [3:0] }, B=6'010111, Y={ $9\fixed_pkg::s_clz64$func$/headless/otolith/hdl/rtl/ldl_kernel.sv:134$12.$result[6:0]$81 [6] $9\fixed_pkg::s_clz64$func$/headless/otolith/hdl/rtl/ldl_kernel.sv:134$12.$result[6:0]$81 [4:0] }
      New connections: $9\fixed_pkg::s_clz64$func$/headless/otolith/hdl/rtl/ldl_kernel.sv:134$12.$result[6:0]$81 [5] = $9\fixed_pkg::s_clz64$func$/headless/otolith/hdl/rtl/ldl_kernel.sv:134$12.$result[6:0]$81 [4]
  Optimizing cells in module \ldl_kernel.
    Consolidated identical input bits for $mux cell $procmux$5364:
      Old ports: A=$9\fixed_pkg::s_clz64$func$/headless/otolith/hdl/rtl/ldl_kernel.sv:134$12.$result[6:0]$81, B=7'0110110, Y=$10\fixed_pkg::s_clz64$func$/headless/otolith/hdl/rtl/ldl_kernel.sv:134$12.$result[6:0]$82
      New ports: A={ $9\fixed_pkg::s_clz64$func$/headless/otolith/hdl/rtl/ldl_kernel.sv:134$12.$result[6:0]$81 [6] $9\fixed_pkg::s_clz64$func$/headless/otolith/hdl/rtl/ldl_kernel.sv:134$12.$result[6:0]$81 [4:0] }, B=6'010110, Y={ $10\fixed_pkg::s_clz64$func$/headless/otolith/hdl/rtl/ldl_kernel.sv:134$12.$result[6:0]$82 [6] $10\fixed_pkg::s_clz64$func$/headless/otolith/hdl/rtl/ldl_kernel.sv:134$12.$result[6:0]$82 [4:0] }
      New connections: $10\fixed_pkg::s_clz64$func$/headless/otolith/hdl/rtl/ldl_kernel.sv:134$12.$result[6:0]$82 [5] = $10\fixed_pkg::s_clz64$func$/headless/otolith/hdl/rtl/ldl_kernel.sv:134$12.$result[6:0]$82 [4]
  Optimizing cells in module \ldl_kernel.
    Consolidated identical input bits for $mux cell $procmux$5361:
      Old ports: A=$10\fixed_pkg::s_clz64$func$/headless/otolith/hdl/rtl/ldl_kernel.sv:134$12.$result[6:0]$82, B=7'0110101, Y=$11\fixed_pkg::s_clz64$func$/headless/otolith/hdl/rtl/ldl_kernel.sv:134$12.$result[6:0]$83
      New ports: A={ $10\fixed_pkg::s_clz64$func$/headless/otolith/hdl/rtl/ldl_kernel.sv:134$12.$result[6:0]$82 [6] $10\fixed_pkg::s_clz64$func$/headless/otolith/hdl/rtl/ldl_kernel.sv:134$12.$result[6:0]$82 [4:0] }, B=6'010101, Y={ $11\fixed_pkg::s_clz64$func$/headless/otolith/hdl/rtl/ldl_kernel.sv:134$12.$result[6:0]$83 [6] $11\fixed_pkg::s_clz64$func$/headless/otolith/hdl/rtl/ldl_kernel.sv:134$12.$result[6:0]$83 [4:0] }
      New connections: $11\fixed_pkg::s_clz64$func$/headless/otolith/hdl/rtl/ldl_kernel.sv:134$12.$result[6:0]$83 [5] = $11\fixed_pkg::s_clz64$func$/headless/otolith/hdl/rtl/ldl_kernel.sv:134$12.$result[6:0]$83 [4]
  Optimizing cells in module \ldl_kernel.
    Consolidated identical input bits for $mux cell $procmux$5358:
      Old ports: A=$11\fixed_pkg::s_clz64$func$/headless/otolith/hdl/rtl/ldl_kernel.sv:134$12.$result[6:0]$83, B=7'0110100, Y=$12\fixed_pkg::s_clz64$func$/headless/otolith/hdl/rtl/ldl_kernel.sv:134$12.$result[6:0]$84
      New ports: A={ $11\fixed_pkg::s_clz64$func$/headless/otolith/hdl/rtl/ldl_kernel.sv:134$12.$result[6:0]$83 [6] $11\fixed_pkg::s_clz64$func$/headless/otolith/hdl/rtl/ldl_kernel.sv:134$12.$result[6:0]$83 [4:0] }, B=6'010100, Y={ $12\fixed_pkg::s_clz64$func$/headless/otolith/hdl/rtl/ldl_kernel.sv:134$12.$result[6:0]$84 [6] $12\fixed_pkg::s_clz64$func$/headless/otolith/hdl/rtl/ldl_kernel.sv:134$12.$result[6:0]$84 [4:0] }
      New connections: $12\fixed_pkg::s_clz64$func$/headless/otolith/hdl/rtl/ldl_kernel.sv:134$12.$result[6:0]$84 [5] = $12\fixed_pkg::s_clz64$func$/headless/otolith/hdl/rtl/ldl_kernel.sv:134$12.$result[6:0]$84 [4]
  Optimizing cells in module \ldl_kernel.
    Consolidated identical input bits for $mux cell $procmux$5355:
      Old ports: A=$12\fixed_pkg::s_clz64$func$/headless/otolith/hdl/rtl/ldl_kernel.sv:134$12.$result[6:0]$84, B=7'0110011, Y=$13\fixed_pkg::s_clz64$func$/headless/otolith/hdl/rtl/ldl_kernel.sv:134$12.$result[6:0]$85
      New ports: A={ $12\fixed_pkg::s_clz64$func$/headless/otolith/hdl/rtl/ldl_kernel.sv:134$12.$result[6:0]$84 [6] $12\fixed_pkg::s_clz64$func$/headless/otolith/hdl/rtl/ldl_kernel.sv:134$12.$result[6:0]$84 [4:0] }, B=6'010011, Y={ $13\fixed_pkg::s_clz64$func$/headless/otolith/hdl/rtl/ldl_kernel.sv:134$12.$result[6:0]$85 [6] $13\fixed_pkg::s_clz64$func$/headless/otolith/hdl/rtl/ldl_kernel.sv:134$12.$result[6:0]$85 [4:0] }
      New connections: $13\fixed_pkg::s_clz64$func$/headless/otolith/hdl/rtl/ldl_kernel.sv:134$12.$result[6:0]$85 [5] = $13\fixed_pkg::s_clz64$func$/headless/otolith/hdl/rtl/ldl_kernel.sv:134$12.$result[6:0]$85 [4]
  Optimizing cells in module \ldl_kernel.
    Consolidated identical input bits for $mux cell $procmux$5352:
      Old ports: A=$13\fixed_pkg::s_clz64$func$/headless/otolith/hdl/rtl/ldl_kernel.sv:134$12.$result[6:0]$85, B=7'0110010, Y=$14\fixed_pkg::s_clz64$func$/headless/otolith/hdl/rtl/ldl_kernel.sv:134$12.$result[6:0]$86
      New ports: A={ $13\fixed_pkg::s_clz64$func$/headless/otolith/hdl/rtl/ldl_kernel.sv:134$12.$result[6:0]$85 [6] $13\fixed_pkg::s_clz64$func$/headless/otolith/hdl/rtl/ldl_kernel.sv:134$12.$result[6:0]$85 [4:0] }, B=6'010010, Y={ $14\fixed_pkg::s_clz64$func$/headless/otolith/hdl/rtl/ldl_kernel.sv:134$12.$result[6:0]$86 [6] $14\fixed_pkg::s_clz64$func$/headless/otolith/hdl/rtl/ldl_kernel.sv:134$12.$result[6:0]$86 [4:0] }
      New connections: $14\fixed_pkg::s_clz64$func$/headless/otolith/hdl/rtl/ldl_kernel.sv:134$12.$result[6:0]$86 [5] = $14\fixed_pkg::s_clz64$func$/headless/otolith/hdl/rtl/ldl_kernel.sv:134$12.$result[6:0]$86 [4]
  Optimizing cells in module \ldl_kernel.
    Consolidated identical input bits for $mux cell $procmux$5349:
      Old ports: A=$14\fixed_pkg::s_clz64$func$/headless/otolith/hdl/rtl/ldl_kernel.sv:134$12.$result[6:0]$86, B=7'0110001, Y=$15\fixed_pkg::s_clz64$func$/headless/otolith/hdl/rtl/ldl_kernel.sv:134$12.$result[6:0]$87
      New ports: A={ $14\fixed_pkg::s_clz64$func$/headless/otolith/hdl/rtl/ldl_kernel.sv:134$12.$result[6:0]$86 [6] $14\fixed_pkg::s_clz64$func$/headless/otolith/hdl/rtl/ldl_kernel.sv:134$12.$result[6:0]$86 [4:0] }, B=6'010001, Y={ $15\fixed_pkg::s_clz64$func$/headless/otolith/hdl/rtl/ldl_kernel.sv:134$12.$result[6:0]$87 [6] $15\fixed_pkg::s_clz64$func$/headless/otolith/hdl/rtl/ldl_kernel.sv:134$12.$result[6:0]$87 [4:0] }
      New connections: $15\fixed_pkg::s_clz64$func$/headless/otolith/hdl/rtl/ldl_kernel.sv:134$12.$result[6:0]$87 [5] = $15\fixed_pkg::s_clz64$func$/headless/otolith/hdl/rtl/ldl_kernel.sv:134$12.$result[6:0]$87 [4]
  Optimizing cells in module \ldl_kernel.
    Consolidated identical input bits for $mux cell $procmux$5346:
      Old ports: A=$15\fixed_pkg::s_clz64$func$/headless/otolith/hdl/rtl/ldl_kernel.sv:134$12.$result[6:0]$87, B=7'0110000, Y=$16\fixed_pkg::s_clz64$func$/headless/otolith/hdl/rtl/ldl_kernel.sv:134$12.$result[6:0]$88
      New ports: A={ $15\fixed_pkg::s_clz64$func$/headless/otolith/hdl/rtl/ldl_kernel.sv:134$12.$result[6:0]$87 [6] $15\fixed_pkg::s_clz64$func$/headless/otolith/hdl/rtl/ldl_kernel.sv:134$12.$result[6:0]$87 [4:0] }, B=6'010000, Y={ $16\fixed_pkg::s_clz64$func$/headless/otolith/hdl/rtl/ldl_kernel.sv:134$12.$result[6:0]$88 [6] $16\fixed_pkg::s_clz64$func$/headless/otolith/hdl/rtl/ldl_kernel.sv:134$12.$result[6:0]$88 [4:0] }
      New connections: $16\fixed_pkg::s_clz64$func$/headless/otolith/hdl/rtl/ldl_kernel.sv:134$12.$result[6:0]$88 [5] = $16\fixed_pkg::s_clz64$func$/headless/otolith/hdl/rtl/ldl_kernel.sv:134$12.$result[6:0]$88 [4]
  Optimizing cells in module \ldl_kernel.
Performed a total of 32 changes.

108. Executing OPT_MERGE pass (detect identical cells).
Finding identical cells in module `\ldl_kernel'.
Computing hashes of 731 cells of `\ldl_kernel'.
Finding duplicate cells in `\ldl_kernel'.
Computing hashes of 726 cells of `\ldl_kernel'.
Finding duplicate cells in `\ldl_kernel'.
<suppressed ~15 debug messages>
Removed a total of 5 cells.

109. Executing OPT_SHARE pass.
    Found cells that share an operand and can be merged by moving the $pmux $procmux$2470 in front of them:
        $or$/headless/otolith/hdl/rtl/ldl_kernel.sv:351$469
        $or$/headless/otolith/hdl/rtl/ldl_kernel.sv:356$470

110. Executing OPT_DFF pass (perform DFF optimizations).
Adding EN signal on $auto$ff.cc:337:slice$6606 ($dffe) from module ldl_kernel (D = $0\X_r[0][63:0], Q = \X_r[0]).
Adding EN signal on $auto$ff.cc:337:slice$6589 ($dffe) from module ldl_kernel (D = $0\X_r[1][63:0], Q = \X_r[1]).
Adding EN signal on $auto$ff.cc:337:slice$6572 ($dffe) from module ldl_kernel (D = $0\X_r[2][63:0], Q = \X_r[2]).
Adding EN signal on $auto$ff.cc:337:slice$6555 ($dffe) from module ldl_kernel (D = $0\X_r[3][63:0], Q = \X_r[3]).
Adding EN signal on $auto$ff.cc:337:slice$6538 ($dffe) from module ldl_kernel (D = $0\X_r[4][63:0], Q = \X_r[4]).
Adding EN signal on $auto$ff.cc:337:slice$6521 ($dffe) from module ldl_kernel (D = $0\X_r[5][63:0], Q = \X_r[5]).

111. Executing OPT_CLEAN pass (remove unused cells and wires).
Finding unused cells or wires in module \ldl_kernel..
Removed 0 unused cells and 7 unused wires.
<suppressed ~1 debug messages>

112. Executing OPT_EXPR pass (perform const folding).
Optimizing module ldl_kernel.
<suppressed ~12 debug messages>

113. Rerunning OPT passes. (Maybe there is more to do…)

114. Executing OPT_MUXTREE pass (detect dead branches in mux trees).
Running muxtree optimizer on module \ldl_kernel..
  Creating internal representation of mux trees.
  Evaluating internal representation of mux trees.
  Analyzing evaluation results.
Removed 0 multiplexer ports.
<suppressed ~151 debug messages>

115. Executing OPT_REDUCE pass (consolidate $*mux and $reduce_* inputs).
  Optimizing cells in module \ldl_kernel.
    New input vector for $reduce_and cell $auto$opt_dff.cc:337:make_patterns_logic$7670: { \rst_n $auto$opt_dff.cc:319:make_patterns_logic$6522 $auto$opt_dff.cc:319:make_patterns_logic$6524 $auto$opt_dff.cc:319:make_patterns_logic$6526 $auto$opt_dff.cc:319:make_patterns_logic$6528 $auto$opt_dff.cc:319:make_patterns_logic$6532 $auto$opt_dff.cc:319:make_patterns_logic$6581 $auto$opt_dff.cc:319:make_patterns_logic$6585 $auto$opt_dff.cc:319:make_patterns_logic$7667 }
    New input vector for $reduce_and cell $auto$opt_dff.cc:337:make_patterns_logic$7680: { \rst_n $auto$opt_dff.cc:319:make_patterns_logic$6522 $auto$opt_dff.cc:319:make_patterns_logic$6524 $auto$opt_dff.cc:319:make_patterns_logic$6526 $auto$opt_dff.cc:319:make_patterns_logic$6528 $auto$opt_dff.cc:319:make_patterns_logic$6532 $auto$opt_dff.cc:319:make_patterns_logic$6547 $auto$opt_dff.cc:319:make_patterns_logic$6551 $auto$opt_dff.cc:319:make_patterns_logic$7677 }
    New input vector for $reduce_and cell $auto$opt_dff.cc:337:make_patterns_logic$7675: { \rst_n $auto$opt_dff.cc:319:make_patterns_logic$6522 $auto$opt_dff.cc:319:make_patterns_logic$6524 $auto$opt_dff.cc:319:make_patterns_logic$6526 $auto$opt_dff.cc:319:make_patterns_logic$6528 $auto$opt_dff.cc:319:make_patterns_logic$6532 $auto$opt_dff.cc:319:make_patterns_logic$6564 $auto$opt_dff.cc:319:make_patterns_logic$6568 $auto$opt_dff.cc:319:make_patterns_logic$7672 }
    New input vector for $reduce_and cell $auto$opt_dff.cc:337:make_patterns_logic$7685: { \rst_n $auto$opt_dff.cc:319:make_patterns_logic$6522 $auto$opt_dff.cc:319:make_patterns_logic$6524 $auto$opt_dff.cc:319:make_patterns_logic$6526 $auto$opt_dff.cc:319:make_patterns_logic$6528 $auto$opt_dff.cc:319:make_patterns_logic$6530 $auto$opt_dff.cc:319:make_patterns_logic$6532 $auto$opt_dff.cc:319:make_patterns_logic$6534 $auto$opt_dff.cc:319:make_patterns_logic$7682 }
    New input vector for $reduce_and cell $auto$opt_dff.cc:337:make_patterns_logic$7660: { \rst_n $auto$opt_dff.cc:319:make_patterns_logic$6522 $auto$opt_dff.cc:319:make_patterns_logic$6524 $auto$opt_dff.cc:319:make_patterns_logic$6526 $auto$opt_dff.cc:319:make_patterns_logic$6528 $auto$opt_dff.cc:319:make_patterns_logic$6532 $auto$opt_dff.cc:319:make_patterns_logic$6615 $auto$opt_dff.cc:319:make_patterns_logic$6619 $auto$opt_dff.cc:319:make_patterns_logic$7657 }
    New input vector for $reduce_and cell $auto$opt_dff.cc:337:make_patterns_logic$7665: { \rst_n $auto$opt_dff.cc:319:make_patterns_logic$6522 $auto$opt_dff.cc:319:make_patterns_logic$6524 $auto$opt_dff.cc:319:make_patterns_logic$6526 $auto$opt_dff.cc:319:make_patterns_logic$6528 $auto$opt_dff.cc:319:make_patterns_logic$6532 $auto$opt_dff.cc:319:make_patterns_logic$6598 $auto$opt_dff.cc:319:make_patterns_logic$6602 $auto$opt_dff.cc:319:make_patterns_logic$7662 }
    New ctrl vector for $pmux cell $procmux$2470: { $auto$opt_reduce.cc:137:opt_pmux$7687 $auto$opt_reduce.cc:137:opt_pmux$6232 $auto$opt_reduce.cc:137:opt_pmux$6234 \st [4] }
  Optimizing cells in module \ldl_kernel.
Performed a total of 7 changes.

116. Executing OPT_MERGE pass (detect identical cells).
Finding identical cells in module `\ldl_kernel'.
Computing hashes of 732 cells of `\ldl_kernel'.
Finding duplicate cells in `\ldl_kernel'.
Computing hashes of 727 cells of `\ldl_kernel'.
Finding duplicate cells in `\ldl_kernel'.
<suppressed ~15 debug messages>
Removed a total of 5 cells.

117. Executing OPT_SHARE pass.

118. Executing OPT_DFF pass (perform DFF optimizations).

119. Executing OPT_CLEAN pass (remove unused cells and wires).
Finding unused cells or wires in module \ldl_kernel..
Removed 6 unused cells and 18 unused wires.
<suppressed ~7 debug messages>

120. Executing OPT_EXPR pass (perform const folding).
Optimizing module ldl_kernel.

121. Rerunning OPT passes. (Maybe there is more to do…)

122. Executing OPT_MUXTREE pass (detect dead branches in mux trees).
Running muxtree optimizer on module \ldl_kernel..
  Creating internal representation of mux trees.
  Evaluating internal representation of mux trees.
  Analyzing evaluation results.
Removed 0 multiplexer ports.
<suppressed ~141 debug messages>

123. Executing OPT_REDUCE pass (consolidate $*mux and $reduce_* inputs).
  Optimizing cells in module \ldl_kernel.
Performed a total of 0 changes.

124. Executing OPT_MERGE pass (detect identical cells).
Finding identical cells in module `\ldl_kernel'.
Computing hashes of 721 cells of `\ldl_kernel'.
Finding duplicate cells in `\ldl_kernel'.
Removed a total of 0 cells.

125. Executing OPT_SHARE pass.

126. Executing OPT_DFF pass (perform DFF optimizations).

127. Executing OPT_CLEAN pass (remove unused cells and wires).
Finding unused cells or wires in module \ldl_kernel..

128. Executing OPT_EXPR pass (perform const folding).
Optimizing module ldl_kernel.

129. Executing TECHMAP pass (map to technology primitives).

129.1. Executing Verilog-2005 frontend: /foss/tools/yosys/bin/../share/yosys/techmap.v
Parsing Verilog input from `/foss/tools/yosys/bin/../share/yosys/techmap.v' to AST representation.
Generating RTLIL representation for module `\_90_simplemap_bool_ops'.
Generating RTLIL representation for module `\_90_simplemap_reduce_ops'.
Generating RTLIL representation for module `\_90_simplemap_logic_ops'.
Generating RTLIL representation for module `\_90_simplemap_compare_ops'.
Generating RTLIL representation for module `\_90_simplemap_various'.
Generating RTLIL representation for module `\_90_simplemap_registers'.
Generating RTLIL representation for module `\_90_shift_ops_shr_shl_sshl_sshr'.
Generating RTLIL representation for module `\_90_shift_shiftx'.
Generating RTLIL representation for module `\_90_fa'.
Generating RTLIL representation for module `\_90_lcu_brent_kung'.
Generating RTLIL representation for module `\_90_alu'.
Generating RTLIL representation for module `\_90_macc'.
Generating RTLIL representation for module `\_90_alumacc'.
Generating RTLIL representation for module `$__div_mod_u'.
Generating RTLIL representation for module `$__div_mod_trunc'.
Generating RTLIL representation for module `\_90_div'.
Generating RTLIL representation for module `\_90_mod'.
Generating RTLIL representation for module `$__div_mod_floor'.
Generating RTLIL representation for module `\_90_divfloor'.
Generating RTLIL representation for module `\_90_modfloor'.
Generating RTLIL representation for module `\_90_pow'.
Generating RTLIL representation for module `\_90_demux'.
Generating RTLIL representation for module `\_90_lut'.
Generating RTLIL representation for module `$connect'.
Generating RTLIL representation for module `$input_port'.
Successfully finished Verilog frontend.

129.2. Continuing TECHMAP pass.
Using extmapper simplemap for cells of type $reduce_or.
Using extmapper simplemap for cells of type $reduce_and.
Using extmapper simplemap for cells of type $ne.
Using extmapper simplemap for cells of type $dffe.
Using extmapper simplemap for cells of type $mux.
Using extmapper simplemap for cells of type $not.
Using template $paramod$050f15daba5036a0512adf25d3c6631f629623f7\_90_alu for cells of type $alu.
Using template $paramod$fb2e2cd61b8ed064883ce29c4b15b65eef590c99\_90_alu for cells of type $alu.
Using template $paramod$1a9b2adc0e90ccf2d22dba8d72430d10741e65ed\_90_alu for cells of type $alu.
Using template $paramod$c2ed02ed30b61e9fec5c756b1d7700a1d205f749\_90_alu for cells of type $alu.
Using template $paramod$821d2886e47353e724eaca46af4992e9c3e6ac1d\_90_alu for cells of type $alu.
Using template $paramod$619a7e60d42ca0996ea4b1b41bb5412f6a52141d\_90_alu for cells of type $alu.
Using template $paramod$af987c41eb15cea3e227fb6b88cf36e74f01ad31\_90_alu for cells of type $alu.
Using template $paramod$32a7b7b86c07519b7537abc18e96f0331f97914d\_90_alu for cells of type $alu.
Using template $paramod$82dbbf18339f9c177cf323a2d12653b430c46f4d\_90_alu for cells of type $alu.
Using template $paramod$740b056ede97228d3eae64ea2fdc81f0a33e0fe7\_90_alu for cells of type $alu.
Using template $paramod$b18e16801adf491a64caa0542270798e5d4ac6b6\_90_alu for cells of type $alu.
Using template $paramod$6412f7f13655de512a17af2c71a87b50b4a57324\_90_alu for cells of type $alu.
Using template $paramod$cc80a4e89b0341cb117f5d28b0e7244620640141\_90_alu for cells of type $alu.
Using template $paramod$9f50e7862ab6722bea7af15381decb4820789e42\_90_alu for cells of type $alu.
Using extmapper simplemap for cells of type $or.
Using extmapper simplemap for cells of type $xor.
Using template $paramod$2653f68ddb8eab7b1907b4a20767b72a824a7a36\_90_alu for cells of type $alu.
Using template $paramod$bc4e4356bacc9610e7acdb0ffb9e766d2040db38\_90_alu for cells of type $alu.
Using template $paramod$1e402e64350f17d7d96d4d19397585e7730f3657\_90_alu for cells of type $alu.
Using template $paramod$0666e65f1150b6c41d4e71afb02ccd238176d3c8\_90_alu for cells of type $alu.
Using template $paramod$143f1ba2e7672aa431b43168726e0db429dd764a\_90_alu for cells of type $alu.
Using template $paramod$constmap:43785fb457d3bdbde4fc09e152c4b91267db59eb$paramod$fb9dfd267671981d6b9fcec48e314ebafc6f98a6\_90_shift_ops_shr_shl_sshl_sshr for cells of type $shl.
Using template $paramod$1ec53848d4e0a9cfbc0432116296a29bb700f561\_90_alu for cells of type $alu.
Using template $paramod$9880e04970bab1622966346169089abeb233d90d\_90_alu for cells of type $alu.
Using template $paramod$c262a9eba992bd375aee69244ae82bb2c8f55fe5\_90_alu for cells of type $alu.
Using template $paramod$ce8b85216d50143a9829d5f1451c5186f340c36e\_90_alu for cells of type $alu.
Using template $paramod$7ebb9daa3f6f480a053bb0814ba00dc9868e67a7\_90_alu for cells of type $alu.
Using extmapper maccmap for cells of type $macc_v2.
  add \rj * $sub$/headless/otolith/hdl/rtl/ldl_kernel.sv:54$211_Y (32x32 bits, signed)
  add \ri * $sub$/headless/otolith/hdl/rtl/ldl_kernel.sv:54$205_Y (32x32 bits, signed)
  add \ii * $add$/headless/otolith/hdl/rtl/ldl_kernel.sv:363$483_Y (32x32 bits, signed)
  add \jj * $add$/headless/otolith/hdl/rtl/ldl_kernel.sv:301$456_Y (32x32 bits, signed)
  add \mul_a * \mul_b (64x64 bits, signed)
  add \ii * $procmux$4618_Y (32x32 bits, signed)
  add \kk * $sub$/headless/otolith/hdl/rtl/ldl_kernel.sv:54$222_Y (32x32 bits, signed)
Using extmapper simplemap for cells of type $reduce_bool.
Using extmapper simplemap for cells of type $adffe.
Using extmapper simplemap for cells of type $and.
Using extmapper simplemap for cells of type $eq.
Using extmapper simplemap for cells of type $logic_not.
Using extmapper simplemap for cells of type $adff.
Using template $paramod$constmap:1204d75111519242e575dcb30fa45503aa301e66$paramod$da1b9d25017ab9fffdd54bedbb1540b15f92e8df\_90_shift_ops_shr_shl_sshl_sshr for cells of type $shl.
Using template $paramod$constmap:1204d75111519242e575dcb30fa45503aa301e66$paramod$a38ca63589d5073c040497f4afd2c2746e4720be\_90_shift_ops_shr_shl_sshl_sshr for cells of type $shr.
Using template $paramod$constmap:1204d75111519242e575dcb30fa45503aa301e66$paramod$b4b1a39e168058600b4e314850579c4276643869\_90_shift_ops_shr_shl_sshl_sshr for cells of type $shr.
Using extmapper simplemap for cells of type $logic_or.
Using extmapper simplemap for cells of type $pmux.
Using template $paramod\_90_fa\WIDTH=32'00000000000000000000000000100000 for cells of type $fa.
Using template $paramod$fbc7873bff55778c0b3173955b7e4bce1d9d6834\_90_alu for cells of type $alu.
Using template $paramod\_90_fa\WIDTH=32'00000000000000000000000010000000 for cells of type $fa.
Using template $paramod$7e7bdf4b0adff8e15b2cb24084cd1b911e7a73b3\_90_alu for cells of type $alu.
Using extmapper simplemap for cells of type $pos.
Using template $paramod\_90_lcu_brent_kung\WIDTH=32'00000000000000000000000000100000 for cells of type $lcu.
Using template $paramod\_90_fa\WIDTH=32'00000000000000000000000000000101 for cells of type $fa.
Using template $paramod\_90_lcu_brent_kung\WIDTH=32'00000000000000000000000000000101 for cells of type $lcu.
Using template $paramod\_90_fa\WIDTH=32'00000000000000000000000000000100 for cells of type $fa.
Using template $paramod\_90_lcu_brent_kung\WIDTH=32'00000000000000000000000000000100 for cells of type $lcu.
Using template $paramod\_90_fa\WIDTH=32'00000000000000000000000001000001 for cells of type $fa.
Using template $paramod\_90_lcu_brent_kung\WIDTH=32'00000000000000000000000001000001 for cells of type $lcu.
Using template $paramod\_90_fa\WIDTH=32'00000000000000000000000000011111 for cells of type $fa.
Using template $paramod\_90_lcu_brent_kung\WIDTH=32'00000000000000000000000000011111 for cells of type $lcu.
Using template $paramod\_90_fa\WIDTH=32'00000000000000000000000000000011 for cells of type $fa.
Using template $paramod\_90_lcu_brent_kung\WIDTH=32'00000000000000000000000000000011 for cells of type $lcu.
Using template $paramod\_90_fa\WIDTH=32'00000000000000000000000001010000 for cells of type $fa.
Using template $paramod\_90_lcu_brent_kung\WIDTH=32'00000000000000000000000001010000 for cells of type $lcu.
Using template $paramod\_90_fa\WIDTH=32'00000000000000000000000000000110 for cells of type $fa.
Using template $paramod\_90_lcu_brent_kung\WIDTH=32'00000000000000000000000000000110 for cells of type $lcu.
Using template $paramod\_90_fa\WIDTH=32'00000000000000000000000000000010 for cells of type $fa.
Using template $paramod\_90_lcu_brent_kung\WIDTH=32'00000000000000000000000000000010 for cells of type $lcu.
Using template $paramod\_90_fa\WIDTH=32'00000000000000000000000001010001 for cells of type $fa.
Using template $paramod\_90_lcu_brent_kung\WIDTH=32'00000000000000000000000001010001 for cells of type $lcu.
Using template $paramod\_90_fa\WIDTH=32'00000000000000000000000000010001 for cells of type $fa.
Using template $paramod\_90_lcu_brent_kung\WIDTH=32'00000000000000000000000000010001 for cells of type $lcu.
Using template $paramod\_90_fa\WIDTH=32'00000000000000000000000001000000 for cells of type $fa.
Using template $paramod\_90_lcu_brent_kung\WIDTH=32'00000000000000000000000001000000 for cells of type $lcu.
Using template $paramod\_90_lcu_brent_kung\WIDTH=32'00000000000000000000000010000000 for cells of type $lcu.
No more expansions possible.
<suppressed ~17266 debug messages>

130. Executing OPT_EXPR pass (perform const folding).
Optimizing module ldl_kernel.
<suppressed ~44139 debug messages>

131. Executing OPT_MERGE pass (detect identical cells).
Finding identical cells in module `\ldl_kernel'.
Computing hashes of 97999 cells of `\ldl_kernel'.
Finding duplicate cells in `\ldl_kernel'.
Computing hashes of 94582 cells of `\ldl_kernel'.
Finding duplicate cells in `\ldl_kernel'.
Computing hashes of 92850 cells of `\ldl_kernel'.
Finding duplicate cells in `\ldl_kernel'.
Computing hashes of 91423 cells of `\ldl_kernel'.
Finding duplicate cells in `\ldl_kernel'.
Computing hashes of 90733 cells of `\ldl_kernel'.
Finding duplicate cells in `\ldl_kernel'.
Computing hashes of 89916 cells of `\ldl_kernel'.
Finding duplicate cells in `\ldl_kernel'.
Computing hashes of 89110 cells of `\ldl_kernel'.
Finding duplicate cells in `\ldl_kernel'.
Computing hashes of 88708 cells of `\ldl_kernel'.
Finding duplicate cells in `\ldl_kernel'.
Computing hashes of 88155 cells of `\ldl_kernel'.
Finding duplicate cells in `\ldl_kernel'.
Computing hashes of 87714 cells of `\ldl_kernel'.
Finding duplicate cells in `\ldl_kernel'.
Computing hashes of 87494 cells of `\ldl_kernel'.
Finding duplicate cells in `\ldl_kernel'.
Computing hashes of 87250 cells of `\ldl_kernel'.
Finding duplicate cells in `\ldl_kernel'.
Computing hashes of 87006 cells of `\ldl_kernel'.
Finding duplicate cells in `\ldl_kernel'.
Computing hashes of 86884 cells of `\ldl_kernel'.
Finding duplicate cells in `\ldl_kernel'.
Computing hashes of 86764 cells of `\ldl_kernel'.
Finding duplicate cells in `\ldl_kernel'.
Computing hashes of 86644 cells of `\ldl_kernel'.
Finding duplicate cells in `\ldl_kernel'.
Computing hashes of 86584 cells of `\ldl_kernel'.
Finding duplicate cells in `\ldl_kernel'.
Computing hashes of 86514 cells of `\ldl_kernel'.
Finding duplicate cells in `\ldl_kernel'.
Computing hashes of 86444 cells of `\ldl_kernel'.
Finding duplicate cells in `\ldl_kernel'.
Computing hashes of 86409 cells of `\ldl_kernel'.
Finding duplicate cells in `\ldl_kernel'.
<suppressed ~34770 debug messages>
Removed a total of 11590 cells.

132. Executing OPT_DFF pass (perform DFF optimizations).

133. Executing OPT_CLEAN pass (remove unused cells and wires).
Finding unused cells or wires in module \ldl_kernel..
Removed 21140 unused cells and 11158 unused wires.
<suppressed ~21141 debug messages>

134. Executing OPT_EXPR pass (perform const folding).
Optimizing module ldl_kernel.
<suppressed ~1 debug messages>

135. Executing OPT_MERGE pass (detect identical cells).
Finding identical cells in module `\ldl_kernel'.
Computing hashes of 65268 cells of `\ldl_kernel'.
Finding duplicate cells in `\ldl_kernel'.
Removed a total of 0 cells.

136. Executing OPT_DFF pass (perform DFF optimizations).

137. Executing OPT_CLEAN pass (remove unused cells and wires).
Finding unused cells or wires in module \ldl_kernel..

138. Executing ABC pass (technology mapping using ABC).

138.1. Extracting gate netlist of module `\ldl_kernel' to `<abc-temp-dir>/input.blif'..

138.1.1. Executed ABC.
Extracted 61108 gates and 65333 wires to a netlist network with 4223 inputs and 858 outputs.
Running ABC script: <abc-temp-dir>/abc.script
ABC: UC Berkeley, ABC 1.01 (compiled Jul 27 2026 18:12:25)
ABC: abc 01> empty
ABC: abc 01> source <abc-temp-dir>/abc.script
ABC: + read_blif <abc-temp-dir>/input.blif 
ABC: + read_library <abc-temp-dir>/stdcells.genlib 
ABC: + strash 
ABC: + dretime 
ABC: + map 
ABC: + write_blif <abc-temp-dir>/output.blif 
ABC: 
ABC: YOSYS_ABC_DONE 

138.1.2. Re-integrating ABC results.
ABC RESULTS:               AND cells:     1736
ABC RESULTS:            ANDNOT cells:    23266
ABC RESULTS:               MUX cells:     3055
ABC RESULTS:              NAND cells:      623
ABC RESULTS:               NOR cells:     4361
ABC RESULTS:               NOT cells:     1608
ABC RESULTS:                OR cells:    13602
ABC RESULTS:             ORNOT cells:     2367
ABC RESULTS:              XNOR cells:     3620
ABC RESULTS:               XOR cells:     6919
ABC RESULTS:        internal signals:    60252
ABC RESULTS:           input signals:     4223
ABC RESULTS:          output signals:      858
Removing temp directory.
Removing global temp directory.

139. Executing OPT pass (performing simple optimizations).

139.1. Executing OPT_EXPR pass (perform const folding).
Optimizing module ldl_kernel.
<suppressed ~162 debug messages>

139.2. Executing OPT_MERGE pass (detect identical cells).
Finding identical cells in module `\ldl_kernel'.
Computing hashes of 65317 cells of `\ldl_kernel'.
Finding duplicate cells in `\ldl_kernel'.
Computing hashes of 65183 cells of `\ldl_kernel'.
Finding duplicate cells in `\ldl_kernel'.
<suppressed ~402 debug messages>
Removed a total of 134 cells.

139.3. Executing OPT_DFF pass (perform DFF optimizations).

139.4. Executing OPT_CLEAN pass (remove unused cells and wires).
Finding unused cells or wires in module \ldl_kernel..
Removed 1 unused cells and 25201 unused wires.
<suppressed ~13 debug messages>

139.5. Finished fast OPT passes.

140. Executing HIERARCHY pass (managing design hierarchy).

140.1. Analyzing design hierarchy..
Top module:  \ldl_kernel

140.2. Analyzing design hierarchy..
Top module:  \ldl_kernel
Removed 0 unused modules.

141. Executing CHECK pass (checking for obvious problems).
Checking module ldl_kernel...
Found and reported 0 problems.

142. Printing statistics.

=== ldl_kernel ===

        +----------Local Count, excluding submodules.
        | 
    60379 wires
    66997 wire bits
      116 public wires
     6232 public wire bits
       13 ports
      139 port bits
    65182 cells
    23223   $_ANDNOT_
     1710   $_AND_
      678   $_DFFE_PN0P_
     3456   $_DFFE_PP_
       25   $_DFF_PN0_
        1   $_DFF_PN1_
     3055   $_MUX_
      622   $_NAND_
     4309   $_NOR_
     1607   $_NOT_
     2360   $_ORNOT_
    13598   $_OR_
     3619   $_XNOR_
     6919   $_XOR_

143. Executing OPT pass (performing simple optimizations).

143.1. Executing OPT_EXPR pass (perform const folding).
Optimizing module ldl_kernel.

143.2. Executing OPT_MERGE pass (detect identical cells).
Finding identical cells in module `\ldl_kernel'.
Computing hashes of 65182 cells of `\ldl_kernel'.
Finding duplicate cells in `\ldl_kernel'.
Removed a total of 0 cells.

143.3. Executing OPT_MUXTREE pass (detect dead branches in mux trees).
Running muxtree optimizer on module \ldl_kernel..
  Creating internal representation of mux trees.
  No muxes found in this module.
Removed 0 multiplexer ports.

143.4. Executing OPT_REDUCE pass (consolidate $*mux and $reduce_* inputs).
  Optimizing cells in module \ldl_kernel.
Performed a total of 0 changes.

143.5. Executing OPT_MERGE pass (detect identical cells).
Finding identical cells in module `\ldl_kernel'.
Computing hashes of 65182 cells of `\ldl_kernel'.
Finding duplicate cells in `\ldl_kernel'.
Removed a total of 0 cells.

143.6. Executing OPT_DFF pass (perform DFF optimizations).

143.7. Executing OPT_CLEAN pass (remove unused cells and wires).
Finding unused cells or wires in module \ldl_kernel..

143.8. Executing OPT_EXPR pass (perform const folding).
Optimizing module ldl_kernel.

143.9. Finished fast OPT passes. (There is nothing left to do.)

144. Executing OPT_CLEAN pass (remove unused cells and wires).
Finding unused cells or wires in module \ldl_kernel..
Removed 0 unused cells and 30 unused wires.
<suppressed ~30 debug messages>
{
   "creator": "Yosys 0.67 (git sha1 2d1509d1b, Release, GNU /usr/bin/c++ 13.3.0)",
   "invocation": "stat -json -liberty /headless/otolith/hdl/openlane/ldl/runs/RUN_2026-10-03_23-40-46/tmp/afae1b3dc85e467eb9d89b933f15cb42.lib -liberty /headless/otolith/hdl/openlane/ldl/runs/RUN_2026-10-03_23-40-46/tmp/db69a4aed95f4d818baabad054c00dbb.lib -liberty /headless/otolith/hdl/openlane/ldl/runs/RUN_2026-10-03_23-40-46/tmp/9717cc68dd2f4d85b3b417a818123b51.lib -liberty /headless/otolith/hdl/openlane/ldl/runs/RUN_2026-10-03_23-40-46/tmp/8e241cfabcf047b7bccc6c2171102e5e.lib -liberty /headless/otolith/hdl/openlane/ldl/runs/RUN_2026-10-03_23-40-46/tmp/f72b37d57ada4e48a2c07f5e1a26efff.lib -liberty /headless/otolith/hdl/openlane/ldl/runs/RUN_2026-10-03_23-40-46/tmp/db048413fe6d45e0b7179f1f541aa455.lib -liberty /headless/otolith/hdl/openlane/ldl/runs/RUN_2026-10-03_23-40-46/tmp/595efdf141f14d6ca24e5812694e2575.lib -liberty /headless/otolith/hdl/openlane/ldl/runs/RUN_2026-10-03_23-40-46/tmp/0861f36fd49c401bafa9426212b5035a.lib ",
   "modules": {
      "\\ldl_kernel": {
         "num_wires":         60349,
         "num_wire_bits":     65253,
         "num_pub_wires":     86,
         "num_pub_wire_bits": 4488,
         "num_ports":         13,
         "num_port_bits":     139,
         "num_memories":      0,
         "num_memory_bits":   0,
         "num_processes":     0,
         "num_cells":         65182,
         "num_submodules":       0,
         "num_cells_by_type": {
            "$_ANDNOT_": 23223,
            "$_AND_": 1710,
            "$_DFFE_PN0P_": 678,
            "$_DFFE_PP_": 3456,
            "$_DFF_PN0_": 25,
            "$_DFF_PN1_": 1,
            "$_MUX_": 3055,
            "$_NAND_": 622,
            "$_NOR_": 4309,
            "$_NOT_": 1607,
            "$_ORNOT_": 2360,
            "$_OR_": 13598,
            "$_XNOR_": 3619,
            "$_XOR_": 6919
         }
      }
   },
      "design": {
         "num_wires":         60349,
         "num_wire_bits":     65253,
         "num_pub_wires":     86,
         "num_pub_wire_bits": 4488,
         "num_ports":         13,
         "num_port_bits":     139,
         "num_memories":      0,
         "num_memory_bits":   0,
         "num_processes":     0,
         "num_cells":         65182,
         "num_submodules":       0,
         "num_cells_by_type": {
            "$_ANDNOT_": 23223,
            "$_AND_": 1710,
            "$_DFFE_PN0P_": 678,
            "$_DFFE_PP_": 3456,
            "$_DFF_PN0_": 25,
            "$_DFF_PN1_": 1,
            "$_MUX_": 3055,
            "$_NAND_": 622,
            "$_NOR_": 4309,
            "$_NOT_": 1607,
            "$_ORNOT_": 2360,
            "$_OR_": 13598,
            "$_XNOR_": 3619,
            "$_XOR_": 6919
         }
      }
}

145. Printing statistics.

=== ldl_kernel ===

        +----------Local Count, excluding submodules.
        | 
    60349 wires
    65253 wire bits
       86 public wires
     4488 public wire bits
       13 ports
      139 port bits
    65182 cells
    23223   $_ANDNOT_
     1710   $_AND_
      678   $_DFFE_PN0P_
     3456   $_DFFE_PP_
       25   $_DFF_PN0_
        1   $_DFF_PN1_
     3055   $_MUX_
      622   $_NAND_
     4309   $_NOR_
     1607   $_NOT_
     2360   $_ORNOT_
    13598   $_OR_
     3619   $_XNOR_
     6919   $_XOR_

   Area for cell type $_ANDNOT_ is unknown!
   Area for cell type $_AND_ is unknown!
   Area for cell type $_DFFE_PN0P_ is unknown!
   Area for cell type $_DFFE_PP_ is unknown!
   Area for cell type $_DFF_PN0_ is unknown!
   Area for cell type $_DFF_PN1_ is unknown!
   Area for cell type $_MUX_ is unknown!
   Area for cell type $_NAND_ is unknown!
   Area for cell type $_NOR_ is unknown!
   Area for cell type $_NOT_ is unknown!
   Area for cell type $_ORNOT_ is unknown!
   Area for cell type $_OR_ is unknown!
   Area for cell type $_XNOR_ is unknown!
   Area for cell type $_XOR_ is unknown!

[INFO] Applying tri-state buffer mapping from '/foss/pdks/sky130A/libs.tech/librelane/sky130_fd_sc_hd/tribuff_map.v'…

146. Executing TECHMAP pass (map to technology primitives).

146.1. Executing Verilog-2005 frontend: /foss/pdks/sky130A/libs.tech/librelane/sky130_fd_sc_hd/tribuff_map.v
Parsing Verilog input from `/foss/pdks/sky130A/libs.tech/librelane/sky130_fd_sc_hd/tribuff_map.v' to AST representation.
Generating RTLIL representation for module `$_TBUF_'.
Successfully finished Verilog frontend.

146.2. Continuing TECHMAP pass.
No more expansions possible.
<suppressed ~3 debug messages>

147. Executing SIMPLEMAP pass (map simple cells to gate primitives).
[INFO] Applying latch mapping from '/foss/pdks/sky130A/libs.tech/librelane/sky130_fd_sc_hd/latch_map.v'…

148. Executing TECHMAP pass (map to technology primitives).

148.1. Executing Verilog-2005 frontend: /foss/pdks/sky130A/libs.tech/librelane/sky130_fd_sc_hd/latch_map.v
Parsing Verilog input from `/foss/pdks/sky130A/libs.tech/librelane/sky130_fd_sc_hd/latch_map.v' to AST representation.
Generating RTLIL representation for module `$_DLATCH_P_'.
Generating RTLIL representation for module `$_DLATCH_N_'.
Successfully finished Verilog frontend.

148.2. Continuing TECHMAP pass.
No more expansions possible.
<suppressed ~4 debug messages>

149. Executing SIMPLEMAP pass (map simple cells to gate primitives).

150. Executing DFFLIBMAP pass (mapping DFF cells to sequential cells from liberty file).
  cell sky130_fd_sc_hd__dfxtp_1 (noninv, pins=3, area=20.02) is a direct match for cell type $_DFF_P_.
  cell sky130_fd_sc_hd__dfrtn_1 (noninv, pins=4, area=25.02) is a direct match for cell type $_DFF_NN0_.
  cell sky130_fd_sc_hd__dfrtp_1 (noninv, pins=4, area=25.02) is a direct match for cell type $_DFF_PN0_.
  cell sky130_fd_sc_hd__dfstp_2 (noninv, pins=4, area=26.28) is a direct match for cell type $_DFF_PN1_.
  cell sky130_fd_sc_hd__edfxtp_1 (noninv, pins=4, area=30.03) is a direct match for cell type $_DFFE_PP_.
  cell sky130_fd_sc_hd__dfbbn_1 (noninv, pins=6, area=32.53) is a direct match for cell type $_DFFSR_NNN_.
  cell sky130_fd_sc_hd__dfbbp_1 (noninv, pins=6, area=32.53) is a direct match for cell type $_DFFSR_PNN_.
  final dff cell mappings:
    unmapped dff cell: $_DFF_N_
    \sky130_fd_sc_hd__dfxtp_1 _DFF_P_ (.CLK( C), .D( D), .Q( Q));
    \sky130_fd_sc_hd__dfrtn_1 _DFF_NN0_ (.CLK_N( C), .D( D), .Q( Q), .RESET_B( R));
    unmapped dff cell: $_DFF_NN1_
    unmapped dff cell: $_DFF_NP0_
    unmapped dff cell: $_DFF_NP1_
    \sky130_fd_sc_hd__dfrtp_1 _DFF_PN0_ (.CLK( C), .D( D), .Q( Q), .RESET_B( R));
    \sky130_fd_sc_hd__dfstp_2 _DFF_PN1_ (.CLK( C), .D( D), .Q( Q), .SET_B( R));
    unmapped dff cell: $_DFF_PP0_
    unmapped dff cell: $_DFF_PP1_
    unmapped dff cell: $_DFFE_NN_
    unmapped dff cell: $_DFFE_NP_
    unmapped dff cell: $_DFFE_PN_
    \sky130_fd_sc_hd__edfxtp_1 _DFFE_PP_ (.CLK( C), .D( D), .DE( E), .Q( Q));
    \sky130_fd_sc_hd__dfbbn_1 _DFFSR_NNN_ (.CLK_N( C), .D( D), .Q( Q), .Q_N(~Q), .RESET_B( R), .SET_B( S));
    unmapped dff cell: $_DFFSR_NNP_
    unmapped dff cell: $_DFFSR_NPN_
    unmapped dff cell: $_DFFSR_NPP_
    \sky130_fd_sc_hd__dfbbp_1 _DFFSR_PNN_ (.CLK( C), .D( D), .Q( Q), .Q_N(~Q), .RESET_B( R), .SET_B( S));
    unmapped dff cell: $_DFFSR_PNP_
    unmapped dff cell: $_DFFSR_PPN_
    unmapped dff cell: $_DFFSR_PPP_

150.1. Executing DFFLEGALIZE pass (convert FFs to types supported by the target).
Mapping DFF cells in module `\ldl_kernel':
  mapped 3456 $_DFFE_PP_ cells to \sky130_fd_sc_hd__edfxtp_1 cells.
  mapped 703 $_DFF_PN0_ cells to \sky130_fd_sc_hd__dfrtp_1 cells.
  mapped 1 $_DFF_PN1_ cells to \sky130_fd_sc_hd__dfstp_2 cells.
{
   "creator": "Yosys 0.67 (git sha1 2d1509d1b, Release, GNU /usr/bin/c++ 13.3.0)",
   "invocation": "stat -json -liberty /headless/otolith/hdl/openlane/ldl/runs/RUN_2026-10-03_23-40-46/tmp/afae1b3dc85e467eb9d89b933f15cb42.lib -liberty /headless/otolith/hdl/openlane/ldl/runs/RUN_2026-10-03_23-40-46/tmp/db69a4aed95f4d818baabad054c00dbb.lib -liberty /headless/otolith/hdl/openlane/ldl/runs/RUN_2026-10-03_23-40-46/tmp/9717cc68dd2f4d85b3b417a818123b51.lib -liberty /headless/otolith/hdl/openlane/ldl/runs/RUN_2026-10-03_23-40-46/tmp/8e241cfabcf047b7bccc6c2171102e5e.lib -liberty /headless/otolith/hdl/openlane/ldl/runs/RUN_2026-10-03_23-40-46/tmp/f72b37d57ada4e48a2c07f5e1a26efff.lib -liberty /headless/otolith/hdl/openlane/ldl/runs/RUN_2026-10-03_23-40-46/tmp/db048413fe6d45e0b7179f1f541aa455.lib -liberty /headless/otolith/hdl/openlane/ldl/runs/RUN_2026-10-03_23-40-46/tmp/595efdf141f14d6ca24e5812694e2575.lib -liberty /headless/otolith/hdl/openlane/ldl/runs/RUN_2026-10-03_23-40-46/tmp/0861f36fd49c401bafa9426212b5035a.lib ",
   "modules": {
      "\\ldl_kernel": {
         "num_wires":         61027,
         "num_wire_bits":     65931,
         "num_pub_wires":     86,
         "num_pub_wire_bits": 4488,
         "num_ports":         13,
         "num_port_bits":     139,
         "num_memories":      0,
         "num_memory_bits":   0,
         "num_processes":     0,
         "num_cells":         65860,
         "num_submodules":       0,
         "area":              121397.680000,
         "sequential_area":    121397.680000,
         "num_cells_by_type": {
            "$_ANDNOT_": 23223,
            "$_AND_": 1710,
            "$_MUX_": 3733,
            "$_NAND_": 622,
            "$_NOR_": 4309,
            "$_NOT_": 1607,
            "$_ORNOT_": 2360,
            "$_OR_": 13598,
            "$_XNOR_": 3619,
            "$_XOR_": 6919,
            "sky130_fd_sc_hd__dfrtp_1": 703,
            "sky130_fd_sc_hd__dfstp_2": 1,
            "sky130_fd_sc_hd__edfxtp_1": 3456
         }
      }
   },
      "design": {
         "num_wires":         61027,
         "num_wire_bits":     65931,
         "num_pub_wires":     86,
         "num_pub_wire_bits": 4488,
         "num_ports":         13,
         "num_port_bits":     139,
         "num_memories":      0,
         "num_memory_bits":   0,
         "num_processes":     0,
         "num_cells":         65860,
         "num_submodules":       0,
         "area":              121397.680000,
         "sequential_area":    121397.680000,
         "num_cells_by_type": {
            "$_ANDNOT_": 23223,
            "$_AND_": 1710,
            "$_MUX_": 3733,
            "$_NAND_": 622,
            "$_NOR_": 4309,
            "$_NOT_": 1607,
            "$_ORNOT_": 2360,
            "$_OR_": 13598,
            "$_XNOR_": 3619,
            "$_XOR_": 6919,
            "sky130_fd_sc_hd__dfrtp_1": 703,
            "sky130_fd_sc_hd__dfstp_2": 1,
            "sky130_fd_sc_hd__edfxtp_1": 3456
         }
      }
}

151. Printing statistics.

=== ldl_kernel ===

        +----------Local Count, excluding submodules.
        |        +-Local Area, excluding submodules.
        |        | 
    61027        - wires
    65931        - wire bits
       86        - public wires
     4488        - public wire bits
       13        - ports
      139        - port bits
    65860 1.21E+05 cells
    23223        -   $_ANDNOT_
     1710        -   $_AND_
     3733        -   $_MUX_
      622        -   $_NAND_
     4309        -   $_NOR_
     1607        -   $_NOT_
     2360        -   $_ORNOT_
    13598        -   $_OR_
     3619        -   $_XNOR_
     6919        -   $_XOR_
      703 1.76E+04   sky130_fd_sc_hd__dfrtp_1
        1   26.275   sky130_fd_sc_hd__dfstp_2
     3456 1.04E+05   sky130_fd_sc_hd__edfxtp_1

   Area for cell type $_ANDNOT_ is unknown!
   Area for cell type $_AND_ is unknown!
   Area for cell type $_MUX_ is unknown!
   Area for cell type $_NAND_ is unknown!
   Area for cell type $_NOR_ is unknown!
   Area for cell type $_NOT_ is unknown!
   Area for cell type $_ORNOT_ is unknown!
   Area for cell type $_OR_ is unknown!
   Area for cell type $_XNOR_ is unknown!
   Area for cell type $_XOR_ is unknown!

   Chip area for module '\ldl_kernel': 121397.680000
     of which used for sequential elements: 121397.680000 (100.00%)

[INFO] Using generated ABC script '/headless/otolith/hdl/openlane/ldl/runs/RUN_2026-10-03_23-40-46/06-yosys-synthesis/AREA_0.abc'…

152. Executing ABC pass (technology mapping using ABC).

152.1. Extracting gate netlist of module `\ldl_kernel' to `/tmp/yosys-abc-0nrste/input.blif'..
ERROR: ABC failed with status F
