
===========================================================================
report_checks -unconstrained
===========================================================================
======================= nom_tt_025C_1v80 Corner ===================================

Startpoint: rst_n (input port clocked by clk)
Endpoint: _18498_ (recovery check against rising-edge clock clk)
Path Group: asynchronous
Path Type: max

Fanout         Cap        Slew       Delay        Time   Description
---------------------------------------------------------------------------------------------
                                  0.000000    0.000000   clock clk (rise edge)
                                  0.000000    0.000000   clock network delay (propagated)
                                  2.000000    2.000000 ^ input external delay
   163    0.834082    3.737125    2.825237    4.825237 ^ rst_n (in)
                                                         rst_n (net)
                      3.868665    0.000000    4.825237 ^ _18498_/RESET_B (sky130_fd_sc_hd__dfrtp_1)
                                              4.825237   data arrival time

                                 10.000000   10.000000   clock clk (rise edge)
                                  0.000000   10.000000   clock source latency
   163    0.547821    1.892577    1.466049   11.466049 ^ clk (in)
                                                         clk (net)
                      1.966224    0.000000   11.466049 ^ _18498_/CLK (sky130_fd_sc_hd__dfrtp_1)
                                 -0.250000   11.216049   clock uncertainty
                                  0.000000   11.216049   clock reconvergence pessimism
                                 -0.244196   10.971853   library recovery time
                                             10.971853   data required time
---------------------------------------------------------------------------------------------
                                             10.971853   data required time
                                             -4.825237   data arrival time
---------------------------------------------------------------------------------------------
                                              6.146616   slack (MET)


Startpoint: _18475_ (rising edge-triggered flip-flop clocked by clk)
Endpoint: _18589_ (rising edge-triggered flip-flop clocked by clk)
Path Group: clk
Path Type: max

Fanout         Cap        Slew       Delay        Time   Description
---------------------------------------------------------------------------------------------
                                  0.000000    0.000000   clock clk (rise edge)
                                  0.000000    0.000000   clock source latency
   163    0.547821    1.892577    1.354079    1.354079 ^ clk (in)
                                                         clk (net)
                      1.919131    0.000000    1.354079 ^ _18475_/CLK (sky130_fd_sc_hd__dfrtp_1)
   120    0.462665    3.913426    3.249760    4.603838 ^ _18475_/Q (sky130_fd_sc_hd__dfrtp_1)
                                                         a_r[1] (net)
                      3.920685    0.139470    4.743308 ^ _09209_/A1 (sky130_fd_sc_hd__o21ai_0)
     3    0.010865    0.652191    0.778431    5.521739 v _09209_/Y (sky130_fd_sc_hd__o21ai_0)
                                                         _00675_ (net)
                      0.652191    0.000130    5.521869 v _09211_/B (sky130_fd_sc_hd__or2_0)
     5    0.017260    0.155699    0.521352    6.043221 v _09211_/X (sky130_fd_sc_hd__or2_0)
                                                         _00697_ (net)
                      0.155699    0.000081    6.043302 v _09216_/A1 (sky130_fd_sc_hd__a21oi_1)
     3    0.012794    0.299609    0.301828    6.345130 ^ _09216_/Y (sky130_fd_sc_hd__a21oi_1)
                                                         _00752_ (net)
                      0.299609    0.000088    6.345218 ^ _09262_/B (sky130_fd_sc_hd__xnor2_1)
     8    0.047612    0.370041    0.367280    6.712499 v _09262_/Y (sky130_fd_sc_hd__xnor2_1)
                                                         _01258_ (net)
                      0.370181    0.006036    6.718534 v _09263_/B (sky130_fd_sc_hd__xnor2_1)
    33    0.147676    3.062438    2.399267    9.117801 ^ _09263_/Y (sky130_fd_sc_hd__xnor2_1)
                                                         _01269_ (net)
                      3.062438    0.001466    9.119267 ^ _16678_/A (sky130_fd_sc_hd__xor2_1)
     2    0.006689    0.407153    0.285832    9.405099 v _16678_/X (sky130_fd_sc_hd__xor2_1)
                                                         _07238_ (net)
                      0.407153    0.000004    9.405104 v _16680_/A (sky130_fd_sc_hd__xor2_1)
     2    0.007886    0.225552    0.350235    9.755339 ^ _16680_/X (sky130_fd_sc_hd__xor2_1)
                                                         _07240_ (net)
                      0.225552    0.000047    9.755386 ^ _16788_/A (sky130_fd_sc_hd__xor2_1)
     2    0.009297    0.226218    0.252605   10.007991 ^ _16788_/X (sky130_fd_sc_hd__xor2_1)
                                                         _07359_ (net)
                      0.226218    0.000195   10.008185 ^ _16795_/A (sky130_fd_sc_hd__xnor2_1)
     2    0.007670    0.217227    0.182758   10.190944 ^ _16795_/Y (sky130_fd_sc_hd__xnor2_1)
                                                         _07367_ (net)
                      0.217227    0.000040   10.190984 ^ _16797_/B (sky130_fd_sc_hd__xnor2_1)
     2    0.008365    0.223503    0.187321   10.378304 ^ _16797_/Y (sky130_fd_sc_hd__xnor2_1)
                                                         _07369_ (net)
                      0.223503    0.000086   10.378391 ^ _16803_/A (sky130_fd_sc_hd__xnor2_1)
     1    0.005592    0.168914    0.166241   10.544632 ^ _16803_/Y (sky130_fd_sc_hd__xnor2_1)
                                                         _07376_ (net)
                      0.168914    0.000055   10.544687 ^ _16804_/B (sky130_fd_sc_hd__xnor2_1)
     3    0.010034    0.203168    0.129779   10.674466 v _16804_/Y (sky130_fd_sc_hd__xnor2_1)
                                                         _07377_ (net)
                      0.203168    0.000099   10.674564 v _16810_/A (sky130_fd_sc_hd__xnor2_1)
     3    0.011704    0.299784    0.341668   11.016232 ^ _16810_/Y (sky130_fd_sc_hd__xnor2_1)
                                                         _07383_ (net)
                      0.299784    0.000113   11.016345 ^ _16815_/A (sky130_fd_sc_hd__nor2_1)
     1    0.002820    0.066891    0.087425   11.103770 v _16815_/Y (sky130_fd_sc_hd__nor2_1)
                                                         _07389_ (net)
                      0.066891    0.000018   11.103788 v _16816_/B (sky130_fd_sc_hd__nand2_1)
     2    0.009477    0.099512    0.112384   11.216172 ^ _16816_/Y (sky130_fd_sc_hd__nand2_1)
                                                         _07390_ (net)
                      0.099513    0.000297   11.216469 ^ _16831_/C (sky130_fd_sc_hd__nor4_1)
     2    0.008388    0.112002    0.081291   11.297760 v _16831_/Y (sky130_fd_sc_hd__nor4_1)
                                                         _07406_ (net)
                      0.112002    0.000242   11.298002 v _17156_/A (sky130_fd_sc_hd__nand2_1)
     1    0.007915    0.086191    0.115373   11.413375 ^ _17156_/Y (sky130_fd_sc_hd__nand2_1)
                                                         _07764_ (net)
                      0.086193    0.000326   11.413700 ^ _17163_/C1 (sky130_fd_sc_hd__o211a_1)
     3    0.016414    0.145998    0.223589   11.637290 ^ _17163_/X (sky130_fd_sc_hd__o211a_1)
                                                         _07772_ (net)
                      0.146003    0.001124   11.638414 ^ _17667_/A2 (sky130_fd_sc_hd__a211oi_1)
     2    0.008195    0.112755    0.122966   11.761380 v _17667_/Y (sky130_fd_sc_hd__a211oi_1)
                                                         _08326_ (net)
                      0.112755    0.000285   11.761664 v _17776_/A1 (sky130_fd_sc_hd__o21ai_0)
     2    0.007969    0.272115    0.284668   12.046333 ^ _17776_/Y (sky130_fd_sc_hd__o21ai_0)
                                                         _08446_ (net)
                      0.272115    0.000227   12.046560 ^ _17795_/A1 (sky130_fd_sc_hd__a21oi_1)
     2    0.006224    0.099007    0.135219   12.181780 v _17795_/Y (sky130_fd_sc_hd__a21oi_1)
                                                         _08467_ (net)
                      0.099007    0.000133   12.181912 v _17797_/A1 (sky130_fd_sc_hd__o21ai_0)
     2    0.004918    0.195341    0.216907   12.398820 ^ _17797_/Y (sky130_fd_sc_hd__o21ai_0)
                                                         _08469_ (net)
                      0.195341    0.000019   12.398839 ^ _17799_/B1 (sky130_fd_sc_hd__o21ai_0)
     1    0.004522    0.100451    0.136787   12.535626 v _17799_/Y (sky130_fd_sc_hd__o21ai_0)
                                                         _08471_ (net)
                      0.100451    0.000009   12.535635 v _17821_/A (sky130_fd_sc_hd__xnor2_1)
   118    0.536291   11.000772    8.024790   20.560425 ^ _17821_/Y (sky130_fd_sc_hd__xnor2_1)
                                                         fixed_pkg::s_narrow48$func$/headless/otolith/hdl/rtl/fixed_pkg.sv:130$9.$unnamed_block$1.v[63] (net)
                     11.000772    0.001316   20.561741 ^ _17822_/A (sky130_fd_sc_hd__inv_1)
    31    0.142421    2.598377    4.349896   24.911638 v _17822_/Y (sky130_fd_sc_hd__inv_1)
                                                         _08496_ (net)
                      2.598382    0.005539   24.917177 v _17988_/B1 (sky130_fd_sc_hd__a21o_1)
     2    0.010036    0.100868    0.813333   25.730511 v _17988_/X (sky130_fd_sc_hd__a21o_1)
                                                         _08678_ (net)
                      0.100868    0.000355   25.730865 v _17990_/A3 (sky130_fd_sc_hd__o31a_1)
     1    0.004304    0.072462    0.260595   25.991461 v _17990_/X (sky130_fd_sc_hd__o31a_1)
                                                         _08680_ (net)
                      0.072462    0.000078   25.991539 v _17993_/A2 (sky130_fd_sc_hd__o2111ai_1)
     2    0.003939    0.285622    0.194698   26.186235 ^ _17993_/Y (sky130_fd_sc_hd__o2111ai_1)
                                                         _08684_ (net)
                      0.285622    0.000030   26.186266 ^ _17995_/B1_N (sky130_fd_sc_hd__o21bai_1)
     4    0.026121    0.730961    0.320430   26.506697 ^ _17995_/Y (sky130_fd_sc_hd__o21bai_1)
                                                         _08686_ (net)
                      0.730963    0.002791   26.509487 ^ _18035_/A1 (sky130_fd_sc_hd__a21oi_1)
     4    0.011099    0.204368    0.239140   26.748627 v _18035_/Y (sky130_fd_sc_hd__a21oi_1)
                                                         _08730_ (net)
                      0.204368    0.000277   26.748905 v _18118_/B (sky130_fd_sc_hd__nor3_1)
     3    0.012485    0.397157    0.412250   27.161154 ^ _18118_/Y (sky130_fd_sc_hd__nor3_1)
                                                         _08821_ (net)
                      0.397158    0.000600   27.161755 ^ _18132_/A (sky130_fd_sc_hd__nor2_1)
     3    0.017369    0.141651    0.191074   27.352829 v _18132_/Y (sky130_fd_sc_hd__nor2_1)
                                                         _08837_ (net)
                      0.141652    0.000773   27.353601 v _18180_/A2 (sky130_fd_sc_hd__o31ai_1)
     3    0.014078    0.498559    0.495293   27.848894 ^ _18180_/Y (sky130_fd_sc_hd__o31ai_1)
                                                         _08889_ (net)
                      0.498560    0.000561   27.849455 ^ _18359_/A1 (sky130_fd_sc_hd__a31oi_1)
     3    0.010256    0.199005    0.228383   28.077837 v _18359_/Y (sky130_fd_sc_hd__a31oi_1)
                                                         _09086_ (net)
                      0.199005    0.000137   28.077974 v _18370_/B2 (sky130_fd_sc_hd__o221ai_1)
     3    0.011189    0.591234    0.325780   28.403755 ^ _18370_/Y (sky130_fd_sc_hd__o221ai_1)
                                                         _09098_ (net)
                      0.591234    0.000147   28.403902 ^ _18376_/A2 (sky130_fd_sc_hd__a311oi_1)
     2    0.008038    0.201603    0.241670   28.645573 v _18376_/Y (sky130_fd_sc_hd__a311oi_1)
                                                         _09105_ (net)
                      0.201603    0.000119   28.645691 v _18394_/B (sky130_fd_sc_hd__xor2_1)
     1    0.002743    0.114754    0.195671   28.841362 v _18394_/X (sky130_fd_sc_hd__xor2_1)
                                                         _09125_ (net)
                      0.114754    0.000014   28.841377 v _18395_/A4 (sky130_fd_sc_hd__a41oi_1)
    63    0.192339    4.145038    2.963466   31.804842 ^ _18395_/Y (sky130_fd_sc_hd__a41oi_1)
                                                         _09126_ (net)
                      4.145115    0.015458   31.820301 ^ _18417_/A2 (sky130_fd_sc_hd__o21ai_0)
     1    0.031309    0.902733    1.263775   33.084076 v _18417_/Y (sky130_fd_sc_hd__o21ai_0)
                                                         fixed_pkg::s_narrow48$func$/headless/otolith/hdl/rtl/fixed_pkg.sv:130$9.$unnamed_block$1.v[17] (net)
                      0.903109    0.005592   33.089668 v _18589_/D (sky130_fd_sc_hd__dfrtp_1)
                                             33.089668   data arrival time

                                 10.000000   10.000000   clock clk (rise edge)
                                  0.000000   10.000000   clock source latency
   163    0.547821    1.892577    1.199376   11.199376 ^ clk (in)
                                                         clk (net)
                      1.893090    0.000000   11.199376 ^ _18589_/CLK (sky130_fd_sc_hd__dfrtp_1)
                                 -0.250000   10.949376   clock uncertainty
                                  0.000000   10.949376   clock reconvergence pessimism
                                 -0.195675   10.753701   library setup time
                                             10.753701   data required time
---------------------------------------------------------------------------------------------
                                             10.753701   data required time
                                            -33.089668   data arrival time
---------------------------------------------------------------------------------------------
                                            -22.335964   slack (VIOLATED)




===========================================================================
report_checks --slack_max -0.01
============================================================================
======================= nom_tt_025C_1v80 Corner ===================================

Startpoint: _18475_ (rising edge-triggered flip-flop clocked by clk)
Endpoint: _18589_ (rising edge-triggered flip-flop clocked by clk)
Path Group: clk
Path Type: max

Fanout         Cap        Slew       Delay        Time   Description
---------------------------------------------------------------------------------------------
                                  0.000000    0.000000   clock clk (rise edge)
                                  0.000000    0.000000   clock source latency
   163    0.547821    1.892577    1.354079    1.354079 ^ clk (in)
                                                         clk (net)
                      1.919131    0.000000    1.354079 ^ _18475_/CLK (sky130_fd_sc_hd__dfrtp_1)
   120    0.462665    3.913426    3.249760    4.603838 ^ _18475_/Q (sky130_fd_sc_hd__dfrtp_1)
                                                         a_r[1] (net)
                      3.920685    0.139470    4.743308 ^ _09209_/A1 (sky130_fd_sc_hd__o21ai_0)
     3    0.010865    0.652191    0.778431    5.521739 v _09209_/Y (sky130_fd_sc_hd__o21ai_0)
                                                         _00675_ (net)
                      0.652191    0.000130    5.521869 v _09211_/B (sky130_fd_sc_hd__or2_0)
     5    0.017260    0.155699    0.521352    6.043221 v _09211_/X (sky130_fd_sc_hd__or2_0)
                                                         _00697_ (net)
                      0.155699    0.000081    6.043302 v _09216_/A1 (sky130_fd_sc_hd__a21oi_1)
     3    0.012794    0.299609    0.301828    6.345130 ^ _09216_/Y (sky130_fd_sc_hd__a21oi_1)
                                                         _00752_ (net)
                      0.299609    0.000088    6.345218 ^ _09262_/B (sky130_fd_sc_hd__xnor2_1)
     8    0.047612    0.370041    0.367280    6.712499 v _09262_/Y (sky130_fd_sc_hd__xnor2_1)
                                                         _01258_ (net)
                      0.370181    0.006036    6.718534 v _09263_/B (sky130_fd_sc_hd__xnor2_1)
    33    0.147676    3.062438    2.399267    9.117801 ^ _09263_/Y (sky130_fd_sc_hd__xnor2_1)
                                                         _01269_ (net)
                      3.062438    0.001466    9.119267 ^ _16678_/A (sky130_fd_sc_hd__xor2_1)
     2    0.006689    0.407153    0.285832    9.405099 v _16678_/X (sky130_fd_sc_hd__xor2_1)
                                                         _07238_ (net)
                      0.407153    0.000004    9.405104 v _16680_/A (sky130_fd_sc_hd__xor2_1)
     2    0.007886    0.225552    0.350235    9.755339 ^ _16680_/X (sky130_fd_sc_hd__xor2_1)
                                                         _07240_ (net)
                      0.225552    0.000047    9.755386 ^ _16788_/A (sky130_fd_sc_hd__xor2_1)
     2    0.009297    0.226218    0.252605   10.007991 ^ _16788_/X (sky130_fd_sc_hd__xor2_1)
                                                         _07359_ (net)
                      0.226218    0.000195   10.008185 ^ _16795_/A (sky130_fd_sc_hd__xnor2_1)
     2    0.007670    0.217227    0.182758   10.190944 ^ _16795_/Y (sky130_fd_sc_hd__xnor2_1)
                                                         _07367_ (net)
                      0.217227    0.000040   10.190984 ^ _16797_/B (sky130_fd_sc_hd__xnor2_1)
     2    0.008365    0.223503    0.187321   10.378304 ^ _16797_/Y (sky130_fd_sc_hd__xnor2_1)
                                                         _07369_ (net)
                      0.223503    0.000086   10.378391 ^ _16803_/A (sky130_fd_sc_hd__xnor2_1)
     1    0.005592    0.168914    0.166241   10.544632 ^ _16803_/Y (sky130_fd_sc_hd__xnor2_1)
                                                         _07376_ (net)
                      0.168914    0.000055   10.544687 ^ _16804_/B (sky130_fd_sc_hd__xnor2_1)
     3    0.010034    0.203168    0.129779   10.674466 v _16804_/Y (sky130_fd_sc_hd__xnor2_1)
                                                         _07377_ (net)
                      0.203168    0.000099   10.674564 v _16810_/A (sky130_fd_sc_hd__xnor2_1)
     3    0.011704    0.299784    0.341668   11.016232 ^ _16810_/Y (sky130_fd_sc_hd__xnor2_1)
                                                         _07383_ (net)
                      0.299784    0.000113   11.016345 ^ _16815_/A (sky130_fd_sc_hd__nor2_1)
     1    0.002820    0.066891    0.087425   11.103770 v _16815_/Y (sky130_fd_sc_hd__nor2_1)
                                                         _07389_ (net)
                      0.066891    0.000018   11.103788 v _16816_/B (sky130_fd_sc_hd__nand2_1)
     2    0.009477    0.099512    0.112384   11.216172 ^ _16816_/Y (sky130_fd_sc_hd__nand2_1)
                                                         _07390_ (net)
                      0.099513    0.000297   11.216469 ^ _16831_/C (sky130_fd_sc_hd__nor4_1)
     2    0.008388    0.112002    0.081291   11.297760 v _16831_/Y (sky130_fd_sc_hd__nor4_1)
                                                         _07406_ (net)
                      0.112002    0.000242   11.298002 v _17156_/A (sky130_fd_sc_hd__nand2_1)
     1    0.007915    0.086191    0.115373   11.413375 ^ _17156_/Y (sky130_fd_sc_hd__nand2_1)
                                                         _07764_ (net)
                      0.086193    0.000326   11.413700 ^ _17163_/C1 (sky130_fd_sc_hd__o211a_1)
     3    0.016414    0.145998    0.223589   11.637290 ^ _17163_/X (sky130_fd_sc_hd__o211a_1)
                                                         _07772_ (net)
                      0.146003    0.001124   11.638414 ^ _17667_/A2 (sky130_fd_sc_hd__a211oi_1)
     2    0.008195    0.112755    0.122966   11.761380 v _17667_/Y (sky130_fd_sc_hd__a211oi_1)
                                                         _08326_ (net)
                      0.112755    0.000285   11.761664 v _17776_/A1 (sky130_fd_sc_hd__o21ai_0)
     2    0.007969    0.272115    0.284668   12.046333 ^ _17776_/Y (sky130_fd_sc_hd__o21ai_0)
                                                         _08446_ (net)
                      0.272115    0.000227   12.046560 ^ _17795_/A1 (sky130_fd_sc_hd__a21oi_1)
     2    0.006224    0.099007    0.135219   12.181780 v _17795_/Y (sky130_fd_sc_hd__a21oi_1)
                                                         _08467_ (net)
                      0.099007    0.000133   12.181912 v _17797_/A1 (sky130_fd_sc_hd__o21ai_0)
     2    0.004918    0.195341    0.216907   12.398820 ^ _17797_/Y (sky130_fd_sc_hd__o21ai_0)
                                                         _08469_ (net)
                      0.195341    0.000019   12.398839 ^ _17799_/B1 (sky130_fd_sc_hd__o21ai_0)
     1    0.004522    0.100451    0.136787   12.535626 v _17799_/Y (sky130_fd_sc_hd__o21ai_0)
                                                         _08471_ (net)
                      0.100451    0.000009   12.535635 v _17821_/A (sky130_fd_sc_hd__xnor2_1)
   118    0.536291   11.000772    8.024790   20.560425 ^ _17821_/Y (sky130_fd_sc_hd__xnor2_1)
                                                         fixed_pkg::s_narrow48$func$/headless/otolith/hdl/rtl/fixed_pkg.sv:130$9.$unnamed_block$1.v[63] (net)
                     11.000772    0.001316   20.561741 ^ _17822_/A (sky130_fd_sc_hd__inv_1)
    31    0.142421    2.598377    4.349896   24.911638 v _17822_/Y (sky130_fd_sc_hd__inv_1)
                                                         _08496_ (net)
                      2.598382    0.005539   24.917177 v _17988_/B1 (sky130_fd_sc_hd__a21o_1)
     2    0.010036    0.100868    0.813333   25.730511 v _17988_/X (sky130_fd_sc_hd__a21o_1)
                                                         _08678_ (net)
                      0.100868    0.000355   25.730865 v _17990_/A3 (sky130_fd_sc_hd__o31a_1)
     1    0.004304    0.072462    0.260595   25.991461 v _17990_/X (sky130_fd_sc_hd__o31a_1)
                                                         _08680_ (net)
                      0.072462    0.000078   25.991539 v _17993_/A2 (sky130_fd_sc_hd__o2111ai_1)
     2    0.003939    0.285622    0.194698   26.186235 ^ _17993_/Y (sky130_fd_sc_hd__o2111ai_1)
                                                         _08684_ (net)
                      0.285622    0.000030   26.186266 ^ _17995_/B1_N (sky130_fd_sc_hd__o21bai_1)
     4    0.026121    0.730961    0.320430   26.506697 ^ _17995_/Y (sky130_fd_sc_hd__o21bai_1)
                                                         _08686_ (net)
                      0.730963    0.002791   26.509487 ^ _18035_/A1 (sky130_fd_sc_hd__a21oi_1)
     4    0.011099    0.204368    0.239140   26.748627 v _18035_/Y (sky130_fd_sc_hd__a21oi_1)
                                                         _08730_ (net)
                      0.204368    0.000277   26.748905 v _18118_/B (sky130_fd_sc_hd__nor3_1)
     3    0.012485    0.397157    0.412250   27.161154 ^ _18118_/Y (sky130_fd_sc_hd__nor3_1)
                                                         _08821_ (net)
                      0.397158    0.000600   27.161755 ^ _18132_/A (sky130_fd_sc_hd__nor2_1)
     3    0.017369    0.141651    0.191074   27.352829 v _18132_/Y (sky130_fd_sc_hd__nor2_1)
                                                         _08837_ (net)
                      0.141652    0.000773   27.353601 v _18180_/A2 (sky130_fd_sc_hd__o31ai_1)
     3    0.014078    0.498559    0.495293   27.848894 ^ _18180_/Y (sky130_fd_sc_hd__o31ai_1)
                                                         _08889_ (net)
                      0.498560    0.000561   27.849455 ^ _18359_/A1 (sky130_fd_sc_hd__a31oi_1)
     3    0.010256    0.199005    0.228383   28.077837 v _18359_/Y (sky130_fd_sc_hd__a31oi_1)
                                                         _09086_ (net)
                      0.199005    0.000137   28.077974 v _18370_/B2 (sky130_fd_sc_hd__o221ai_1)
     3    0.011189    0.591234    0.325780   28.403755 ^ _18370_/Y (sky130_fd_sc_hd__o221ai_1)
                                                         _09098_ (net)
                      0.591234    0.000147   28.403902 ^ _18376_/A2 (sky130_fd_sc_hd__a311oi_1)
     2    0.008038    0.201603    0.241670   28.645573 v _18376_/Y (sky130_fd_sc_hd__a311oi_1)
                                                         _09105_ (net)
                      0.201603    0.000119   28.645691 v _18394_/B (sky130_fd_sc_hd__xor2_1)
     1    0.002743    0.114754    0.195671   28.841362 v _18394_/X (sky130_fd_sc_hd__xor2_1)
                                                         _09125_ (net)
                      0.114754    0.000014   28.841377 v _18395_/A4 (sky130_fd_sc_hd__a41oi_1)
    63    0.192339    4.145038    2.963466   31.804842 ^ _18395_/Y (sky130_fd_sc_hd__a41oi_1)
                                                         _09126_ (net)
                      4.145115    0.015458   31.820301 ^ _18417_/A2 (sky130_fd_sc_hd__o21ai_0)
     1    0.031309    0.902733    1.263775   33.084076 v _18417_/Y (sky130_fd_sc_hd__o21ai_0)
                                                         fixed_pkg::s_narrow48$func$/headless/otolith/hdl/rtl/fixed_pkg.sv:130$9.$unnamed_block$1.v[17] (net)
                      0.903109    0.005592   33.089668 v _18589_/D (sky130_fd_sc_hd__dfrtp_1)
                                             33.089668   data arrival time

                                 10.000000   10.000000   clock clk (rise edge)
                                  0.000000   10.000000   clock source latency
   163    0.547821    1.892577    1.199376   11.199376 ^ clk (in)
                                                         clk (net)
                      1.893090    0.000000   11.199376 ^ _18589_/CLK (sky130_fd_sc_hd__dfrtp_1)
                                 -0.250000   10.949376   clock uncertainty
                                  0.000000   10.949376   clock reconvergence pessimism
                                 -0.195675   10.753701   library setup time
                                             10.753701   data required time
---------------------------------------------------------------------------------------------
                                             10.753701   data required time
                                            -33.089668   data arrival time
---------------------------------------------------------------------------------------------
                                            -22.335964   slack (VIOLATED)




===========================================================================
 report_check_types -max_slew -max_cap -max_fanout -violators
============================================================================
======================= nom_tt_025C_1v80 Corner ===================================

max slew

Pin                                        Limit        Slew       Slack
------------------------------------------------------------------------
_17870_/A                               0.750000   11.001702  -10.251702 (VIOLATED)
_17873_/A                               0.750000   11.001707  -10.251707 (VIOLATED)
_17874_/A                               0.750000   11.001708  -10.251708 (VIOLATED)
_17878_/A                               0.750000   11.001711  -10.251711 (VIOLATED)
_17879_/A                               0.750000   11.001711  -10.251711 (VIOLATED)
_17884_/A                               0.750000   11.001713  -10.251713 (VIOLATED)
_17885_/A                               0.750000   11.001713  -10.251713 (VIOLATED)
_18109_/A                               0.750000   11.001693  -10.251692 (VIOLATED)
_18112_/A                               0.750000   11.001696  -10.251696 (VIOLATED)
_18113_/A                               0.750000   11.001697  -10.251697 (VIOLATED)
_17997_/A                               0.750000   11.001679  -10.251679 (VIOLATED)
_17998_/A                               0.750000   11.001680  -10.251680 (VIOLATED)
_18055_/A                               0.750000   11.001676  -10.251676 (VIOLATED)
_18041_/A                               0.750000   11.001665  -10.251665 (VIOLATED)
_18044_/B                               0.750000   11.001669  -10.251669 (VIOLATED)
_18045_/A                               0.750000   11.001669  -10.251669 (VIOLATED)
_18057_/A                               0.750000   11.001669  -10.251669 (VIOLATED)
_18083_/A                               0.750000   11.001666  -10.251665 (VIOLATED)
_18088_/A                               0.750000   11.001671  -10.251671 (VIOLATED)
_18092_/A                               0.750000   11.001677  -10.251677 (VIOLATED)
_18096_/A                               0.750000   11.001676  -10.251676 (VIOLATED)
_18100_/A                               0.750000   11.001669  -10.251669 (VIOLATED)
_18103_/A                               0.750000   11.001678  -10.251678 (VIOLATED)
_18104_/A                               0.750000   11.001683  -10.251683 (VIOLATED)
_18105_/A                               0.750000   11.001678  -10.251678 (VIOLATED)
_18121_/B1                              0.750000   11.001677  -10.251677 (VIOLATED)
_18125_/B1                              0.750000   11.001669  -10.251669 (VIOLATED)
_18290_/A1                              0.750000   11.001676  -10.251676 (VIOLATED)
_18302_/A                               0.750000   11.001675  -10.251675 (VIOLATED)
_18064_/A                               0.750000   11.001654  -10.251653 (VIOLATED)
_18068_/A                               0.750000   11.001649  -10.251649 (VIOLATED)
_18072_/A                               0.750000   11.001654  -10.251654 (VIOLATED)
_18075_/A                               0.750000   11.001660  -10.251660 (VIOLATED)
_18076_/A                               0.750000   11.001660  -10.251660 (VIOLATED)
_18086_/B                               0.750000   11.001654  -10.251654 (VIOLATED)
_18129_/B1                              0.750000   11.001654  -10.251654 (VIOLATED)
_17903_/A                               0.750000   11.001602  -10.251602 (VIOLATED)
_17904_/A                               0.750000   11.001603  -10.251603 (VIOLATED)
_17906_/A                               0.750000   11.001602  -10.251601 (VIOLATED)
_17909_/A                               0.750000   11.001603  -10.251603 (VIOLATED)
_17910_/A                               0.750000   11.001600  -10.251600 (VIOLATED)
_17913_/A                               0.750000   11.001603  -10.251603 (VIOLATED)
_17915_/B1                              0.750000   11.001602  -10.251602 (VIOLATED)
_18153_/A                               0.750000   11.001597  -10.251597 (VIOLATED)
_18154_/A                               0.750000   11.001598  -10.251598 (VIOLATED)
_18227_/A                               0.750000   11.001598  -10.251598 (VIOLATED)
_18001_/B                               0.750000   11.001587  -10.251587 (VIOLATED)
_18002_/A                               0.750000   11.001587  -10.251587 (VIOLATED)
_18009_/A                               0.750000   11.001580  -10.251580 (VIOLATED)
_18006_/A                               0.750000   11.001566  -10.251566 (VIOLATED)
_18007_/A                               0.750000   11.001563  -10.251563 (VIOLATED)
_18149_/A                               0.750000   11.001548  -10.251548 (VIOLATED)
_18013_/A                               0.750000   11.001535  -10.251535 (VIOLATED)
_18014_/A                               0.750000   11.001535  -10.251535 (VIOLATED)
_18017_/A                               0.750000   11.001538  -10.251538 (VIOLATED)
_18020_/B                               0.750000   11.001530  -10.251530 (VIOLATED)
_18021_/A                               0.750000   11.001530  -10.251530 (VIOLATED)
_18024_/A                               0.750000   11.001536  -10.251536 (VIOLATED)
_18157_/A                               0.750000   11.001501  -10.251501 (VIOLATED)
_18161_/A                               0.750000   11.001476  -10.251476 (VIOLATED)
_18162_/A                               0.750000   11.001468  -10.251468 (VIOLATED)
_18145_/A                               0.750000   11.001378  -10.251378 (VIOLATED)
_18141_/A                               0.750000   11.001344  -10.251343 (VIOLATED)
_18134_/A                               0.750000   11.001290  -10.251290 (VIOLATED)
_18137_/A                               0.750000   11.001243  -10.251243 (VIOLATED)
_18138_/A                               0.750000   11.001245  -10.251245 (VIOLATED)
_17861_/A                               0.750000   11.001139  -10.251139 (VIOLATED)
_17858_/A                               0.750000   11.001099  -10.251099 (VIOLATED)
_17859_/A                               0.750000   11.001106  -10.251106 (VIOLATED)
_17854_/A                               0.750000   11.001056  -10.251056 (VIOLATED)
_17838_/A                               0.750000   11.000992  -10.250992 (VIOLATED)
_17839_/A                               0.750000   11.000995  -10.250995 (VIOLATED)
_17833_/A                               0.750000   11.000968  -10.250968 (VIOLATED)
_17831_/A                               0.750000   11.000943  -10.250943 (VIOLATED)
_17827_/A                               0.750000   11.000928  -10.250928 (VIOLATED)
_18178_/B1                              0.750000   11.000936  -10.250936 (VIOLATED)
_18189_/A                               0.750000   11.000938  -10.250938 (VIOLATED)
_18184_/A                               0.750000   11.000886  -10.250886 (VIOLATED)
_18357_/A                               0.750000   11.000861  -10.250861 (VIOLATED)
_18358_/A1                              0.750000   11.000869  -10.250869 (VIOLATED)
_18366_/A                               0.750000   11.000831  -10.250831 (VIOLATED)
_18367_/A                               0.750000   11.000832  -10.250832 (VIOLATED)
_18363_/A                               0.750000   11.000818  -10.250818 (VIOLATED)
_18373_/A                               0.750000   11.000800  -10.250800 (VIOLATED)
_18374_/A                               0.750000   11.000801  -10.250801 (VIOLATED)
_17924_/A                               0.750000   11.000789  -10.250789 (VIOLATED)
_17928_/A                               0.750000   11.000790  -10.250790 (VIOLATED)
_17930_/A                               0.750000   11.000790  -10.250790 (VIOLATED)
_17933_/A                               0.750000   11.000791  -10.250791 (VIOLATED)
_17937_/A                               0.750000   11.000791  -10.250791 (VIOLATED)
_17941_/A                               0.750000   11.000790  -10.250790 (VIOLATED)
_17942_/B1_N                            0.750000   11.000790  -10.250790 (VIOLATED)
_17945_/B1                              0.750000   11.000789  -10.250789 (VIOLATED)
_17951_/A                               0.750000   11.000786  -10.250786 (VIOLATED)
_17954_/A                               0.750000   11.000788  -10.250787 (VIOLATED)
_17955_/A                               0.750000   11.000788  -10.250787 (VIOLATED)
_17958_/A1                              0.750000   11.000787  -10.250786 (VIOLATED)
_17960_/A                               0.750000   11.000787  -10.250786 (VIOLATED)
_17961_/A                               0.750000   11.000787  -10.250786 (VIOLATED)
_17964_/B                               0.750000   11.000787  -10.250786 (VIOLATED)
_17965_/A                               0.750000   11.000787  -10.250786 (VIOLATED)
_17966_/A                               0.750000   11.000787  -10.250786 (VIOLATED)
_17968_/A                               0.750000   11.000786  -10.250786 (VIOLATED)
_17972_/A                               0.750000   11.000786  -10.250786 (VIOLATED)
_17976_/A                               0.750000   11.000784  -10.250784 (VIOLATED)
_17989_/B1                              0.750000   11.000784  -10.250784 (VIOLATED)
_18257_/A1                              0.750000   11.000788  -10.250788 (VIOLATED)
_18351_/A                               0.750000   11.000789  -10.250789 (VIOLATED)
_18387_/A                               0.750000   11.000789  -10.250789 (VIOLATED)
_18390_/B1                              0.750000   11.000789  -10.250789 (VIOLATED)
_18391_/A                               0.750000   11.000789  -10.250789 (VIOLATED)
_17821_/Y                               0.750000   11.000772  -10.250772 (VIOLATED)
_17822_/A                               0.750000   11.000772  -10.250772 (VIOLATED)
_17979_/A                               0.750000   11.000772  -10.250772 (VIOLATED)
_17982_/A                               0.750000   11.000772  -10.250772 (VIOLATED)
_17985_/A                               0.750000   11.000772  -10.250772 (VIOLATED)
_18285_/A                               0.750000   11.000772  -10.250772 (VIOLATED)
_18354_/A                               0.750000   11.000772  -10.250772 (VIOLATED)
_18635_/D                               0.750000   11.000772  -10.250772 (VIOLATED)
_18421_/A2                              0.750000    4.145133   -3.395133 (VIOLATED)
_18422_/A2                              0.750000    4.145132   -3.395132 (VIOLATED)
_18423_/A2                              0.750000    4.145131   -3.395130 (VIOLATED)
_18424_/A2                              0.750000    4.145131   -3.395130 (VIOLATED)
_18425_/A2                              0.750000    4.145133   -3.395133 (VIOLATED)
_18429_/A2                              0.750000    4.145132   -3.395131 (VIOLATED)
_18434_/A2                              0.750000    4.145132   -3.395132 (VIOLATED)
_18416_/A2                              0.750000    4.145127   -3.395127 (VIOLATED)
_18396_/A                               0.750000    4.145123   -3.395123 (VIOLATED)
_18420_/A2                              0.750000    4.145126   -3.395126 (VIOLATED)
_18426_/A2                              0.750000    4.145126   -3.395126 (VIOLATED)
_18427_/A2                              0.750000    4.145120   -3.395120 (VIOLATED)
_18428_/A2                              0.750000    4.145123   -3.395123 (VIOLATED)
_18433_/A2                              0.750000    4.145123   -3.395123 (VIOLATED)
_18441_/A_N                             0.750000    4.145123   -3.395123 (VIOLATED)
_18417_/A2                              0.750000    4.145115   -3.395115 (VIOLATED)
_18418_/A_N                             0.750000    4.145114   -3.395114 (VIOLATED)
_18430_/A2                              0.750000    4.145113   -3.395114 (VIOLATED)
_18432_/A2                              0.750000    4.145115   -3.395115 (VIOLATED)
_18435_/A_N                             0.750000    4.145114   -3.395114 (VIOLATED)
_18444_/A2                              0.750000    4.145116   -3.395116 (VIOLATED)
_18437_/A2                              0.750000    4.145110   -3.395110 (VIOLATED)
_18439_/A2                              0.750000    4.145112   -3.395111 (VIOLATED)
_18440_/A2                              0.750000    4.145110   -3.395110 (VIOLATED)
_18453_/A2                              0.750000    4.145107   -3.395108 (VIOLATED)
_18448_/A_N                             0.750000    4.145103   -3.395103 (VIOLATED)
_18445_/A2                              0.750000    4.145096   -3.395096 (VIOLATED)
_18446_/A2                              0.750000    4.145088   -3.395088 (VIOLATED)
_18398_/A_N                             0.750000    4.145082   -3.395082 (VIOLATED)
_18400_/A_N                             0.750000    4.145082   -3.395082 (VIOLATED)
_18402_/A2                              0.750000    4.145082   -3.395082 (VIOLATED)
_18403_/A2                              0.750000    4.145082   -3.395082 (VIOLATED)
_18404_/A2                              0.750000    4.145082   -3.395082 (VIOLATED)
_18405_/A2                              0.750000    4.145078   -3.395078 (VIOLATED)
_18406_/A2                              0.750000    4.145081   -3.395081 (VIOLATED)
_18415_/A2                              0.750000    4.145081   -3.395081 (VIOLATED)
_18407_/A2                              0.750000    4.145076   -3.395076 (VIOLATED)
_18408_/A2                              0.750000    4.145076   -3.395076 (VIOLATED)
_18409_/A2                              0.750000    4.145077   -3.395077 (VIOLATED)
_18410_/A2                              0.750000    4.145079   -3.395079 (VIOLATED)
_18431_/A2                              0.750000    4.145078   -3.395078 (VIOLATED)
_18443_/A2                              0.750000    4.145078   -3.395078 (VIOLATED)
_18458_/A2                              0.750000    4.145079   -3.395079 (VIOLATED)
_18459_/A2                              0.750000    4.145080   -3.395080 (VIOLATED)
_18411_/A2                              0.750000    4.145074   -3.395074 (VIOLATED)
_18412_/A2                              0.750000    4.145076   -3.395076 (VIOLATED)
_18414_/A2                              0.750000    4.145076   -3.395076 (VIOLATED)
_18447_/A2                              0.750000    4.145075   -3.395075 (VIOLATED)
_18450_/A2                              0.750000    4.145078   -3.395078 (VIOLATED)
_18452_/A2                              0.750000    4.145080   -3.395080 (VIOLATED)
_18460_/A2                              0.750000    4.145077   -3.395077 (VIOLATED)
_18466_/A_N                             0.750000    4.145080   -3.395080 (VIOLATED)
_18470_/A_N                             0.750000    4.145080   -3.395080 (VIOLATED)
_18472_/A2                              0.750000    4.145080   -3.395080 (VIOLATED)
_18454_/A_N                             0.750000    4.145070   -3.395070 (VIOLATED)
_18456_/A2                              0.750000    4.145068   -3.395068 (VIOLATED)
_18464_/A_N                             0.750000    4.145068   -3.395068 (VIOLATED)
_18413_/A2                              0.750000    4.145062   -3.395062 (VIOLATED)
_18451_/A2                              0.750000    4.145061   -3.395061 (VIOLATED)
_18461_/A_N                             0.750000    4.145062   -3.395062 (VIOLATED)
_18463_/A2                              0.750000    4.145061   -3.395061 (VIOLATED)
_18457_/A2                              0.750000    4.145050   -3.395050 (VIOLATED)
_18468_/A_N                             0.750000    4.145043   -3.395043 (VIOLATED)
_18395_/Y                               0.750000    4.145038   -3.395038 (VIOLATED)
_09207_/C                               0.750000    3.942416   -3.192416 (VIOLATED)
_09208_/C                               0.750000    3.942416   -3.192416 (VIOLATED)
_09206_/B                               0.750000    3.942410   -3.192410 (VIOLATED)
_09209_/A2                              0.750000    3.942410   -3.192410 (VIOLATED)
_11150_/D                               0.750000    3.942391   -3.192391 (VIOLATED)
_11149_/B                               0.750000    3.942375   -3.192375 (VIOLATED)
_11170_/D                               0.750000    3.942352   -3.192352 (VIOLATED)
_11171_/B1                              0.750000    3.942345   -3.192345 (VIOLATED)
_11507_/D                               0.750000    3.942327   -3.192327 (VIOLATED)
_11515_/B1                              0.750000    3.942327   -3.192327 (VIOLATED)
_11548_/C                               0.750000    3.942312   -3.192312 (VIOLATED)
_11556_/A2                              0.750000    3.942312   -3.192312 (VIOLATED)
_11863_/B                               0.750000    3.942313   -3.192313 (VIOLATED)
_11871_/A1                              0.750000    3.942314   -3.192314 (VIOLATED)
_11950_/B                               0.750000    3.942251   -3.192251 (VIOLATED)
_11956_/A1                              0.750000    3.942251   -3.192251 (VIOLATED)
_12006_/B                               0.750000    3.942248   -3.192248 (VIOLATED)
_12011_/A1                              0.750000    3.942248   -3.192248 (VIOLATED)
_10188_/A1                              0.750000    3.942245   -3.192244 (VIOLATED)
_10187_/B                               0.750000    3.942240   -3.192240 (VIOLATED)
_09574_/A                               0.750000    3.942215   -3.192214 (VIOLATED)
_09576_/B                               0.750000    3.942207   -3.192207 (VIOLATED)
_09600_/B                               0.750000    3.942173   -3.192173 (VIOLATED)
_09598_/A                               0.750000    3.942157   -3.192157 (VIOLATED)
_09985_/A1                              0.750000    3.942141   -3.192141 (VIOLATED)
_09976_/A                               0.750000    3.942127   -3.192127 (VIOLATED)
_09573_/A                               0.750000    3.942076   -3.192075 (VIOLATED)
_10296_/B                               0.750000    3.942008   -3.192008 (VIOLATED)
_09938_/B                               0.750000    3.942000   -3.192000 (VIOLATED)
_10533_/A1                              0.750000    3.941742   -3.191742 (VIOLATED)
_10406_/B                               0.750000    3.941672   -3.191672 (VIOLATED)
_10294_/A                               0.750000    3.941658   -3.191658 (VIOLATED)
_10638_/B                               0.750000    3.941540   -3.191540 (VIOLATED)
_10525_/A                               0.750000    3.941474   -3.191474 (VIOLATED)
_10761_/B                               0.750000    3.941306   -3.191306 (VIOLATED)
_10636_/A                               0.750000    3.941244   -3.191244 (VIOLATED)
_10875_/B                               0.750000    3.941056   -3.191056 (VIOLATED)
_10882_/A1                              0.750000    3.941056   -3.191056 (VIOLATED)
_10998_/A1                              0.750000    3.940807   -3.190807 (VIOLATED)
_10990_/B                               0.750000    3.940803   -3.190802 (VIOLATED)
_11111_/B                               0.750000    3.940612   -3.190611 (VIOLATED)
_10989_/A                               0.750000    3.940550   -3.190550 (VIOLATED)
_13774_/B                               0.750000    3.940352   -3.190352 (VIOLATED)
_11109_/A                               0.750000    3.940265   -3.190265 (VIOLATED)
_13855_/B                               0.750000    3.939971   -3.189970 (VIOLATED)
_13860_/A1                              0.750000    3.939962   -3.189962 (VIOLATED)
_13918_/A1                              0.750000    3.939801   -3.189801 (VIOLATED)
_13913_/B                               0.750000    3.939784   -3.189784 (VIOLATED)
_13622_/B                               0.750000    3.939577   -3.189577 (VIOLATED)
_13621_/A                               0.750000    3.939083   -3.189083 (VIOLATED)
_13196_/A                               0.750000    3.938910   -3.188910 (VIOLATED)
_14934_/B                               0.750000    3.938694   -3.188693 (VIOLATED)
_14940_/A1                              0.750000    3.938694   -3.188694 (VIOLATED)
_14994_/B                               0.750000    3.938684   -3.188684 (VIOLATED)
_14907_/B                               0.750000    3.938681   -3.188680 (VIOLATED)
_14933_/A                               0.750000    3.938682   -3.188682 (VIOLATED)
_14983_/A                               0.750000    3.938681   -3.188680 (VIOLATED)
_14993_/B                               0.750000    3.938684   -3.188684 (VIOLATED)
_14985_/A1                              0.750000    3.938678   -3.188678 (VIOLATED)
_14888_/A1                              0.750000    3.938665   -3.188665 (VIOLATED)
_14914_/A1                              0.750000    3.938667   -3.188667 (VIOLATED)
_14881_/B                               0.750000    3.938642   -3.188642 (VIOLATED)
_14854_/B                               0.750000    3.938610   -3.188609 (VIOLATED)
_14784_/A                               0.750000    3.938580   -3.188580 (VIOLATED)
_13218_/B                               0.750000    3.938575   -3.188575 (VIOLATED)
_13219_/A1                              0.750000    3.938568   -3.188568 (VIOLATED)
_14816_/B                               0.750000    3.938552   -3.188552 (VIOLATED)
_14814_/A                               0.750000    3.938515   -3.188515 (VIOLATED)
_14793_/A1                              0.750000    3.938508   -3.188508 (VIOLATED)
_14785_/B                               0.750000    3.938498   -3.188498 (VIOLATED)
_14742_/B                               0.750000    3.938487   -3.188487 (VIOLATED)
_14750_/A1                              0.750000    3.938483   -3.188483 (VIOLATED)
_14700_/B                               0.750000    3.938447   -3.188447 (VIOLATED)
_14708_/A1                              0.750000    3.938417   -3.188417 (VIOLATED)
_13385_/B                               0.750000    3.938391   -3.188390 (VIOLATED)
_13386_/A1                              0.750000    3.938388   -3.188388 (VIOLATED)
_14659_/A1                              0.750000    3.938375   -3.188375 (VIOLATED)
_14651_/B                               0.750000    3.938319   -3.188318 (VIOLATED)
_14596_/B                               0.750000    3.938270   -3.188270 (VIOLATED)
_14603_/A1                              0.750000    3.938211   -3.188211 (VIOLATED)
_14533_/B                               0.750000    3.938177   -3.188177 (VIOLATED)
_14540_/A1                              0.750000    3.938173   -3.188173 (VIOLATED)
_12739_/B                               0.750000    3.938135   -3.188135 (VIOLATED)
_14404_/A                               0.750000    3.938063   -3.188063 (VIOLATED)
_12738_/A                               0.750000    3.937995   -3.187995 (VIOLATED)
_14468_/B                               0.750000    3.937964   -3.187964 (VIOLATED)
_14405_/B                               0.750000    3.937838   -3.187838 (VIOLATED)
_14413_/A1                              0.750000    3.937824   -3.187824 (VIOLATED)
_12142_/B                               0.750000    3.937776   -3.187775 (VIOLATED)
_14224_/A1                              0.750000    3.937670   -3.187670 (VIOLATED)
_12140_/A                               0.750000    3.937657   -3.187656 (VIOLATED)
_14216_/B                               0.750000    3.937648   -3.187648 (VIOLATED)
_12164_/B                               0.750000    3.937347   -3.187347 (VIOLATED)
_12165_/A1                              0.750000    3.937244   -3.187244 (VIOLATED)
_14079_/A1                              0.750000    3.937219   -3.187219 (VIOLATED)
_14078_/B                               0.750000    3.937176   -3.187176 (VIOLATED)
_14057_/B                               0.750000    3.937106   -3.187106 (VIOLATED)
_14058_/A1                              0.750000    3.937040   -3.187040 (VIOLATED)
_12502_/B                               0.750000    3.937024   -3.187024 (VIOLATED)
_12503_/A1                              0.750000    3.936975   -3.186975 (VIOLATED)
_14332_/A1                              0.750000    3.936857   -3.186857 (VIOLATED)
_14331_/B                               0.750000    3.936836   -3.186836 (VIOLATED)
_15035_/A                               0.750000    3.936678   -3.186678 (VIOLATED)
_15036_/B                               0.750000    3.936662   -3.186662 (VIOLATED)
_12501_/A                               0.750000    3.936630   -3.186630 (VIOLATED)
_15184_/A1                              0.750000    3.936532   -3.186532 (VIOLATED)
_12843_/B                               0.750000    3.936509   -3.186508 (VIOLATED)
_15183_/B                               0.750000    3.936501   -3.186501 (VIOLATED)
_12850_/A1                              0.750000    3.936461   -3.186461 (VIOLATED)
_15366_/A                               0.750000    3.936394   -3.186394 (VIOLATED)
_12947_/B                               0.750000    3.936334   -3.186333 (VIOLATED)
_15424_/B                               0.750000    3.936323   -3.186323 (VIOLATED)
_12955_/A1                              0.750000    3.936318   -3.186318 (VIOLATED)
_15284_/A                               0.750000    3.936258   -3.186258 (VIOLATED)
_15368_/B                               0.750000    3.936222   -3.186222 (VIOLATED)
_13053_/B                               0.750000    3.936167   -3.186167 (VIOLATED)
_13061_/A1                              0.750000    3.936167   -3.186167 (VIOLATED)
_13158_/B                               0.750000    3.936163   -3.186163 (VIOLATED)
_13168_/A1                              0.750000    3.936165   -3.186165 (VIOLATED)
_15286_/B                               0.750000    3.936160   -3.186159 (VIOLATED)
_13157_/A                               0.750000    3.936131   -3.186131 (VIOLATED)
_18474_/Q                               0.750000    3.935910   -3.185910 (VIOLATED)
_09207_/B                               0.750000    3.920692   -3.170692 (VIOLATED)
_09208_/B                               0.750000    3.920692   -3.170692 (VIOLATED)
_09209_/A1                              0.750000    3.920685   -3.170685 (VIOLATED)
_11147_/B                               0.750000    3.920686   -3.170686 (VIOLATED)
_11150_/C                               0.750000    3.920665   -3.170665 (VIOLATED)
_11148_/B                               0.750000    3.920641   -3.170641 (VIOLATED)
_11170_/C                               0.750000    3.920614   -3.170614 (VIOLATED)
_11171_/A2                              0.750000    3.920612   -3.170611 (VIOLATED)
_11507_/C                               0.750000    3.920594   -3.170594 (VIOLATED)
_11515_/A2                              0.750000    3.920594   -3.170594 (VIOLATED)
_11863_/A                               0.750000    3.920584   -3.170584 (VIOLATED)
_11548_/B                               0.750000    3.920579   -3.170578 (VIOLATED)
_11556_/B2                              0.750000    3.920574   -3.170574 (VIOLATED)
_11871_/B2                              0.750000    3.920575   -3.170575 (VIOLATED)
_11950_/A                               0.750000    3.920452   -3.170452 (VIOLATED)
_11956_/B2                              0.750000    3.920451   -3.170451 (VIOLATED)
_10187_/A                               0.750000    3.920444   -3.170444 (VIOLATED)
_12006_/A                               0.750000    3.920445   -3.170445 (VIOLATED)
_12011_/B2                              0.750000    3.920445   -3.170445 (VIOLATED)
_10188_/B2                              0.750000    3.920437   -3.170437 (VIOLATED)
_09575_/A                               0.750000    3.920412   -3.170412 (VIOLATED)
_09576_/A                               0.750000    3.920402   -3.170402 (VIOLATED)
_09600_/A                               0.750000    3.920366   -3.170366 (VIOLATED)
_09937_/A                               0.750000    3.920346   -3.170346 (VIOLATED)
_09599_/A                               0.750000    3.920338   -3.170338 (VIOLATED)
_09985_/B2                              0.750000    3.920327   -3.170327 (VIOLATED)
_09938_/A                               0.750000    3.920249   -3.170249 (VIOLATED)
_10295_/A                               0.750000    3.920220   -3.170220 (VIOLATED)
_10296_/A                               0.750000    3.920217   -3.170217 (VIOLATED)
_10406_/A                               0.750000    3.920161   -3.170161 (VIOLATED)
_10533_/B2                              0.750000    3.920058   -3.170058 (VIOLATED)
_10405_/A                               0.750000    3.920004   -3.170003 (VIOLATED)
_10638_/A                               0.750000    3.919871   -3.169871 (VIOLATED)
_10637_/A                               0.750000    3.919806   -3.169806 (VIOLATED)
_10761_/A                               0.750000    3.919616   -3.169616 (VIOLATED)
_10760_/A                               0.750000    3.919551   -3.169551 (VIOLATED)
_10875_/A                               0.750000    3.919320   -3.169320 (VIOLATED)
_10882_/B2                              0.750000    3.919321   -3.169320 (VIOLATED)
_10998_/B2                              0.750000    3.919055   -3.169055 (VIOLATED)
_10990_/A                               0.750000    3.919047   -3.169046 (VIOLATED)
_11111_/A                               0.750000    3.918852   -3.168851 (VIOLATED)
_11110_/A                               0.750000    3.918781   -3.168780 (VIOLATED)
_13774_/A                               0.750000    3.918581   -3.168581 (VIOLATED)
_13773_/A                               0.750000    3.918489   -3.168489 (VIOLATED)
_13855_/A                               0.750000    3.918166   -3.168166 (VIOLATED)
_13860_/B2                              0.750000    3.918161   -3.168160 (VIOLATED)
_13918_/B2                              0.750000    3.918011   -3.168011 (VIOLATED)
_13913_/A                               0.750000    3.917963   -3.167963 (VIOLATED)
_13622_/A                               0.750000    3.917735   -3.167735 (VIOLATED)
_13195_/A                               0.750000    3.917192   -3.167192 (VIOLATED)
_13197_/A                               0.750000    3.916944   -3.166944 (VIOLATED)
_13219_/B2                              0.750000    3.916654   -3.166654 (VIOLATED)
_13218_/A                               0.750000    3.916634   -3.166634 (VIOLATED)
_14934_/A                               0.750000    3.916617   -3.166617 (VIOLATED)
_14940_/B2                              0.750000    3.916618   -3.166618 (VIOLATED)
_14907_/A                               0.750000    3.916604   -3.166604 (VIOLATED)
_14957_/A                               0.750000    3.916606   -3.166606 (VIOLATED)
_14992_/A                               0.750000    3.916608   -3.166608 (VIOLATED)
_14985_/B2                              0.750000    3.916604   -3.166604 (VIOLATED)
_14991_/A                               0.750000    3.916605   -3.166605 (VIOLATED)
_14888_/B2                              0.750000    3.916599   -3.166599 (VIOLATED)
_14914_/B2                              0.750000    3.916597   -3.166597 (VIOLATED)
_14881_/A                               0.750000    3.916573   -3.166573 (VIOLATED)
_14854_/A                               0.750000    3.916541   -3.166541 (VIOLATED)
_14815_/A                               0.750000    3.916512   -3.166512 (VIOLATED)
_14816_/A                               0.750000    3.916483   -3.166483 (VIOLATED)
_14853_/A                               0.750000    3.916471   -3.166471 (VIOLATED)
_14793_/B2                              0.750000    3.916462   -3.166462 (VIOLATED)
_13385_/A                               0.750000    3.916429   -3.166429 (VIOLATED)
_13386_/B2                              0.750000    3.916430   -3.166430 (VIOLATED)
_14785_/A                               0.750000    3.916425   -3.166425 (VIOLATED)
_14750_/B2                              0.750000    3.916361   -3.166361 (VIOLATED)
_14708_/B2                              0.750000    3.916327   -3.166327 (VIOLATED)
_14700_/A                               0.750000    3.916313   -3.166313 (VIOLATED)
_14742_/A                               0.750000    3.916315   -3.166315 (VIOLATED)
_14659_/B2                              0.750000    3.916269   -3.166269 (VIOLATED)
_14651_/A                               0.750000    3.916208   -3.166207 (VIOLATED)
_14596_/A                               0.750000    3.916164   -3.166164 (VIOLATED)
_12739_/A                               0.750000    3.916145   -3.166145 (VIOLATED)
_14603_/B2                              0.750000    3.916105   -3.166104 (VIOLATED)
_14533_/A                               0.750000    3.916067   -3.166067 (VIOLATED)
_14540_/B2                              0.750000    3.916065   -3.166065 (VIOLATED)
_12139_/A                               0.750000    3.915985   -3.165985 (VIOLATED)
_14467_/A                               0.750000    3.915950   -3.165950 (VIOLATED)
_14468_/A                               0.750000    3.915844   -3.165844 (VIOLATED)
_12142_/A                               0.750000    3.915719   -3.165719 (VIOLATED)
_14405_/A                               0.750000    3.915711   -3.165711 (VIOLATED)
_14413_/B2                              0.750000    3.915686   -3.165686 (VIOLATED)
_12141_/A                               0.750000    3.915580   -3.165580 (VIOLATED)
_14224_/B2                              0.750000    3.915523   -3.165523 (VIOLATED)
_14216_/A                               0.750000    3.915486   -3.165486 (VIOLATED)
_12164_/A                               0.750000    3.915261   -3.165261 (VIOLATED)
_12165_/B2                              0.750000    3.915138   -3.165138 (VIOLATED)
_14079_/B2                              0.750000    3.915039   -3.165039 (VIOLATED)
_14078_/A                               0.750000    3.914979   -3.164979 (VIOLATED)
_14057_/A                               0.750000    3.914916   -3.164916 (VIOLATED)
_12502_/A                               0.750000    3.914892   -3.164892 (VIOLATED)
_14058_/B2                              0.750000    3.914844   -3.164844 (VIOLATED)
_12503_/B2                              0.750000    3.914819   -3.164819 (VIOLATED)
_14332_/B2                              0.750000    3.914641   -3.164641 (VIOLATED)
_14331_/A                               0.750000    3.914607   -3.164606 (VIOLATED)
_14330_/A                               0.750000    3.914485   -3.164485 (VIOLATED)
_12516_/A                               0.750000    3.914399   -3.164399 (VIOLATED)
_15036_/A                               0.750000    3.914394   -3.164394 (VIOLATED)
_12843_/A                               0.750000    3.914287   -3.164287 (VIOLATED)
_15184_/B2                              0.750000    3.914254   -3.164254 (VIOLATED)
_12850_/B2                              0.750000    3.914217   -3.164217 (VIOLATED)
_15183_/A                               0.750000    3.914213   -3.164212 (VIOLATED)
_15182_/A                               0.750000    3.914093   -3.164093 (VIOLATED)
_12947_/A                               0.750000    3.914070   -3.164070 (VIOLATED)
_12955_/B2                              0.750000    3.914042   -3.164042 (VIOLATED)
_15424_/A                               0.750000    3.914001   -3.164001 (VIOLATED)
_15367_/A                               0.750000    3.913940   -3.163940 (VIOLATED)
_15368_/A                               0.750000    3.913896   -3.163896 (VIOLATED)
_15285_/A                               0.750000    3.913797   -3.163797 (VIOLATED)
_13053_/A                               0.750000    3.913793   -3.163793 (VIOLATED)
_13061_/B2                              0.750000    3.913793   -3.163793 (VIOLATED)
_13158_/A                               0.750000    3.913790   -3.163790 (VIOLATED)
_13168_/B2                              0.750000    3.913792   -3.163792 (VIOLATED)
_15286_/A                               0.750000    3.913785   -3.163785 (VIOLATED)
_18475_/Q                               0.750000    3.913426   -3.163426 (VIOLATED)
_18498_/RESET_B                         0.750000    3.868665   -3.118665 (VIOLATED)
_18551_/RESET_B                         0.750000    3.868665   -3.118665 (VIOLATED)
_18553_/RESET_B                         0.750000    3.868650   -3.118650 (VIOLATED)
_18502_/RESET_B                         0.750000    3.868639   -3.118639 (VIOLATED)
_18544_/RESET_B                         0.750000    3.868611   -3.118611 (VIOLATED)
_18556_/RESET_B                         0.750000    3.868609   -3.118608 (VIOLATED)
_18499_/RESET_B                         0.750000    3.868548   -3.118548 (VIOLATED)
_18543_/RESET_B                         0.750000    3.868492   -3.118492 (VIOLATED)
_18548_/RESET_B                         0.750000    3.868480   -3.118480 (VIOLATED)
_18557_/RESET_B                         0.750000    3.868438   -3.118438 (VIOLATED)
_18554_/RESET_B                         0.750000    3.868432   -3.118431 (VIOLATED)
_18599_/RESET_B                         0.750000    3.868362   -3.118362 (VIOLATED)
_18501_/RESET_B                         0.750000    3.868343   -3.118343 (VIOLATED)
_18550_/RESET_B                         0.750000    3.868264   -3.118264 (VIOLATED)
_18504_/RESET_B                         0.750000    3.868220   -3.118220 (VIOLATED)
_18604_/RESET_B                         0.750000    3.868178   -3.118178 (VIOLATED)
_18555_/RESET_B                         0.750000    3.868057   -3.118057 (VIOLATED)
_18547_/RESET_B                         0.750000    3.867878   -3.117877 (VIOLATED)
_18611_/RESET_B                         0.750000    3.867868   -3.117868 (VIOLATED)
_18608_/RESET_B                         0.750000    3.867833   -3.117833 (VIOLATED)
_18496_/RESET_B                         0.750000    3.867798   -3.117798 (VIOLATED)
_18473_/RESET_B                         0.750000    3.867592   -3.117592 (VIOLATED)
_18545_/RESET_B                         0.750000    3.867447   -3.117447 (VIOLATED)
_18500_/RESET_B                         0.750000    3.867135   -3.117135 (VIOLATED)
_18503_/RESET_B                         0.750000    3.866814   -3.116814 (VIOLATED)
_18552_/RESET_B                         0.750000    3.866791   -3.116791 (VIOLATED)
_18558_/RESET_B                         0.750000    3.866683   -3.116683 (VIOLATED)
_18546_/RESET_B                         0.750000    3.866472   -3.116472 (VIOLATED)
_18549_/RESET_B                         0.750000    3.866453   -3.116453 (VIOLATED)
_18495_/RESET_B                         0.750000    3.866407   -3.116407 (VIOLATED)
_18542_/RESET_B                         0.750000    3.866095   -3.116095 (VIOLATED)
_18541_/RESET_B                         0.750000    3.866075   -3.116075 (VIOLATED)
_18494_/RESET_B                         0.750000    3.866037   -3.116037 (VIOLATED)
_18497_/RESET_B                         0.750000    3.865952   -3.115952 (VIOLATED)
_18559_/RESET_B                         0.750000    3.863980   -3.113980 (VIOLATED)
_18562_/RESET_B                         0.750000    3.859170   -3.109170 (VIOLATED)
_18560_/RESET_B                         0.750000    3.859090   -3.109090 (VIOLATED)
_18561_/RESET_B                         0.750000    3.859057   -3.109057 (VIOLATED)
_18609_/RESET_B                         0.750000    3.841403   -3.091403 (VIOLATED)
_18610_/RESET_B                         0.750000    3.840600   -3.090600 (VIOLATED)
_18621_/RESET_B                         0.750000    3.839721   -3.089720 (VIOLATED)
_18606_/RESET_B                         0.750000    3.838038   -3.088038 (VIOLATED)
_18590_/RESET_B                         0.750000    3.837620   -3.087620 (VIOLATED)
_18601_/RESET_B                         0.750000    3.836867   -3.086867 (VIOLATED)
_18607_/RESET_B                         0.750000    3.836024   -3.086024 (VIOLATED)
_18617_/RESET_B                         0.750000    3.835392   -3.085392 (VIOLATED)
_18614_/RESET_B                         0.750000    3.835352   -3.085352 (VIOLATED)
_18615_/RESET_B                         0.750000    3.835353   -3.085353 (VIOLATED)
_18540_/RESET_B                         0.750000    3.827081   -3.077081 (VIOLATED)
_18539_/RESET_B                         0.750000    3.819265   -3.069265 (VIOLATED)
_18538_/RESET_B                         0.750000    3.815918   -3.065918 (VIOLATED)
_18632_/RESET_B                         0.750000    3.813763   -3.063763 (VIOLATED)
_18624_/RESET_B                         0.750000    3.812491   -3.062491 (VIOLATED)
_18536_/RESET_B                         0.750000    3.811298   -3.061298 (VIOLATED)
_18629_/RESET_B                         0.750000    3.809607   -3.059607 (VIOLATED)
_18619_/RESET_B                         0.750000    3.808678   -3.058678 (VIOLATED)
_18491_/RESET_B                         0.750000    3.807650   -3.057650 (VIOLATED)
_18535_/RESET_B                         0.750000    3.807110   -3.057110 (VIOLATED)
_18492_/RESET_B                         0.750000    3.807102   -3.057102 (VIOLATED)
_18493_/RESET_B                         0.750000    3.807087   -3.057087 (VIOLATED)
_18585_/RESET_B                         0.750000    3.806438   -3.056438 (VIOLATED)
_18489_/RESET_B                         0.750000    3.805381   -3.055381 (VIOLATED)
_18583_/RESET_B                         0.750000    3.804310   -3.054310 (VIOLATED)
_18579_/RESET_B                         0.750000    3.803377   -3.053377 (VIOLATED)
_18534_/RESET_B                         0.750000    3.803366   -3.053366 (VIOLATED)
_18580_/RESET_B                         0.750000    3.803228   -3.053227 (VIOLATED)
_18582_/RESET_B                         0.750000    3.802062   -3.052061 (VIOLATED)
_18587_/RESET_B                         0.750000    3.800694   -3.050694 (VIOLATED)
_18479_/RESET_B                         0.750000    3.799598   -3.049598 (VIOLATED)
_18623_/RESET_B                         0.750000    3.799501   -3.049501 (VIOLATED)
_18487_/RESET_B                         0.750000    3.799484   -3.049484 (VIOLATED)
_18537_/RESET_B                         0.750000    3.799462   -3.049462 (VIOLATED)
_18581_/RESET_B                         0.750000    3.799445   -3.049445 (VIOLATED)
_18486_/RESET_B                         0.750000    3.799398   -3.049398 (VIOLATED)
_18533_/RESET_B                         0.750000    3.799347   -3.049347 (VIOLATED)
_18586_/RESET_B                         0.750000    3.799298   -3.049298 (VIOLATED)
_18584_/RESET_B                         0.750000    3.799283   -3.049283 (VIOLATED)
_18578_/RESET_B                         0.750000    3.799244   -3.049244 (VIOLATED)
_18577_/RESET_B                         0.750000    3.799124   -3.049124 (VIOLATED)
_18481_/RESET_B                         0.750000    3.799102   -3.049102 (VIOLATED)
_18575_/RESET_B                         0.750000    3.798442   -3.048442 (VIOLATED)
_18565_/RESET_B                         0.750000    3.797940   -3.047940 (VIOLATED)
_18483_/RESET_B                         0.750000    3.797930   -3.047930 (VIOLATED)
_18569_/RESET_B                         0.750000    3.797931   -3.047931 (VIOLATED)
_18566_/RESET_B                         0.750000    3.797923   -3.047923 (VIOLATED)
_18563_/RESET_B                         0.750000    3.797910   -3.047909 (VIOLATED)
_18564_/RESET_B                         0.750000    3.797910   -3.047910 (VIOLATED)
_18568_/RESET_B                         0.750000    3.797910   -3.047910 (VIOLATED)
_18490_/RESET_B                         0.750000    3.797899   -3.047899 (VIOLATED)
_18567_/RESET_B                         0.750000    3.797887   -3.047886 (VIOLATED)
_18628_/RESET_B                         0.750000    3.797883   -3.047883 (VIOLATED)
_18630_/RESET_B                         0.750000    3.797862   -3.047862 (VIOLATED)
_18484_/RESET_B                         0.750000    3.797847   -3.047847 (VIOLATED)
_18622_/RESET_B                         0.750000    3.797849   -3.047849 (VIOLATED)
_18505_/RESET_B                         0.750000    3.797821   -3.047821 (VIOLATED)
_18480_/RESET_B                         0.750000    3.797803   -3.047803 (VIOLATED)
_18482_/RESET_B                         0.750000    3.797797   -3.047797 (VIOLATED)
_18612_/RESET_B                         0.750000    3.797729   -3.047728 (VIOLATED)
_18488_/RESET_B                         0.750000    3.797722   -3.047722 (VIOLATED)
_18626_/RESET_B                         0.750000    3.797711   -3.047711 (VIOLATED)
_18485_/RESET_B                         0.750000    3.797707   -3.047707 (VIOLATED)
_18616_/RESET_B                         0.750000    3.797686   -3.047686 (VIOLATED)
_18618_/RESET_B                         0.750000    3.797681   -3.047681 (VIOLATED)
_18532_/RESET_B                         0.750000    3.797675   -3.047675 (VIOLATED)
_18625_/RESET_B                         0.750000    3.797630   -3.047630 (VIOLATED)
_18634_/RESET_B                         0.750000    3.797618   -3.047618 (VIOLATED)
_18627_/RESET_B                         0.750000    3.797577   -3.047577 (VIOLATED)
_18477_/RESET_B                         0.750000    3.797565   -3.047565 (VIOLATED)
_18530_/RESET_B                         0.750000    3.797538   -3.047538 (VIOLATED)
_18571_/RESET_B                         0.750000    3.797449   -3.047449 (VIOLATED)
_18602_/RESET_B                         0.750000    3.797377   -3.047377 (VIOLATED)
_18620_/RESET_B                         0.750000    3.797268   -3.047268 (VIOLATED)
_18475_/RESET_B                         0.750000    3.797253   -3.047253 (VIOLATED)
_18570_/RESET_B                         0.750000    3.797215   -3.047215 (VIOLATED)
_18633_/RESET_B                         0.750000    3.797166   -3.047166 (VIOLATED)
_18631_/RESET_B                         0.750000    3.797023   -3.047023 (VIOLATED)
_18574_/RESET_B                         0.750000    3.796957   -3.046957 (VIOLATED)
_18476_/RESET_B                         0.750000    3.796933   -3.046933 (VIOLATED)
_18474_/RESET_B                         0.750000    3.796927   -3.046927 (VIOLATED)
_18527_/RESET_B                         0.750000    3.796462   -3.046462 (VIOLATED)
_18635_/RESET_B                         0.750000    3.795919   -3.045919 (VIOLATED)
_18573_/RESET_B                         0.750000    3.795904   -3.045904 (VIOLATED)
_18576_/RESET_B                         0.750000    3.795906   -3.045906 (VIOLATED)
_18531_/RESET_B                         0.750000    3.795528   -3.045528 (VIOLATED)
_18478_/RESET_B                         0.750000    3.795352   -3.045352 (VIOLATED)
_18572_/RESET_B                         0.750000    3.794743   -3.044743 (VIOLATED)
_18526_/RESET_B                         0.750000    3.792668   -3.042668 (VIOLATED)
_18525_/RESET_B                         0.750000    3.790699   -3.040699 (VIOLATED)
_18529_/RESET_B                         0.750000    3.788872   -3.038872 (VIOLATED)
_18528_/RESET_B                         0.750000    3.776563   -3.026563 (VIOLATED)
_18511_/RESET_B                         0.750000    3.757247   -3.007247 (VIOLATED)
_18512_/RESET_B                         0.750000    3.737641   -2.987641 (VIOLATED)
_18516_/RESET_B                         0.750000    3.737539   -2.987539 (VIOLATED)
_18519_/RESET_B                         0.750000    3.737525   -2.987525 (VIOLATED)
_18592_/RESET_B                         0.750000    3.737527   -2.987527 (VIOLATED)
_18596_/RESET_B                         0.750000    3.737530   -2.987530 (VIOLATED)
_18593_/RESET_B                         0.750000    3.737524   -2.987524 (VIOLATED)
_18613_/RESET_B                         0.750000    3.737523   -2.987523 (VIOLATED)
_18594_/RESET_B                         0.750000    3.737518   -2.987518 (VIOLATED)
_18600_/RESET_B                         0.750000    3.737520   -2.987520 (VIOLATED)
_18605_/RESET_B                         0.750000    3.737520   -2.987520 (VIOLATED)
_18595_/RESET_B                         0.750000    3.737513   -2.987513 (VIOLATED)
_18603_/RESET_B                         0.750000    3.737514   -2.987514 (VIOLATED)
_18588_/RESET_B                         0.750000    3.737509   -2.987509 (VIOLATED)
_18589_/RESET_B                         0.750000    3.737507   -2.987507 (VIOLATED)
_18591_/RESET_B                         0.750000    3.737494   -2.987494 (VIOLATED)
_18514_/RESET_B                         0.750000    3.737478   -2.987478 (VIOLATED)
_18515_/RESET_B                         0.750000    3.737478   -2.987478 (VIOLATED)
_18517_/RESET_B                         0.750000    3.737474   -2.987474 (VIOLATED)
_18597_/RESET_B                         0.750000    3.737476   -2.987476 (VIOLATED)
_18598_/RESET_B                         0.750000    3.737478   -2.987478 (VIOLATED)
_18520_/RESET_B                         0.750000    3.737469   -2.987469 (VIOLATED)
_18509_/RESET_B                         0.750000    3.737460   -2.987460 (VIOLATED)
_18521_/RESET_B                         0.750000    3.737459   -2.987459 (VIOLATED)
_18513_/RESET_B                         0.750000    3.737456   -2.987456 (VIOLATED)
_18507_/RESET_B                         0.750000    3.737417   -2.987417 (VIOLATED)
_18518_/RESET_B                         0.750000    3.737414   -2.987414 (VIOLATED)
_18524_/RESET_B                         0.750000    3.737371   -2.987371 (VIOLATED)
_18510_/RESET_B                         0.750000    3.737359   -2.987359 (VIOLATED)
_18506_/RESET_B                         0.750000    3.737355   -2.987355 (VIOLATED)
_18522_/RESET_B                         0.750000    3.737322   -2.987322 (VIOLATED)
_18523_/RESET_B                         0.750000    3.737312   -2.987312 (VIOLATED)
_18508_/RESET_B                         0.750000    3.737250   -2.987250 (VIOLATED)
rst_n                                   0.750000    3.737125   -2.987125 (VIOLATED)
_09326_/A                               0.750000    3.062580   -2.312580 (VIOLATED)
_09327_/A                               0.750000    3.062580   -2.312580 (VIOLATED)
_09510_/A                               0.750000    3.062578   -2.312578 (VIOLATED)
_09515_/A                               0.750000    3.062577   -2.312577 (VIOLATED)
_09566_/A                               0.750000    3.062576   -2.312576 (VIOLATED)
_09561_/A                               0.750000    3.062573   -2.312573 (VIOLATED)
_09339_/A                               0.750000    3.062567   -2.312567 (VIOLATED)
_17803_/A                               0.750000    3.062566   -2.312566 (VIOLATED)
_17682_/A                               0.750000    3.062563   -2.312564 (VIOLATED)
_17683_/A                               0.750000    3.062564   -2.312564 (VIOLATED)
_17718_/A                               0.750000    3.062557   -2.312557 (VIOLATED)
_17723_/A                               0.750000    3.062555   -2.312555 (VIOLATED)
_17738_/A                               0.750000    3.062547   -2.312547 (VIOLATED)
_17734_/A                               0.750000    3.062542   -2.312543 (VIOLATED)
_17610_/A                               0.750000    3.062535   -2.312535 (VIOLATED)
_17751_/A                               0.750000    3.062532   -2.312532 (VIOLATED)
_17608_/A                               0.750000    3.062517   -2.312517 (VIOLATED)
_17456_/A                               0.750000    3.062512   -2.312512 (VIOLATED)
_17469_/A                               0.750000    3.062512   -2.312512 (VIOLATED)
_17457_/A                               0.750000    3.062510   -2.312510 (VIOLATED)
_17587_/A                               0.750000    3.062490   -2.312491 (VIOLATED)
_17591_/A                               0.750000    3.062492   -2.312492 (VIOLATED)
_17599_/A                               0.750000    3.062479   -2.312479 (VIOLATED)
_17226_/A                               0.750000    3.062473   -2.312473 (VIOLATED)
_17195_/A                               0.750000    3.062461   -2.312460 (VIOLATED)
_17196_/A                               0.750000    3.062462   -2.312462 (VIOLATED)
_17394_/A                               0.750000    3.062454   -2.312454 (VIOLATED)
_17398_/A                               0.750000    3.062454   -2.312454 (VIOLATED)
_17409_/A                               0.750000    3.062443   -2.312443 (VIOLATED)
_17413_/A                               0.750000    3.062442   -2.312442 (VIOLATED)
_09263_/Y                               0.750000    3.062438   -2.312438 (VIOLATED)
_16677_/A                               0.750000    3.062438   -2.312438 (VIOLATED)
_16678_/A                               0.750000    3.062438   -2.312438 (VIOLATED)
_17804_/B1                              0.750000    3.062438   -2.312438 (VIOLATED)
_14300_/A                               0.750000    3.031981   -2.281981 (VIOLATED)
_14299_/A                               0.750000    3.031979   -2.281979 (VIOLATED)
_15153_/A                               0.750000    3.031948   -2.281948 (VIOLATED)
_13095_/A                               0.750000    3.031945   -2.281945 (VIOLATED)
_12992_/A                               0.750000    3.031940   -2.281940 (VIOLATED)
_12885_/A                               0.750000    3.031932   -2.281932 (VIOLATED)
_12781_/A                               0.750000    3.031888   -2.281888 (VIOLATED)
_12225_/A                               0.750000    3.031835   -2.281835 (VIOLATED)
_12226_/A                               0.750000    3.031759   -2.281759 (VIOLATED)
_12233_/A                               0.750000    3.031600   -2.281600 (VIOLATED)
_12232_/A                               0.750000    3.031597   -2.281597 (VIOLATED)
_12246_/A                               0.750000    3.031595   -2.281595 (VIOLATED)
_12247_/A1                              0.750000    3.031579   -2.281579 (VIOLATED)
_12288_/A                               0.750000    3.031449   -2.281449 (VIOLATED)
_12406_/A1                              0.750000    3.031445   -2.281445 (VIOLATED)
_12287_/A                               0.750000    3.031413   -2.281412 (VIOLATED)
_12405_/A                               0.750000    3.031299   -2.281299 (VIOLATED)
_12583_/A1                              0.750000    3.031257   -2.281257 (VIOLATED)
_12582_/A                               0.750000    3.031184   -2.281185 (VIOLATED)
_12680_/A                               0.750000    3.031112   -2.281112 (VIOLATED)
_12681_/A1                              0.750000    3.031060   -2.281060 (VIOLATED)
_13254_/A                               0.750000    3.031016   -2.281016 (VIOLATED)
_13327_/A                               0.750000    3.030830   -2.280830 (VIOLATED)
_13453_/A                               0.750000    3.030464   -2.280464 (VIOLATED)
_13326_/A                               0.750000    3.030367   -2.280367 (VIOLATED)
_13454_/A1                              0.750000    3.030351   -2.280351 (VIOLATED)
_13555_/A                               0.750000    3.030236   -2.280236 (VIOLATED)
_13556_/A1                              0.750000    3.030140   -2.280141 (VIOLATED)
_11046_/A                               0.750000    3.029844   -2.279844 (VIOLATED)
_10931_/A                               0.750000    3.029658   -2.279657 (VIOLATED)
_10815_/A                               0.750000    3.029424   -2.279424 (VIOLATED)
_10702_/A                               0.750000    3.029093   -2.279093 (VIOLATED)
_10579_/A                               0.750000    3.028766   -2.278766 (VIOLATED)
_10463_/A                               0.750000    3.028548   -2.278548 (VIOLATED)
_10348_/A                               0.750000    3.028306   -2.278306 (VIOLATED)
_10237_/A                               0.750000    3.028020   -2.278020 (VIOLATED)
_09297_/A2                              0.750000    3.027644   -2.277644 (VIOLATED)
_09298_/A2                              0.750000    3.027645   -2.277645 (VIOLATED)
_09292_/B                               0.750000    3.027642   -2.277642 (VIOLATED)
_17242_/B                               0.750000    3.027636   -2.277636 (VIOLATED)
_17268_/B1                              0.750000    3.027636   -2.277636 (VIOLATED)
_17243_/B                               0.750000    3.027620   -2.277620 (VIOLATED)
_17209_/B                               0.750000    3.027597   -2.277597 (VIOLATED)
_09677_/A                               0.750000    3.027593   -2.277593 (VIOLATED)
_17168_/B                               0.750000    3.027563   -2.277564 (VIOLATED)
_16684_/B                               0.750000    3.027526   -2.277526 (VIOLATED)
_16717_/B                               0.750000    3.027514   -2.277514 (VIOLATED)
_16487_/B                               0.750000    3.027470   -2.277470 (VIOLATED)
_16444_/B                               0.750000    3.027378   -2.277378 (VIOLATED)
_16397_/B                               0.750000    3.027365   -2.277365 (VIOLATED)
_16326_/B                               0.750000    3.027264   -2.277264 (VIOLATED)
_09673_/A                               0.750000    3.027239   -2.277239 (VIOLATED)
_16268_/B                               0.750000    3.027196   -2.277196 (VIOLATED)
_15827_/A                               0.750000    3.027080   -2.277080 (VIOLATED)
_15886_/A2                              0.750000    3.027074   -2.277075 (VIOLATED)
_15828_/A                               0.750000    3.027051   -2.277051 (VIOLATED)
_09674_/A                               0.750000    3.026937   -2.276937 (VIOLATED)
_15757_/A                               0.750000    3.026902   -2.276902 (VIOLATED)
_15584_/A1                              0.750000    3.026843   -2.276843 (VIOLATED)
_15582_/A                               0.750000    3.026773   -2.276773 (VIOLATED)
_15580_/A                               0.750000    3.026764   -2.276764 (VIOLATED)
_15581_/A                               0.750000    3.026707   -2.276707 (VIOLATED)
_15586_/A                               0.750000    3.026625   -2.276625 (VIOLATED)
_15602_/A                               0.750000    3.026464   -2.276464 (VIOLATED)
_09694_/A                               0.750000    3.026329   -2.276329 (VIOLATED)
_16047_/A                               0.750000    3.026313   -2.276313 (VIOLATED)
_09693_/A                               0.750000    3.026295   -2.276295 (VIOLATED)
_09736_/A1                              0.750000    3.026200   -2.276200 (VIOLATED)
_16144_/A                               0.750000    3.025964   -2.275964 (VIOLATED)
_09850_/A                               0.750000    3.025936   -2.275936 (VIOLATED)
_09851_/A1                              0.750000    3.025877   -2.275877 (VIOLATED)
_09735_/A                               0.750000    3.025842   -2.275842 (VIOLATED)
_11621_/A                               0.750000    3.025842   -2.275842 (VIOLATED)
_11741_/A1                              0.750000    3.025822   -2.275822 (VIOLATED)
_10024_/A                               0.750000    3.025789   -2.275789 (VIOLATED)
_11740_/A                               0.750000    3.025725   -2.275725 (VIOLATED)
_10025_/A1                              0.750000    3.025720   -2.275721 (VIOLATED)
_10127_/A                               0.750000    3.025598   -2.275599 (VIOLATED)
_11622_/A                               0.750000    3.025553   -2.275553 (VIOLATED)
_10128_/A1                              0.750000    3.025515   -2.275515 (VIOLATED)
_11420_/A1                              0.750000    3.025478   -2.275479 (VIOLATED)
_11279_/A                               0.750000    3.025435   -2.275435 (VIOLATED)
_11278_/A                               0.750000    3.025421   -2.275421 (VIOLATED)
_11262_/A                               0.750000    3.025390   -2.275390 (VIOLATED)
_11246_/A                               0.750000    3.025312   -2.275312 (VIOLATED)
_11243_/A                               0.750000    3.025233   -2.275234 (VIOLATED)
_11249_/A                               0.750000    3.025183   -2.275184 (VIOLATED)
_18495_/Q                               0.750000    3.024998   -2.274998 (VIOLATED)
_10107_/B                               0.750000    2.953111   -2.203111 (VIOLATED)
_11176_/B                               0.750000    2.953103   -2.203104 (VIOLATED)
_11181_/B                               0.750000    2.953060   -2.203060 (VIOLATED)
_11197_/B                               0.750000    2.953055   -2.203055 (VIOLATED)
_11233_/B                               0.750000    2.953003   -2.203003 (VIOLATED)
_10000_/B                               0.750000    2.952969   -2.202969 (VIOLATED)
_09825_/B                               0.750000    2.952955   -2.202955 (VIOLATED)
_11307_/B                               0.750000    2.952955   -2.202955 (VIOLATED)
_09711_/B                               0.750000    2.952912   -2.202912 (VIOLATED)
_11446_/B                               0.750000    2.952847   -2.202847 (VIOLATED)
_09651_/B                               0.750000    2.952835   -2.202834 (VIOLATED)
_09624_/B                               0.750000    2.952768   -2.202768 (VIOLATED)
_09612_/B                               0.750000    2.952720   -2.202720 (VIOLATED)
_11650_/B                               0.750000    2.952664   -2.202664 (VIOLATED)
_09607_/B_N                             0.750000    2.952540   -2.202540 (VIOLATED)
_11771_/B                               0.750000    2.952502   -2.202502 (VIOLATED)
_10212_/B                               0.750000    2.952477   -2.202477 (VIOLATED)
_10324_/B                               0.750000    2.952324   -2.202324 (VIOLATED)
_16120_/B                               0.750000    2.952290   -2.202290 (VIOLATED)
_10438_/B                               0.750000    2.952123   -2.202123 (VIOLATED)
_16023_/B                               0.750000    2.952108   -2.202108 (VIOLATED)
_10555_/B                               0.750000    2.951971   -2.201971 (VIOLATED)
_10678_/B                               0.750000    2.951806   -2.201806 (VIOLATED)
_15996_/B                               0.750000    2.951770   -2.201770 (VIOLATED)
_10792_/B                               0.750000    2.951727   -2.201727 (VIOLATED)
_10908_/B                               0.750000    2.951675   -2.201675 (VIOLATED)
_15975_/B                               0.750000    2.951669   -2.201669 (VIOLATED)
_11022_/B                               0.750000    2.951511   -2.201511 (VIOLATED)
_15956_/B                               0.750000    2.951504   -2.201504 (VIOLATED)
_13530_/B                               0.750000    2.951434   -2.201434 (VIOLATED)
_15941_/B                               0.750000    2.951338   -2.201338 (VIOLATED)
_13429_/B                               0.750000    2.951217   -2.201217 (VIOLATED)
_15928_/B                               0.750000    2.951130   -2.201130 (VIOLATED)
_13301_/B                               0.750000    2.951089   -2.201089 (VIOLATED)
_15918_/B                               0.750000    2.950991   -2.200991 (VIOLATED)
_15921_/B                               0.750000    2.950972   -2.200971 (VIOLATED)
_13229_/B                               0.750000    2.950926   -2.200926 (VIOLATED)
_16294_/B                               0.750000    2.950902   -2.200902 (VIOLATED)
_12655_/B                               0.750000    2.950816   -2.200816 (VIOLATED)
_16539_/B                               0.750000    2.950739   -2.200739 (VIOLATED)
_16529_/B                               0.750000    2.950663   -2.200663 (VIOLATED)
_12557_/B                               0.750000    2.950655   -2.200655 (VIOLATED)
_16521_/B_N                             0.750000    2.950535   -2.200535 (VIOLATED)
_12380_/B                               0.750000    2.950516   -2.200517 (VIOLATED)
_12263_/B                               0.750000    2.950419   -2.200419 (VIOLATED)
_16518_/B                               0.750000    2.950375   -2.200375 (VIOLATED)
_12206_/B                               0.750000    2.950308   -2.200308 (VIOLATED)
_16753_/B_N                             0.750000    2.950243   -2.200243 (VIOLATED)
_16750_/B                               0.750000    2.950137   -2.200137 (VIOLATED)
_17319_/B                               0.750000    2.949888   -2.199888 (VIOLATED)
_17307_/B                               0.750000    2.949809   -2.199808 (VIOLATED)
_17300_/B                               0.750000    2.949744   -2.199744 (VIOLATED)
_17296_/B                               0.750000    2.949629   -2.199629 (VIOLATED)
_17523_/B                               0.750000    2.949503   -2.199503 (VIOLATED)
_17516_/B                               0.750000    2.949403   -2.199403 (VIOLATED)
_09530_/B                               0.750000    2.949214   -2.199214 (VIOLATED)
_12522_/A                               0.750000    2.949119   -2.199119 (VIOLATED)
_12517_/A                               0.750000    2.949084   -2.199084 (VIOLATED)
_09392_/B                               0.750000    2.949032   -2.199032 (VIOLATED)
_09350_/B                               0.750000    2.948996   -2.198996 (VIOLATED)
_09353_/B                               0.750000    2.948936   -2.198935 (VIOLATED)
_09479_/B                               0.750000    2.948916   -2.198916 (VIOLATED)
_09362_/B                               0.750000    2.948878   -2.198878 (VIOLATED)
_09375_/B                               0.750000    2.948869   -2.198870 (VIOLATED)
_09448_/B                               0.750000    2.948856   -2.198856 (VIOLATED)
_09419_/B                               0.750000    2.948844   -2.198844 (VIOLATED)
_18505_/Q                               0.750000    2.948839   -2.198839 (VIOLATED)
_13096_/A                               0.750000    2.944531   -2.194531 (VIOLATED)
_15053_/A                               0.750000    2.944531   -2.194531 (VIOLATED)
_15152_/A                               0.750000    2.944533   -2.194533 (VIOLATED)
_12993_/A                               0.750000    2.944521   -2.194521 (VIOLATED)
_15052_/A                               0.750000    2.944522   -2.194522 (VIOLATED)
_12886_/A                               0.750000    2.944494   -2.194494 (VIOLATED)
_12782_/A                               0.750000    2.944445   -2.194445 (VIOLATED)
_12227_/A                               0.750000    2.944382   -2.194382 (VIOLATED)
_12224_/A                               0.750000    2.944346   -2.194346 (VIOLATED)
_12231_/A                               0.750000    2.944297   -2.194297 (VIOLATED)
_12247_/B2                              0.750000    2.944250   -2.194250 (VIOLATED)
_12245_/A                               0.750000    2.944233   -2.194233 (VIOLATED)
_12407_/A1                              0.750000    2.944144   -2.194144 (VIOLATED)
_12406_/B2                              0.750000    2.944130   -2.194130 (VIOLATED)
_12404_/A                               0.750000    2.944118   -2.194119 (VIOLATED)
_12583_/B2                              0.750000    2.943993   -2.193993 (VIOLATED)
_12581_/A                               0.750000    2.943984   -2.193984 (VIOLATED)
_12679_/A                               0.750000    2.943866   -2.193866 (VIOLATED)
_12681_/B2                              0.750000    2.943867   -2.193867 (VIOLATED)
_13253_/A                               0.750000    2.943737   -2.193737 (VIOLATED)
_13325_/A                               0.750000    2.943451   -2.193451 (VIOLATED)
_13452_/A                               0.750000    2.943303   -2.193303 (VIOLATED)
_13454_/B2                              0.750000    2.943302   -2.193302 (VIOLATED)
_13553_/A                               0.750000    2.943143   -2.193144 (VIOLATED)
_13556_/B2                              0.750000    2.943110   -2.193109 (VIOLATED)
_13554_/A                               0.750000    2.942908   -2.192908 (VIOLATED)
_09297_/A1                              0.750000    2.942811   -2.192811 (VIOLATED)
_09298_/A1                              0.750000    2.942811   -2.192811 (VIOLATED)
_09293_/B                               0.750000    2.942805   -2.192805 (VIOLATED)
_17268_/A2                              0.750000    2.942801   -2.192801 (VIOLATED)
_17269_/A2                              0.750000    2.942801   -2.192801 (VIOLATED)
_17208_/B                               0.750000    2.942783   -2.192782 (VIOLATED)
_17167_/B                               0.750000    2.942757   -2.192757 (VIOLATED)
_11047_/A                               0.750000    2.942703   -2.192703 (VIOLATED)
_16716_/B                               0.750000    2.942691   -2.192691 (VIOLATED)
_16486_/B                               0.750000    2.942661   -2.192661 (VIOLATED)
_16683_/B                               0.750000    2.942632   -2.192632 (VIOLATED)
_10932_/A                               0.750000    2.942548   -2.192549 (VIOLATED)
_16443_/B                               0.750000    2.942534   -2.192534 (VIOLATED)
_16396_/B                               0.750000    2.942470   -2.192470 (VIOLATED)
_16325_/B                               0.750000    2.942432   -2.192432 (VIOLATED)
_16267_/B                               0.750000    2.942359   -2.192360 (VIOLATED)
_10816_/A                               0.750000    2.942291   -2.192291 (VIOLATED)
_15885_/A                               0.750000    2.942163   -2.192163 (VIOLATED)
_15886_/B2                              0.750000    2.942157   -2.192157 (VIOLATED)
_15887_/A1                              0.750000    2.942155   -2.192155 (VIOLATED)
_15756_/A                               0.750000    2.942131   -2.192131 (VIOLATED)
_10703_/A                               0.750000    2.942072   -2.192072 (VIOLATED)
_15579_/A                               0.750000    2.942025   -2.192025 (VIOLATED)
_15578_/A                               0.750000    2.941931   -2.191931 (VIOLATED)
_15584_/B2                              0.750000    2.941911   -2.191911 (VIOLATED)
_10580_/A                               0.750000    2.941905   -2.191905 (VIOLATED)
_15583_/A                               0.750000    2.941852   -2.191852 (VIOLATED)
_15587_/A                               0.750000    2.941762   -2.191762 (VIOLATED)
_10464_/A                               0.750000    2.941676   -2.191676 (VIOLATED)
_15603_/A                               0.750000    2.941639   -2.191639 (VIOLATED)
_16048_/A                               0.750000    2.941434   -2.191434 (VIOLATED)
_10349_/A                               0.750000    2.941418   -2.191419 (VIOLATED)
_16145_/A                               0.750000    2.941260   -2.191260 (VIOLATED)
_10238_/A                               0.750000    2.941093   -2.191093 (VIOLATED)
_09678_/A                               0.750000    2.940822   -2.190822 (VIOLATED)
_11739_/A                               0.750000    2.940816   -2.190816 (VIOLATED)
_11738_/A                               0.750000    2.940692   -2.190692 (VIOLATED)
_11741_/B2                              0.750000    2.940631   -2.190631 (VIOLATED)
_09675_/A                               0.750000    2.940587   -2.190587 (VIOLATED)
_11620_/A                               0.750000    2.940528   -2.190528 (VIOLATED)
_11419_/A                               0.750000    2.940211   -2.190211 (VIOLATED)
_11420_/B2                              0.750000    2.940200   -2.190200 (VIOLATED)
_09672_/A                               0.750000    2.940193   -2.190192 (VIOLATED)
_11421_/A1                              0.750000    2.940146   -2.190146 (VIOLATED)
_11244_/A                               0.750000    2.940087   -2.190087 (VIOLATED)
_09737_/A1                              0.750000    2.940068   -2.190068 (VIOLATED)
_09736_/B2                              0.750000    2.940027   -2.190027 (VIOLATED)
_11245_/A                               0.750000    2.939925   -2.189925 (VIOLATED)
_09734_/A                               0.750000    2.939912   -2.189912 (VIOLATED)
_11250_/A                               0.750000    2.939806   -2.189806 (VIOLATED)
_09851_/B2                              0.750000    2.939785   -2.189785 (VIOLATED)
_09849_/A                               0.750000    2.939733   -2.189733 (VIOLATED)
_11263_/A                               0.750000    2.939690   -2.189690 (VIOLATED)
_10025_/B2                              0.750000    2.939672   -2.189672 (VIOLATED)
_10023_/A                               0.750000    2.939638   -2.189638 (VIOLATED)
_10128_/B2                              0.750000    2.939527   -2.189527 (VIOLATED)
_10126_/A                               0.750000    2.939514   -2.189513 (VIOLATED)
_10125_/A                               0.750000    2.939487   -2.189487 (VIOLATED)
_18496_/Q                               0.750000    2.939260   -2.189260 (VIOLATED)
_11167_/A                               0.750000    2.897491   -2.147491 (VIOLATED)
_11155_/B                               0.750000    2.897486   -2.147487 (VIOLATED)
_11512_/A                               0.750000    2.897489   -2.147488 (VIOLATED)
_11553_/A                               0.750000    2.897478   -2.147478 (VIOLATED)
_11160_/A                               0.750000    2.897471   -2.147471 (VIOLATED)
_11868_/A                               0.750000    2.897441   -2.147441 (VIOLATED)
_10192_/A                               0.750000    2.897431   -2.147431 (VIOLATED)
_10191_/A                               0.750000    2.897403   -2.147403 (VIOLATED)
_09580_/A                               0.750000    2.897399   -2.147399 (VIOLATED)
_10194_/B2                              0.750000    2.897369   -2.147369 (VIOLATED)
_09585_/B2                              0.750000    2.897352   -2.147353 (VIOLATED)
_09588_/A                               0.750000    2.897349   -2.147349 (VIOLATED)
_09584_/A                               0.750000    2.897319   -2.147319 (VIOLATED)
_09310_/B                               0.750000    2.897292   -2.147292 (VIOLATED)
_09484_/B                               0.750000    2.897290   -2.147290 (VIOLATED)
_09312_/B                               0.750000    2.897287   -2.147287 (VIOLATED)
_09595_/A                               0.750000    2.897274   -2.147274 (VIOLATED)
_09329_/B1                              0.750000    2.897263   -2.147263 (VIOLATED)
_09341_/A2                              0.750000    2.897248   -2.147248 (VIOLATED)
_09328_/C                               0.750000    2.897243   -2.147243 (VIOLATED)
_09982_/A                               0.750000    2.897236   -2.147236 (VIOLATED)
_09942_/A                               0.750000    2.897217   -2.147217 (VIOLATED)
_10301_/A                               0.750000    2.897125   -2.147125 (VIOLATED)
_10411_/A                               0.750000    2.897051   -2.147051 (VIOLATED)
_09535_/B                               0.750000    2.897048   -2.147048 (VIOLATED)
_17502_/B1                              0.750000    2.897005   -2.147004 (VIOLATED)
_10530_/A                               0.750000    2.896976   -2.146976 (VIOLATED)
_17487_/B                               0.750000    2.896959   -2.146959 (VIOLATED)
_17290_/A                               0.750000    2.896863   -2.146863 (VIOLATED)
_17278_/A1                              0.750000    2.896789   -2.146789 (VIOLATED)
_17257_/A                               0.750000    2.896712   -2.146712 (VIOLATED)
_10643_/A                               0.750000    2.896708   -2.146708 (VIOLATED)
_10765_/A                               0.750000    2.896612   -2.146612 (VIOLATED)
_16745_/A                               0.750000    2.896591   -2.146591 (VIOLATED)
_17229_/A                               0.750000    2.896558   -2.146558 (VIOLATED)
_10879_/A                               0.750000    2.896503   -2.146503 (VIOLATED)
_16732_/A                               0.750000    2.896448   -2.146448 (VIOLATED)
_10995_/A                               0.750000    2.896354   -2.146354 (VIOLATED)
_16513_/A                               0.750000    2.896331   -2.146331 (VIOLATED)
_11116_/A                               0.750000    2.896247   -2.146247 (VIOLATED)
_16501_/A                               0.750000    2.896222   -2.146222 (VIOLATED)
_13778_/A                               0.750000    2.896074   -2.146074 (VIOLATED)
_16474_/A                               0.750000    2.896065   -2.146065 (VIOLATED)
_16432_/A                               0.750000    2.895916   -2.145916 (VIOLATED)
_13627_/A                               0.750000    2.895896   -2.145895 (VIOLATED)
_16290_/A                               0.750000    2.895851   -2.145851 (VIOLATED)
_13626_/A                               0.750000    2.895725   -2.145725 (VIOLATED)
_15914_/A                               0.750000    2.895715   -2.145716 (VIOLATED)
_13629_/B2                              0.750000    2.895663   -2.145663 (VIOLATED)
_11692_/B                               0.750000    2.895616   -2.145616 (VIOLATED)
_16900_/B                               0.750000    2.895614   -2.145614 (VIOLATED)
_09214_/B                               0.750000    2.895608   -2.145609 (VIOLATED)
_16203_/A0                              0.750000    2.895608   -2.145608 (VIOLATED)
_16206_/B                               0.750000    2.895609   -2.145609 (VIOLATED)
_09205_/B                               0.750000    2.895602   -2.145602 (VIOLATED)
_11156_/A                               0.750000    2.895561   -2.145561 (VIOLATED)
_12979_/B2                              0.750000    2.895549   -2.145549 (VIOLATED)
_12173_/A                               0.750000    2.895547   -2.145547 (VIOLATED)
_12879_/A                               0.750000    2.895544   -2.145544 (VIOLATED)
_12174_/A                               0.750000    2.895527   -2.145527 (VIOLATED)
_15903_/A                               0.750000    2.895506   -2.145506 (VIOLATED)
_12185_/A                               0.750000    2.895501   -2.145501 (VIOLATED)
_13207_/B2                              0.750000    2.895498   -2.145498 (VIOLATED)
_13202_/A                               0.750000    2.895485   -2.145485 (VIOLATED)
_12210_/A                               0.750000    2.895459   -2.145459 (VIOLATED)
_12269_/A1                              0.750000    2.895442   -2.145442 (VIOLATED)
_12268_/A                               0.750000    2.895431   -2.145432 (VIOLATED)
_12385_/A                               0.750000    2.895408   -2.145408 (VIOLATED)
_13206_/A                               0.750000    2.895405   -2.145405 (VIOLATED)
_12386_/A1                              0.750000    2.895394   -2.145394 (VIOLATED)
_12562_/A                               0.750000    2.895378   -2.145379 (VIOLATED)
_15871_/A                               0.750000    2.895363   -2.145363 (VIOLATED)
_12563_/A1                              0.750000    2.895341   -2.145341 (VIOLATED)
_12660_/A                               0.750000    2.895306   -2.145306 (VIOLATED)
_13210_/A                               0.750000    2.895276   -2.145276 (VIOLATED)
_13234_/A                               0.750000    2.895168   -2.145169 (VIOLATED)
_15814_/A                               0.750000    2.895158   -2.145158 (VIOLATED)
_13307_/A1                              0.750000    2.895145   -2.145145 (VIOLATED)
_12744_/A                               0.750000    2.895140   -2.145140 (VIOLATED)
_13306_/A                               0.750000    2.895102   -2.145102 (VIOLATED)
_15745_/A                               0.750000    2.895083   -2.145083 (VIOLATED)
_13435_/A1                              0.750000    2.895017   -2.145017 (VIOLATED)
_13434_/A                               0.750000    2.894995   -2.144995 (VIOLATED)
_12743_/A                               0.750000    2.894983   -2.144983 (VIOLATED)
_13536_/A1                              0.750000    2.894930   -2.144930 (VIOLATED)
_13535_/A                               0.750000    2.894913   -2.144913 (VIOLATED)
_12746_/B2                              0.750000    2.894903   -2.144903 (VIOLATED)
_11028_/A                               0.750000    2.894890   -2.144890 (VIOLATED)
_12150_/A                               0.750000    2.894815   -2.144815 (VIOLATED)
_13707_/A1                              0.750000    2.894804   -2.144804 (VIOLATED)
_10914_/A                               0.750000    2.894742   -2.144743 (VIOLATED)
_15561_/A                               0.750000    2.894739   -2.144739 (VIOLATED)
_12146_/A                               0.750000    2.894693   -2.144692 (VIOLATED)
_12151_/B2                              0.750000    2.894661   -2.144660 (VIOLATED)
_10798_/A                               0.750000    2.894552   -2.144552 (VIOLATED)
_15560_/A                               0.750000    2.894546   -2.144546 (VIOLATED)
_10684_/A                               0.750000    2.894502   -2.144501 (VIOLATED)
_12154_/A                               0.750000    2.894473   -2.144474 (VIOLATED)
_10561_/A                               0.750000    2.894294   -2.144294 (VIOLATED)
_16125_/A1                              0.750000    2.894269   -2.144269 (VIOLATED)
_10444_/A                               0.750000    2.894213   -2.144213 (VIOLATED)
_10330_/A                               0.750000    2.894134   -2.144134 (VIOLATED)
_16124_/A                               0.750000    2.894027   -2.144026 (VIOLATED)
_14911_/A                               0.750000    2.893977   -2.143977 (VIOLATED)
_14937_/A                               0.750000    2.893976   -2.143976 (VIOLATED)
_14885_/A                               0.750000    2.893958   -2.143958 (VIOLATED)
_14858_/A                               0.750000    2.893944   -2.143944 (VIOLATED)
_14821_/A                               0.750000    2.893928   -2.143928 (VIOLATED)
_14790_/A                               0.750000    2.893918   -2.143919 (VIOLATED)
_14747_/A                               0.750000    2.893890   -2.143890 (VIOLATED)
_10218_/A                               0.750000    2.893884   -2.143884 (VIOLATED)
_14705_/A                               0.750000    2.893871   -2.143871 (VIOLATED)
_14656_/A                               0.750000    2.893849   -2.143849 (VIOLATED)
_14600_/A                               0.750000    2.893829   -2.143829 (VIOLATED)
_14537_/A                               0.750000    2.893807   -2.143807 (VIOLATED)
_14474_/A                               0.750000    2.893757   -2.143757 (VIOLATED)
_14410_/A                               0.750000    2.893725   -2.143725 (VIOLATED)
_09617_/A                               0.750000    2.893708   -2.143708 (VIOLATED)
_12161_/A                               0.750000    2.893706   -2.143706 (VIOLATED)
_11767_/A1                              0.750000    2.893701   -2.143701 (VIOLATED)
_14221_/A                               0.750000    2.893649   -2.143649 (VIOLATED)
_11766_/A                               0.750000    2.893632   -2.143631 (VIOLATED)
_12507_/A                               0.750000    2.893594   -2.143594 (VIOLATED)
_09618_/A                               0.750000    2.893522   -2.143522 (VIOLATED)
_14075_/A                               0.750000    2.893514   -2.143514 (VIOLATED)
_11645_/A                               0.750000    2.893494   -2.143494 (VIOLATED)
_12513_/A                               0.750000    2.893445   -2.143445 (VIOLATED)
_11646_/A                               0.750000    2.893439   -2.143439 (VIOLATED)
_14068_/A                               0.750000    2.893441   -2.143440 (VIOLATED)
_14065_/A                               0.750000    2.893401   -2.143401 (VIOLATED)
_09629_/A                               0.750000    2.893386   -2.143386 (VIOLATED)
_12847_/A                               0.750000    2.893314   -2.143314 (VIOLATED)
_14061_/A                               0.750000    2.893297   -2.143297 (VIOLATED)
_11442_/A                               0.750000    2.893286   -2.143286 (VIOLATED)
_14337_/B2                              0.750000    2.893284   -2.143284 (VIOLATED)
_14335_/A                               0.750000    2.893259   -2.143260 (VIOLATED)
_15042_/B2                              0.750000    2.893226   -2.143227 (VIOLATED)
_09656_/A                               0.750000    2.893223   -2.143223 (VIOLATED)
_15040_/A                               0.750000    2.893213   -2.143213 (VIOLATED)
_12952_/A                               0.750000    2.893178   -2.143178 (VIOLATED)
_15190_/B2                              0.750000    2.893180   -2.143179 (VIOLATED)
_15187_/A                               0.750000    2.893162   -2.143162 (VIOLATED)
_15188_/A                               0.750000    2.893126   -2.143126 (VIOLATED)
_11303_/A                               0.750000    2.893093   -2.143093 (VIOLATED)
_15291_/A                               0.750000    2.893067   -2.143067 (VIOLATED)
_13163_/A                               0.750000    2.893043   -2.143043 (VIOLATED)
_13057_/A                               0.750000    2.893041   -2.143040 (VIOLATED)
_13164_/A                               0.750000    2.893040   -2.143040 (VIOLATED)
_11229_/A                               0.750000    2.893002   -2.143002 (VIOLATED)
_18478_/Q                               0.750000    2.893003   -2.143003 (VIOLATED)
_09716_/A                               0.750000    2.893000   -2.143000 (VIOLATED)
_09830_/A                               0.750000    2.892973   -2.142973 (VIOLATED)
_09831_/A1                              0.750000    2.892947   -2.142948 (VIOLATED)
_11192_/A                               0.750000    2.892923   -2.142923 (VIOLATED)
_10005_/A                               0.750000    2.892904   -2.142904 (VIOLATED)
_10006_/A1                              0.750000    2.892890   -2.142890 (VIOLATED)
_11187_/A                               0.750000    2.892865   -2.142865 (VIOLATED)
_10102_/A1                              0.750000    2.892856   -2.142856 (VIOLATED)
_10101_/A                               0.750000    2.892849   -2.142849 (VIOLATED)
_11184_/A                               0.750000    2.892849   -2.142849 (VIOLATED)
_11797_/A1                              0.750000    2.892849   -2.142849 (VIOLATED)
_18501_/Q                               0.750000    2.892849   -2.142849 (VIOLATED)
_09521_/A                               0.750000    2.878654   -2.128654 (VIOLATED)
_17800_/A                               0.750000    2.878654   -2.128654 (VIOLATED)
_17790_/A                               0.750000    2.878645   -2.128645 (VIOLATED)
_17727_/A                               0.750000    2.878639   -2.128639 (VIOLATED)
_17791_/A                               0.750000    2.878641   -2.128641 (VIOLATED)
_09218_/A                               0.750000    2.878636   -2.128636 (VIOLATED)
_17747_/A                               0.750000    2.878629   -2.128629 (VIOLATED)
_17770_/A                               0.750000    2.878610   -2.128610 (VIOLATED)
_17771_/A                               0.750000    2.878605   -2.128604 (VIOLATED)
_17647_/A                               0.750000    2.878586   -2.128586 (VIOLATED)
_17656_/A                               0.750000    2.878549   -2.128549 (VIOLATED)
_17657_/A                               0.750000    2.878537   -2.128537 (VIOLATED)
_17422_/A                               0.750000    2.878510   -2.128510 (VIOLATED)
_17445_/A                               0.750000    2.878472   -2.128472 (VIOLATED)
_17446_/A                               0.750000    2.878463   -2.128462 (VIOLATED)
_16811_/A                               0.750000    2.878440   -2.128440 (VIOLATED)
_16812_/A                               0.750000    2.878409   -2.128409 (VIOLATED)
_16641_/A                               0.750000    2.878391   -2.128390 (VIOLATED)
_16645_/A                               0.750000    2.878385   -2.128385 (VIOLATED)
_16825_/A                               0.750000    2.878354   -2.128354 (VIOLATED)
_16820_/A                               0.750000    2.878351   -2.128351 (VIOLATED)
_16318_/A                               0.750000    2.878327   -2.128327 (VIOLATED)
_16821_/A                               0.750000    2.878326   -2.128326 (VIOLATED)
_16112_/A                               0.750000    2.878313   -2.128313 (VIOLATED)
_16319_/A                               0.750000    2.878313   -2.128313 (VIOLATED)
_16221_/A                               0.750000    2.878283   -2.128283 (VIOLATED)
_16832_/A                               0.750000    2.878283   -2.128283 (VIOLATED)
_16920_/A                               0.750000    2.878283   -2.128284 (VIOLATED)
_09217_/Y                               0.750000    2.878268   -2.128267 (VIOLATED)
_16991_/A                               0.750000    2.878268   -2.128267 (VIOLATED)
_09485_/B                               0.750000    2.856651   -2.106651 (VIOLATED)
_09311_/B                               0.750000    2.856648   -2.106649 (VIOLATED)
_09329_/A2                              0.750000    2.856625   -2.106625 (VIOLATED)
_09341_/A1                              0.750000    2.856613   -2.106613 (VIOLATED)
_09328_/B                               0.750000    2.856610   -2.106610 (VIOLATED)
_09536_/B                               0.750000    2.856548   -2.106548 (VIOLATED)
_17501_/B                               0.750000    2.856376   -2.106376 (VIOLATED)
_17502_/A1                              0.750000    2.856356   -2.106356 (VIOLATED)
_17289_/A                               0.750000    2.856299   -2.106299 (VIOLATED)
_17277_/A                               0.750000    2.856161   -2.106162 (VIOLATED)
_17278_/B2                              0.750000    2.856113   -2.106113 (VIOLATED)
_17228_/A                               0.750000    2.855932   -2.105932 (VIOLATED)
_16744_/A                               0.750000    2.855859   -2.105859 (VIOLATED)
_16731_/A                               0.750000    2.855807   -2.105807 (VIOLATED)
_11356_/A                               0.750000    2.855751   -2.105751 (VIOLATED)
_11381_/A                               0.750000    2.855749   -2.105749 (VIOLATED)
_11525_/A                               0.750000    2.855722   -2.105722 (VIOLATED)
_10161_/A                               0.750000    2.855680   -2.105680 (VIOLATED)
_16512_/A                               0.750000    2.855654   -2.105654 (VIOLATED)
_11353_/A                               0.750000    2.855616   -2.105616 (VIOLATED)
_11350_/A                               0.750000    2.855612   -2.105612 (VIOLATED)
_11354_/A1                              0.750000    2.855610   -2.105610 (VIOLATED)
_10058_/A                               0.750000    2.855601   -2.105602 (VIOLATED)
_11407_/A                               0.750000    2.855592   -2.105592 (VIOLATED)
_16500_/A                               0.750000    2.855588   -2.105588 (VIOLATED)
_11609_/A                               0.750000    2.855567   -2.105567 (VIOLATED)
_09881_/A                               0.750000    2.855552   -2.105552 (VIOLATED)
_11727_/A                               0.750000    2.855496   -2.105496 (VIOLATED)
_09812_/A                               0.750000    2.855489   -2.105489 (VIOLATED)
_16473_/A                               0.750000    2.855434   -2.105434 (VIOLATED)
_16179_/A                               0.750000    2.855428   -2.105428 (VIOLATED)
_09784_/A                               0.750000    2.855398   -2.105398 (VIOLATED)
_16080_/A                               0.750000    2.855334   -2.105334 (VIOLATED)
_09783_/A                               0.750000    2.855329   -2.105329 (VIOLATED)
_16431_/A                               0.750000    2.855295   -2.105295 (VIOLATED)
_09787_/A                               0.750000    2.855210   -2.105209 (VIOLATED)
_15720_/A                               0.750000    2.855198   -2.105198 (VIOLATED)
_15679_/A                               0.750000    2.855114   -2.105114 (VIOLATED)
_09954_/A                               0.750000    2.855095   -2.105095 (VIOLATED)
_16289_/A                               0.750000    2.855081   -2.105081 (VIOLATED)
_15913_/A                               0.750000    2.855010   -2.105010 (VIOLATED)
_15650_/A                               0.750000    2.854975   -2.104975 (VIOLATED)
_10272_/A                               0.750000    2.854964   -2.104965 (VIOLATED)
_15902_/A                               0.750000    2.854866   -2.104866 (VIOLATED)
_10382_/A                               0.750000    2.854818   -2.104818 (VIOLATED)
_15644_/A                               0.750000    2.854693   -2.104693 (VIOLATED)
_10502_/A                               0.750000    2.854681   -2.104681 (VIOLATED)
_15870_/A                               0.750000    2.854625   -2.104625 (VIOLATED)
_15646_/A1                              0.750000    2.854620   -2.104620 (VIOLATED)
_10613_/A                               0.750000    2.854545   -2.104545 (VIOLATED)
_15645_/B                               0.750000    2.854534   -2.104533 (VIOLATED)
_11159_/A                               0.750000    2.854411   -2.104411 (VIOLATED)
_11693_/B                               0.750000    2.854411   -2.104411 (VIOLATED)
_15789_/A                               0.750000    2.854406   -2.104406 (VIOLATED)
_11166_/A                               0.750000    2.854402   -2.104402 (VIOLATED)
_11511_/A                               0.750000    2.854400   -2.104400 (VIOLATED)
_15813_/A                               0.750000    2.854400   -2.104400 (VIOLATED)
_10736_/A                               0.750000    2.854385   -2.104385 (VIOLATED)
_11552_/A                               0.750000    2.854369   -2.104369 (VIOLATED)
_11867_/A                               0.750000    2.854363   -2.104363 (VIOLATED)
_10193_/A                               0.750000    2.854313   -2.104313 (VIOLATED)
_16899_/B                               0.750000    2.854299   -2.104299 (VIOLATED)
_16205_/B                               0.750000    2.854295   -2.104295 (VIOLATED)
_09204_/B                               0.750000    2.854286   -2.104287 (VIOLATED)
_09205_/C                               0.750000    2.854278   -2.104278 (VIOLATED)
_09585_/A1                              0.750000    2.854278   -2.104278 (VIOLATED)
_09581_/A                               0.750000    2.854269   -2.104269 (VIOLATED)
_09583_/A                               0.750000    2.854265   -2.104265 (VIOLATED)
_10194_/A1                              0.750000    2.854266   -2.104266 (VIOLATED)
_09582_/A                               0.750000    2.854259   -2.104259 (VIOLATED)
_09587_/A                               0.750000    2.854253   -2.104253 (VIOLATED)
_09941_/A                               0.750000    2.854249   -2.104248 (VIOLATED)
_09594_/A                               0.750000    2.854240   -2.104240 (VIOLATED)
_11157_/B                               0.750000    2.854231   -2.104231 (VIOLATED)
_15858_/B                               0.750000    2.854231   -2.104231 (VIOLATED)
_11154_/A                               0.750000    2.854209   -2.104209 (VIOLATED)
_10849_/A                               0.750000    2.854203   -2.104203 (VIOLATED)
_09981_/A                               0.750000    2.854201   -2.104201 (VIOLATED)
_15744_/A                               0.750000    2.854188   -2.104188 (VIOLATED)
_10300_/A                               0.750000    2.854125   -2.104125 (VIOLATED)
_15559_/A                               0.750000    2.854090   -2.104090 (VIOLATED)
_10410_/A                               0.750000    2.854058   -2.104058 (VIOLATED)
_10964_/A                               0.750000    2.853976   -2.103976 (VIOLATED)
_16254_/B                               0.750000    2.853895   -2.103895 (VIOLATED)
_16356_/B1                              0.750000    2.853805   -2.103805 (VIOLATED)
_09219_/B                               0.750000    2.853737   -2.103737 (VIOLATED)
_11084_/A                               0.750000    2.853716   -2.103716 (VIOLATED)
_15562_/A                               0.750000    2.853689   -2.103689 (VIOLATED)
_10529_/A                               0.750000    2.853640   -2.103640 (VIOLATED)
_09223_/A2                              0.750000    2.853614   -2.103614 (VIOLATED)
_09220_/C                               0.750000    2.853571   -2.103571 (VIOLATED)
_10642_/A                               0.750000    2.853384   -2.103385 (VIOLATED)
_12772_/A                               0.750000    2.853338   -2.103338 (VIOLATED)
_13485_/A1                              0.750000    2.853336   -2.103336 (VIOLATED)
_12175_/A                               0.750000    2.853330   -2.103330 (VIOLATED)
_12172_/A                               0.750000    2.853313   -2.103314 (VIOLATED)
_12184_/A                               0.750000    2.853311   -2.103311 (VIOLATED)
_12209_/A                               0.750000    2.853303   -2.103303 (VIOLATED)
_12269_/B2                              0.750000    2.853288   -2.103288 (VIOLATED)
_12267_/A                               0.750000    2.853279   -2.103278 (VIOLATED)
_10764_/A                               0.750000    2.853262   -2.103262 (VIOLATED)
_12386_/B2                              0.750000    2.853261   -2.103262 (VIOLATED)
_13591_/A                               0.750000    2.853258   -2.103259 (VIOLATED)
_12384_/A                               0.750000    2.853249   -2.103249 (VIOLATED)
_13592_/A1                              0.750000    2.853249   -2.103249 (VIOLATED)
_12563_/B2                              0.750000    2.853224   -2.103223 (VIOLATED)
_12561_/A                               0.750000    2.853217   -2.103217 (VIOLATED)
_13484_/A                               0.750000    2.853195   -2.103195 (VIOLATED)
_16027_/A                               0.750000    2.853188   -2.103188 (VIOLATED)
_16125_/B2                              0.750000    2.853142   -2.103142 (VIOLATED)
_10878_/A                               0.750000    2.853130   -2.103130 (VIOLATED)
_12659_/A                               0.750000    2.853085   -2.103085 (VIOLATED)
_13307_/B2                              0.750000    2.853053   -2.103052 (VIOLATED)
_13233_/A                               0.750000    2.853045   -2.103045 (VIOLATED)
_13305_/A                               0.750000    2.853023   -2.103023 (VIOLATED)
_13359_/A1                              0.750000    2.853011   -2.103011 (VIOLATED)
_10994_/A                               0.750000    2.852991   -2.102991 (VIOLATED)
_13435_/B2                              0.750000    2.852981   -2.102981 (VIOLATED)
_13358_/A                               0.750000    2.852974   -2.102974 (VIOLATED)
_13433_/A                               0.750000    2.852950   -2.102950 (VIOLATED)
_13536_/B2                              0.750000    2.852906   -2.102906 (VIOLATED)
_13288_/A                               0.750000    2.852904   -2.102904 (VIOLATED)
_11765_/A                               0.750000    2.852888   -2.102889 (VIOLATED)
_13534_/A                               0.750000    2.852886   -2.102886 (VIOLATED)
_11029_/A                               0.750000    2.852779   -2.102779 (VIOLATED)
_13707_/B2                              0.750000    2.852777   -2.102777 (VIOLATED)
_11115_/A                               0.750000    2.852743   -2.102743 (VIOLATED)
_11030_/A                               0.750000    2.852702   -2.102703 (VIOLATED)
_11764_/A                               0.750000    2.852699   -2.102699 (VIOLATED)
_10915_/A                               0.750000    2.852585   -2.102585 (VIOLATED)
_10799_/A                               0.750000    2.852509   -2.102509 (VIOLATED)
_11767_/B2                              0.750000    2.852469   -2.102469 (VIOLATED)
_11644_/A                               0.750000    2.852401   -2.102401 (VIOLATED)
_13777_/A                               0.750000    2.852401   -2.102401 (VIOLATED)
_10685_/A                               0.750000    2.852381   -2.102381 (VIOLATED)
_10562_/A                               0.750000    2.852316   -2.102316 (VIOLATED)
_12713_/A                               0.750000    2.852300   -2.102300 (VIOLATED)
_10445_/A                               0.750000    2.852206   -2.102206 (VIOLATED)
_13629_/A1                              0.750000    2.852169   -2.102169 (VIOLATED)
_11441_/A                               0.750000    2.852146   -2.102146 (VIOLATED)
_10331_/A                               0.750000    2.852058   -2.102059 (VIOLATED)
_13205_/A                               0.750000    2.852043   -2.102043 (VIOLATED)
_12615_/A                               0.750000    2.852030   -2.102030 (VIOLATED)
_13628_/A                               0.750000    2.851983   -2.101983 (VIOLATED)
_11302_/A                               0.750000    2.851971   -2.101971 (VIOLATED)
_10219_/A                               0.750000    2.851931   -2.101931 (VIOLATED)
_13207_/A1                              0.750000    2.851869   -2.101869 (VIOLATED)
_13203_/A                               0.750000    2.851825   -2.101825 (VIOLATED)
_09619_/A                               0.750000    2.851761   -2.101761 (VIOLATED)
_13204_/A                               0.750000    2.851723   -2.101723 (VIOLATED)
_11228_/A                               0.750000    2.851702   -2.101702 (VIOLATED)
_12436_/A                               0.750000    2.851616   -2.101616 (VIOLATED)
_09616_/A                               0.750000    2.851607   -2.101607 (VIOLATED)
_11191_/A                               0.750000    2.851589   -2.101589 (VIOLATED)
_11185_/A                               0.750000    2.851489   -2.101489 (VIOLATED)
_09628_/A                               0.750000    2.851472   -2.101472 (VIOLATED)
_13209_/A                               0.750000    2.851412   -2.101412 (VIOLATED)
_09655_/A                               0.750000    2.851380   -2.101380 (VIOLATED)
_11186_/A                               0.750000    2.851350   -2.101350 (VIOLATED)
_09715_/A                               0.750000    2.851339   -2.101339 (VIOLATED)
_11797_/B2                              0.750000    2.851332   -2.101332 (VIOLATED)
_09831_/B2                              0.750000    2.851328   -2.101328 (VIOLATED)
_12368_/A                               0.750000    2.851326   -2.101326 (VIOLATED)
_09829_/A                               0.750000    2.851323   -2.101323 (VIOLATED)
_10100_/A                               0.750000    2.851306   -2.101306 (VIOLATED)
_10102_/B2                              0.750000    2.851306   -2.101306 (VIOLATED)
_10006_/B2                              0.750000    2.851300   -2.101300 (VIOLATED)
_10004_/A                               0.750000    2.851295   -2.101295 (VIOLATED)
_18502_/Q                               0.750000    2.851295   -2.101295 (VIOLATED)
_12149_/A                               0.750000    2.851286   -2.101286 (VIOLATED)
_12746_/A1                              0.750000    2.851284   -2.101284 (VIOLATED)
_12745_/A                               0.750000    2.851171   -2.101171 (VIOLATED)
_12151_/A1                              0.750000    2.851059   -2.101059 (VIOLATED)
_14884_/A                               0.750000    2.851038   -2.101038 (VIOLATED)
_14910_/A                               0.750000    2.851034   -2.101034 (VIOLATED)
_12147_/A                               0.750000    2.851028   -2.101028 (VIOLATED)
_14987_/B2                              0.750000    2.851018   -2.101018 (VIOLATED)
_14857_/A                               0.750000    2.851000   -2.101000 (VIOLATED)
_14820_/A                               0.750000    2.850975   -2.100975 (VIOLATED)
_14789_/A                               0.750000    2.850948   -2.100948 (VIOLATED)
_12148_/A                               0.750000    2.850939   -2.100939 (VIOLATED)
_12343_/A                               0.750000    2.850939   -2.100939 (VIOLATED)
_14746_/A                               0.750000    2.850929   -2.100929 (VIOLATED)
_14704_/A                               0.750000    2.850882   -2.100882 (VIOLATED)
_14655_/A                               0.750000    2.850857   -2.100857 (VIOLATED)
_14599_/A                               0.750000    2.850812   -2.100811 (VIOLATED)
_14536_/A                               0.750000    2.850778   -2.100778 (VIOLATED)
_14473_/A                               0.750000    2.850740   -2.100740 (VIOLATED)
_14576_/A                               0.750000    2.850715   -2.100715 (VIOLATED)
_14628_/B2                              0.750000    2.850716   -2.100716 (VIOLATED)
_14195_/A                               0.750000    2.850712   -2.100712 (VIOLATED)
_14381_/A                               0.750000    2.850714   -2.100714 (VIOLATED)
_14444_/A                               0.750000    2.850710   -2.100710 (VIOLATED)
_14138_/A                               0.750000    2.850692   -2.100692 (VIOLATED)
_12336_/A                               0.750000    2.850662   -2.100662 (VIOLATED)
_14409_/A                               0.750000    2.850661   -2.100661 (VIOLATED)
_14092_/A                               0.750000    2.850640   -2.100640 (VIOLATED)
_14093_/A                               0.750000    2.850604   -2.100604 (VIOLATED)
_14220_/A                               0.750000    2.850594   -2.100594 (VIOLATED)
_14099_/A                               0.750000    2.850585   -2.100585 (VIOLATED)
_14240_/A                               0.750000    2.850548   -2.100547 (VIOLATED)
_14276_/A                               0.750000    2.850480   -2.100480 (VIOLATED)
_14074_/A                               0.750000    2.850473   -2.100474 (VIOLATED)
_15081_/A                               0.750000    2.850434   -2.100434 (VIOLATED)
_15138_/A                               0.750000    2.850361   -2.100361 (VIOLATED)
_12335_/A                               0.750000    2.850339   -2.100339 (VIOLATED)
_13133_/A                               0.750000    2.850272   -2.100271 (VIOLATED)
_14067_/A                               0.750000    2.850248   -2.100248 (VIOLATED)
_13028_/A                               0.750000    2.850222   -2.100222 (VIOLATED)
_12921_/A                               0.750000    2.850132   -2.100132 (VIOLATED)
_14062_/A                               0.750000    2.850117   -2.100116 (VIOLATED)
_12445_/A                               0.750000    2.850105   -2.100105 (VIOLATED)
_12818_/A                               0.750000    2.850104   -2.100104 (VIOLATED)
_12153_/A                               0.750000    2.850026   -2.100026 (VIOLATED)
_14064_/A                               0.750000    2.850004   -2.100004 (VIOLATED)
_12160_/A                               0.750000    2.849934   -2.099935 (VIOLATED)
_14337_/A1                              0.750000    2.849832   -2.099832 (VIOLATED)
_14063_/A                               0.750000    2.849829   -2.099829 (VIOLATED)
_15041_/A                               0.750000    2.849784   -2.099784 (VIOLATED)
_14336_/A                               0.750000    2.849742   -2.099743 (VIOLATED)
_12506_/A                               0.750000    2.849724   -2.099724 (VIOLATED)
_15042_/A1                              0.750000    2.849712   -2.099712 (VIOLATED)
_15189_/A                               0.750000    2.849660   -2.099660 (VIOLATED)
_15190_/A1                              0.750000    2.849616   -2.099616 (VIOLATED)
_12512_/A                               0.750000    2.849588   -2.099588 (VIOLATED)
_15290_/A                               0.750000    2.849517   -2.099517 (VIOLATED)
_18486_/Q                               0.750000    2.849480   -2.099480 (VIOLATED)
_12846_/A                               0.750000    2.849372   -2.099372 (VIOLATED)
_13162_/A                               0.750000    2.849366   -2.099366 (VIOLATED)
_13056_/A                               0.750000    2.849260   -2.099260 (VIOLATED)
_12951_/A                               0.750000    2.849235   -2.099235 (VIOLATED)
_18477_/Q                               0.750000    2.848915   -2.098915 (VIOLATED)
_11533_/A                               0.750000    2.845830   -2.095831 (VIOLATED)
_10156_/A                               0.750000    2.845827   -2.095827 (VIOLATED)
_10053_/A                               0.750000    2.845790   -2.095790 (VIOLATED)
_09807_/A                               0.750000    2.845778   -2.095778 (VIOLATED)
_09808_/A                               0.750000    2.845775   -2.095775 (VIOLATED)
_09876_/A1                              0.750000    2.845775   -2.095775 (VIOLATED)
_09777_/A                               0.750000    2.845679   -2.095679 (VIOLATED)
_09776_/A                               0.750000    2.845619   -2.095619 (VIOLATED)
_11492_/A                               0.750000    2.845543   -2.095543 (VIOLATED)
_09922_/A                               0.750000    2.845541   -2.095541 (VIOLATED)
_11376_/A                               0.750000    2.845525   -2.095525 (VIOLATED)
_11343_/A                               0.750000    2.845507   -2.095507 (VIOLATED)
_11346_/A                               0.750000    2.845472   -2.095472 (VIOLATED)
_11345_/A                               0.750000    2.845466   -2.095466 (VIOLATED)
_11402_/A1                              0.750000    2.845461   -2.095461 (VIOLATED)
_09962_/A                               0.750000    2.845452   -2.095452 (VIOLATED)
_11604_/A                               0.750000    2.845391   -2.095391 (VIOLATED)
_10280_/A                               0.750000    2.845360   -2.095360 (VIOLATED)
_11722_/A                               0.750000    2.845358   -2.095358 (VIOLATED)
_16187_/A                               0.750000    2.845255   -2.095256 (VIOLATED)
_10391_/A                               0.750000    2.845236   -2.095236 (VIOLATED)
_10511_/A                               0.750000    2.845105   -2.095105 (VIOLATED)
_16088_/A                               0.750000    2.845050   -2.095050 (VIOLATED)
_15728_/A                               0.750000    2.844914   -2.094914 (VIOLATED)
_10622_/A                               0.750000    2.844820   -2.094820 (VIOLATED)
_10745_/A                               0.750000    2.844741   -2.094741 (VIOLATED)
_15674_/A                               0.750000    2.844707   -2.094707 (VIOLATED)
_15703_/A                               0.750000    2.844657   -2.094656 (VIOLATED)
_10859_/A                               0.750000    2.844512   -2.094512 (VIOLATED)
_15637_/B                               0.750000    2.844412   -2.094412 (VIOLATED)
_10973_/A                               0.750000    2.844335   -2.094335 (VIOLATED)
_15638_/B                               0.750000    2.844131   -2.094132 (VIOLATED)
_11093_/A                               0.750000    2.844113   -2.094113 (VIOLATED)
_15783_/B                               0.750000    2.844033   -2.094033 (VIOLATED)
_09225_/B                               0.750000    2.843929   -2.093929 (VIOLATED)
_13586_/A1                              0.750000    2.843923   -2.093922 (VIOLATED)
_13585_/A                               0.750000    2.843823   -2.093823 (VIOLATED)
_09226_/C                               0.750000    2.843777   -2.093777 (VIOLATED)
_09227_/A2                              0.750000    2.843774   -2.093774 (VIOLATED)
_11470_/A                               0.750000    2.843768   -2.093768 (VIOLATED)
_11499_/A                               0.750000    2.843758   -2.093758 (VIOLATED)
_11540_/A                               0.750000    2.843744   -2.093744 (VIOLATED)
_13479_/A                               0.750000    2.843725   -2.093725 (VIOLATED)
_10179_/A                               0.750000    2.843714   -2.093714 (VIOLATED)
_09912_/A                               0.750000    2.843685   -2.093685 (VIOLATED)
_10077_/A                               0.750000    2.843680   -2.093680 (VIOLATED)
_09896_/A                               0.750000    2.843628   -2.093628 (VIOLATED)
_13352_/A                               0.750000    2.843619   -2.093619 (VIOLATED)
_13480_/A1                              0.750000    2.843619   -2.093620 (VIOLATED)
_09895_/A                               0.750000    2.843556   -2.093556 (VIOLATED)
_13353_/A                               0.750000    2.843483   -2.093483 (VIOLATED)
_09899_/A                               0.750000    2.843409   -2.093409 (VIOLATED)
_09929_/A                               0.750000    2.843350   -2.093350 (VIOLATED)
_09969_/A                               0.750000    2.843300   -2.093300 (VIOLATED)
_10286_/A                               0.750000    2.843226   -2.093226 (VIOLATED)
_11382_/A                               0.750000    2.843127   -2.093127 (VIOLATED)
_11357_/A                               0.750000    2.843113   -2.093113 (VIOLATED)
_11352_/A                               0.750000    2.843104   -2.093104 (VIOLATED)
_11354_/B2                              0.750000    2.843092   -2.093092 (VIOLATED)
_11351_/A                               0.750000    2.843089   -2.093088 (VIOLATED)
_13282_/A                               0.750000    2.843014   -2.093014 (VIOLATED)
_10397_/A                               0.750000    2.843011   -2.093011 (VIOLATED)
_11406_/A                               0.750000    2.842962   -2.092962 (VIOLATED)
_11608_/A                               0.750000    2.842871   -2.092871 (VIOLATED)
_10517_/A                               0.750000    2.842809   -2.092809 (VIOLATED)
_11526_/A                               0.750000    2.842773   -2.092773 (VIOLATED)
_12706_/A                               0.750000    2.842771   -2.092771 (VIOLATED)
_11726_/A                               0.750000    2.842765   -2.092766 (VIOLATED)
_10160_/A                               0.750000    2.842757   -2.092757 (VIOLATED)
_10057_/A                               0.750000    2.842726   -2.092726 (VIOLATED)
_10628_/A                               0.750000    2.842692   -2.092692 (VIOLATED)
_09880_/A                               0.750000    2.842660   -2.092660 (VIOLATED)
_16180_/A                               0.750000    2.842629   -2.092629 (VIOLATED)
_09811_/A                               0.750000    2.842592   -2.092592 (VIOLATED)
_09782_/A                               0.750000    2.842497   -2.092497 (VIOLATED)
_10752_/A                               0.750000    2.842448   -2.092448 (VIOLATED)
_16081_/A                               0.750000    2.842419   -2.092419 (VIOLATED)
_09785_/A                               0.750000    2.842404   -2.092404 (VIOLATED)
_11465_/A                               0.750000    2.842366   -2.092366 (VIOLATED)
_11468_/A                               0.750000    2.842353   -2.092353 (VIOLATED)
_09788_/A                               0.750000    2.842326   -2.092326 (VIOLATED)
_11482_/A                               0.750000    2.842328   -2.092328 (VIOLATED)
_11573_/A                               0.750000    2.842324   -2.092324 (VIOLATED)
_10866_/A                               0.750000    2.842312   -2.092312 (VIOLATED)
_15721_/A                               0.750000    2.842290   -2.092289 (VIOLATED)
_11680_/A                               0.750000    2.842250   -2.092250 (VIOLATED)
_09955_/A                               0.750000    2.842233   -2.092233 (VIOLATED)
_16194_/A                               0.750000    2.842207   -2.092207 (VIOLATED)
_16095_/B                               0.750000    2.842170   -2.092170 (VIOLATED)
_10979_/A                               0.750000    2.842162   -2.092162 (VIOLATED)
_12609_/A                               0.750000    2.842132   -2.092132 (VIOLATED)
_15735_/B                               0.750000    2.842132   -2.092132 (VIOLATED)
_10273_/A                               0.750000    2.842105   -2.092105 (VIOLATED)
_15680_/A                               0.750000    2.842050   -2.092050 (VIOLATED)
_15709_/B                               0.750000    2.842033   -2.092033 (VIOLATED)
_10383_/A                               0.750000    2.841948   -2.091948 (VIOLATED)
_11100_/A                               0.750000    2.841898   -2.091898 (VIOLATED)
_15690_/B                               0.750000    2.841864   -2.091865 (VIOLATED)
_13613_/A                               0.750000    2.841818   -2.091818 (VIOLATED)
_09233_/B                               0.750000    2.841813   -2.091813 (VIOLATED)
_10503_/A                               0.750000    2.841785   -2.091785 (VIOLATED)
_12431_/A                               0.750000    2.841686   -2.091686 (VIOLATED)
_15651_/A                               0.750000    2.841683   -2.091683 (VIOLATED)
_13507_/A                               0.750000    2.841640   -2.091640 (VIOLATED)
_10614_/A                               0.750000    2.841620   -2.091620 (VIOLATED)
_15646_/B2                              0.750000    2.841568   -2.091568 (VIOLATED)
_10737_/A                               0.750000    2.841479   -2.091479 (VIOLATED)
_15645_/A                               0.750000    2.841443   -2.091443 (VIOLATED)
_10850_/A                               0.750000    2.841279   -2.091279 (VIOLATED)
_15643_/A                               0.750000    2.841265   -2.091265 (VIOLATED)
_09235_/A2                              0.750000    2.841166   -2.091166 (VIOLATED)
_13405_/A                               0.750000    2.841143   -2.091143 (VIOLATED)
_12361_/A                               0.750000    2.841107   -2.091107 (VIOLATED)
_10965_/A                               0.750000    2.841052   -2.091052 (VIOLATED)
_15788_/A                               0.750000    2.841011   -2.091011 (VIOLATED)
_09234_/C                               0.750000    2.840960   -2.090960 (VIOLATED)
_14896_/B2                              0.750000    2.840951   -2.090951 (VIOLATED)
_14633_/A                               0.750000    2.840947   -2.090947 (VIOLATED)
_13376_/A                               0.750000    2.840930   -2.090930 (VIOLATED)
_14581_/A                               0.750000    2.840916   -2.090916 (VIOLATED)
_14518_/A                               0.750000    2.840885   -2.090885 (VIOLATED)
_14520_/A1                              0.750000    2.840881   -2.090881 (VIOLATED)
_14389_/A                               0.750000    2.840842   -2.090842 (VIOLATED)
_12731_/A                               0.750000    2.840790   -2.090790 (VIOLATED)
_14202_/A                               0.750000    2.840786   -2.090786 (VIOLATED)
_11085_/A                               0.750000    2.840758   -2.090758 (VIOLATED)
_12330_/A                               0.750000    2.840715   -2.090715 (VIOLATED)
_14163_/A                               0.750000    2.840679   -2.090679 (VIOLATED)
_15857_/B                               0.750000    2.840674   -2.090674 (VIOLATED)
_14135_/A                               0.750000    2.840607   -2.090607 (VIOLATED)
_13590_/A                               0.750000    2.840502   -2.090503 (VIOLATED)
_14086_/A                               0.750000    2.840487   -2.090487 (VIOLATED)
_14087_/A                               0.750000    2.840398   -2.090398 (VIOLATED)
_16356_/A2                              0.750000    2.840398   -2.090398 (VIOLATED)
_09249_/B                               0.750000    2.840348   -2.090348 (VIOLATED)
_12329_/A                               0.750000    2.840324   -2.090323 (VIOLATED)
_14235_/A                               0.750000    2.840294   -2.090294 (VIOLATED)
_14271_/A                               0.750000    2.840253   -2.090252 (VIOLATED)
_14849_/A                               0.750000    2.840248   -2.090249 (VIOLATED)
_14947_/B2                              0.750000    2.840249   -2.090249 (VIOLATED)
_14777_/A                               0.750000    2.840240   -2.090240 (VIOLATED)
_14733_/A                               0.750000    2.840222   -2.090222 (VIOLATED)
_13589_/A                               0.750000    2.840206   -2.090206 (VIOLATED)
_14692_/A                               0.750000    2.840206   -2.090206 (VIOLATED)
_14640_/A                               0.750000    2.840187   -2.090187 (VIOLATED)
_14588_/A                               0.750000    2.840158   -2.090158 (VIOLATED)
_15076_/A                               0.750000    2.840156   -2.090156 (VIOLATED)
_09223_/A1                              0.750000    2.840148   -2.090148 (VIOLATED)
_14524_/A                               0.750000    2.840113   -2.090113 (VIOLATED)
_09220_/B                               0.750000    2.840072   -2.090072 (VIOLATED)
_14458_/A                               0.750000    2.839998   -2.089998 (VIOLATED)
_14460_/A1                              0.750000    2.839978   -2.089978 (VIOLATED)
_15133_/A                               0.750000    2.839978   -2.089978 (VIOLATED)
_12452_/A                               0.750000    2.839957   -2.089957 (VIOLATED)
_14208_/A                               0.750000    2.839917   -2.089917 (VIOLATED)
_13141_/A                               0.750000    2.839852   -2.089852 (VIOLATED)
_13485_/B2                              0.750000    2.839852   -2.089852 (VIOLATED)
_14169_/A                               0.750000    2.839819   -2.089819 (VIOLATED)
_13592_/B2                              0.750000    2.839774   -2.089774 (VIOLATED)
_13483_/A                               0.750000    2.839734   -2.089734 (VIOLATED)
_13036_/A                               0.750000    2.839668   -2.089668 (VIOLATED)
_12633_/A                               0.750000    2.839621   -2.089621 (VIOLATED)
_14150_/A                               0.750000    2.839563   -2.089563 (VIOLATED)
_13357_/A                               0.750000    2.839540   -2.089540 (VIOLATED)
_12473_/A                               0.750000    2.839510   -2.089510 (VIOLATED)
_13359_/B2                              0.750000    2.839511   -2.089511 (VIOLATED)
_12931_/A                               0.750000    2.839500   -2.089500 (VIOLATED)
_14151_/A                               0.750000    2.839450   -2.089450 (VIOLATED)
_13287_/A                               0.750000    2.839389   -2.089389 (VIOLATED)
_12828_/A                               0.750000    2.839382   -2.089382 (VIOLATED)
_12712_/A                               0.750000    2.839264   -2.089263 (VIOLATED)
_14158_/A                               0.750000    2.839265   -2.089265 (VIOLATED)
_12535_/A                               0.750000    2.839221   -2.089221 (VIOLATED)
_12496_/A                               0.750000    2.839041   -2.089041 (VIOLATED)
_14185_/A                               0.750000    2.838899   -2.088899 (VIOLATED)
_14320_/A                               0.750000    2.838770   -2.088771 (VIOLATED)
_15101_/A                               0.750000    2.838728   -2.088728 (VIOLATED)
_12614_/A                               0.750000    2.838548   -2.088548 (VIOLATED)
_12469_/A                               0.750000    2.838525   -2.088525 (VIOLATED)
_12435_/A                               0.750000    2.838516   -2.088516 (VIOLATED)
_15175_/A                               0.750000    2.838461   -2.088461 (VIOLATED)
_12460_/A                               0.750000    2.838130   -2.088130 (VIOLATED)
_13148_/A                               0.750000    2.838052   -2.088053 (VIOLATED)
_12367_/A                               0.750000    2.837998   -2.087998 (VIOLATED)
_18483_/Q                               0.750000    2.837964   -2.087964 (VIOLATED)
_13043_/A                               0.750000    2.837863   -2.087863 (VIOLATED)
_12459_/A                               0.750000    2.837593   -2.087593 (VIOLATED)
_12938_/A                               0.750000    2.837480   -2.087480 (VIOLATED)
_12342_/A                               0.750000    2.837419   -2.087419 (VIOLATED)
_12480_/A                               0.750000    2.837317   -2.087317 (VIOLATED)
_12834_/A                               0.750000    2.837277   -2.087277 (VIOLATED)
_12334_/A                               0.750000    2.836616   -2.086616 (VIOLATED)
_12337_/A                               0.750000    2.836222   -2.086222 (VIOLATED)
_12446_/A                               0.750000    2.835795   -2.085796 (VIOLATED)
_18480_/Q                               0.750000    2.835713   -2.085713 (VIOLATED)
_12819_/A                               0.750000    2.835371   -2.085371 (VIOLATED)
_12922_/A                               0.750000    2.834706   -2.084706 (VIOLATED)
_13029_/A                               0.750000    2.834410   -2.084410 (VIOLATED)
_14445_/A                               0.750000    2.834316   -2.084316 (VIOLATED)
_14382_/A                               0.750000    2.834314   -2.084314 (VIOLATED)
_14510_/A                               0.750000    2.834303   -2.084303 (VIOLATED)
_14196_/A                               0.750000    2.834296   -2.084296 (VIOLATED)
_14139_/A                               0.750000    2.834257   -2.084257 (VIOLATED)
_14094_/A                               0.750000    2.834235   -2.084235 (VIOLATED)
_14091_/A                               0.750000    2.834216   -2.084216 (VIOLATED)
_14098_/A                               0.750000    2.834202   -2.084202 (VIOLATED)
_14239_/A                               0.750000    2.834133   -2.084133 (VIOLATED)
_14275_/A                               0.750000    2.834077   -2.084077 (VIOLATED)
_13134_/A                               0.750000    2.834068   -2.084069 (VIOLATED)
_15080_/A                               0.750000    2.834021   -2.084021 (VIOLATED)
_15137_/A                               0.750000    2.833958   -2.083957 (VIOLATED)
_18487_/Q                               0.750000    2.833147   -2.083147 (VIOLATED)
_11369_/A                               0.750000    2.796274   -2.046274 (VIOLATED)
_10148_/A                               0.750000    2.796269   -2.046268 (VIOLATED)
_10044_/A                               0.750000    2.796264   -2.046264 (VIOLATED)
_10045_/A                               0.750000    2.796237   -2.046237 (VIOLATED)
_09869_/A                               0.750000    2.796215   -2.046215 (VIOLATED)
_09800_/A                               0.750000    2.796160   -2.046161 (VIOLATED)
_09757_/A                               0.750000    2.796143   -2.046143 (VIOLATED)
_09750_/A                               0.750000    2.796047   -2.046047 (VIOLATED)
_09749_/A                               0.750000    2.795922   -2.045922 (VIOLATED)
_09767_/A                               0.750000    2.795832   -2.045832 (VIOLATED)
_10254_/A                               0.750000    2.795736   -2.045736 (VIOLATED)
_10485_/A                               0.750000    2.795659   -2.045659 (VIOLATED)
_10366_/A                               0.750000    2.795653   -2.045654 (VIOLATED)
_10597_/A                               0.750000    2.795476   -2.045476 (VIOLATED)
_11335_/A                               0.750000    2.795418   -2.045418 (VIOLATED)
_11318_/A                               0.750000    2.795410   -2.045410 (VIOLATED)
_11321_/A                               0.750000    2.795393   -2.045394 (VIOLATED)
_11327_/A                               0.750000    2.795389   -2.045389 (VIOLATED)
_10720_/A                               0.750000    2.795360   -2.045360 (VIOLATED)
_11395_/A                               0.750000    2.795331   -2.045331 (VIOLATED)
_11596_/A                               0.750000    2.795317   -2.045317 (VIOLATED)
_11714_/A                               0.750000    2.795295   -2.045295 (VIOLATED)
_11595_/A                               0.750000    2.795274   -2.045274 (VIOLATED)
_10834_/A                               0.750000    2.795254   -2.045253 (VIOLATED)
_16161_/A                               0.750000    2.795246   -2.045246 (VIOLATED)
_16063_/A                               0.750000    2.795103   -2.045103 (VIOLATED)
_10949_/A                               0.750000    2.795095   -2.045095 (VIOLATED)
_11064_/A                               0.750000    2.795001   -2.045001 (VIOLATED)
_15665_/A                               0.750000    2.795003   -2.045003 (VIOLATED)
_15627_/A                               0.750000    2.794903   -2.044903 (VIOLATED)
_13576_/A                               0.750000    2.794888   -2.044888 (VIOLATED)
_13471_/A                               0.750000    2.794804   -2.044804 (VIOLATED)
_15613_/A                               0.750000    2.794801   -2.044801 (VIOLATED)
_15614_/A                               0.750000    2.794728   -2.044728 (VIOLATED)
_13472_/A                               0.750000    2.794705   -2.044705 (VIOLATED)
_13346_/A                               0.750000    2.794578   -2.044578 (VIOLATED)
_15621_/A                               0.750000    2.794578   -2.044578 (VIOLATED)
_15774_/A                               0.750000    2.794498   -2.044498 (VIOLATED)
_13275_/A                               0.750000    2.794437   -2.044437 (VIOLATED)
_15846_/A                               0.750000    2.794430   -2.044430 (VIOLATED)
_16246_/A                               0.750000    2.794400   -2.044400 (VIOLATED)
_12700_/A                               0.750000    2.794379   -2.044379 (VIOLATED)
_16340_/A                               0.750000    2.794268   -2.044268 (VIOLATED)
_12601_/A                               0.750000    2.794239   -2.044240 (VIOLATED)
_16346_/B                               0.750000    2.794211   -2.044211 (VIOLATED)
_12425_/A                               0.750000    2.794199   -2.044199 (VIOLATED)
_12354_/A                               0.750000    2.794120   -2.044120 (VIOLATED)
_16413_/B                               0.750000    2.794087   -2.044087 (VIOLATED)
_12320_/A                               0.750000    2.794057   -2.044057 (VIOLATED)
_16462_/B1                              0.750000    2.794034   -2.044034 (VIOLATED)
_09272_/B                               0.750000    2.793960   -2.043960 (VIOLATED)
_09275_/A2                              0.750000    2.793870   -2.043870 (VIOLATED)
_12307_/A                               0.750000    2.793872   -2.043872 (VIOLATED)
_12306_/A                               0.750000    2.793813   -2.043813 (VIOLATED)
_09273_/C                               0.750000    2.793789   -2.043789 (VIOLATED)
_14367_/A                               0.750000    2.793761   -2.043762 (VIOLATED)
_14501_/B2                              0.750000    2.793762   -2.043762 (VIOLATED)
_14105_/A                               0.750000    2.793758   -2.043759 (VIOLATED)
_14106_/A                               0.750000    2.793756   -2.043756 (VIOLATED)
_14112_/A                               0.750000    2.793751   -2.043751 (VIOLATED)
_14121_/A                               0.750000    2.793739   -2.043740 (VIOLATED)
_14251_/A                               0.750000    2.793726   -2.043726 (VIOLATED)
_12310_/A                               0.750000    2.793714   -2.043714 (VIOLATED)
_14286_/A                               0.750000    2.793715   -2.043715 (VIOLATED)
_15068_/A                               0.750000    2.793705   -2.043705 (VIOLATED)
_15125_/A                               0.750000    2.793678   -2.043678 (VIOLATED)
_12798_/A                               0.750000    2.793662   -2.043662 (VIOLATED)
_13117_/A                               0.750000    2.793648   -2.043648 (VIOLATED)
_13012_/A                               0.750000    2.793620   -2.043620 (VIOLATED)
_12905_/A                               0.750000    2.793584   -2.043584 (VIOLATED)
_18489_/Q                               0.750000    2.793204   -2.043204 (VIOLATED)
_09327_/C                               0.750000    2.775589   -2.025589 (VIOLATED)
_09467_/A                               0.750000    2.775590   -2.025590 (VIOLATED)
_09511_/A                               0.750000    2.775588   -2.025588 (VIOLATED)
_09515_/B                               0.750000    2.775587   -2.025587 (VIOLATED)
_09566_/B                               0.750000    2.775585   -2.025585 (VIOLATED)
_09562_/A                               0.750000    2.775581   -2.025581 (VIOLATED)
_09340_/A                               0.750000    2.775575   -2.025575 (VIOLATED)
_17683_/B                               0.750000    2.775572   -2.025572 (VIOLATED)
_17803_/B                               0.750000    2.775574   -2.025574 (VIOLATED)
_17701_/A                               0.750000    2.775571   -2.025571 (VIOLATED)
_17719_/A                               0.750000    2.775564   -2.025565 (VIOLATED)
_17723_/B                               0.750000    2.775562   -2.025563 (VIOLATED)
_17738_/B                               0.750000    2.775553   -2.025553 (VIOLATED)
_17611_/A                               0.750000    2.775542   -2.025542 (VIOLATED)
_17735_/A                               0.750000    2.775543   -2.025543 (VIOLATED)
_17751_/B                               0.750000    2.775541   -2.025541 (VIOLATED)
_17470_/A                               0.750000    2.775530   -2.025530 (VIOLATED)
_17608_/B                               0.750000    2.775524   -2.025524 (VIOLATED)
_17457_/B                               0.750000    2.775514   -2.025514 (VIOLATED)
_17577_/A                               0.750000    2.775516   -2.025516 (VIOLATED)
_17588_/A                               0.750000    2.775495   -2.025495 (VIOLATED)
_17591_/B                               0.750000    2.775490   -2.025490 (VIOLATED)
_17599_/B                               0.750000    2.775475   -2.025476 (VIOLATED)
_17227_/A                               0.750000    2.775466   -2.025466 (VIOLATED)
_17196_/B                               0.750000    2.775455   -2.025455 (VIOLATED)
_17377_/A                               0.750000    2.775454   -2.025454 (VIOLATED)
_17395_/A                               0.750000    2.775447   -2.025447 (VIOLATED)
_17398_/B                               0.750000    2.775447   -2.025447 (VIOLATED)
_17410_/A                               0.750000    2.775436   -2.025436 (VIOLATED)
_17413_/B                               0.750000    2.775437   -2.025437 (VIOLATED)
_09325_/Y                               0.750000    2.775431   -2.025431 (VIOLATED)
_17804_/B2                              0.750000    2.775431   -2.025431 (VIOLATED)
_10133_/A                               0.750000    2.773285   -2.023285 (VIOLATED)
_10030_/A                               0.750000    2.773277   -2.023277 (VIOLATED)
_09856_/A                               0.750000    2.773261   -2.023261 (VIOLATED)
_09740_/A                               0.750000    2.773226   -2.023226 (VIOLATED)
_09699_/A                               0.750000    2.773173   -2.023173 (VIOLATED)
_09683_/A                               0.750000    2.773138   -2.023138 (VIOLATED)
_09763_/A                               0.750000    2.773084   -2.023084 (VIOLATED)
_10251_/A                               0.750000    2.773012   -2.023012 (VIOLATED)
_11527_/A                               0.750000    2.772928   -2.022928 (VIOLATED)
_11846_/A                               0.750000    2.772922   -2.022922 (VIOLATED)
_10363_/A                               0.750000    2.772915   -2.022915 (VIOLATED)
_10159_/A                               0.750000    2.772902   -2.022902 (VIOLATED)
_11383_/A                               0.750000    2.772856   -2.022856 (VIOLATED)
_10056_/A                               0.750000    2.772850   -2.022850 (VIOLATED)
_11358_/A                               0.750000    2.772850   -2.022850 (VIOLATED)
_11349_/A                               0.750000    2.772826   -2.022826 (VIOLATED)
_10481_/A                               0.750000    2.772822   -2.022821 (VIOLATED)
_11405_/A                               0.750000    2.772806   -2.022806 (VIOLATED)
_09879_/A                               0.750000    2.772794   -2.022794 (VIOLATED)
_10480_/A                               0.750000    2.772778   -2.022779 (VIOLATED)
_09810_/A                               0.750000    2.772762   -2.022762 (VIOLATED)
_11607_/A                               0.750000    2.772746   -2.022747 (VIOLATED)
_10594_/A                               0.750000    2.772711   -2.022711 (VIOLATED)
_11725_/A                               0.750000    2.772683   -2.022683 (VIOLATED)
_09781_/A                               0.750000    2.772667   -2.022667 (VIOLATED)
_16881_/A                               0.750000    2.772628   -2.022628 (VIOLATED)
_10717_/A                               0.750000    2.772610   -2.022610 (VIOLATED)
_11827_/A                               0.750000    2.772603   -2.022604 (VIOLATED)
_11366_/A                               0.750000    2.772594   -2.022595 (VIOLATED)
_11268_/A                               0.750000    2.772583   -2.022583 (VIOLATED)
_09789_/A                               0.750000    2.772575   -2.022575 (VIOLATED)
_11253_/A                               0.750000    2.772564   -2.022564 (VIOLATED)
_10831_/A                               0.750000    2.772529   -2.022529 (VIOLATED)
_11284_/A                               0.750000    2.772525   -2.022525 (VIOLATED)
_09956_/A                               0.750000    2.772511   -2.022511 (VIOLATED)
_16181_/A                               0.750000    2.772505   -2.022505 (VIOLATED)
_11424_/A                               0.750000    2.772494   -2.022494 (VIOLATED)
_11627_/A                               0.750000    2.772467   -2.022467 (VIOLATED)
_11746_/A                               0.750000    2.772401   -2.022401 (VIOLATED)
_10946_/A                               0.750000    2.772389   -2.022388 (VIOLATED)
_10274_/A                               0.750000    2.772377   -2.022377 (VIOLATED)
_16082_/A                               0.750000    2.772349   -2.022349 (VIOLATED)
_11061_/A                               0.750000    2.772293   -2.022293 (VIOLATED)
_16866_/A                               0.750000    2.772278   -2.022278 (VIOLATED)
_10384_/A                               0.750000    2.772256   -2.022256 (VIOLATED)
_15722_/A                               0.750000    2.772253   -2.022253 (VIOLATED)
_13733_/A                               0.750000    2.772200   -2.022200 (VIOLATED)
_16158_/A                               0.750000    2.772194   -2.022194 (VIOLATED)
_10504_/A                               0.750000    2.772156   -2.022157 (VIOLATED)
_15681_/A                               0.750000    2.772083   -2.022083 (VIOLATED)
_16060_/A                               0.750000    2.772079   -2.022079 (VIOLATED)
_13561_/A                               0.750000    2.772048   -2.022048 (VIOLATED)
_10615_/A                               0.750000    2.772020   -2.022019 (VIOLATED)
_15662_/A                               0.750000    2.771983   -2.021983 (VIOLATED)
_13458_/A                               0.750000    2.771924   -2.021924 (VIOLATED)
_10738_/A                               0.750000    2.771920   -2.021920 (VIOLATED)
_15606_/A                               0.750000    2.771882   -2.021882 (VIOLATED)
_15593_/A                               0.750000    2.771840   -2.021840 (VIOLATED)
_15652_/A                               0.750000    2.771785   -2.021785 (VIOLATED)
_13331_/A                               0.750000    2.771770   -2.021770 (VIOLATED)
_10851_/A                               0.750000    2.771764   -2.021764 (VIOLATED)
_15762_/A                               0.750000    2.771726   -2.021725 (VIOLATED)
_15642_/A                               0.750000    2.771700   -2.021700 (VIOLATED)
_15833_/A                               0.750000    2.771684   -2.021684 (VIOLATED)
_13260_/A                               0.750000    2.771644   -2.021644 (VIOLATED)
_15893_/A                               0.750000    2.771570   -2.021570 (VIOLATED)
_10966_/A                               0.750000    2.771558   -2.021558 (VIOLATED)
_12685_/A                               0.750000    2.771554   -2.021554 (VIOLATED)
_15787_/B                               0.750000    2.771550   -2.021550 (VIOLATED)
_16272_/A                               0.750000    2.771537   -2.021537 (VIOLATED)
_12587_/A                               0.750000    2.771446   -2.021446 (VIOLATED)
_16331_/A                               0.750000    2.771428   -2.021428 (VIOLATED)
_12410_/A                               0.750000    2.771400   -2.021400 (VIOLATED)
_16402_/A                               0.750000    2.771399   -2.021399 (VIOLATED)
_15856_/B                               0.750000    2.771345   -2.021345 (VIOLATED)
_11086_/A                               0.750000    2.771330   -2.021330 (VIOLATED)
_12292_/A                               0.750000    2.771307   -2.021307 (VIOLATED)
_16451_/A                               0.750000    2.771271   -2.021271 (VIOLATED)
_12251_/A                               0.750000    2.771215   -2.021215 (VIOLATED)
_16491_/A                               0.750000    2.771183   -2.021183 (VIOLATED)
_12235_/A                               0.750000    2.771142   -2.021142 (VIOLATED)
_16253_/B                               0.750000    2.771135   -2.021135 (VIOLATED)
_16689_/A                               0.750000    2.771121   -2.021121 (VIOLATED)
_12302_/A                               0.750000    2.771078   -2.021079 (VIOLATED)
_14375_/A1                              0.750000    2.771061   -2.021061 (VIOLATED)
_14438_/A                               0.750000    2.771060   -2.021059 (VIOLATED)
_14117_/A                               0.750000    2.771050   -2.021050 (VIOLATED)
_16722_/A                               0.750000    2.771046   -2.021046 (VIOLATED)
_14246_/A                               0.750000    2.771038   -2.021038 (VIOLATED)
_14261_/A                               0.750000    2.771033   -2.021033 (VIOLATED)
_14295_/A                               0.750000    2.771023   -2.021023 (VIOLATED)
_15055_/A                               0.750000    2.771015   -2.021015 (VIOLATED)
_13757_/A                               0.750000    2.771009   -2.021009 (VIOLATED)
_12795_/A                               0.750000    2.770996   -2.020995 (VIOLATED)
_15147_/A                               0.750000    2.770992   -2.020991 (VIOLATED)
_12902_/A                               0.750000    2.770948   -2.020948 (VIOLATED)
_09268_/B                               0.750000    2.770943   -2.020943 (VIOLATED)
_09271_/A2                              0.750000    2.770902   -2.020902 (VIOLATED)
_13008_/A                               0.750000    2.770833   -2.020833 (VIOLATED)
_09222_/B                               0.750000    2.770807   -2.020807 (VIOLATED)
_13113_/A                               0.750000    2.770786   -2.020786 (VIOLATED)
_15248_/A                               0.750000    2.770787   -2.020787 (VIOLATED)
_09221_/A                               0.750000    2.770702   -2.020702 (VIOLATED)
_13588_/A                               0.750000    2.770588   -2.020588 (VIOLATED)
_18491_/Q                               0.750000    2.770495   -2.020495 (VIOLATED)
_13482_/A                               0.750000    2.770372   -2.020372 (VIOLATED)
_13356_/A                               0.750000    2.770229   -2.020229 (VIOLATED)
_13286_/A                               0.750000    2.770092   -2.020092 (VIOLATED)
_12711_/A                               0.750000    2.769605   -2.019605 (VIOLATED)
_12613_/A                               0.750000    2.769483   -2.019483 (VIOLATED)
_12434_/A                               0.750000    2.769157   -2.019157 (VIOLATED)
_12366_/A                               0.750000    2.768651   -2.018651 (VIOLATED)
_14683_/A                               0.750000    2.768226   -2.018226 (VIOLATED)
_14835_/A1                              0.750000    2.768226   -2.018227 (VIOLATED)
_14628_/A1                              0.750000    2.768218   -2.018218 (VIOLATED)
_14576_/B                               0.750000    2.768215   -2.018214 (VIOLATED)
_14511_/A                               0.750000    2.768199   -2.018198 (VIOLATED)
_14446_/A                               0.750000    2.768188   -2.018188 (VIOLATED)
_14383_/A                               0.750000    2.768183   -2.018183 (VIOLATED)
_14197_/A                               0.750000    2.768154   -2.018154 (VIOLATED)
_12341_/A                               0.750000    2.768149   -2.018149 (VIOLATED)
_14140_/A                               0.750000    2.768048   -2.018048 (VIOLATED)
_14095_/A                               0.750000    2.768024   -2.018024 (VIOLATED)
_14097_/A                               0.750000    2.767939   -2.017939 (VIOLATED)
_14238_/A                               0.750000    2.767862   -2.017862 (VIOLATED)
_12338_/A                               0.750000    2.767770   -2.017770 (VIOLATED)
_14274_/A                               0.750000    2.767766   -2.017766 (VIOLATED)
_15079_/A                               0.750000    2.767680   -2.017680 (VIOLATED)
_15136_/A                               0.750000    2.767568   -2.017567 (VIOLATED)
_12447_/A                               0.750000    2.767499   -2.017499 (VIOLATED)
_15266_/A                               0.750000    2.767447   -2.017447 (VIOLATED)
_13135_/A                               0.750000    2.767406   -2.017406 (VIOLATED)
_13030_/A                               0.750000    2.767246   -2.017246 (VIOLATED)
_12923_/A                               0.750000    2.767151   -2.017151 (VIOLATED)
_12820_/A                               0.750000    2.767142   -2.017142 (VIOLATED)
_18485_/Q                               0.750000    2.765936   -2.015936 (VIOLATED)
_09868_/A                               0.750000    2.744395   -1.994395 (VIOLATED)
_10043_/A                               0.750000    2.744392   -1.994392 (VIOLATED)
_10146_/A                               0.750000    2.744381   -1.994382 (VIOLATED)
_10147_/A                               0.750000    2.744359   -1.994359 (VIOLATED)
_11370_/A                               0.750000    2.744311   -1.994311 (VIOLATED)
_11336_/A                               0.750000    2.744258   -1.994258 (VIOLATED)
_11320_/A                               0.750000    2.744209   -1.994208 (VIOLATED)
_11319_/A                               0.750000    2.744182   -1.994182 (VIOLATED)
_11326_/A                               0.750000    2.744149   -1.994149 (VIOLATED)
_11394_/A                               0.750000    2.744042   -1.994042 (VIOLATED)
_11594_/A                               0.750000    2.744009   -1.994009 (VIOLATED)
_09799_/A                               0.750000    2.743946   -1.993945 (VIOLATED)
_09756_/A                               0.750000    2.743943   -1.993943 (VIOLATED)
_11712_/A                               0.750000    2.743939   -1.993939 (VIOLATED)
_09748_/A                               0.750000    2.743936   -1.993936 (VIOLATED)
_09751_/A                               0.750000    2.743897   -1.993898 (VIOLATED)
_11713_/A                               0.750000    2.743892   -1.993892 (VIOLATED)
_09768_/A                               0.750000    2.743843   -1.993843 (VIOLATED)
_10255_/A                               0.750000    2.743787   -1.993787 (VIOLATED)
_10367_/A                               0.750000    2.743723   -1.993723 (VIOLATED)
_10486_/A                               0.750000    2.743698   -1.993698 (VIOLATED)
_16162_/A                               0.750000    2.743699   -1.993699 (VIOLATED)
_10598_/A                               0.750000    2.743676   -1.993676 (VIOLATED)
_10721_/A                               0.750000    2.743585   -1.993585 (VIOLATED)
_16064_/A                               0.750000    2.743552   -1.993552 (VIOLATED)
_10835_/A                               0.750000    2.743509   -1.993509 (VIOLATED)
_10950_/A                               0.750000    2.743438   -1.993438 (VIOLATED)
_15666_/A                               0.750000    2.743419   -1.993419 (VIOLATED)
_11065_/A                               0.750000    2.743342   -1.993342 (VIOLATED)
_15628_/A                               0.750000    2.743283   -1.993283 (VIOLATED)
_13575_/A                               0.750000    2.743249   -1.993250 (VIOLATED)
_15615_/A                               0.750000    2.743189   -1.993189 (VIOLATED)
_13574_/A                               0.750000    2.743179   -1.993179 (VIOLATED)
_13470_/A                               0.750000    2.743123   -1.993123 (VIOLATED)
_15612_/A                               0.750000    2.743054   -1.993054 (VIOLATED)
_13345_/A                               0.750000    2.743036   -1.993036 (VIOLATED)
_15620_/A                               0.750000    2.742918   -1.992918 (VIOLATED)
_15773_/A                               0.750000    2.742896   -1.992896 (VIOLATED)
_13274_/A                               0.750000    2.742851   -1.992852 (VIOLATED)
_15845_/A                               0.750000    2.742825   -1.992825 (VIOLATED)
_12699_/A                               0.750000    2.742800   -1.992800 (VIOLATED)
_16245_/A                               0.750000    2.742737   -1.992737 (VIOLATED)
_12600_/A                               0.750000    2.742713   -1.992713 (VIOLATED)
_12424_/A                               0.750000    2.742635   -1.992635 (VIOLATED)
_16339_/A                               0.750000    2.742602   -1.992602 (VIOLATED)
_12353_/A                               0.750000    2.742567   -1.992568 (VIOLATED)
_12319_/A                               0.750000    2.742548   -1.992548 (VIOLATED)
_16345_/B                               0.750000    2.742532   -1.992532 (VIOLATED)
_12305_/A                               0.750000    2.742454   -1.992454 (VIOLATED)
_12308_/A                               0.750000    2.742381   -1.992381 (VIOLATED)
_16462_/A2                              0.750000    2.742380   -1.992380 (VIOLATED)
_12311_/A                               0.750000    2.742318   -1.992318 (VIOLATED)
_16461_/B                               0.750000    2.742304   -1.992304 (VIOLATED)
_12799_/A                               0.750000    2.742240   -1.992240 (VIOLATED)
_09275_/A1                              0.750000    2.742214   -1.992214 (VIOLATED)
_14104_/A                               0.750000    2.742200   -1.992200 (VIOLATED)
_14107_/A                               0.750000    2.742201   -1.992201 (VIOLATED)
_14128_/A                               0.750000    2.742202   -1.992202 (VIOLATED)
_14111_/A                               0.750000    2.742195   -1.992195 (VIOLATED)
_14120_/A                               0.750000    2.742190   -1.992190 (VIOLATED)
_12906_/A                               0.750000    2.742179   -1.992178 (VIOLATED)
_14285_/A                               0.750000    2.742172   -1.992172 (VIOLATED)
_14250_/A                               0.750000    2.742164   -1.992164 (VIOLATED)
_15067_/A                               0.750000    2.742148   -1.992148 (VIOLATED)
_09273_/B                               0.750000    2.742130   -1.992130 (VIOLATED)
_15124_/A                               0.750000    2.742132   -1.992132 (VIOLATED)
_13118_/A                               0.750000    2.742110   -1.992110 (VIOLATED)
_13013_/A                               0.750000    2.742087   -1.992087 (VIOLATED)
_18490_/Q                               0.750000    2.741740   -1.991740 (VIOLATED)
_11571_/A                               0.750000    2.738811   -1.988811 (VIOLATED)
_11480_/A                               0.750000    2.738809   -1.988809 (VIOLATED)
_11464_/A                               0.750000    2.738793   -1.988793 (VIOLATED)
_11472_/A                               0.750000    2.738756   -1.988756 (VIOLATED)
_11501_/A                               0.750000    2.738692   -1.988692 (VIOLATED)
_11542_/A                               0.750000    2.738684   -1.988684 (VIOLATED)
_11857_/A                               0.750000    2.738651   -1.988651 (VIOLATED)
_10177_/A                               0.750000    2.738614   -1.988614 (VIOLATED)
_10075_/A                               0.750000    2.738584   -1.988584 (VIOLATED)
_09910_/A                               0.750000    2.738527   -1.988527 (VIOLATED)
_09893_/A                               0.750000    2.738449   -1.988449 (VIOLATED)
_09901_/A                               0.750000    2.738360   -1.988361 (VIOLATED)
_09931_/A                               0.750000    2.738233   -1.988233 (VIOLATED)
_09971_/A                               0.750000    2.738132   -1.988132 (VIOLATED)
_10288_/A                               0.750000    2.738073   -1.988073 (VIOLATED)
_10399_/A                               0.750000    2.738017   -1.988016 (VIOLATED)
_10519_/A                               0.750000    2.737792   -1.987793 (VIOLATED)
_10630_/A                               0.750000    2.737576   -1.987576 (VIOLATED)
_10754_/A                               0.750000    2.737413   -1.987413 (VIOLATED)
_10868_/A                               0.750000    2.737264   -1.987264 (VIOLATED)
_10981_/A                               0.750000    2.737164   -1.987164 (VIOLATED)
_11102_/A                               0.750000    2.737041   -1.987042 (VIOLATED)
_13767_/A                               0.750000    2.736827   -1.986827 (VIOLATED)
_13611_/A                               0.750000    2.736583   -1.986583 (VIOLATED)
_13505_/A                               0.750000    2.736478   -1.986478 (VIOLATED)
_11678_/A                               0.750000    2.736467   -1.986467 (VIOLATED)
_16891_/B                               0.750000    2.736466   -1.986466 (VIOLATED)
_16196_/B                               0.750000    2.736461   -1.986461 (VIOLATED)
_16097_/B                               0.750000    2.736452   -1.986452 (VIOLATED)
_15737_/B                               0.750000    2.736425   -1.986425 (VIOLATED)
_09236_/B                               0.750000    2.736362   -1.986362 (VIOLATED)
_13403_/A                               0.750000    2.736068   -1.986069 (VIOLATED)
_13374_/A                               0.750000    2.735813   -1.985813 (VIOLATED)
_12729_/A                               0.750000    2.735635   -1.985635 (VIOLATED)
_12631_/A                               0.750000    2.735092   -1.985092 (VIOLATED)
_14848_/A                               0.750000    2.735031   -1.985031 (VIOLATED)
_14968_/A                               0.750000    2.735028   -1.985028 (VIOLATED)
_14970_/A                               0.750000    2.735028   -1.985028 (VIOLATED)
_14947_/A1                              0.750000    2.735014   -1.985014 (VIOLATED)
_14849_/B                               0.750000    2.735009   -1.985010 (VIOLATED)
_14809_/A                               0.750000    2.734992   -1.984992 (VIOLATED)
_14779_/A                               0.750000    2.734979   -1.984979 (VIOLATED)
_14735_/A                               0.750000    2.734965   -1.984965 (VIOLATED)
_14694_/A                               0.750000    2.734948   -1.984948 (VIOLATED)
_12533_/A                               0.750000    2.734931   -1.984931 (VIOLATED)
_14642_/A                               0.750000    2.734910   -1.984910 (VIOLATED)
_14590_/A                               0.750000    2.734880   -1.984880 (VIOLATED)
_14526_/A                               0.750000    2.734820   -1.984820 (VIOLATED)
_14459_/A                               0.750000    2.734789   -1.984789 (VIOLATED)
_14397_/A                               0.750000    2.734759   -1.984760 (VIOLATED)
_14210_/A                               0.750000    2.734689   -1.984689 (VIOLATED)
_12494_/A                               0.750000    2.734665   -1.984665 (VIOLATED)
_14171_/A                               0.750000    2.734536   -1.984537 (VIOLATED)
_12467_/A                               0.750000    2.734528   -1.984528 (VIOLATED)
_14153_/A                               0.750000    2.734480   -1.984480 (VIOLATED)
_14156_/A                               0.750000    2.734351   -1.984351 (VIOLATED)
_12462_/A                               0.750000    2.734260   -1.984259 (VIOLATED)
_14183_/A                               0.750000    2.734202   -1.984202 (VIOLATED)
_14318_/A                               0.750000    2.734125   -1.984125 (VIOLATED)
_15099_/A                               0.750000    2.734073   -1.984073 (VIOLATED)
_12482_/A                               0.750000    2.734044   -1.984044 (VIOLATED)
_15173_/A                               0.750000    2.733996   -1.983996 (VIOLATED)
_12836_/A                               0.750000    2.733895   -1.983895 (VIOLATED)
_15277_/A                               0.750000    2.733874   -1.983874 (VIOLATED)
_13045_/A                               0.750000    2.733868   -1.983868 (VIOLATED)
_12940_/A                               0.750000    2.733865   -1.983865 (VIOLATED)
_13150_/A                               0.750000    2.733807   -1.983807 (VIOLATED)
_18479_/Q                               0.750000    2.733654   -1.983654 (VIOLATED)
_09857_/A                               0.750000    2.732449   -1.982448 (VIOLATED)
_10032_/A1                              0.750000    2.732445   -1.982445 (VIOLATED)
_10135_/A                               0.750000    2.732442   -1.982442 (VIOLATED)
_11364_/A                               0.750000    2.732406   -1.982406 (VIOLATED)
_11254_/A                               0.750000    2.732343   -1.982343 (VIOLATED)
_11269_/A                               0.750000    2.732336   -1.982336 (VIOLATED)
_11271_/A1                              0.750000    2.732321   -1.982321 (VIOLATED)
_11257_/A                               0.750000    2.732293   -1.982293 (VIOLATED)
_11286_/A                               0.750000    2.732188   -1.982187 (VIOLATED)
_11425_/A                               0.750000    2.732122   -1.982122 (VIOLATED)
_11629_/A1                              0.750000    2.732034   -1.982034 (VIOLATED)
_11748_/A                               0.750000    2.732000   -1.982000 (VIOLATED)
_16156_/A                               0.750000    2.731775   -1.981775 (VIOLATED)
_16058_/A                               0.750000    2.731607   -1.981607 (VIOLATED)
_15660_/A                               0.750000    2.731456   -1.981456 (VIOLATED)
_15607_/A                               0.750000    2.731319   -1.981319 (VIOLATED)
_15595_/A                               0.750000    2.731169   -1.981169 (VIOLATED)
_15596_/A                               0.750000    2.731052   -1.981052 (VIOLATED)
_09742_/A                               0.750000    2.730939   -1.980940 (VIOLATED)
_09701_/A                               0.750000    2.730934   -1.980934 (VIOLATED)
_15764_/A                               0.750000    2.730932   -1.980932 (VIOLATED)
_09686_/A1                              0.750000    2.730927   -1.980927 (VIOLATED)
_09685_/A                               0.750000    2.730913   -1.980913 (VIOLATED)
_15835_/A                               0.750000    2.730885   -1.980885 (VIOLATED)
_09761_/A                               0.750000    2.730860   -1.980860 (VIOLATED)
_10249_/A                               0.750000    2.730820   -1.980820 (VIOLATED)
_10361_/A                               0.750000    2.730770   -1.980770 (VIOLATED)
_15895_/A                               0.750000    2.730759   -1.980759 (VIOLATED)
_10478_/A                               0.750000    2.730711   -1.980710 (VIOLATED)
_10592_/A                               0.750000    2.730662   -1.980662 (VIOLATED)
_16274_/A                               0.750000    2.730649   -1.980649 (VIOLATED)
_10715_/A                               0.750000    2.730613   -1.980613 (VIOLATED)
_16333_/A                               0.750000    2.730529   -1.980529 (VIOLATED)
_10829_/A                               0.750000    2.730524   -1.980524 (VIOLATED)
_16404_/A                               0.750000    2.730481   -1.980481 (VIOLATED)
_10944_/A                               0.750000    2.730476   -1.980476 (VIOLATED)
_11059_/A                               0.750000    2.730401   -1.980401 (VIOLATED)
_13563_/A                               0.750000    2.730339   -1.980339 (VIOLATED)
_16453_/A                               0.750000    2.730308   -1.980308 (VIOLATED)
_13460_/A                               0.750000    2.730234   -1.980234 (VIOLATED)
_16493_/A                               0.750000    2.730166   -1.980166 (VIOLATED)
_13333_/A                               0.750000    2.730124   -1.980124 (VIOLATED)
_16691_/A                               0.750000    2.730101   -1.980101 (VIOLATED)
_13262_/A                               0.750000    2.730080   -1.980080 (VIOLATED)
_16724_/A                               0.750000    2.730048   -1.980048 (VIOLATED)
_12687_/A                               0.750000    2.730004   -1.980004 (VIOLATED)
_09278_/A                               0.750000    2.729976   -1.979976 (VIOLATED)
_12589_/A                               0.750000    2.729941   -1.979941 (VIOLATED)
_09266_/B                               0.750000    2.729925   -1.979925 (VIOLATED)
_12412_/A                               0.750000    2.729889   -1.979889 (VIOLATED)
_09267_/C                               0.750000    2.729868   -1.979868 (VIOLATED)
_09269_/A2                              0.750000    2.729867   -1.979867 (VIOLATED)
_12294_/A                               0.750000    2.729851   -1.979851 (VIOLATED)
_12253_/A                               0.750000    2.729793   -1.979793 (VIOLATED)
_12238_/A                               0.750000    2.729750   -1.979751 (VIOLATED)
_12237_/A                               0.750000    2.729693   -1.979693 (VIOLATED)
_12300_/A                               0.750000    2.729629   -1.979629 (VIOLATED)
_12793_/A                               0.750000    2.729585   -1.979585 (VIOLATED)
_14375_/B2                              0.750000    2.729572   -1.979572 (VIOLATED)
_14116_/A                               0.750000    2.729568   -1.979568 (VIOLATED)
_14263_/A                               0.750000    2.729566   -1.979566 (VIOLATED)
_15057_/A                               0.750000    2.729567   -1.979567 (VIOLATED)
_14297_/A                               0.750000    2.729556   -1.979556 (VIOLATED)
_15149_/A                               0.750000    2.729549   -1.979550 (VIOLATED)
_12900_/A                               0.750000    2.729524   -1.979525 (VIOLATED)
_13111_/A                               0.750000    2.729521   -1.979521 (VIOLATED)
_13006_/A                               0.750000    2.729507   -1.979507 (VIOLATED)
_10042_/A                               0.750000    2.729504   -1.979504 (VIOLATED)
_09867_/A                               0.750000    2.729498   -1.979498 (VIOLATED)
_09798_/A                               0.750000    2.729475   -1.979475 (VIOLATED)
_09755_/A                               0.750000    2.729465   -1.979465 (VIOLATED)
_09752_/A                               0.750000    2.729411   -1.979411 (VIOLATED)
_18492_/Q                               0.750000    2.729324   -1.979324 (VIOLATED)
_09769_/A                               0.750000    2.729311   -1.979311 (VIOLATED)
_10256_/A                               0.750000    2.729244   -1.979244 (VIOLATED)
_10368_/A                               0.750000    2.729166   -1.979166 (VIOLATED)
_10487_/A                               0.750000    2.729113   -1.979113 (VIOLATED)
_10599_/A                               0.750000    2.729034   -1.979034 (VIOLATED)
_10722_/A                               0.750000    2.728907   -1.978907 (VIOLATED)
_10836_/A                               0.750000    2.728762   -1.978762 (VIOLATED)
_10951_/A                               0.750000    2.728664   -1.978664 (VIOLATED)
_11066_/A                               0.750000    2.728510   -1.978510 (VIOLATED)
_13737_/A                               0.750000    2.728377   -1.978377 (VIOLATED)
_13573_/A                               0.750000    2.728234   -1.978235 (VIOLATED)
_13469_/A                               0.750000    2.728055   -1.978055 (VIOLATED)
_10145_/A                               0.750000    2.727971   -1.977971 (VIOLATED)
_11830_/A                               0.750000    2.727967   -1.977967 (VIOLATED)
_11371_/A                               0.750000    2.727949   -1.977949 (VIOLATED)
_11337_/A                               0.750000    2.727920   -1.977920 (VIOLATED)
_11322_/A                               0.750000    2.727889   -1.977889 (VIOLATED)
_11325_/A                               0.750000    2.727847   -1.977847 (VIOLATED)
_11393_/A                               0.750000    2.727806   -1.977806 (VIOLATED)
_13344_/A                               0.750000    2.727800   -1.977800 (VIOLATED)
_11593_/A                               0.750000    2.727735   -1.977734 (VIOLATED)
_11711_/A                               0.750000    2.727699   -1.977699 (VIOLATED)
_13273_/A                               0.750000    2.727690   -1.977690 (VIOLATED)
_16869_/A                               0.750000    2.727641   -1.977641 (VIOLATED)
_12698_/A                               0.750000    2.727575   -1.977575 (VIOLATED)
_12599_/A                               0.750000    2.727523   -1.977523 (VIOLATED)
_16163_/A                               0.750000    2.727503   -1.977504 (VIOLATED)
_12423_/A                               0.750000    2.727389   -1.977389 (VIOLATED)
_16065_/A                               0.750000    2.727371   -1.977371 (VIOLATED)
_12352_/A                               0.750000    2.727299   -1.977299 (VIOLATED)
_15667_/A                               0.750000    2.727272   -1.977272 (VIOLATED)
_12318_/A                               0.750000    2.727173   -1.977173 (VIOLATED)
_15629_/A                               0.750000    2.727108   -1.977108 (VIOLATED)
_12304_/A                               0.750000    2.727024   -1.977024 (VIOLATED)
_15616_/A                               0.750000    2.727020   -1.977020 (VIOLATED)
_14366_/A                               0.750000    2.726941   -1.976940 (VIOLATED)
_14568_/A                               0.750000    2.726939   -1.976939 (VIOLATED)
_12312_/A                               0.750000    2.726933   -1.976933 (VIOLATED)
_15619_/A                               0.750000    2.726928   -1.976928 (VIOLATED)
_14501_/A1                              0.750000    2.726926   -1.976926 (VIOLATED)
_14367_/B                               0.750000    2.726923   -1.976924 (VIOLATED)
_14129_/A                               0.750000    2.726915   -1.976915 (VIOLATED)
_14108_/A                               0.750000    2.726904   -1.976905 (VIOLATED)
_14110_/A                               0.750000    2.726896   -1.976896 (VIOLATED)
_14119_/A                               0.750000    2.726861   -1.976861 (VIOLATED)
_14249_/A                               0.750000    2.726826   -1.976826 (VIOLATED)
_15772_/A                               0.750000    2.726827   -1.976827 (VIOLATED)
_14284_/A                               0.750000    2.726806   -1.976806 (VIOLATED)
_15066_/A                               0.750000    2.726776   -1.976776 (VIOLATED)
_12800_/A                               0.750000    2.726772   -1.976772 (VIOLATED)
_15844_/A                               0.750000    2.726765   -1.976765 (VIOLATED)
_15123_/A                               0.750000    2.726717   -1.976717 (VIOLATED)
_15252_/A                               0.750000    2.726695   -1.976694 (VIOLATED)
_12907_/A                               0.750000    2.726688   -1.976688 (VIOLATED)
_16244_/A                               0.750000    2.726675   -1.976675 (VIOLATED)
_13119_/A                               0.750000    2.726627   -1.976627 (VIOLATED)
_16341_/B                               0.750000    2.726590   -1.976590 (VIOLATED)
_13014_/A                               0.750000    2.726513   -1.976513 (VIOLATED)
_16344_/B                               0.750000    2.726458   -1.976458 (VIOLATED)
_16412_/B                               0.750000    2.726418   -1.976418 (VIOLATED)
_09274_/B                               0.750000    2.726161   -1.976161 (VIOLATED)
_09286_/B                               0.750000    2.726010   -1.976010 (VIOLATED)
_18488_/Q                               0.750000    2.725425   -1.975425 (VIOLATED)
_09481_/A                               0.750000    2.715418   -1.965418 (VIOLATED)
_09450_/A                               0.750000    2.715410   -1.965410 (VIOLATED)
_09421_/B                               0.750000    2.715369   -1.965369 (VIOLATED)
_09377_/B                               0.750000    2.715341   -1.965341 (VIOLATED)
_09364_/A                               0.750000    2.715299   -1.965299 (VIOLATED)
_09348_/B                               0.750000    2.715215   -1.965215 (VIOLATED)
_09395_/A3                              0.750000    2.715156   -1.965156 (VIOLATED)
_09532_/A                               0.750000    2.714964   -1.964964 (VIOLATED)
_17518_/A                               0.750000    2.714821   -1.964821 (VIOLATED)
_17525_/A                               0.750000    2.714733   -1.964733 (VIOLATED)
_17295_/A                               0.750000    2.714636   -1.964636 (VIOLATED)
_17302_/A                               0.750000    2.714483   -1.964482 (VIOLATED)
_17309_/A                               0.750000    2.714411   -1.964411 (VIOLATED)
_17321_/A                               0.750000    2.714296   -1.964296 (VIOLATED)
_16749_/A                               0.750000    2.714121   -1.964121 (VIOLATED)
_16755_/A                               0.750000    2.713964   -1.963965 (VIOLATED)
_16517_/A                               0.750000    2.713813   -1.963813 (VIOLATED)
_16523_/A                               0.750000    2.713668   -1.963668 (VIOLATED)
_16531_/A                               0.750000    2.713491   -1.963491 (VIOLATED)
_16541_/A                               0.750000    2.713408   -1.963408 (VIOLATED)
_16293_/A                               0.750000    2.713167   -1.963167 (VIOLATED)
_15917_/A                               0.750000    2.713069   -1.963069 (VIOLATED)
_15923_/A                               0.750000    2.712977   -1.962977 (VIOLATED)
_15930_/A                               0.750000    2.712773   -1.962773 (VIOLATED)
_15943_/A                               0.750000    2.712540   -1.962540 (VIOLATED)
_15958_/A                               0.750000    2.712213   -1.962213 (VIOLATED)
_12177_/A                               0.750000    2.712133   -1.962133 (VIOLATED)
_12179_/A                               0.750000    2.712132   -1.962132 (VIOLATED)
_12170_/A                               0.750000    2.712128   -1.962128 (VIOLATED)
_12205_/A                               0.750000    2.712115   -1.962115 (VIOLATED)
_12262_/A                               0.750000    2.712092   -1.962092 (VIOLATED)
_12379_/A                               0.750000    2.712059   -1.962059 (VIOLATED)
_12556_/A                               0.750000    2.712031   -1.962031 (VIOLATED)
_12654_/A                               0.750000    2.711982   -1.961982 (VIOLATED)
_15977_/A                               0.750000    2.711972   -1.961972 (VIOLATED)
_13228_/A                               0.750000    2.711927   -1.961928 (VIOLATED)
_13300_/A                               0.750000    2.711855   -1.961855 (VIOLATED)
_09305_/C                               0.750000    2.711851   -1.961851 (VIOLATED)
_09306_/A2                              0.750000    2.711851   -1.961851 (VIOLATED)
_09304_/B                               0.750000    2.711847   -1.961847 (VIOLATED)
_17506_/B1                              0.750000    2.711839   -1.961839 (VIOLATED)
_17492_/B                               0.750000    2.711835   -1.961836 (VIOLATED)
_15998_/A                               0.750000    2.711786   -1.961785 (VIOLATED)
_17475_/B1                              0.750000    2.711786   -1.961786 (VIOLATED)
_13428_/A                               0.750000    2.711781   -1.961782 (VIOLATED)
_17283_/B                               0.750000    2.711763   -1.961763 (VIOLATED)
_13529_/A                               0.750000    2.711709   -1.961709 (VIOLATED)
_17262_/B                               0.750000    2.711655   -1.961655 (VIOLATED)
_17235_/B                               0.750000    2.711637   -1.961637 (VIOLATED)
_11024_/A                               0.750000    2.711625   -1.961625 (VIOLATED)
_17200_/B                               0.750000    2.711608   -1.961608 (VIOLATED)
_16737_/B                               0.750000    2.711573   -1.961573 (VIOLATED)
_10910_/A                               0.750000    2.711551   -1.961551 (VIOLATED)
_16709_/B                               0.750000    2.711485   -1.961485 (VIOLATED)
_10794_/A                               0.750000    2.711463   -1.961463 (VIOLATED)
_10680_/A                               0.750000    2.711361   -1.961361 (VIOLATED)
_16506_/A                               0.750000    2.711341   -1.961341 (VIOLATED)
_16479_/A                               0.750000    2.711270   -1.961270 (VIOLATED)
_16025_/A                               0.750000    2.711266   -1.961265 (VIOLATED)
_16437_/A                               0.750000    2.711262   -1.961261 (VIOLATED)
_10557_/A                               0.750000    2.711253   -1.961253 (VIOLATED)
_16388_/A                               0.750000    2.711133   -1.961133 (VIOLATED)
_10440_/A                               0.750000    2.711118   -1.961118 (VIOLATED)
_16284_/A                               0.750000    2.711033   -1.961033 (VIOLATED)
_10326_/A                               0.750000    2.710984   -1.960984 (VIOLATED)
_16122_/A                               0.750000    2.710968   -1.960968 (VIOLATED)
_15908_/A                               0.750000    2.710857   -1.960857 (VIOLATED)
_10214_/A                               0.750000    2.710762   -1.960762 (VIOLATED)
_15876_/A                               0.750000    2.710682   -1.960682 (VIOLATED)
_15819_/A                               0.750000    2.710639   -1.960639 (VIOLATED)
_09609_/A                               0.750000    2.710618   -1.960618 (VIOLATED)
_11770_/A                               0.750000    2.710619   -1.960619 (VIOLATED)
_15750_/A                               0.750000    2.710519   -1.960518 (VIOLATED)
_15229_/A                               0.750000    2.710453   -1.960453 (VIOLATED)
_15402_/B2                              0.750000    2.710452   -1.960452 (VIOLATED)
_12982_/A                               0.750000    2.710450   -1.960450 (VIOLATED)
_12873_/A                               0.750000    2.710431   -1.960431 (VIOLATED)
_12768_/A                               0.750000    2.710418   -1.960418 (VIOLATED)
_12192_/A                               0.750000    2.710414   -1.960414 (VIOLATED)
_09611_/A                               0.750000    2.710391   -1.960391 (VIOLATED)
_12193_/A                               0.750000    2.710380   -1.960380 (VIOLATED)
_11649_/A                               0.750000    2.710336   -1.960336 (VIOLATED)
_12200_/A                               0.750000    2.710324   -1.960324 (VIOLATED)
_12218_/A                               0.750000    2.710312   -1.960312 (VIOLATED)
_15568_/A                               0.750000    2.710304   -1.960304 (VIOLATED)
_09623_/A                               0.750000    2.710281   -1.960281 (VIOLATED)
_12277_/A                               0.750000    2.710242   -1.960242 (VIOLATED)
_12395_/A                               0.750000    2.710221   -1.960220 (VIOLATED)
_09650_/A                               0.750000    2.710191   -1.960191 (VIOLATED)
_15567_/A                               0.750000    2.710184   -1.960185 (VIOLATED)
_12669_/A                               0.750000    2.710114   -1.960114 (VIOLATED)
_12572_/A                               0.750000    2.710080   -1.960080 (VIOLATED)
_11445_/A                               0.750000    2.710059   -1.960059 (VIOLATED)
_13243_/A                               0.750000    2.709996   -1.959996 (VIOLATED)
_09710_/A                               0.750000    2.709961   -1.959961 (VIOLATED)
_15572_/A                               0.750000    2.709932   -1.959932 (VIOLATED)
_13316_/A                               0.750000    2.709905   -1.959905 (VIOLATED)
_09824_/A                               0.750000    2.709836   -1.959836 (VIOLATED)
_11306_/A                               0.750000    2.709814   -1.959814 (VIOLATED)
_13444_/A                               0.750000    2.709815   -1.959815 (VIOLATED)
_13545_/A                               0.750000    2.709750   -1.959750 (VIOLATED)
_09999_/A                               0.750000    2.709737   -1.959737 (VIOLATED)
_11232_/A                               0.750000    2.709720   -1.959720 (VIOLATED)
_16036_/A                               0.750000    2.709669   -1.959669 (VIOLATED)
_10106_/A                               0.750000    2.709656   -1.959656 (VIOLATED)
_11036_/A                               0.750000    2.709653   -1.959653 (VIOLATED)
_11196_/A                               0.750000    2.709640   -1.959640 (VIOLATED)
_11180_/A                               0.750000    2.709605   -1.959605 (VIOLATED)
_11178_/A                               0.750000    2.709577   -1.959577 (VIOLATED)
_10921_/A                               0.750000    2.709534   -1.959534 (VIOLATED)
_18503_/Q                               0.750000    2.709524   -1.959524 (VIOLATED)
_10805_/A                               0.750000    2.709438   -1.959438 (VIOLATED)
_16134_/A                               0.750000    2.709359   -1.959358 (VIOLATED)
_10691_/A                               0.750000    2.709336   -1.959335 (VIOLATED)
_10568_/A                               0.750000    2.709250   -1.959251 (VIOLATED)
_11759_/A1                              0.750000    2.709150   -1.959150 (VIOLATED)
_10451_/A                               0.750000    2.709104   -1.959105 (VIOLATED)
_11758_/A                               0.750000    2.709070   -1.959070 (VIOLATED)
_11434_/A                               0.750000    2.709011   -1.959011 (VIOLATED)
_11639_/A1                              0.750000    2.709003   -1.959003 (VIOLATED)
_10337_/A                               0.750000    2.708958   -1.958958 (VIOLATED)
_11638_/A                               0.750000    2.708952   -1.958952 (VIOLATED)
_10225_/A                               0.750000    2.708890   -1.958890 (VIOLATED)
_09635_/A                               0.750000    2.708738   -1.958738 (VIOLATED)
_11435_/A                               0.750000    2.708640   -1.958640 (VIOLATED)
_09636_/A                               0.750000    2.708588   -1.958588 (VIOLATED)
_11296_/A                               0.750000    2.708524   -1.958524 (VIOLATED)
_09643_/A                               0.750000    2.708468   -1.958468 (VIOLATED)
_11221_/A                               0.750000    2.708429   -1.958429 (VIOLATED)
_09665_/A                               0.750000    2.708332   -1.958332 (VIOLATED)
_11207_/A                               0.750000    2.708321   -1.958321 (VIOLATED)
_09725_/A                               0.750000    2.708257   -1.958258 (VIOLATED)
_11204_/A                               0.750000    2.708254   -1.958254 (VIOLATED)
_11211_/A                               0.750000    2.708202   -1.958203 (VIOLATED)
_09840_/A                               0.750000    2.708160   -1.958160 (VIOLATED)
_10015_/A                               0.750000    2.708117   -1.958116 (VIOLATED)
_10117_/A                               0.750000    2.708116   -1.958115 (VIOLATED)
_18498_/Q                               0.750000    2.708106   -1.958106 (VIOLATED)
_11534_/A                               0.750000    2.701338   -1.951338 (VIOLATED)
_10155_/A                               0.750000    2.701330   -1.951330 (VIOLATED)
_10052_/A                               0.750000    2.701317   -1.951317 (VIOLATED)
_09875_/A                               0.750000    2.701245   -1.951245 (VIOLATED)
_09876_/B2                              0.750000    2.701233   -1.951233 (VIOLATED)
_09775_/A                               0.750000    2.701226   -1.951226 (VIOLATED)
_09778_/A                               0.750000    2.701141   -1.951141 (VIOLATED)
_09923_/A                               0.750000    2.701086   -1.951086 (VIOLATED)
_09963_/A                               0.750000    2.701008   -1.951008 (VIOLATED)
_10281_/A                               0.750000    2.700924   -1.950924 (VIOLATED)
_10392_/A                               0.750000    2.700860   -1.950860 (VIOLATED)
_10512_/A                               0.750000    2.700711   -1.950711 (VIOLATED)
_10623_/A                               0.750000    2.700592   -1.950592 (VIOLATED)
_11493_/A                               0.750000    2.700516   -1.950516 (VIOLATED)
_11377_/A                               0.750000    2.700513   -1.950513 (VIOLATED)
_11344_/A                               0.750000    2.700502   -1.950502 (VIOLATED)
_11402_/B2                              0.750000    2.700492   -1.950492 (VIOLATED)
_11401_/A                               0.750000    2.700465   -1.950465 (VIOLATED)
_11603_/A                               0.750000    2.700433   -1.950433 (VIOLATED)
_11721_/A                               0.750000    2.700370   -1.950370 (VIOLATED)
_10746_/A                               0.750000    2.700332   -1.950332 (VIOLATED)
_10860_/A                               0.750000    2.700267   -1.950267 (VIOLATED)
_16188_/A                               0.750000    2.700245   -1.950245 (VIOLATED)
_16089_/A                               0.750000    2.700160   -1.950160 (VIOLATED)
_10974_/A                               0.750000    2.700067   -1.950067 (VIOLATED)
_15704_/A                               0.750000    2.700016   -1.950016 (VIOLATED)
_15729_/A                               0.750000    2.699980   -1.949980 (VIOLATED)
_11094_/A                               0.750000    2.699908   -1.949908 (VIOLATED)
_15675_/A                               0.750000    2.699815   -1.949815 (VIOLATED)
_11541_/A                               0.750000    2.699796   -1.949796 (VIOLATED)
_10178_/A                               0.750000    2.699792   -1.949792 (VIOLATED)
_10076_/A                               0.750000    2.699770   -1.949770 (VIOLATED)
_09911_/A                               0.750000    2.699759   -1.949759 (VIOLATED)
_09894_/A                               0.750000    2.699751   -1.949751 (VIOLATED)
_13584_/A                               0.750000    2.699745   -1.949745 (VIOLATED)
_09897_/A                               0.750000    2.699728   -1.949728 (VIOLATED)
_09900_/A                               0.750000    2.699695   -1.949695 (VIOLATED)
_15639_/B                               0.750000    2.699637   -1.949637 (VIOLATED)
_09930_/A                               0.750000    2.699622   -1.949622 (VIOLATED)
_13583_/A                               0.750000    2.699573   -1.949573 (VIOLATED)
_15636_/B                               0.750000    2.699570   -1.949570 (VIOLATED)
_13586_/B2                              0.750000    2.699560   -1.949560 (VIOLATED)
_09970_/A                               0.750000    2.699558   -1.949558 (VIOLATED)
_10287_/A                               0.750000    2.699524   -1.949525 (VIOLATED)
_15782_/B                               0.750000    2.699513   -1.949513 (VIOLATED)
_10398_/A                               0.750000    2.699498   -1.949497 (VIOLATED)
_13478_/A                               0.750000    2.699422   -1.949422 (VIOLATED)
_13480_/B2                              0.750000    2.699353   -1.949354 (VIOLATED)
_09227_/A1                              0.750000    2.699339   -1.949339 (VIOLATED)
_09226_/B                               0.750000    2.699332   -1.949332 (VIOLATED)
_10518_/A                               0.750000    2.699300   -1.949300 (VIOLATED)
_13351_/A                               0.750000    2.699280   -1.949280 (VIOLATED)
_13281_/A                               0.750000    2.699191   -1.949191 (VIOLATED)
_10629_/A                               0.750000    2.699180   -1.949180 (VIOLATED)
_11471_/A                               0.750000    2.699140   -1.949140 (VIOLATED)
_11467_/A                               0.750000    2.699133   -1.949133 (VIOLATED)
_11500_/A                               0.750000    2.699134   -1.949134 (VIOLATED)
_10753_/A                               0.750000    2.699120   -1.949120 (VIOLATED)
_11466_/A                               0.750000    2.699121   -1.949121 (VIOLATED)
_11481_/A                               0.750000    2.699105   -1.949105 (VIOLATED)
_11572_/A                               0.750000    2.699046   -1.949046 (VIOLATED)
_11679_/A                               0.750000    2.698966   -1.948966 (VIOLATED)
_10867_/A                               0.750000    2.698946   -1.948946 (VIOLATED)
_16195_/A                               0.750000    2.698935   -1.948935 (VIOLATED)
_16096_/B                               0.750000    2.698900   -1.948900 (VIOLATED)
_10980_/A                               0.750000    2.698889   -1.948889 (VIOLATED)
_15736_/B                               0.750000    2.698815   -1.948815 (VIOLATED)
_12705_/A                               0.750000    2.698795   -1.948795 (VIOLATED)
_11101_/A                               0.750000    2.698750   -1.948750 (VIOLATED)
_12608_/A                               0.750000    2.698634   -1.948634 (VIOLATED)
_15710_/B                               0.750000    2.698636   -1.948636 (VIOLATED)
_13612_/A                               0.750000    2.698615   -1.948616 (VIOLATED)
_15691_/B                               0.750000    2.698591   -1.948591 (VIOLATED)
_13506_/A                               0.750000    2.698449   -1.948449 (VIOLATED)
_13404_/A                               0.750000    2.698345   -1.948345 (VIOLATED)
_09235_/A1                              0.750000    2.698116   -1.948116 (VIOLATED)
_12430_/A                               0.750000    2.698088   -1.948088 (VIOLATED)
_13375_/A                               0.750000    2.698033   -1.948032 (VIOLATED)
_09234_/B                               0.750000    2.697949   -1.947949 (VIOLATED)
_12730_/A                               0.750000    2.697839   -1.947840 (VIOLATED)
_12360_/A                               0.750000    2.697722   -1.947722 (VIOLATED)
_12632_/A                               0.750000    2.697716   -1.947716 (VIOLATED)
_10031_/A                               0.750000    2.697644   -1.947644 (VIOLATED)
_10032_/B2                              0.750000    2.697643   -1.947643 (VIOLATED)
_09741_/A                               0.750000    2.697623   -1.947623 (VIOLATED)
_10134_/A                               0.750000    2.697610   -1.947611 (VIOLATED)
_11365_/A                               0.750000    2.697599   -1.947599 (VIOLATED)
_11270_/A                               0.750000    2.697597   -1.947597 (VIOLATED)
_11271_/B2                              0.750000    2.697581   -1.947581 (VIOLATED)
_09700_/A                               0.750000    2.697575   -1.947575 (VIOLATED)
_11256_/A                               0.750000    2.697576   -1.947576 (VIOLATED)
_09684_/A                               0.750000    2.697531   -1.947532 (VIOLATED)
_09686_/B2                              0.750000    2.697511   -1.947511 (VIOLATED)
_11255_/A                               0.750000    2.697502   -1.947502 (VIOLATED)
_11285_/A                               0.750000    2.697474   -1.947474 (VIOLATED)
_09762_/A                               0.750000    2.697449   -1.947449 (VIOLATED)
_11629_/B2                              0.750000    2.697401   -1.947401 (VIOLATED)
_11628_/A                               0.750000    2.697396   -1.947397 (VIOLATED)
_10250_/A                               0.750000    2.697346   -1.947346 (VIOLATED)
_12328_/A                               0.750000    2.697331   -1.947331 (VIOLATED)
_10362_/A                               0.750000    2.697264   -1.947264 (VIOLATED)
_11747_/A                               0.750000    2.697209   -1.947209 (VIOLATED)
_10479_/A                               0.750000    2.697166   -1.947166 (VIOLATED)
_14686_/A                               0.750000    2.697088   -1.947088 (VIOLATED)
_14634_/A                               0.750000    2.697078   -1.947078 (VIOLATED)
_14582_/A                               0.750000    2.697072   -1.947072 (VIOLATED)
_16157_/A                               0.750000    2.697072   -1.947072 (VIOLATED)
_14520_/B2                              0.750000    2.697065   -1.947065 (VIOLATED)
_10593_/A                               0.750000    2.697055   -1.947055 (VIOLATED)
_12331_/A                               0.750000    2.697054   -1.947055 (VIOLATED)
_14452_/A                               0.750000    2.697042   -1.947043 (VIOLATED)
_14390_/A                               0.750000    2.697007   -1.947007 (VIOLATED)
_10716_/A                               0.750000    2.696968   -1.946968 (VIOLATED)
_12534_/A                               0.750000    2.696965   -1.946965 (VIOLATED)
_16059_/A                               0.750000    2.696951   -1.946951 (VIOLATED)
_14203_/A                               0.750000    2.696939   -1.946939 (VIOLATED)
_14164_/A                               0.750000    2.696914   -1.946914 (VIOLATED)
_10830_/A                               0.750000    2.696888   -1.946888 (VIOLATED)
_14136_/A                               0.750000    2.696839   -1.946839 (VIOLATED)
_15661_/A                               0.750000    2.696836   -1.946836 (VIOLATED)
_12495_/A                               0.750000    2.696818   -1.946818 (VIOLATED)
_12453_/A                               0.750000    2.696804   -1.946804 (VIOLATED)
_14088_/A                               0.750000    2.696767   -1.946767 (VIOLATED)
_10945_/A                               0.750000    2.696730   -1.946730 (VIOLATED)
_14085_/A                               0.750000    2.696714   -1.946714 (VIOLATED)
_15608_/A                               0.750000    2.696702   -1.946702 (VIOLATED)
_14234_/A                               0.750000    2.696681   -1.946681 (VIOLATED)
_11060_/A                               0.750000    2.696653   -1.946654 (VIOLATED)
_14270_/A                               0.750000    2.696621   -1.946621 (VIOLATED)
_15597_/A                               0.750000    2.696611   -1.946611 (VIOLATED)
_12468_/A                               0.750000    2.696575   -1.946575 (VIOLATED)
_12474_/A                               0.750000    2.696542   -1.946542 (VIOLATED)
_13562_/A                               0.750000    2.696525   -1.946525 (VIOLATED)
_15594_/A                               0.750000    2.696517   -1.946517 (VIOLATED)
_15075_/A                               0.750000    2.696506   -1.946506 (VIOLATED)
_15763_/A                               0.750000    2.696465   -1.946465 (VIOLATED)
_12458_/A                               0.750000    2.696436   -1.946436 (VIOLATED)
_15132_/A                               0.750000    2.696432   -1.946432 (VIOLATED)
_13459_/A                               0.750000    2.696401   -1.946401 (VIOLATED)
_14808_/A                               0.750000    2.696390   -1.946390 (VIOLATED)
_14778_/A                               0.750000    2.696388   -1.946388 (VIOLATED)
_14734_/A                               0.750000    2.696385   -1.946385 (VIOLATED)
_14693_/A                               0.750000    2.696379   -1.946379 (VIOLATED)
_14641_/A                               0.750000    2.696369   -1.946369 (VIOLATED)
_14589_/A                               0.750000    2.696359   -1.946359 (VIOLATED)
_15834_/A                               0.750000    2.696342   -1.946342 (VIOLATED)
_14525_/A                               0.750000    2.696317   -1.946317 (VIOLATED)
_13142_/A                               0.750000    2.696306   -1.946306 (VIOLATED)
_14460_/B2                              0.750000    2.696305   -1.946305 (VIOLATED)
_14396_/A                               0.750000    2.696294   -1.946294 (VIOLATED)
_13332_/A                               0.750000    2.696283   -1.946283 (VIOLATED)
_15894_/A                               0.750000    2.696247   -1.946247 (VIOLATED)
_14209_/A                               0.750000    2.696245   -1.946245 (VIOLATED)
_12829_/A                               0.750000    2.696228   -1.946228 (VIOLATED)
_13037_/A                               0.750000    2.696213   -1.946213 (VIOLATED)
_16273_/A                               0.750000    2.696156   -1.946156 (VIOLATED)
_14170_/A                               0.750000    2.696151   -1.946150 (VIOLATED)
_12932_/A                               0.750000    2.696145   -1.946145 (VIOLATED)
_13261_/A                               0.750000    2.696117   -1.946117 (VIOLATED)
_14152_/A                               0.750000    2.696108   -1.946108 (VIOLATED)
_16332_/A                               0.750000    2.696103   -1.946103 (VIOLATED)
_12461_/A                               0.750000    2.696092   -1.946092 (VIOLATED)
_12686_/A                               0.750000    2.696034   -1.946034 (VIOLATED)
_14149_/A                               0.750000    2.696033   -1.946033 (VIOLATED)
_16403_/A                               0.750000    2.695987   -1.945987 (VIOLATED)
_12588_/A                               0.750000    2.695937   -1.945937 (VIOLATED)
_14157_/A                               0.750000    2.695927   -1.945928 (VIOLATED)
_14184_/A                               0.750000    2.695910   -1.945910 (VIOLATED)
_12481_/A                               0.750000    2.695893   -1.945892 (VIOLATED)
_16452_/A                               0.750000    2.695874   -1.945875 (VIOLATED)
_14319_/A                               0.750000    2.695846   -1.945846 (VIOLATED)
_12411_/A                               0.750000    2.695843   -1.945843 (VIOLATED)
_15100_/A                               0.750000    2.695814   -1.945814 (VIOLATED)
_16690_/A                               0.750000    2.695804   -1.945804 (VIOLATED)
_12293_/A                               0.750000    2.695776   -1.945776 (VIOLATED)
_16492_/A                               0.750000    2.695752   -1.945752 (VIOLATED)
_12835_/A                               0.750000    2.695728   -1.945729 (VIOLATED)
_12252_/A                               0.750000    2.695711   -1.945711 (VIOLATED)
_16723_/A                               0.750000    2.695693   -1.945693 (VIOLATED)
_13044_/A                               0.750000    2.695684   -1.945685 (VIOLATED)
_12939_/A                               0.750000    2.695682   -1.945681 (VIOLATED)
_15174_/A                               0.750000    2.695648   -1.945649 (VIOLATED)
_12236_/A                               0.750000    2.695633   -1.945634 (VIOLATED)
_18484_/Q                               0.750000    2.695599   -1.945598 (VIOLATED)
_09279_/A                               0.750000    2.695596   -1.945596 (VIOLATED)
_13149_/A                               0.750000    2.695593   -1.945593 (VIOLATED)
_12239_/A                               0.750000    2.695570   -1.945570 (VIOLATED)
_09269_/A1                              0.750000    2.695529   -1.945529 (VIOLATED)
_09267_/B                               0.750000    2.695523   -1.945522 (VIOLATED)
_12301_/A                               0.750000    2.695492   -1.945492 (VIOLATED)
_18481_/Q                               0.750000    2.695415   -1.945415 (VIOLATED)
_14244_/A                               0.750000    2.695389   -1.945389 (VIOLATED)
_14245_/A                               0.750000    2.695390   -1.945390 (VIOLATED)
_12794_/A                               0.750000    2.695386   -1.945386 (VIOLATED)
_14262_/A                               0.750000    2.695387   -1.945387 (VIOLATED)
_14296_/A                               0.750000    2.695387   -1.945387 (VIOLATED)
_15056_/A                               0.750000    2.695374   -1.945374 (VIOLATED)
_12901_/A                               0.750000    2.695339   -1.945339 (VIOLATED)
_13112_/A                               0.750000    2.695251   -1.945251 (VIOLATED)
_15148_/A                               0.750000    2.695253   -1.945253 (VIOLATED)
_13007_/A                               0.750000    2.695247   -1.945247 (VIOLATED)
_18493_/Q                               0.750000    2.694928   -1.944928 (VIOLATED)
_11535_/A                               0.750000    2.689418   -1.939418 (VIOLATED)
_11852_/A                               0.750000    2.689405   -1.939405 (VIOLATED)
_10154_/A                               0.750000    2.689389   -1.939390 (VIOLATED)
_10051_/A                               0.750000    2.689337   -1.939337 (VIOLATED)
_09874_/A                               0.750000    2.689321   -1.939321 (VIOLATED)
_09806_/A                               0.750000    2.689295   -1.939295 (VIOLATED)
_09774_/A                               0.750000    2.689235   -1.939235 (VIOLATED)
_09924_/A                               0.750000    2.689184   -1.939184 (VIOLATED)
_09964_/A                               0.750000    2.689117   -1.939117 (VIOLATED)
_10282_/A                               0.750000    2.689017   -1.939017 (VIOLATED)
_10393_/A                               0.750000    2.688973   -1.938973 (VIOLATED)
_10513_/A                               0.750000    2.688858   -1.938858 (VIOLATED)
_10624_/A                               0.750000    2.688754   -1.938754 (VIOLATED)
_11494_/A                               0.750000    2.688749   -1.938749 (VIOLATED)
_11375_/A                               0.750000    2.688746   -1.938746 (VIOLATED)
_11342_/A                               0.750000    2.688740   -1.938740 (VIOLATED)
_11400_/A                               0.750000    2.688715   -1.938715 (VIOLATED)
_11602_/A                               0.750000    2.688700   -1.938700 (VIOLATED)
_11720_/A                               0.750000    2.688664   -1.938664 (VIOLATED)
_16886_/A                               0.750000    2.688616   -1.938616 (VIOLATED)
_10747_/A                               0.750000    2.688591   -1.938591 (VIOLATED)
_16189_/A                               0.750000    2.688531   -1.938531 (VIOLATED)
_10861_/A                               0.750000    2.688515   -1.938516 (VIOLATED)
_16090_/A                               0.750000    2.688455   -1.938455 (VIOLATED)
_10975_/A                               0.750000    2.688332   -1.938332 (VIOLATED)
_15730_/A                               0.750000    2.688332   -1.938332 (VIOLATED)
_15705_/B                               0.750000    2.688280   -1.938280 (VIOLATED)
_11095_/A                               0.750000    2.688202   -1.938203 (VIOLATED)
_15673_/B                               0.750000    2.688137   -1.938137 (VIOLATED)
_13763_/A                               0.750000    2.688058   -1.938058 (VIOLATED)
_15635_/B                               0.750000    2.687939   -1.937940 (VIOLATED)
_13582_/A                               0.750000    2.687810   -1.937809 (VIOLATED)
_09229_/B                               0.750000    2.687762   -1.937762 (VIOLATED)
_13477_/A                               0.750000    2.687653   -1.937653 (VIOLATED)
_13350_/A                               0.750000    2.687544   -1.937544 (VIOLATED)
_13280_/A                               0.750000    2.687241   -1.937241 (VIOLATED)
_12704_/A                               0.750000    2.687058   -1.937058 (VIOLATED)
_12607_/A                               0.750000    2.686699   -1.936699 (VIOLATED)
_12429_/A                               0.750000    2.686427   -1.936427 (VIOLATED)
_14728_/A                               0.750000    2.686331   -1.936331 (VIOLATED)
_14896_/A1                              0.750000    2.686329   -1.936329 (VIOLATED)
_14687_/A                               0.750000    2.686320   -1.936320 (VIOLATED)
_14635_/A                               0.750000    2.686292   -1.936293 (VIOLATED)
_14583_/A                               0.750000    2.686281   -1.936281 (VIOLATED)
_14519_/A                               0.750000    2.686265   -1.936265 (VIOLATED)
_14453_/A                               0.750000    2.686230   -1.936230 (VIOLATED)
_14391_/A                               0.750000    2.686157   -1.936157 (VIOLATED)
_12359_/A                               0.750000    2.686108   -1.936108 (VIOLATED)
_14204_/A                               0.750000    2.686038   -1.936038 (VIOLATED)
_14165_/A                               0.750000    2.686035   -1.936034 (VIOLATED)
_14134_/A                               0.750000    2.686017   -1.936017 (VIOLATED)
_14084_/A                               0.750000    2.685996   -1.935996 (VIOLATED)
_14233_/A                               0.750000    2.685972   -1.935972 (VIOLATED)
_14269_/A                               0.750000    2.685956   -1.935955 (VIOLATED)
_15074_/A                               0.750000    2.685865   -1.935865 (VIOLATED)
_12327_/A                               0.750000    2.685757   -1.935757 (VIOLATED)
_15131_/A                               0.750000    2.685742   -1.935742 (VIOLATED)
_15272_/A                               0.750000    2.685663   -1.935663 (VIOLATED)
_12451_/A                               0.750000    2.685534   -1.935534 (VIOLATED)
_13143_/A                               0.750000    2.685497   -1.935497 (VIOLATED)
_13038_/A                               0.750000    2.685358   -1.935358 (VIOLATED)
_12475_/A                               0.750000    2.685333   -1.935333 (VIOLATED)
_12933_/A                               0.750000    2.685272   -1.935272 (VIOLATED)
_12830_/A                               0.750000    2.685220   -1.935220 (VIOLATED)
_18482_/Q                               0.750000    2.684687   -1.934687 (VIOLATED)
_09480_/A                               0.750000    2.681495   -1.931495 (VIOLATED)
_09449_/A                               0.750000    2.681479   -1.931479 (VIOLATED)
_09420_/A                               0.750000    2.681443   -1.931443 (VIOLATED)
_09376_/B                               0.750000    2.681400   -1.931400 (VIOLATED)
_09363_/B                               0.750000    2.681380   -1.931380 (VIOLATED)
_09354_/A                               0.750000    2.681308   -1.931308 (VIOLATED)
_09349_/B                               0.750000    2.681255   -1.931255 (VIOLATED)
_09395_/A2                              0.750000    2.681220   -1.931220 (VIOLATED)
_09531_/A                               0.750000    2.681015   -1.931015 (VIOLATED)
_17517_/A                               0.750000    2.680872   -1.930872 (VIOLATED)
_17524_/A                               0.750000    2.680749   -1.930748 (VIOLATED)
_17297_/A                               0.750000    2.680621   -1.930621 (VIOLATED)
_17301_/A                               0.750000    2.680519   -1.930519 (VIOLATED)
_17308_/A                               0.750000    2.680400   -1.930400 (VIOLATED)
_17320_/A                               0.750000    2.680316   -1.930316 (VIOLATED)
_16751_/A                               0.750000    2.680084   -1.930085 (VIOLATED)
_16754_/A                               0.750000    2.679869   -1.929869 (VIOLATED)
_16519_/A                               0.750000    2.679760   -1.929760 (VIOLATED)
_16522_/A                               0.750000    2.679558   -1.929558 (VIOLATED)
_16530_/A                               0.750000    2.679397   -1.929398 (VIOLATED)
_16540_/A                               0.750000    2.679281   -1.929281 (VIOLATED)
_16295_/A                               0.750000    2.679058   -1.929058 (VIOLATED)
_15919_/A                               0.750000    2.678964   -1.928964 (VIOLATED)
_15922_/A                               0.750000    2.678860   -1.928861 (VIOLATED)
_15929_/A                               0.750000    2.678670   -1.928670 (VIOLATED)
_15942_/A                               0.750000    2.678406   -1.928406 (VIOLATED)
_15957_/A                               0.750000    2.678054   -1.928054 (VIOLATED)
_15976_/A                               0.750000    2.677853   -1.927853 (VIOLATED)
_15997_/A                               0.750000    2.677580   -1.927580 (VIOLATED)
_16024_/A                               0.750000    2.677134   -1.927134 (VIOLATED)
_12180_/A                               0.750000    2.677110   -1.927110 (VIOLATED)
_12178_/A                               0.750000    2.677108   -1.927108 (VIOLATED)
_12264_/A                               0.750000    2.677089   -1.927089 (VIOLATED)
_12381_/A                               0.750000    2.677066   -1.927066 (VIOLATED)
_12558_/A                               0.750000    2.677046   -1.927046 (VIOLATED)
_12656_/A                               0.750000    2.677006   -1.927007 (VIOLATED)
_13230_/A                               0.750000    2.676986   -1.926986 (VIOLATED)
_13302_/A                               0.750000    2.676927   -1.926927 (VIOLATED)
_13430_/A                               0.750000    2.676882   -1.926882 (VIOLATED)
_13531_/A                               0.750000    2.676832   -1.926832 (VIOLATED)
_11023_/A                               0.750000    2.676762   -1.926762 (VIOLATED)
_16121_/A                               0.750000    2.676755   -1.926755 (VIOLATED)
_10909_/A                               0.750000    2.676691   -1.926690 (VIOLATED)
_10793_/A                               0.750000    2.676645   -1.926645 (VIOLATED)
_10679_/A                               0.750000    2.676556   -1.926556 (VIOLATED)
_10556_/A                               0.750000    2.676463   -1.926463 (VIOLATED)
_11772_/A                               0.750000    2.676378   -1.926378 (VIOLATED)
_10439_/A                               0.750000    2.676366   -1.926366 (VIOLATED)
_10325_/A                               0.750000    2.676256   -1.926256 (VIOLATED)
_11651_/A                               0.750000    2.676127   -1.926127 (VIOLATED)
_10213_/A                               0.750000    2.676113   -1.926113 (VIOLATED)
_09608_/A                               0.750000    2.676007   -1.926007 (VIOLATED)
_09613_/A                               0.750000    2.675879   -1.925879 (VIOLATED)
_11447_/A                               0.750000    2.675824   -1.925824 (VIOLATED)
_09625_/A                               0.750000    2.675784   -1.925784 (VIOLATED)
_09652_/A                               0.750000    2.675698   -1.925698 (VIOLATED)
_11308_/A                               0.750000    2.675605   -1.925605 (VIOLATED)
_09712_/A                               0.750000    2.675552   -1.925552 (VIOLATED)
_11234_/A                               0.750000    2.675531   -1.925531 (VIOLATED)
_09826_/A                               0.750000    2.675481   -1.925481 (VIOLATED)
_11198_/A                               0.750000    2.675440   -1.925440 (VIOLATED)
_10001_/A                               0.750000    2.675426   -1.925426 (VIOLATED)
_11182_/A                               0.750000    2.675396   -1.925396 (VIOLATED)
_10108_/A                               0.750000    2.675379   -1.925379 (VIOLATED)
_11177_/A                               0.750000    2.675356   -1.925356 (VIOLATED)
_18504_/Q                               0.750000    2.675342   -1.925342 (VIOLATED)
_09305_/B                               0.750000    2.662601   -1.912602 (VIOLATED)
_09306_/A1                              0.750000    2.662602   -1.912602 (VIOLATED)
_09543_/B                               0.750000    2.662597   -1.912597 (VIOLATED)
_17506_/A2                              0.750000    2.662588   -1.912588 (VIOLATED)
_17473_/B                               0.750000    2.662542   -1.912542 (VIOLATED)
_17475_/A2                              0.750000    2.662541   -1.912541 (VIOLATED)
_17261_/B                               0.750000    2.662459   -1.912459 (VIOLATED)
_17234_/B                               0.750000    2.662393   -1.912393 (VIOLATED)
_17199_/B                               0.750000    2.662356   -1.912356 (VIOLATED)
_16736_/B                               0.750000    2.662310   -1.912310 (VIOLATED)
_16708_/A                               0.750000    2.662275   -1.912275 (VIOLATED)
_16505_/A                               0.750000    2.662208   -1.912208 (VIOLATED)
_16478_/A                               0.750000    2.662054   -1.912054 (VIOLATED)
_16436_/A                               0.750000    2.662028   -1.912028 (VIOLATED)
_16387_/A                               0.750000    2.661982   -1.911982 (VIOLATED)
_16283_/A                               0.750000    2.661854   -1.911854 (VIOLATED)
_15907_/A                               0.750000    2.661749   -1.911749 (VIOLATED)
_15875_/A                               0.750000    2.661502   -1.911503 (VIOLATED)
_15818_/A                               0.750000    2.661435   -1.911435 (VIOLATED)
_15749_/A                               0.750000    2.661355   -1.911355 (VIOLATED)
_13086_/A                               0.750000    2.661314   -1.911315 (VIOLATED)
_12874_/A                               0.750000    2.661310   -1.911310 (VIOLATED)
_12983_/A                               0.750000    2.661310   -1.911310 (VIOLATED)
_12769_/A                               0.750000    2.661307   -1.911307 (VIOLATED)
_12194_/A                               0.750000    2.661283   -1.911283 (VIOLATED)
_12191_/A                               0.750000    2.661243   -1.911243 (VIOLATED)
_15566_/A                               0.750000    2.661235   -1.911235 (VIOLATED)
_12199_/A                               0.750000    2.661223   -1.911223 (VIOLATED)
_12217_/A                               0.750000    2.661184   -1.911184 (VIOLATED)
_12276_/A                               0.750000    2.661158   -1.911158 (VIOLATED)
_12394_/A                               0.750000    2.661101   -1.911102 (VIOLATED)
_12571_/A                               0.750000    2.661016   -1.911016 (VIOLATED)
_15569_/A                               0.750000    2.661011   -1.911011 (VIOLATED)
_12668_/A                               0.750000    2.660974   -1.910974 (VIOLATED)
_15573_/A                               0.750000    2.660893   -1.910893 (VIOLATED)
_13242_/A                               0.750000    2.660881   -1.910881 (VIOLATED)
_13315_/A                               0.750000    2.660769   -1.910769 (VIOLATED)
_13443_/A                               0.750000    2.660722   -1.910722 (VIOLATED)
_16037_/A                               0.750000    2.660613   -1.910613 (VIOLATED)
_13544_/A                               0.750000    2.660602   -1.910602 (VIOLATED)
_11037_/A                               0.750000    2.660486   -1.910486 (VIOLATED)
_10922_/A                               0.750000    2.660396   -1.910396 (VIOLATED)
_16135_/A                               0.750000    2.660350   -1.910350 (VIOLATED)
_10806_/A                               0.750000    2.660300   -1.910300 (VIOLATED)
_10692_/A                               0.750000    2.660225   -1.910224 (VIOLATED)
_10569_/A                               0.750000    2.660072   -1.910072 (VIOLATED)
_11757_/A                               0.750000    2.660058   -1.910058 (VIOLATED)
_10452_/A                               0.750000    2.659918   -1.909918 (VIOLATED)
_11756_/A                               0.750000    2.659869   -1.909869 (VIOLATED)
_10338_/A                               0.750000    2.659851   -1.909851 (VIOLATED)
_11759_/B2                              0.750000    2.659822   -1.909823 (VIOLATED)
_11637_/A                               0.750000    2.659746   -1.909746 (VIOLATED)
_10226_/A                               0.750000    2.659696   -1.909696 (VIOLATED)
_11639_/B2                              0.750000    2.659698   -1.909698 (VIOLATED)
_11433_/A                               0.750000    2.659634   -1.909634 (VIOLATED)
_09637_/A                               0.750000    2.659536   -1.909536 (VIOLATED)
_09634_/A                               0.750000    2.659419   -1.909419 (VIOLATED)
_11295_/A                               0.750000    2.659378   -1.909379 (VIOLATED)
_11220_/A                               0.750000    2.659279   -1.909279 (VIOLATED)
_09642_/A                               0.750000    2.659236   -1.909236 (VIOLATED)
_11205_/A                               0.750000    2.659186   -1.909186 (VIOLATED)
_09664_/A                               0.750000    2.659145   -1.909145 (VIOLATED)
_11206_/A                               0.750000    2.659078   -1.909078 (VIOLATED)
_09724_/A                               0.750000    2.659025   -1.909025 (VIOLATED)
_11212_/A                               0.750000    2.659004   -1.909004 (VIOLATED)
_09839_/A                               0.750000    2.658968   -1.908968 (VIOLATED)
_10116_/A                               0.750000    2.658965   -1.908965 (VIOLATED)
_10014_/A                               0.750000    2.658926   -1.908926 (VIOLATED)
_18499_/Q                               0.750000    2.658916   -1.908916 (VIOLATED)
_15146_/A                               0.750000    2.638341   -1.888341 (VIOLATED)
_15160_/A                               0.750000    2.638340   -1.888340 (VIOLATED)
_15402_/A1                              0.750000    2.638337   -1.888337 (VIOLATED)
_15229_/B                               0.750000    2.638333   -1.888333 (VIOLATED)
_13087_/A                               0.750000    2.638319   -1.888319 (VIOLATED)
_12984_/A                               0.750000    2.638296   -1.888296 (VIOLATED)
_12875_/A                               0.750000    2.638260   -1.888260 (VIOLATED)
_12770_/A                               0.750000    2.638257   -1.888257 (VIOLATED)
_12195_/A                               0.750000    2.638214   -1.888214 (VIOLATED)
_12198_/A                               0.750000    2.638121   -1.888121 (VIOLATED)
_12216_/A                               0.750000    2.638030   -1.888030 (VIOLATED)
_12275_/A                               0.750000    2.637980   -1.887980 (VIOLATED)
_12393_/A                               0.750000    2.637891   -1.887891 (VIOLATED)
_12570_/A                               0.750000    2.637825   -1.887825 (VIOLATED)
_12667_/A                               0.750000    2.637678   -1.887678 (VIOLATED)
_13241_/A                               0.750000    2.637595   -1.887595 (VIOLATED)
_13314_/A                               0.750000    2.637474   -1.887474 (VIOLATED)
_13442_/A                               0.750000    2.637276   -1.887276 (VIOLATED)
_13543_/A                               0.750000    2.637198   -1.887198 (VIOLATED)
_13713_/A                               0.750000    2.636960   -1.886960 (VIOLATED)
_11038_/A                               0.750000    2.636754   -1.886754 (VIOLATED)
_10923_/A                               0.750000    2.636595   -1.886595 (VIOLATED)
_10807_/A                               0.750000    2.636419   -1.886419 (VIOLATED)
_10693_/A                               0.750000    2.636264   -1.886264 (VIOLATED)
_10570_/A                               0.750000    2.636015   -1.886015 (VIOLATED)
_10453_/A                               0.750000    2.635867   -1.885867 (VIOLATED)
_09303_/B                               0.750000    2.635798   -1.885798 (VIOLATED)
_09316_/A2                              0.750000    2.635798   -1.885799 (VIOLATED)
_17491_/B                               0.750000    2.635775   -1.885775 (VIOLATED)
_17472_/B                               0.750000    2.635754   -1.885754 (VIOLATED)
_17282_/B                               0.750000    2.635735   -1.885735 (VIOLATED)
_10454_/A                               0.750000    2.635697   -1.885697 (VIOLATED)
_17260_/B                               0.750000    2.635699   -1.885699 (VIOLATED)
_17233_/B                               0.750000    2.635664   -1.885664 (VIOLATED)
_17198_/B                               0.750000    2.635625   -1.885625 (VIOLATED)
_16735_/B                               0.750000    2.635604   -1.885604 (VIOLATED)
_10339_/A                               0.750000    2.635593   -1.885593 (VIOLATED)
_16707_/B                               0.750000    2.635574   -1.885574 (VIOLATED)
_16504_/B                               0.750000    2.635483   -1.885483 (VIOLATED)
_16477_/B                               0.750000    2.635416   -1.885416 (VIOLATED)
_10227_/A                               0.750000    2.635396   -1.885395 (VIOLATED)
_16435_/A                               0.750000    2.635377   -1.885377 (VIOLATED)
_16386_/A                               0.750000    2.635318   -1.885318 (VIOLATED)
_16282_/A                               0.750000    2.635249   -1.885249 (VIOLATED)
_15906_/A                               0.750000    2.635126   -1.885126 (VIOLATED)
_15874_/A                               0.750000    2.635063   -1.885063 (VIOLATED)
_09638_/A                               0.750000    2.635059   -1.885059 (VIOLATED)
_15817_/A                               0.750000    2.635006   -1.885006 (VIOLATED)
_15748_/A                               0.750000    2.634892   -1.884892 (VIOLATED)
_09641_/A                               0.750000    2.634796   -1.884796 (VIOLATED)
_15565_/A                               0.750000    2.634775   -1.884775 (VIOLATED)
_15574_/A                               0.750000    2.634652   -1.884652 (VIOLATED)
_09663_/A                               0.750000    2.634485   -1.884485 (VIOLATED)
_16038_/A                               0.750000    2.634480   -1.884481 (VIOLATED)
_09723_/A                               0.750000    2.634301   -1.884301 (VIOLATED)
_16136_/A                               0.750000    2.634302   -1.884302 (VIOLATED)
_16847_/A                               0.750000    2.634117   -1.884117 (VIOLATED)
_09838_/A                               0.750000    2.634028   -1.884028 (VIOLATED)
_11755_/A                               0.750000    2.633965   -1.883965 (VIOLATED)
_11636_/A                               0.750000    2.633887   -1.883887 (VIOLATED)
_10013_/A                               0.750000    2.633875   -1.883875 (VIOLATED)
_10115_/A                               0.750000    2.633732   -1.883732 (VIOLATED)
_11432_/A                               0.750000    2.633709   -1.883709 (VIOLATED)
_11294_/A                               0.750000    2.633654   -1.883654 (VIOLATED)
_11219_/A                               0.750000    2.633607   -1.883607 (VIOLATED)
_11806_/A                               0.750000    2.633595   -1.883596 (VIOLATED)
_11213_/A                               0.750000    2.633566   -1.883566 (VIOLATED)
_11203_/A                               0.750000    2.633550   -1.883550 (VIOLATED)
_18497_/Q                               0.750000    2.633507   -1.883507 (VIOLATED)
_17916_/A1                              0.750000    2.598788   -1.848788 (VIOLATED)
_17918_/A1                              0.750000    2.598788   -1.848788 (VIOLATED)
_18119_/A1                              0.750000    2.598786   -1.848786 (VIOLATED)
_18120_/A1                              0.750000    2.598782   -1.848782 (VIOLATED)
_18082_/A                               0.750000    2.598779   -1.848779 (VIOLATED)
_18087_/A                               0.750000    2.598774   -1.848774 (VIOLATED)
_18071_/A                               0.750000    2.598771   -1.848771 (VIOLATED)
_18127_/A1                              0.750000    2.598772   -1.848772 (VIOLATED)
_18195_/A                               0.750000    2.598767   -1.848767 (VIOLATED)
_18028_/A1                              0.750000    2.598750   -1.848750 (VIOLATED)
_18031_/A1                              0.750000    2.598751   -1.848751 (VIOLATED)
_18029_/A1                              0.750000    2.598747   -1.848747 (VIOLATED)
_18169_/A1                              0.750000    2.598748   -1.848748 (VIOLATED)
_18168_/A1                              0.750000    2.598729   -1.848729 (VIOLATED)
_18144_/A                               0.750000    2.598682   -1.848683 (VIOLATED)
_18172_/B1                              0.750000    2.598681   -1.848682 (VIOLATED)
_18173_/A1                              0.750000    2.598662   -1.848662 (VIOLATED)
_17850_/A                               0.750000    2.598631   -1.848631 (VIOLATED)
_17851_/A                               0.750000    2.598629   -1.848629 (VIOLATED)
_18165_/B1                              0.750000    2.598614   -1.848614 (VIOLATED)
_18166_/A1                              0.750000    2.598589   -1.848589 (VIOLATED)
_18176_/A1                              0.750000    2.598543   -1.848543 (VIOLATED)
_18183_/A                               0.750000    2.598501   -1.848501 (VIOLATED)
_18370_/A1                              0.750000    2.598469   -1.848469 (VIOLATED)
_18395_/B1                              0.750000    2.598464   -1.848464 (VIOLATED)
_18353_/A                               0.750000    2.598443   -1.848443 (VIOLATED)
_17991_/B1                              0.750000    2.598385   -1.848385 (VIOLATED)
_18236_/A                               0.750000    2.598385   -1.848385 (VIOLATED)
_17988_/B1                              0.750000    2.598382   -1.848382 (VIOLATED)
_18250_/A                               0.750000    2.598379   -1.848379 (VIOLATED)
_17822_/Y                               0.750000    2.598377   -1.848377 (VIOLATED)
_17940_/A                               0.750000    2.598377   -1.848377 (VIOLATED)
_11168_/A                               0.750000    2.564243   -1.814243 (VIOLATED)
_11513_/A                               0.750000    2.564242   -1.814242 (VIOLATED)
_11554_/A                               0.750000    2.564235   -1.814235 (VIOLATED)
_11954_/A                               0.750000    2.564225   -1.814225 (VIOLATED)
_11869_/A                               0.750000    2.564212   -1.814212 (VIOLATED)
_10190_/A                               0.750000    2.564199   -1.814199 (VIOLATED)
_09579_/A                               0.750000    2.564177   -1.814177 (VIOLATED)
_09589_/A                               0.750000    2.564149   -1.814149 (VIOLATED)
_09596_/A                               0.750000    2.564111   -1.814111 (VIOLATED)
_11691_/B                               0.750000    2.564102   -1.814102 (VIOLATED)
_16980_/B                               0.750000    2.564101   -1.814101 (VIOLATED)
_09205_/D                               0.750000    2.564089   -1.814089 (VIOLATED)
_09213_/B                               0.750000    2.564090   -1.814090 (VIOLATED)
_09983_/A                               0.750000    2.564063   -1.814063 (VIOLATED)
_09943_/A                               0.750000    2.564057   -1.814057 (VIOLATED)
_11153_/B                               0.750000    2.564055   -1.814055 (VIOLATED)
_11161_/B                               0.750000    2.564010   -1.814010 (VIOLATED)
_10302_/A                               0.750000    2.563999   -1.813999 (VIOLATED)
_10412_/A                               0.750000    2.563928   -1.813928 (VIOLATED)
_10531_/A                               0.750000    2.563864   -1.813864 (VIOLATED)
_10644_/A                               0.750000    2.563540   -1.813540 (VIOLATED)
_10766_/A                               0.750000    2.563391   -1.813391 (VIOLATED)
_10880_/A                               0.750000    2.563250   -1.813250 (VIOLATED)
_10996_/A                               0.750000    2.563112   -1.813112 (VIOLATED)
_11117_/A                               0.750000    2.562986   -1.812986 (VIOLATED)
_13779_/A                               0.750000    2.562690   -1.812690 (VIOLATED)
_13858_/A                               0.750000    2.562459   -1.812459 (VIOLATED)
_14912_/A                               0.750000    2.562291   -1.812291 (VIOLATED)
_14938_/A                               0.750000    2.562282   -1.812282 (VIOLATED)
_14961_/A                               0.750000    2.562267   -1.812267 (VIOLATED)
_14987_/A1                              0.750000    2.562269   -1.812269 (VIOLATED)
_14993_/A                               0.750000    2.562261   -1.812261 (VIOLATED)
_14994_/A                               0.750000    2.562254   -1.812254 (VIOLATED)
_14886_/A                               0.750000    2.562222   -1.812222 (VIOLATED)
_14859_/A                               0.750000    2.562199   -1.812199 (VIOLATED)
_13625_/A                               0.750000    2.562147   -1.812147 (VIOLATED)
_14822_/A                               0.750000    2.562145   -1.812145 (VIOLATED)
_14791_/A                               0.750000    2.562121   -1.812121 (VIOLATED)
_14748_/A                               0.750000    2.562059   -1.812059 (VIOLATED)
_14706_/A                               0.750000    2.562018   -1.812018 (VIOLATED)
_13201_/A                               0.750000    2.562001   -1.812001 (VIOLATED)
_14657_/A                               0.750000    2.561956   -1.811956 (VIOLATED)
_14601_/A                               0.750000    2.561914   -1.811914 (VIOLATED)
_13211_/A                               0.750000    2.561891   -1.811891 (VIOLATED)
_14538_/A                               0.750000    2.561883   -1.811883 (VIOLATED)
_14475_/A                               0.750000    2.561758   -1.811758 (VIOLATED)
_13216_/A                               0.750000    2.561671   -1.811671 (VIOLATED)
_14411_/A                               0.750000    2.561670   -1.811670 (VIOLATED)
_14222_/A                               0.750000    2.561557   -1.811557 (VIOLATED)
_12742_/A                               0.750000    2.561536   -1.811536 (VIOLATED)
_12145_/A                               0.750000    2.561442   -1.811442 (VIOLATED)
_12155_/A                               0.750000    2.561312   -1.811312 (VIOLATED)
_14076_/A                               0.750000    2.561301   -1.811301 (VIOLATED)
_14069_/A                               0.750000    2.561148   -1.811148 (VIOLATED)
_14060_/A                               0.750000    2.560959   -1.810959 (VIOLATED)
_14334_/A                               0.750000    2.560799   -1.810799 (VIOLATED)
_15039_/A                               0.750000    2.560677   -1.810677 (VIOLATED)
_12162_/A                               0.750000    2.560627   -1.810627 (VIOLATED)
_12508_/A                               0.750000    2.560580   -1.810580 (VIOLATED)
_15186_/A                               0.750000    2.560567   -1.810567 (VIOLATED)
_15371_/A                               0.750000    2.560447   -1.810447 (VIOLATED)
_12514_/A                               0.750000    2.560430   -1.810430 (VIOLATED)
_12848_/A                               0.750000    2.560336   -1.810336 (VIOLATED)
_15292_/A                               0.750000    2.560320   -1.810320 (VIOLATED)
_13165_/A                               0.750000    2.560237   -1.810237 (VIOLATED)
_13166_/A                               0.750000    2.560170   -1.810170 (VIOLATED)
_12953_/A                               0.750000    2.560160   -1.810160 (VIOLATED)
_13058_/A                               0.750000    2.560103   -1.810103 (VIOLATED)
_18476_/Q                               0.750000    2.559883   -1.809883 (VIOLATED)
_09488_/B                               0.750000    2.536235   -1.786235 (VIOLATED)
_09313_/B                               0.750000    2.536221   -1.786221 (VIOLATED)
_09343_/A2                              0.750000    2.536201   -1.786200 (VIOLATED)
_09538_/B                               0.750000    2.536147   -1.786147 (VIOLATED)
_17513_/B                               0.750000    2.536048   -1.786048 (VIOLATED)
_17504_/B                               0.750000    2.535991   -1.785992 (VIOLATED)
_17489_/B                               0.750000    2.535923   -1.785922 (VIOLATED)
_17292_/B                               0.750000    2.535876   -1.785876 (VIOLATED)
_17280_/B                               0.750000    2.535803   -1.785803 (VIOLATED)
_17258_/A                               0.750000    2.535718   -1.785718 (VIOLATED)
_17231_/A                               0.750000    2.535625   -1.785625 (VIOLATED)
_16747_/A                               0.750000    2.535532   -1.785532 (VIOLATED)
_16733_/A                               0.750000    2.535440   -1.785440 (VIOLATED)
_16515_/A                               0.750000    2.535372   -1.785372 (VIOLATED)
_16502_/A                               0.750000    2.535232   -1.785232 (VIOLATED)
_16475_/A                               0.750000    2.535149   -1.785149 (VIOLATED)
_16433_/A                               0.750000    2.534966   -1.784966 (VIOLATED)
_16291_/A                               0.750000    2.534925   -1.784925 (VIOLATED)
_12877_/A                               0.750000    2.534831   -1.784831 (VIOLATED)
_12979_/A1                              0.750000    2.534830   -1.784829 (VIOLATED)
_12879_/B                               0.750000    2.534825   -1.784825 (VIOLATED)
_12773_/A                               0.750000    2.534820   -1.784820 (VIOLATED)
_12171_/A                               0.750000    2.534795   -1.784795 (VIOLATED)
_15915_/A                               0.750000    2.534792   -1.784792 (VIOLATED)
_12183_/A                               0.750000    2.534765   -1.784765 (VIOLATED)
_12208_/A                               0.750000    2.534741   -1.784741 (VIOLATED)
_12266_/A                               0.750000    2.534699   -1.784699 (VIOLATED)
_12383_/A                               0.750000    2.534665   -1.784665 (VIOLATED)
_12560_/A                               0.750000    2.534629   -1.784629 (VIOLATED)
_15904_/A                               0.750000    2.534594   -1.784594 (VIOLATED)
_12658_/A                               0.750000    2.534579   -1.784579 (VIOLATED)
_13232_/A                               0.750000    2.534477   -1.784477 (VIOLATED)
_15872_/A                               0.750000    2.534425   -1.784425 (VIOLATED)
_13304_/A                               0.750000    2.534377   -1.784377 (VIOLATED)
_13432_/A                               0.750000    2.534337   -1.784337 (VIOLATED)
_13533_/A                               0.750000    2.534250   -1.784250 (VIOLATED)
_15815_/A                               0.750000    2.534242   -1.784242 (VIOLATED)
_15746_/A                               0.750000    2.534168   -1.784168 (VIOLATED)
_13706_/A                               0.750000    2.534148   -1.784148 (VIOLATED)
_11027_/A                               0.750000    2.534078   -1.784078 (VIOLATED)
_10913_/A                               0.750000    2.533919   -1.783919 (VIOLATED)
_10797_/A                               0.750000    2.533865   -1.783865 (VIOLATED)
_15563_/A                               0.750000    2.533821   -1.783821 (VIOLATED)
_10683_/A                               0.750000    2.533695   -1.783695 (VIOLATED)
_16028_/A                               0.750000    2.533656   -1.783656 (VIOLATED)
_10560_/A                               0.750000    2.533621   -1.783620 (VIOLATED)
_10443_/A                               0.750000    2.533543   -1.783543 (VIOLATED)
_16127_/A                               0.750000    2.533333   -1.783333 (VIOLATED)
_10329_/A                               0.750000    2.533322   -1.783322 (VIOLATED)
_10217_/A                               0.750000    2.533166   -1.783166 (VIOLATED)
_16841_/A                               0.750000    2.533155   -1.783156 (VIOLATED)
_09615_/A                               0.750000    2.532977   -1.782977 (VIOLATED)
_11768_/A                               0.750000    2.532826   -1.782826 (VIOLATED)
_09627_/A                               0.750000    2.532793   -1.782793 (VIOLATED)
_11647_/A                               0.750000    2.532617   -1.782617 (VIOLATED)
_09654_/A                               0.750000    2.532611   -1.782611 (VIOLATED)
_11443_/A                               0.750000    2.532470   -1.782470 (VIOLATED)
_09714_/A                               0.750000    2.532454   -1.782453 (VIOLATED)
_09828_/A                               0.750000    2.532358   -1.782358 (VIOLATED)
_11304_/A                               0.750000    2.532314   -1.782314 (VIOLATED)
_10003_/A                               0.750000    2.532282   -1.782282 (VIOLATED)
_11230_/A                               0.750000    2.532245   -1.782245 (VIOLATED)
_10103_/A                               0.750000    2.532216   -1.782216 (VIOLATED)
_11193_/A                               0.750000    2.532204   -1.782204 (VIOLATED)
_11798_/A                               0.750000    2.532172   -1.782172 (VIOLATED)
_11188_/A                               0.750000    2.532151   -1.782151 (VIOLATED)
_18500_/Q                               0.750000    2.532142   -1.782142 (VIOLATED)
_14266_/A                               0.750000    2.520304   -1.770304 (VIOLATED)
_14260_/A                               0.750000    2.520299   -1.770299 (VIOLATED)
_14301_/A                               0.750000    2.520301   -1.770301 (VIOLATED)
_15051_/A                               0.750000    2.520270   -1.770270 (VIOLATED)
_15151_/A                               0.750000    2.520227   -1.770227 (VIOLATED)
_15236_/A                               0.750000    2.520220   -1.770220 (VIOLATED)
_13097_/A                               0.750000    2.520216   -1.770216 (VIOLATED)
_12994_/A                               0.750000    2.520200   -1.770200 (VIOLATED)
_12887_/A                               0.750000    2.520161   -1.770161 (VIOLATED)
_12783_/A                               0.750000    2.520109   -1.770109 (VIOLATED)
_12230_/A                               0.750000    2.519925   -1.769925 (VIOLATED)
_12228_/A                               0.750000    2.519876   -1.769876 (VIOLATED)
_12244_/A                               0.750000    2.519826   -1.769826 (VIOLATED)
_12286_/A                               0.750000    2.519742   -1.769742 (VIOLATED)
_12403_/A                               0.750000    2.519671   -1.769671 (VIOLATED)
_12580_/A                               0.750000    2.519480   -1.769480 (VIOLATED)
_12678_/A                               0.750000    2.519284   -1.769284 (VIOLATED)
_13252_/A                               0.750000    2.519132   -1.769132 (VIOLATED)
_13324_/A                               0.750000    2.519027   -1.769027 (VIOLATED)
_13451_/A                               0.750000    2.518765   -1.768766 (VIOLATED)
_13552_/A                               0.750000    2.518503   -1.768504 (VIOLATED)
_13722_/A                               0.750000    2.518202   -1.768202 (VIOLATED)
_11048_/A                               0.750000    2.517993   -1.767993 (VIOLATED)
_10933_/A                               0.750000    2.517868   -1.767868 (VIOLATED)
_10817_/A                               0.750000    2.517591   -1.767590 (VIOLATED)
_10704_/A                               0.750000    2.517296   -1.767296 (VIOLATED)
_10581_/A                               0.750000    2.517022   -1.767022 (VIOLATED)
_10465_/A                               0.750000    2.516770   -1.766770 (VIOLATED)
_10350_/A                               0.750000    2.516523   -1.766523 (VIOLATED)
_10239_/A                               0.750000    2.516220   -1.766220 (VIOLATED)
_09679_/A                               0.750000    2.515925   -1.765925 (VIOLATED)
_09294_/A                               0.750000    2.515631   -1.765631 (VIOLATED)
_17241_/A                               0.750000    2.515622   -1.765622 (VIOLATED)
_17207_/A                               0.750000    2.515610   -1.765610 (VIOLATED)
_17166_/A                               0.750000    2.515601   -1.765601 (VIOLATED)
_16715_/A                               0.750000    2.515585   -1.765585 (VIOLATED)
_09671_/A                               0.750000    2.515574   -1.765574 (VIOLATED)
_16682_/A                               0.750000    2.515555   -1.765555 (VIOLATED)
_16485_/A                               0.750000    2.515534   -1.765534 (VIOLATED)
_16442_/A                               0.750000    2.515483   -1.765483 (VIOLATED)
_16395_/A                               0.750000    2.515455   -1.765455 (VIOLATED)
_16324_/A                               0.750000    2.515417   -1.765417 (VIOLATED)
_16266_/A                               0.750000    2.515354   -1.765354 (VIOLATED)
_15884_/A                               0.750000    2.515303   -1.765303 (VIOLATED)
_15826_/A                               0.750000    2.515244   -1.765245 (VIOLATED)
_15755_/A                               0.750000    2.515163   -1.765163 (VIOLATED)
_09692_/A                               0.750000    2.515134   -1.765134 (VIOLATED)
_15577_/A                               0.750000    2.515113   -1.765113 (VIOLATED)
_15588_/A                               0.750000    2.515065   -1.765065 (VIOLATED)
_15604_/A                               0.750000    2.515013   -1.765013 (VIOLATED)
_09733_/A                               0.750000    2.514954   -1.764954 (VIOLATED)
_16049_/A                               0.750000    2.514898   -1.764898 (VIOLATED)
_16146_/A                               0.750000    2.514798   -1.764798 (VIOLATED)
_09848_/A                               0.750000    2.514708   -1.764708 (VIOLATED)
_16855_/A                               0.750000    2.514582   -1.764582 (VIOLATED)
_10022_/A                               0.750000    2.514559   -1.764559 (VIOLATED)
_11737_/A                               0.750000    2.514450   -1.764450 (VIOLATED)
_10124_/A                               0.750000    2.514396   -1.764396 (VIOLATED)
_11619_/A                               0.750000    2.514342   -1.764342 (VIOLATED)
_11816_/A                               0.750000    2.514287   -1.764287 (VIOLATED)
_11418_/A                               0.750000    2.514263   -1.764263 (VIOLATED)
_11277_/A                               0.750000    2.514209   -1.764209 (VIOLATED)
_11242_/A                               0.750000    2.514149   -1.764149 (VIOLATED)
_11264_/A                               0.750000    2.514136   -1.764136 (VIOLATED)
_11251_/A                               0.750000    2.514095   -1.764095 (VIOLATED)
_18494_/Q                               0.750000    2.513983   -1.763982 (VIOLATED)
_17958_/Y                               0.750000    2.251460   -1.501460 (VIOLATED)
_17994_/A1                              0.750000    2.251460   -1.501460 (VIOLATED)
_17995_/A1                              0.750000    2.251460   -1.501460 (VIOLATED)
_18234_/A1                              0.750000    2.251460   -1.501460 (VIOLATED)
_18250_/B                               0.750000    2.251460   -1.501460 (VIOLATED)
_18252_/A                               0.750000    2.251460   -1.501460 (VIOLATED)
_18551_/CLK                             0.750000    2.053146   -1.303146 (VIOLATED)
_18553_/CLK                             0.750000    2.053138   -1.303138 (VIOLATED)
_18498_/CLK                             0.750000    2.053136   -1.303136 (VIOLATED)
_18502_/CLK                             0.750000    2.053123   -1.303123 (VIOLATED)
_18544_/CLK                             0.750000    2.053118   -1.303118 (VIOLATED)
_18556_/CLK                             0.750000    2.053106   -1.303106 (VIOLATED)
_18499_/CLK                             0.750000    2.053074   -1.303074 (VIOLATED)
_18548_/CLK                             0.750000    2.053046   -1.303046 (VIOLATED)
_18543_/CLK                             0.750000    2.053044   -1.303044 (VIOLATED)
_18557_/CLK                             0.750000    2.053022   -1.303022 (VIOLATED)
_18554_/CLK                             0.750000    2.053011   -1.303011 (VIOLATED)
_18599_/CLK                             0.750000    2.052979   -1.302979 (VIOLATED)
_18501_/CLK                             0.750000    2.052964   -1.302964 (VIOLATED)
_18550_/CLK                             0.750000    2.052925   -1.302925 (VIOLATED)
_18504_/CLK                             0.750000    2.052898   -1.302898 (VIOLATED)
_18604_/CLK                             0.750000    2.052877   -1.302877 (VIOLATED)
_18555_/CLK                             0.750000    2.052810   -1.302810 (VIOLATED)
_18547_/CLK                             0.750000    2.052709   -1.302709 (VIOLATED)
_18611_/CLK                             0.750000    2.052705   -1.302705 (VIOLATED)
_18608_/CLK                             0.750000    2.052687   -1.302687 (VIOLATED)
_18496_/CLK                             0.750000    2.052669   -1.302669 (VIOLATED)
_18473_/CLK                             0.750000    2.052557   -1.302557 (VIOLATED)
_18545_/CLK                             0.750000    2.052479   -1.302479 (VIOLATED)
_18500_/CLK                             0.750000    2.052310   -1.302310 (VIOLATED)
_18503_/CLK                             0.750000    2.052135   -1.302135 (VIOLATED)
_18552_/CLK                             0.750000    2.052124   -1.302124 (VIOLATED)
_18558_/CLK                             0.750000    2.052065   -1.302065 (VIOLATED)
_18546_/CLK                             0.750000    2.051949   -1.301949 (VIOLATED)
_18549_/CLK                             0.750000    2.051939   -1.301940 (VIOLATED)
_18495_/CLK                             0.750000    2.051915   -1.301915 (VIOLATED)
_18542_/CLK                             0.750000    2.051744   -1.301744 (VIOLATED)
_18541_/CLK                             0.750000    2.051734   -1.301734 (VIOLATED)
_18494_/CLK                             0.750000    2.051714   -1.301714 (VIOLATED)
_18497_/CLK                             0.750000    2.051669   -1.301669 (VIOLATED)
_18559_/CLK                             0.750000    2.050594   -1.300594 (VIOLATED)
_18562_/CLK                             0.750000    2.047944   -1.297944 (VIOLATED)
_18560_/CLK                             0.750000    2.047896   -1.297896 (VIOLATED)
_18561_/CLK                             0.750000    2.047876   -1.297876 (VIOLATED)
_18609_/CLK                             0.750000    2.037707   -1.287707 (VIOLATED)
_18610_/CLK                             0.750000    2.037238   -1.287238 (VIOLATED)
_18621_/CLK                             0.750000    2.036725   -1.286725 (VIOLATED)
_18606_/CLK                             0.750000    2.035744   -1.285744 (VIOLATED)
_18590_/CLK                             0.750000    2.035501   -1.285501 (VIOLATED)
_18601_/CLK                             0.750000    2.035065   -1.285066 (VIOLATED)
_18607_/CLK                             0.750000    2.034579   -1.284579 (VIOLATED)
_18617_/CLK                             0.750000    2.034211   -1.284211 (VIOLATED)
_18614_/CLK                             0.750000    2.034189   -1.284190 (VIOLATED)
_18615_/CLK                             0.750000    2.034190   -1.284190 (VIOLATED)
_18540_/CLK                             0.750000    2.029425   -1.279425 (VIOLATED)
_18539_/CLK                             0.750000    2.024939   -1.274939 (VIOLATED)
_18538_/CLK                             0.750000    2.023031   -1.273031 (VIOLATED)
_18632_/CLK                             0.750000    2.021809   -1.271809 (VIOLATED)
_18624_/CLK                             0.750000    2.021092   -1.271092 (VIOLATED)
_18536_/CLK                             0.750000    2.020422   -1.270423 (VIOLATED)
_18629_/CLK                             0.750000    2.019479   -1.269479 (VIOLATED)
_18619_/CLK                             0.750000    2.018963   -1.268963 (VIOLATED)
_18491_/CLK                             0.750000    2.018395   -1.268395 (VIOLATED)
_18535_/CLK                             0.750000    2.018094   -1.268094 (VIOLATED)
_18492_/CLK                             0.750000    2.018090   -1.268090 (VIOLATED)
_18493_/CLK                             0.750000    2.018083   -1.268083 (VIOLATED)
_18585_/CLK                             0.750000    2.017730   -1.267730 (VIOLATED)
_18489_/CLK                             0.750000    2.017155   -1.267155 (VIOLATED)
_18583_/CLK                             0.750000    2.016575   -1.266575 (VIOLATED)
_18579_/CLK                             0.750000    2.016070   -1.266070 (VIOLATED)
_18534_/CLK                             0.750000    2.016064   -1.266065 (VIOLATED)
_18580_/CLK                             0.750000    2.015992   -1.265992 (VIOLATED)
_18582_/CLK                             0.750000    2.015369   -1.265369 (VIOLATED)
_18587_/CLK                             0.750000    2.014642   -1.264642 (VIOLATED)
_18479_/CLK                             0.750000    2.014063   -1.264063 (VIOLATED)
_18623_/CLK                             0.750000    2.013986   -1.263986 (VIOLATED)
_18487_/CLK                             0.750000    2.013978   -1.263978 (VIOLATED)
_18537_/CLK                             0.750000    2.013968   -1.263968 (VIOLATED)
_18581_/CLK                             0.750000    2.013960   -1.263960 (VIOLATED)
_18486_/CLK                             0.750000    2.013937   -1.263937 (VIOLATED)
_18533_/CLK                             0.750000    2.013913   -1.263913 (VIOLATED)
_18586_/CLK                             0.750000    2.013888   -1.263888 (VIOLATED)
_18584_/CLK                             0.750000    2.013882   -1.263882 (VIOLATED)
_18578_/CLK                             0.750000    2.013863   -1.263863 (VIOLATED)
_18577_/CLK                             0.750000    2.013805   -1.263805 (VIOLATED)
_18481_/CLK                             0.750000    2.013795   -1.263795 (VIOLATED)
_18575_/CLK                             0.750000    2.013458   -1.263458 (VIOLATED)
_18565_/CLK                             0.750000    2.013071   -1.263071 (VIOLATED)
_18483_/CLK                             0.750000    2.013066   -1.263066 (VIOLATED)
_18569_/CLK                             0.750000    2.013066   -1.263066 (VIOLATED)
_18566_/CLK                             0.750000    2.013063   -1.263063 (VIOLATED)
_18563_/CLK                             0.750000    2.013057   -1.263057 (VIOLATED)
_18564_/CLK                             0.750000    2.013057   -1.263057 (VIOLATED)
_18568_/CLK                             0.750000    2.013057   -1.263057 (VIOLATED)
_18490_/CLK                             0.750000    2.013048   -1.263049 (VIOLATED)
_18567_/CLK                             0.750000    2.013047   -1.263047 (VIOLATED)
_18628_/CLK                             0.750000    2.013041   -1.263041 (VIOLATED)
_18630_/CLK                             0.750000    2.013031   -1.263031 (VIOLATED)
_18622_/CLK                             0.750000    2.013026   -1.263026 (VIOLATED)
_18484_/CLK                             0.750000    2.013024   -1.263024 (VIOLATED)
_18505_/CLK                             0.750000    2.013016   -1.263016 (VIOLATED)
_18480_/CLK                             0.750000    2.013008   -1.263008 (VIOLATED)
_18482_/CLK                             0.750000    2.013001   -1.263001 (VIOLATED)
_18612_/CLK                             0.750000    2.012968   -1.262968 (VIOLATED)
_18488_/CLK                             0.750000    2.012965   -1.262965 (VIOLATED)
_18626_/CLK                             0.750000    2.012963   -1.262963 (VIOLATED)
_18485_/CLK                             0.750000    2.012958   -1.262958 (VIOLATED)
_18616_/CLK                             0.750000    2.012948   -1.262948 (VIOLATED)
_18532_/CLK                             0.750000    2.012947   -1.262947 (VIOLATED)
_18618_/CLK                             0.750000    2.012946   -1.262946 (VIOLATED)
_18625_/CLK                             0.750000    2.012922   -1.262922 (VIOLATED)
_18634_/CLK                             0.750000    2.012919   -1.262919 (VIOLATED)
_18627_/CLK                             0.750000    2.012897   -1.262897 (VIOLATED)
_18477_/CLK                             0.750000    2.012894   -1.262894 (VIOLATED)
_18530_/CLK                             0.750000    2.012881   -1.262881 (VIOLATED)
_18571_/CLK                             0.750000    2.012838   -1.262838 (VIOLATED)
_18602_/CLK                             0.750000    2.012802   -1.262802 (VIOLATED)
_18620_/CLK                             0.750000    2.012751   -1.262751 (VIOLATED)
_18475_/CLK                             0.750000    2.012744   -1.262744 (VIOLATED)
_18570_/CLK                             0.750000    2.012727   -1.262727 (VIOLATED)
_18633_/CLK                             0.750000    2.012702   -1.262702 (VIOLATED)
_18574_/CLK                             0.750000    2.012690   -1.262690 (VIOLATED)
_18631_/CLK                             0.750000    2.012634   -1.262634 (VIOLATED)
_18476_/CLK                             0.750000    2.012592   -1.262592 (VIOLATED)
_18474_/CLK                             0.750000    2.012589   -1.262589 (VIOLATED)
_18527_/CLK                             0.750000    2.012368   -1.262369 (VIOLATED)
_18635_/CLK                             0.750000    2.012110   -1.262110 (VIOLATED)
_18573_/CLK                             0.750000    2.012104   -1.262104 (VIOLATED)
_18576_/CLK                             0.750000    2.012105   -1.262105 (VIOLATED)
_18531_/CLK                             0.750000    2.011956   -1.261956 (VIOLATED)
_18478_/CLK                             0.750000    2.011843   -1.261843 (VIOLATED)
_18572_/CLK                             0.750000    2.011555   -1.261555 (VIOLATED)
_18526_/CLK                             0.750000    2.010527   -1.260527 (VIOLATED)
_18525_/CLK                             0.750000    2.009559   -1.259559 (VIOLATED)
_18529_/CLK                             0.750000    2.008669   -1.258669 (VIOLATED)
_18528_/CLK                             0.750000    2.002866   -1.252866 (VIOLATED)
_18511_/CLK                             0.750000    1.994766   -1.244766 (VIOLATED)
_18516_/CLK                             0.750000    1.990850   -1.240850 (VIOLATED)
_18596_/CLK                             0.750000    1.990842   -1.240842 (VIOLATED)
_18592_/CLK                             0.750000    1.990839   -1.240839 (VIOLATED)
_18519_/CLK                             0.750000    1.990833   -1.240833 (VIOLATED)
_18593_/CLK                             0.750000    1.990833   -1.240833 (VIOLATED)
_18605_/CLK                             0.750000    1.990831   -1.240831 (VIOLATED)
_18613_/CLK                             0.750000    1.990832   -1.240832 (VIOLATED)
_18600_/CLK                             0.750000    1.990829   -1.240829 (VIOLATED)
_18594_/CLK                             0.750000    1.990828   -1.240828 (VIOLATED)
_18595_/CLK                             0.750000    1.990825   -1.240825 (VIOLATED)
_18603_/CLK                             0.750000    1.990825   -1.240825 (VIOLATED)
_18588_/CLK                             0.750000    1.990821   -1.240821 (VIOLATED)
_18589_/CLK                             0.750000    1.990819   -1.240819 (VIOLATED)
_18591_/CLK                             0.750000    1.990808   -1.240808 (VIOLATED)
_18598_/CLK                             0.750000    1.990793   -1.240793 (VIOLATED)
_18514_/CLK                             0.750000    1.990791   -1.240791 (VIOLATED)
_18515_/CLK                             0.750000    1.990792   -1.240792 (VIOLATED)
_18597_/CLK                             0.750000    1.990790   -1.240790 (VIOLATED)
_18517_/CLK                             0.750000    1.990789   -1.240789 (VIOLATED)
_18520_/CLK                             0.750000    1.990785   -1.240785 (VIOLATED)
_18509_/CLK                             0.750000    1.990776   -1.240776 (VIOLATED)
_18521_/CLK                             0.750000    1.990776   -1.240776 (VIOLATED)
_18513_/CLK                             0.750000    1.990773   -1.240773 (VIOLATED)
_18518_/CLK                             0.750000    1.990735   -1.240735 (VIOLATED)
_18524_/CLK                             0.750000    1.990695   -1.240695 (VIOLATED)
_18510_/CLK                             0.750000    1.990683   -1.240683 (VIOLATED)
_18506_/CLK                             0.750000    1.990679   -1.240679 (VIOLATED)
_18522_/CLK                             0.750000    1.990648   -1.240648 (VIOLATED)
_18523_/CLK                             0.750000    1.990638   -1.240638 (VIOLATED)
_18507_/CLK                             0.750000    1.990627   -1.240627 (VIOLATED)
_18512_/CLK                             0.750000    1.990628   -1.240628 (VIOLATED)
_18508_/CLK                             0.750000    1.990616   -1.240616 (VIOLATED)
clk                                     0.750000    1.990379   -1.240379 (VIOLATED)
_09324_/C                               0.750000    1.884792   -1.134792 (VIOLATED)
_09463_/A                               0.750000    1.884793   -1.134793 (VIOLATED)
_09505_/A                               0.750000    1.884791   -1.134791 (VIOLATED)
_09509_/B                               0.750000    1.884791   -1.134791 (VIOLATED)
_09560_/B                               0.750000    1.884791   -1.134791 (VIOLATED)
_09556_/A                               0.750000    1.884790   -1.134790 (VIOLATED)
_09338_/B                               0.750000    1.884788   -1.134788 (VIOLATED)
_09435_/A                               0.750000    1.884788   -1.134788 (VIOLATED)
_17681_/B                               0.750000    1.884784   -1.134784 (VIOLATED)
_09411_/A                               0.750000    1.884780   -1.134780 (VIOLATED)
_17696_/A                               0.750000    1.884778   -1.134778 (VIOLATED)
_17811_/B1                              0.750000    1.884779   -1.134779 (VIOLATED)
_17812_/A1                              0.750000    1.884779   -1.134779 (VIOLATED)
_17713_/A                               0.750000    1.884776   -1.134776 (VIOLATED)
_17717_/B                               0.750000    1.884772   -1.134772 (VIOLATED)
_17614_/A                               0.750000    1.884771   -1.134771 (VIOLATED)
_17733_/B                               0.750000    1.884766   -1.134766 (VIOLATED)
_17609_/B                               0.750000    1.884763   -1.134763 (VIOLATED)
_17486_/A                               0.750000    1.884762   -1.134762 (VIOLATED)
_17566_/A                               0.750000    1.884759   -1.134759 (VIOLATED)
_09322_/Y                               0.750000    1.884756   -1.134756 (VIOLATED)
_17468_/B                               0.750000    1.884756   -1.134756 (VIOLATED)
_18421_/B1                              0.750000    1.813549   -1.063549 (VIOLATED)
_18425_/B1                              0.750000    1.813549   -1.063549 (VIOLATED)
_18422_/B1                              0.750000    1.813546   -1.063546 (VIOLATED)
_18429_/B1                              0.750000    1.813546   -1.063546 (VIOLATED)
_18434_/B1                              0.750000    1.813546   -1.063546 (VIOLATED)
_18423_/B1                              0.750000    1.813543   -1.063544 (VIOLATED)
_18424_/B1                              0.750000    1.813544   -1.063544 (VIOLATED)
_18416_/B1                              0.750000    1.813535   -1.063535 (VIOLATED)
_18420_/B1                              0.750000    1.813532   -1.063532 (VIOLATED)
_18426_/B1                              0.750000    1.813532   -1.063532 (VIOLATED)
_18428_/B1                              0.750000    1.813532   -1.063532 (VIOLATED)
_18433_/B1                              0.750000    1.813531   -1.063531 (VIOLATED)
_18442_/A                               0.750000    1.813531   -1.063531 (VIOLATED)
_18438_/B1_N                            0.750000    1.813529   -1.063529 (VIOLATED)
_18397_/A                               0.750000    1.813527   -1.063527 (VIOLATED)
_18427_/B1                              0.750000    1.813518   -1.063518 (VIOLATED)
_18417_/B1                              0.750000    1.813505   -1.063505 (VIOLATED)
_18432_/B1                              0.750000    1.813506   -1.063506 (VIOLATED)
_18419_/A                               0.750000    1.813503   -1.063503 (VIOLATED)
_18439_/B1                              0.750000    1.813503   -1.063503 (VIOLATED)
_18444_/B1                              0.750000    1.813503   -1.063503 (VIOLATED)
_18430_/B1                              0.750000    1.813501   -1.063501 (VIOLATED)
_18436_/A                               0.750000    1.813502   -1.063502 (VIOLATED)
_18440_/B1                              0.750000    1.813495   -1.063495 (VIOLATED)
_18437_/B1                              0.750000    1.813492   -1.063492 (VIOLATED)
_18453_/B1                              0.750000    1.813487   -1.063487 (VIOLATED)
_18449_/A                               0.750000    1.813466   -1.063466 (VIOLATED)
_18445_/B1                              0.750000    1.813454   -1.063454 (VIOLATED)
_18446_/B1                              0.750000    1.813429   -1.063429 (VIOLATED)
_18399_/A                               0.750000    1.813377   -1.063377 (VIOLATED)
_18401_/A                               0.750000    1.813376   -1.063376 (VIOLATED)
_18402_/B1                              0.750000    1.813376   -1.063376 (VIOLATED)
_18403_/B1                              0.750000    1.813375   -1.063375 (VIOLATED)
_18404_/B1                              0.750000    1.813375   -1.063375 (VIOLATED)
_18405_/B1                              0.750000    1.813375   -1.063375 (VIOLATED)
_18406_/B1                              0.750000    1.813373   -1.063373 (VIOLATED)
_18415_/B1                              0.750000    1.813372   -1.063372 (VIOLATED)
_18452_/B1                              0.750000    1.813369   -1.063369 (VIOLATED)
_18459_/B1                              0.750000    1.813369   -1.063369 (VIOLATED)
_18467_/A                               0.750000    1.813370   -1.063370 (VIOLATED)
_18471_/A                               0.750000    1.813370   -1.063370 (VIOLATED)
_18472_/B1                              0.750000    1.813369   -1.063369 (VIOLATED)
_18410_/B1                              0.750000    1.813367   -1.063367 (VIOLATED)
_18458_/B1                              0.750000    1.813367   -1.063367 (VIOLATED)
_18443_/B1                              0.750000    1.813365   -1.063365 (VIOLATED)
_18450_/B1                              0.750000    1.813365   -1.063365 (VIOLATED)
_18431_/B1                              0.750000    1.813363   -1.063363 (VIOLATED)
_18460_/B1                              0.750000    1.813362   -1.063362 (VIOLATED)
_18408_/B1                              0.750000    1.813360   -1.063360 (VIOLATED)
_18409_/B1                              0.750000    1.813361   -1.063361 (VIOLATED)
_18412_/B1                              0.750000    1.813360   -1.063360 (VIOLATED)
_18407_/B1                              0.750000    1.813359   -1.063359 (VIOLATED)
_18414_/B1                              0.750000    1.813359   -1.063359 (VIOLATED)
_18447_/B1                              0.750000    1.813358   -1.063358 (VIOLATED)
_18411_/B1                              0.750000    1.813353   -1.063353 (VIOLATED)
_18455_/A                               0.750000    1.813349   -1.063349 (VIOLATED)
_18465_/A                               0.750000    1.813344   -1.063344 (VIOLATED)
_18456_/B1                              0.750000    1.813339   -1.063339 (VIOLATED)
_18462_/A                               0.750000    1.813336   -1.063336 (VIOLATED)
_18413_/B1                              0.750000    1.813332   -1.063332 (VIOLATED)
_18451_/B1                              0.750000    1.813331   -1.063331 (VIOLATED)
_18463_/B1                              0.750000    1.813328   -1.063328 (VIOLATED)
_18457_/B1                              0.750000    1.813300   -1.063300 (VIOLATED)
_18469_/A                               0.750000    1.813288   -1.063288 (VIOLATED)
_18390_/X                               0.750000    1.813277   -1.063277 (VIOLATED)
_09612_/A_N                             0.750000    1.803727   -1.053727 (VIOLATED)
_13038_/B                               0.750000    1.803721   -1.053721 (VIOLATED)
_09608_/B                               0.750000    1.803719   -1.053719 (VIOLATED)
_12828_/B                               0.750000    1.803719   -1.053719 (VIOLATED)
_12829_/B                               0.750000    1.803707   -1.053707 (VIOLATED)
_10214_/B                               0.750000    1.803702   -1.053702 (VIOLATED)
_12447_/B                               0.750000    1.803683   -1.053683 (VIOLATED)
_12336_/B                               0.750000    1.803662   -1.053662 (VIOLATED)
_10445_/B                               0.750000    1.803660   -1.053660 (VIOLATED)
_12334_/B                               0.750000    1.803650   -1.053650 (VIOLATED)
_10444_/B                               0.750000    1.803636   -1.053636 (VIOLATED)
_10683_/B                               0.750000    1.803619   -1.053619 (VIOLATED)
_10806_/B                               0.750000    1.803574   -1.053574 (VIOLATED)
_10805_/B                               0.750000    1.803532   -1.053532 (VIOLATED)
_12352_/B                               0.750000    1.803522   -1.053522 (VIOLATED)
_11038_/B                               0.750000    1.803490   -1.053490 (VIOLATED)
_12425_/B                               0.750000    1.803482   -1.053482 (VIOLATED)
_12424_/B                               0.750000    1.803470   -1.053470 (VIOLATED)
_13149_/B                               0.750000    1.803416   -1.053416 (VIOLATED)
_13554_/B                               0.750000    1.803412   -1.053412 (VIOLATED)
_13148_/B                               0.750000    1.803411   -1.053411 (VIOLATED)
_15173_/B                               0.750000    1.803384   -1.053384 (VIOLATED)
_12685_/B                               0.750000    1.803381   -1.053381 (VIOLATED)
_13553_/B                               0.750000    1.803355   -1.053355 (VIOLATED)
_15042_/B1                              0.750000    1.803355   -1.053355 (VIOLATED)
_13556_/A2                              0.750000    1.803350   -1.053350 (VIOLATED)
_14336_/B                               0.750000    1.803349   -1.053349 (VIOLATED)
_14335_/B                               0.750000    1.803339   -1.053339 (VIOLATED)
_13555_/B                               0.750000    1.803328   -1.053328 (VIOLATED)
_13262_/B                               0.750000    1.803325   -1.053325 (VIOLATED)
_14337_/A2                              0.750000    1.803325   -1.053325 (VIOLATED)
_13261_/B                               0.750000    1.803290   -1.053290 (VIOLATED)
_14060_/B                               0.750000    1.803265   -1.053265 (VIOLATED)
_13451_/B                               0.750000    1.803253   -1.053253 (VIOLATED)
_14078_/D                               0.750000    1.803205   -1.053205 (VIOLATED)
_14079_/B1                              0.750000    1.803193   -1.053193 (VIOLATED)
_14216_/C                               0.750000    1.803073   -1.053073 (VIOLATED)
_14224_/A2                              0.750000    1.803068   -1.053068 (VIOLATED)
_18524_/Q                               0.750000    1.802798   -1.052798 (VIOLATED)
_13143_/B                               0.750000    1.768765   -1.018765 (VIOLATED)
_12931_/B                               0.750000    1.768758   -1.018758 (VIOLATED)
_12932_/B                               0.750000    1.768744   -1.018744 (VIOLATED)
_12820_/B                               0.750000    1.768716   -1.018716 (VIOLATED)
_12335_/B                               0.750000    1.768688   -1.018688 (VIOLATED)
_12337_/B                               0.750000    1.768657   -1.018657 (VIOLATED)
_12318_/B                               0.750000    1.768518   -1.018518 (VIOLATED)
_12353_/B                               0.750000    1.768475   -1.018475 (VIOLATED)
_12354_/B                               0.750000    1.768452   -1.018452 (VIOLATED)
_09607_/A                               0.750000    1.768448   -1.018448 (VIOLATED)
_10213_/B                               0.750000    1.768445   -1.018445 (VIOLATED)
_10326_/B                               0.750000    1.768418   -1.018418 (VIOLATED)
_10562_/B                               0.750000    1.768394   -1.018394 (VIOLATED)
_10561_/B                               0.750000    1.768382   -1.018382 (VIOLATED)
_12587_/B                               0.750000    1.768363   -1.018363 (VIOLATED)
_10797_/B                               0.750000    1.768349   -1.018349 (VIOLATED)
_10922_/B                               0.750000    1.768311   -1.018311 (VIOLATED)
_12687_/B                               0.750000    1.768295   -1.018295 (VIOLATED)
_10921_/B                               0.750000    1.768271   -1.018271 (VIOLATED)
_12686_/B                               0.750000    1.768232   -1.018232 (VIOLATED)
_13713_/B                               0.750000    1.768217   -1.018217 (VIOLATED)
_13556_/B1                              0.750000    1.768140   -1.018140 (VIOLATED)
_13324_/B                               0.750000    1.768108   -1.018108 (VIOLATED)
_13452_/B                               0.750000    1.768090   -1.018090 (VIOLATED)
_13454_/A2                              0.750000    1.768087   -1.018087 (VIOLATED)
_13453_/B                               0.750000    1.768062   -1.018062 (VIOLATED)
_15174_/B                               0.750000    1.767904   -1.017904 (VIOLATED)
_15175_/B                               0.750000    1.767892   -1.017892 (VIOLATED)
_15099_/B                               0.750000    1.767881   -1.017881 (VIOLATED)
_14063_/B                               0.750000    1.767859   -1.017859 (VIOLATED)
_14337_/B1                              0.750000    1.767857   -1.017858 (VIOLATED)
_14061_/B                               0.750000    1.767851   -1.017851 (VIOLATED)
_14064_/B                               0.750000    1.767815   -1.017815 (VIOLATED)
_14069_/B                               0.750000    1.767770   -1.017770 (VIOLATED)
_14216_/D                               0.750000    1.767677   -1.017677 (VIOLATED)
_14224_/B1                              0.750000    1.767673   -1.017673 (VIOLATED)
_14413_/A2                              0.750000    1.767641   -1.017641 (VIOLATED)
_14405_/C                               0.750000    1.767639   -1.017639 (VIOLATED)
_18523_/Q                               0.750000    1.767471   -1.017471 (VIOLATED)
_11181_/A_N                             0.750000    1.723733   -0.973733 (VIOLATED)
_11177_/B                               0.750000    1.723716   -0.973716 (VIOLATED)
_10106_/B                               0.750000    1.723675   -0.973675 (VIOLATED)
_10006_/B1                              0.750000    1.723566   -0.973566 (VIOLATED)
_09829_/B                               0.750000    1.723458   -0.973458 (VIOLATED)
_09831_/A2                              0.750000    1.723439   -0.973439 (VIOLATED)
_09830_/B                               0.750000    1.723381   -0.973381 (VIOLATED)
_09714_/B                               0.750000    1.723241   -0.973242 (VIOLATED)
_09642_/B                               0.750000    1.722822   -0.972822 (VIOLATED)
_09643_/B                               0.750000    1.722435   -0.972435 (VIOLATED)
_09638_/B                               0.750000    1.722212   -0.972212 (VIOLATED)
_10238_/B                               0.750000    1.721970   -0.971970 (VIOLATED)
_10237_/B                               0.750000    1.721543   -0.971543 (VIOLATED)
_10465_/B                               0.750000    1.721329   -0.971329 (VIOLATED)
_10593_/B                               0.750000    1.720974   -0.970974 (VIOLATED)
_10592_/B                               0.750000    1.720701   -0.970701 (VIOLATED)
_10831_/B                               0.750000    1.720458   -0.970458 (VIOLATED)
_10950_/B                               0.750000    1.720176   -0.970176 (VIOLATED)
_10949_/B                               0.750000    1.719642   -0.969642 (VIOLATED)
_13737_/B                               0.750000    1.719362   -0.969362 (VIOLATED)
_13592_/B1                              0.750000    1.718183   -0.968183 (VIOLATED)
_13484_/B                               0.750000    1.717973   -0.967973 (VIOLATED)
_13485_/A2                              0.750000    1.717879   -0.967879 (VIOLATED)
_13483_/B                               0.750000    1.717876   -0.967876 (VIOLATED)
_13356_/B                               0.750000    1.717678   -0.967678 (VIOLATED)
_12705_/B                               0.750000    1.717101   -0.967102 (VIOLATED)
_12706_/B                               0.750000    1.716783   -0.966783 (VIOLATED)
_12607_/B                               0.750000    1.716266   -0.966266 (VIOLATED)
_12495_/B                               0.750000    1.715554   -0.965554 (VIOLATED)
_12496_/B                               0.750000    1.715425   -0.965426 (VIOLATED)
_12467_/B                               0.750000    1.715177   -0.965177 (VIOLATED)
_12513_/B                               0.750000    1.714756   -0.964756 (VIOLATED)
_12512_/B                               0.750000    1.714654   -0.964654 (VIOLATED)
_12953_/B                               0.750000    1.714328   -0.964328 (VIOLATED)
_13157_/B                               0.750000    1.714129   -0.964129 (VIOLATED)
_15286_/C                               0.750000    1.714125   -0.964125 (VIOLATED)
_13158_/D                               0.750000    1.714121   -0.964121 (VIOLATED)
_13168_/B1                              0.750000    1.714117   -0.964117 (VIOLATED)
_18532_/Q                               0.750000    1.713778   -0.963778 (VIOLATED)
_10212_/A_N                             0.750000    1.694686   -0.944686 (VIOLATED)
_10325_/B                               0.750000    1.694678   -0.944678 (VIOLATED)
_10440_/B                               0.750000    1.694660   -0.944660 (VIOLATED)
_10685_/B                               0.750000    1.694641   -0.944641 (VIOLATED)
_13036_/B                               0.750000    1.694612   -0.944612 (VIOLATED)
_10684_/B                               0.750000    1.694602   -0.944602 (VIOLATED)
_13037_/B                               0.750000    1.694603   -0.944603 (VIOLATED)
_10913_/B                               0.750000    1.694589   -0.944589 (VIOLATED)
_12923_/B                               0.750000    1.694588   -0.944588 (VIOLATED)
_12445_/B                               0.750000    1.694565   -0.944565 (VIOLATED)
_12446_/B                               0.750000    1.694541   -0.944541 (VIOLATED)
_11037_/B                               0.750000    1.694517   -0.944517 (VIOLATED)
_11036_/B                               0.750000    1.694463   -0.944463 (VIOLATED)
_12304_/B                               0.750000    1.694439   -0.944439 (VIOLATED)
_13543_/B                               0.750000    1.694402   -0.944402 (VIOLATED)
_12320_/B                               0.750000    1.694373   -0.944373 (VIOLATED)
_12319_/B                               0.750000    1.694354   -0.944354 (VIOLATED)
_13454_/B1                              0.750000    1.694342   -0.944342 (VIOLATED)
_13326_/B                               0.750000    1.694338   -0.944338 (VIOLATED)
_13325_/B                               0.750000    1.694293   -0.944293 (VIOLATED)
_12410_/B                               0.750000    1.694288   -0.944288 (VIOLATED)
_12589_/B                               0.750000    1.694255   -0.944255 (VIOLATED)
_13327_/B                               0.750000    1.694217   -0.944217 (VIOLATED)
_12588_/B                               0.750000    1.694206   -0.944206 (VIOLATED)
_13252_/B                               0.750000    1.694181   -0.944181 (VIOLATED)
_15272_/B                               0.750000    1.694016   -0.944016 (VIOLATED)
_15100_/B                               0.750000    1.693993   -0.943993 (VIOLATED)
_15101_/B                               0.750000    1.693984   -0.943984 (VIOLATED)
_14318_/B                               0.750000    1.693981   -0.943981 (VIOLATED)
_14065_/B                               0.750000    1.693949   -0.943949 (VIOLATED)
_14062_/B                               0.750000    1.693936   -0.943936 (VIOLATED)
_14076_/B                               0.750000    1.693890   -0.943890 (VIOLATED)
_14405_/D                               0.750000    1.693823   -0.943823 (VIOLATED)
_14413_/B1                              0.750000    1.693823   -0.943824 (VIOLATED)
_14468_/C                               0.750000    1.693806   -0.943806 (VIOLATED)
_14404_/B                               0.750000    1.693783   -0.943783 (VIOLATED)
_18522_/Q                               0.750000    1.693645   -0.943645 (VIOLATED)
_11650_/A_N                             0.750000    1.659889   -0.909889 (VIOLATED)
_11447_/B                               0.750000    1.659861   -0.909861 (VIOLATED)
_11306_/B                               0.750000    1.659780   -0.909780 (VIOLATED)
_11191_/B                               0.750000    1.659736   -0.909736 (VIOLATED)
_11192_/B                               0.750000    1.659616   -0.909616 (VIOLATED)
_11188_/B                               0.750000    1.659405   -0.909405 (VIOLATED)
_10116_/B                               0.750000    1.659129   -0.909129 (VIOLATED)
_10117_/B                               0.750000    1.658701   -0.908701 (VIOLATED)
_10013_/B                               0.750000    1.658677   -0.908678 (VIOLATED)
_09735_/B                               0.750000    1.658611   -0.908611 (VIOLATED)
_09851_/B1                              0.750000    1.658565   -0.908565 (VIOLATED)
_09734_/B                               0.750000    1.658307   -0.908307 (VIOLATED)
_09736_/A2                              0.750000    1.658124   -0.908124 (VIOLATED)
_09737_/A2                              0.750000    1.658020   -0.908020 (VIOLATED)
_09692_/B                               0.750000    1.657788   -0.907788 (VIOLATED)
_09686_/B1                              0.750000    1.657128   -0.907128 (VIOLATED)
_09685_/B                               0.750000    1.656858   -0.906858 (VIOLATED)
_10251_/B                               0.750000    1.656284   -0.906284 (VIOLATED)
_10367_/B                               0.750000    1.655407   -0.905407 (VIOLATED)
_10366_/B                               0.750000    1.655227   -0.905227 (VIOLATED)
_10599_/B                               0.750000    1.655063   -0.905063 (VIOLATED)
_10736_/B                               0.750000    1.654533   -0.904533 (VIOLATED)
_10737_/B                               0.750000    1.654508   -0.904508 (VIOLATED)
_10966_/B                               0.750000    1.654191   -0.904191 (VIOLATED)
_11094_/B                               0.750000    1.653386   -0.903386 (VIOLATED)
_11093_/B                               0.750000    1.653016   -0.903016 (VIOLATED)
_13582_/B                               0.750000    1.652474   -0.902474 (VIOLATED)
_13404_/B                               0.750000    1.652062   -0.902062 (VIOLATED)
_13405_/B                               0.750000    1.651495   -0.901495 (VIOLATED)
_13374_/B                               0.750000    1.651092   -0.901092 (VIOLATED)
_12149_/B                               0.750000    1.650784   -0.900784 (VIOLATED)
_12746_/B1                              0.750000    1.650782   -0.900782 (VIOLATED)
_12146_/B                               0.750000    1.650601   -0.900601 (VIOLATED)
_12151_/A2                              0.750000    1.650565   -0.900565 (VIOLATED)
_12155_/B                               0.750000    1.650470   -0.900470 (VIOLATED)
_12502_/D                               0.750000    1.649812   -0.899812 (VIOLATED)
_12503_/B1                              0.750000    1.649781   -0.899781 (VIOLATED)
_12501_/B                               0.750000    1.649564   -0.899564 (VIOLATED)
_18537_/Q                               0.750000    1.649394   -0.899394 (VIOLATED)
_11197_/A_N                             0.750000    1.645069   -0.895069 (VIOLATED)
_11182_/B                               0.750000    1.645065   -0.895065 (VIOLATED)
_11178_/B                               0.750000    1.645039   -0.895039 (VIOLATED)
_10102_/B1                              0.750000    1.644979   -0.894979 (VIOLATED)
_10004_/B                               0.750000    1.644894   -0.894894 (VIOLATED)
_10006_/A2                              0.750000    1.644877   -0.894877 (VIOLATED)
_10005_/B                               0.750000    1.644842   -0.894842 (VIOLATED)
_09828_/B                               0.750000    1.644712   -0.894712 (VIOLATED)
_09664_/B                               0.750000    1.644353   -0.894353 (VIOLATED)
_09665_/B                               0.750000    1.644118   -0.894118 (VIOLATED)
_09641_/B                               0.750000    1.643824   -0.893824 (VIOLATED)
_09678_/B                               0.750000    1.643623   -0.893623 (VIOLATED)
_09677_/B                               0.750000    1.643364   -0.893364 (VIOLATED)
_10350_/B                               0.750000    1.643029   -0.893029 (VIOLATED)
_10479_/B                               0.750000    1.642709   -0.892709 (VIOLATED)
_10478_/B                               0.750000    1.642488   -0.892488 (VIOLATED)
_10717_/B                               0.750000    1.642249   -0.892249 (VIOLATED)
_10835_/B                               0.750000    1.641905   -0.891905 (VIOLATED)
_10834_/B                               0.750000    1.641780   -0.891780 (VIOLATED)
_11066_/B                               0.750000    1.641434   -0.891434 (VIOLATED)
_13590_/B                               0.750000    1.640746   -0.890746 (VIOLATED)
_13589_/B                               0.750000    1.640401   -0.890401 (VIOLATED)
_13592_/A2                              0.750000    1.640065   -0.890065 (VIOLATED)
_13591_/B                               0.750000    1.640006   -0.890006 (VIOLATED)
_13482_/B                               0.750000    1.639925   -0.889925 (VIOLATED)
_13281_/B                               0.750000    1.639678   -0.889678 (VIOLATED)
_13282_/B                               0.750000    1.639207   -0.889207 (VIOLATED)
_12704_/B                               0.750000    1.638902   -0.888902 (VIOLATED)
_12534_/B                               0.750000    1.638192   -0.888192 (VIOLATED)
_12535_/B                               0.750000    1.638098   -0.888098 (VIOLATED)
_12494_/B                               0.750000    1.637963   -0.887963 (VIOLATED)
_12507_/B                               0.750000    1.637698   -0.887698 (VIOLATED)
_12506_/B                               0.750000    1.637595   -0.887595 (VIOLATED)
_12848_/B                               0.750000    1.637514   -0.887514 (VIOLATED)
_13053_/D                               0.750000    1.637392   -0.887392 (VIOLATED)
_13061_/B1                              0.750000    1.637392   -0.887392 (VIOLATED)
_13158_/C                               0.750000    1.637392   -0.887392 (VIOLATED)
_13168_/A2                              0.750000    1.637392   -0.887392 (VIOLATED)
_18533_/Q                               0.750000    1.637392   -0.887392 (VIOLATED)
_10107_/A_N                             0.750000    1.634782   -0.884782 (VIOLATED)
_10001_/B                               0.750000    1.634760   -0.884760 (VIOLATED)
_09824_/B                               0.750000    1.634727   -0.884727 (VIOLATED)
_09655_/B                               0.750000    1.634670   -0.884670 (VIOLATED)
_09656_/B                               0.750000    1.634491   -0.884491 (VIOLATED)
_09627_/B                               0.750000    1.634372   -0.884372 (VIOLATED)
_09637_/B                               0.750000    1.634132   -0.884132 (VIOLATED)
_09635_/B                               0.750000    1.633922   -0.883922 (VIOLATED)
_10339_/B                               0.750000    1.633744   -0.883744 (VIOLATED)
_10464_/B                               0.750000    1.633613   -0.883613 (VIOLATED)
_10463_/B                               0.750000    1.633441   -0.883441 (VIOLATED)
_10704_/B                               0.750000    1.633250   -0.883250 (VIOLATED)
_10830_/B                               0.750000    1.633018   -0.883018 (VIOLATED)
_10829_/B                               0.750000    1.632794   -0.882794 (VIOLATED)
_11061_/B                               0.750000    1.632625   -0.882625 (VIOLATED)
_13575_/B                               0.750000    1.632201   -0.882201 (VIOLATED)
_13574_/B                               0.750000    1.631978   -0.881978 (VIOLATED)
_13576_/B                               0.750000    1.631941   -0.881941 (VIOLATED)
_13469_/B                               0.750000    1.631624   -0.881624 (VIOLATED)
_13359_/B1                              0.750000    1.630945   -0.880945 (VIOLATED)
_13287_/B                               0.750000    1.630893   -0.880893 (VIOLATED)
_13288_/B                               0.750000    1.630821   -0.880821 (VIOLATED)
_12711_/B                               0.750000    1.630215   -0.880215 (VIOLATED)
_12430_/B                               0.750000    1.629970   -0.879970 (VIOLATED)
_12431_/B                               0.750000    1.629758   -0.879758 (VIOLATED)
_12359_/B                               0.750000    1.629497   -0.879497 (VIOLATED)
_12458_/B                               0.750000    1.629312   -0.879312 (VIOLATED)
_12460_/B                               0.750000    1.629119   -0.879119 (VIOLATED)
_12482_/B                               0.750000    1.628967   -0.878967 (VIOLATED)
_12952_/B                               0.750000    1.628742   -0.878742 (VIOLATED)
_15366_/B                               0.750000    1.628620   -0.878620 (VIOLATED)
_15424_/C                               0.750000    1.628619   -0.878619 (VIOLATED)
_15367_/B                               0.750000    1.628617   -0.878617 (VIOLATED)
_15368_/D                               0.750000    1.628615   -0.878615 (VIOLATED)
_13165_/B                               0.750000    1.628607   -0.878607 (VIOLATED)
_13166_/B                               0.750000    1.628600   -0.878600 (VIOLATED)
_12951_/B                               0.750000    1.628593   -0.878593 (VIOLATED)
_18530_/Q                               0.750000    1.628469   -0.878469 (VIOLATED)
_15252_/B                               0.750000    1.621601   -0.871601 (VIOLATED)
_13012_/B                               0.750000    1.621591   -0.871592 (VIOLATED)
_13013_/B                               0.750000    1.621580   -0.871580 (VIOLATED)
_12902_/B                               0.750000    1.621547   -0.871547 (VIOLATED)
_12300_/B                               0.750000    1.621533   -0.871533 (VIOLATED)
_12301_/B                               0.750000    1.621495   -0.871495 (VIOLATED)
_15080_/B                               0.750000    1.621451   -0.871451 (VIOLATED)
_15081_/B                               0.750000    1.621441   -0.871440 (VIOLATED)
_14274_/B                               0.750000    1.621434   -0.871434 (VIOLATED)
_14085_/B                               0.750000    1.621413   -0.871413 (VIOLATED)
_12245_/B                               0.750000    1.621401   -0.871401 (VIOLATED)
_14087_/B                               0.750000    1.621394   -0.871394 (VIOLATED)
_12247_/A2                              0.750000    1.621377   -0.871377 (VIOLATED)
_12230_/B                               0.750000    1.621362   -0.871362 (VIOLATED)
_12246_/B                               0.750000    1.621361   -0.871361 (VIOLATED)
_14134_/B                               0.750000    1.621354   -0.871354 (VIOLATED)
_14397_/B                               0.750000    1.621320   -0.871320 (VIOLATED)
_14169_/B                               0.750000    1.621315   -0.871315 (VIOLATED)
_14170_/B                               0.750000    1.621257   -0.871257 (VIOLATED)
_12393_/B                               0.750000    1.621231   -0.871231 (VIOLATED)
_12571_/B                               0.750000    1.621133   -0.871133 (VIOLATED)
_12572_/B                               0.750000    1.621111   -0.871111 (VIOLATED)
_14537_/B                               0.750000    1.621006   -0.871006 (VIOLATED)
_13232_/B                               0.750000    1.620984   -0.870984 (VIOLATED)
_14536_/B                               0.750000    1.620972   -0.870972 (VIOLATED)
_14657_/B                               0.750000    1.620944   -0.870944 (VIOLATED)
_13307_/A2                              0.750000    1.620914   -0.870914 (VIOLATED)
_13305_/B                               0.750000    1.620880   -0.870880 (VIOLATED)
_14750_/B1                              0.750000    1.620854   -0.870854 (VIOLATED)
_13306_/B                               0.750000    1.620849   -0.870850 (VIOLATED)
_14742_/D                               0.750000    1.620844   -0.870844 (VIOLATED)
_13435_/B1                              0.750000    1.620810   -0.870810 (VIOLATED)
_14785_/C                               0.750000    1.620799   -0.870799 (VIOLATED)
_14793_/A2                              0.750000    1.620747   -0.870747 (VIOLATED)
_13529_/B                               0.750000    1.620713   -0.870713 (VIOLATED)
_11023_/B                               0.750000    1.620643   -0.870643 (VIOLATED)
_10908_/A_N                             0.750000    1.620593   -0.870593 (VIOLATED)
_18516_/Q                               0.750000    1.620338   -0.870338 (VIOLATED)
_11176_/A_N                             0.750000    1.617406   -0.867406 (VIOLATED)
_10108_/B                               0.750000    1.617393   -0.867393 (VIOLATED)
_09999_/B                               0.750000    1.617360   -0.867360 (VIOLATED)
_09831_/B1                              0.750000    1.617275   -0.867275 (VIOLATED)
_09715_/B                               0.750000    1.617252   -0.867252 (VIOLATED)
_09716_/B                               0.750000    1.617209   -0.867209 (VIOLATED)
_09654_/B                               0.750000    1.616959   -0.866959 (VIOLATED)
_09634_/B                               0.750000    1.616591   -0.866591 (VIOLATED)
_09636_/B                               0.750000    1.616400   -0.866400 (VIOLATED)
_10227_/B                               0.750000    1.616161   -0.866162 (VIOLATED)
_10349_/B                               0.750000    1.615992   -0.865992 (VIOLATED)
_10348_/B                               0.750000    1.615755   -0.865755 (VIOLATED)
_10581_/B                               0.750000    1.615578   -0.865578 (VIOLATED)
_10716_/B                               0.750000    1.615258   -0.865258 (VIOLATED)
_10715_/B                               0.750000    1.615067   -0.865067 (VIOLATED)
_10946_/B                               0.750000    1.614828   -0.864828 (VIOLATED)
_11065_/B                               0.750000    1.614475   -0.864475 (VIOLATED)
_11064_/B                               0.750000    1.614216   -0.864216 (VIOLATED)
_13573_/B                               0.750000    1.613961   -0.863961 (VIOLATED)
_13485_/B1                              0.750000    1.613230   -0.863230 (VIOLATED)
_13358_/B                               0.750000    1.612993   -0.862993 (VIOLATED)
_13357_/B                               0.750000    1.612869   -0.862869 (VIOLATED)
_13359_/A2                              0.750000    1.612868   -0.862868 (VIOLATED)
_13286_/B                               0.750000    1.612687   -0.862687 (VIOLATED)
_12608_/B                               0.750000    1.612187   -0.862187 (VIOLATED)
_12609_/B                               0.750000    1.611890   -0.861890 (VIOLATED)
_12429_/B                               0.750000    1.611648   -0.861648 (VIOLATED)
_12468_/B                               0.750000    1.611257   -0.861257 (VIOLATED)
_12469_/B                               0.750000    1.611117   -0.861117 (VIOLATED)
_12462_/B                               0.750000    1.611002   -0.861002 (VIOLATED)
_12847_/B                               0.750000    1.610835   -0.860835 (VIOLATED)
_12846_/B                               0.750000    1.610689   -0.860689 (VIOLATED)
_15284_/B                               0.750000    1.610510   -0.860510 (VIOLATED)
_15285_/B                               0.750000    1.610509   -0.860509 (VIOLATED)
_15368_/C                               0.750000    1.610510   -0.860510 (VIOLATED)
_15286_/D                               0.750000    1.610507   -0.860507 (VIOLATED)
_13058_/B                               0.750000    1.610504   -0.860504 (VIOLATED)
_18531_/Q                               0.750000    1.610489   -0.860489 (VIOLATED)
_11233_/A_N                             0.750000    1.608956   -0.858956 (VIOLATED)
_11198_/B                               0.750000    1.608945   -0.858945 (VIOLATED)
_11180_/B                               0.750000    1.608935   -0.858935 (VIOLATED)
_11797_/B1                              0.750000    1.608852   -0.858852 (VIOLATED)
_10101_/B                               0.750000    1.608814   -0.858814 (VIOLATED)
_10102_/A2                              0.750000    1.608750   -0.858750 (VIOLATED)
_10100_/B                               0.750000    1.608745   -0.858745 (VIOLATED)
_10003_/B                               0.750000    1.608548   -0.858548 (VIOLATED)
_09724_/B                               0.750000    1.608288   -0.858288 (VIOLATED)
_09725_/B                               0.750000    1.607899   -0.857899 (VIOLATED)
_09663_/B                               0.750000    1.607731   -0.857731 (VIOLATED)
_09675_/B                               0.750000    1.607426   -0.857426 (VIOLATED)
_09673_/B                               0.750000    1.607142   -0.857142 (VIOLATED)
_10239_/B                               0.750000    1.606846   -0.856847 (VIOLATED)
_11771_/A_N                             0.750000    1.606546   -0.856546 (VIOLATED)
_11651_/B                               0.750000    1.606529   -0.856529 (VIOLATED)
_10362_/B                               0.750000    1.606512   -0.856512 (VIOLATED)
_11445_/B                               0.750000    1.606457   -0.856457 (VIOLATED)
_11228_/B                               0.750000    1.606351   -0.856351 (VIOLATED)
_11229_/B                               0.750000    1.606260   -0.856260 (VIOLATED)
_10361_/B                               0.750000    1.606171   -0.856171 (VIOLATED)
_11193_/B                               0.750000    1.606148   -0.856148 (VIOLATED)
_10594_/B                               0.750000    1.605976   -0.855976 (VIOLATED)
_11212_/B                               0.750000    1.605921   -0.855921 (VIOLATED)
_11211_/B                               0.750000    1.605730   -0.855730 (VIOLATED)
_10721_/B                               0.750000    1.605543   -0.855543 (VIOLATED)
_10115_/B                               0.750000    1.605489   -0.855489 (VIOLATED)
_10025_/B1                              0.750000    1.605336   -0.855336 (VIOLATED)
_10720_/B                               0.750000    1.605257   -0.855257 (VIOLATED)
_09849_/B                               0.750000    1.605221   -0.855221 (VIOLATED)
_09851_/A2                              0.750000    1.605153   -0.855153 (VIOLATED)
_10951_/B                               0.750000    1.605127   -0.855127 (VIOLATED)
_09850_/B                               0.750000    1.605082   -0.855082 (VIOLATED)
_09733_/B                               0.750000    1.604722   -0.854722 (VIOLATED)
_11085_/B                               0.750000    1.604589   -0.854589 (VIOLATED)
_11084_/B                               0.750000    1.604148   -0.854148 (VIOLATED)
_09684_/B                               0.750000    1.604032   -0.854032 (VIOLATED)
_09686_/A2                              0.750000    1.603936   -0.853936 (VIOLATED)
_13588_/B                               0.750000    1.603589   -0.853589 (VIOLATED)
_09763_/B                               0.750000    1.603541   -0.853541 (VIOLATED)
_13351_/B                               0.750000    1.603273   -0.853273 (VIOLATED)
_13352_/B                               0.750000    1.603264   -0.853264 (VIOLATED)
_13480_/B1                              0.750000    1.603263   -0.853263 (VIOLATED)
_13353_/B                               0.750000    1.603135   -0.853135 (VIOLATED)
_10255_/B                               0.750000    1.602909   -0.852909 (VIOLATED)
_10254_/B                               0.750000    1.602646   -0.852646 (VIOLATED)
_13280_/B                               0.750000    1.602531   -0.852531 (VIOLATED)
_10487_/B                               0.750000    1.602515   -0.852515 (VIOLATED)
_12632_/B                               0.750000    1.602084   -0.852084 (VIOLATED)
_10851_/B                               0.750000    1.601858   -0.851858 (VIOLATED)
_10614_/B                               0.750000    1.601743   -0.851743 (VIOLATED)
_10613_/B                               0.750000    1.601733   -0.851733 (VIOLATED)
_12633_/B                               0.750000    1.601466   -0.851466 (VIOLATED)
_12533_/B                               0.750000    1.601366   -0.851366 (VIOLATED)
_10974_/B                               0.750000    1.601196   -0.851196 (VIOLATED)
_12161_/B                               0.750000    1.600913   -0.850913 (VIOLATED)
_10973_/B                               0.750000    1.600909   -0.850909 (VIOLATED)
_12160_/B                               0.750000    1.600837   -0.850837 (VIOLATED)
_12514_/B                               0.750000    1.600682   -0.850682 (VIOLATED)
_13763_/B                               0.750000    1.600612   -0.850612 (VIOLATED)
_12947_/D                               0.750000    1.600554   -0.850554 (VIOLATED)
_12955_/B1                              0.750000    1.600548   -0.850548 (VIOLATED)
_13053_/C                               0.750000    1.600461   -0.850461 (VIOLATED)
_13061_/A2                              0.750000    1.600461   -0.850461 (VIOLATED)
_18534_/Q                               0.750000    1.600461   -0.850461 (VIOLATED)
_13506_/B                               0.750000    1.600026   -0.850026 (VIOLATED)
_17915_/Y                               0.750000    1.599932   -0.849932 (VIOLATED)
_17916_/B2                              0.750000    1.599932   -0.849932 (VIOLATED)
_18226_/B1                              0.750000    1.599932   -0.849932 (VIOLATED)
_13507_/B                               0.750000    1.599915   -0.849915 (VIOLATED)
_09711_/A_N                             0.750000    1.599472   -0.849472 (VIOLATED)
_09652_/B                               0.750000    1.599446   -0.849446 (VIOLATED)
_09623_/B                               0.750000    1.599411   -0.849411 (VIOLATED)
_13403_/B                               0.750000    1.599359   -0.849359 (VIOLATED)
_09619_/B                               0.750000    1.599293   -0.849293 (VIOLATED)
_09617_/B                               0.750000    1.599187   -0.849187 (VIOLATED)
_10329_/B                               0.750000    1.599040   -0.849040 (VIOLATED)
_12744_/B                               0.750000    1.599012   -0.849013 (VIOLATED)
_10452_/B                               0.750000    1.598920   -0.848920 (VIOLATED)
_12743_/B                               0.750000    1.598879   -0.848879 (VIOLATED)
_12746_/A2                              0.750000    1.598818   -0.848818 (VIOLATED)
_10451_/B                               0.750000    1.598751   -0.848751 (VIOLATED)
_12145_/B                               0.750000    1.598713   -0.848713 (VIOLATED)
_12745_/B                               0.750000    1.598676   -0.848677 (VIOLATED)
_10693_/B                               0.750000    1.598658   -0.848658 (VIOLATED)
_10816_/B                               0.750000    1.598404   -0.848404 (VIOLATED)
_12164_/D                               0.750000    1.598350   -0.848350 (VIOLATED)
_12165_/B1                              0.750000    1.598310   -0.848311 (VIOLATED)
_12502_/C                               0.750000    1.598236   -0.848236 (VIOLATED)
_12503_/A2                              0.750000    1.598228   -0.848228 (VIOLATED)
_10815_/B                               0.750000    1.598223   -0.848224 (VIOLATED)
_18538_/Q                               0.750000    1.598175   -0.848175 (VIOLATED)
_11048_/B                               0.750000    1.598118   -0.848118 (VIOLATED)
_09651_/A_N                             0.750000    1.598097   -0.848097 (VIOLATED)
_09625_/B                               0.750000    1.598089   -0.848089 (VIOLATED)
_09611_/B                               0.750000    1.598071   -0.848072 (VIOLATED)
_10219_/B                               0.750000    1.597974   -0.847974 (VIOLATED)
_10218_/B                               0.750000    1.597904   -0.847904 (VIOLATED)
_10443_/B                               0.750000    1.597799   -0.847799 (VIOLATED)
_10569_/B                               0.750000    1.597735   -0.847735 (VIOLATED)
_13562_/B                               0.750000    1.597708   -0.847708 (VIOLATED)
_10568_/B                               0.750000    1.597600   -0.847600 (VIOLATED)
_10807_/B                               0.750000    1.597518   -0.847518 (VIOLATED)
_13563_/B                               0.750000    1.597514   -0.847514 (VIOLATED)
_18125_/Y                               0.750000    1.597438   -0.847438 (VIOLATED)
_18126_/A                               0.750000    1.597438   -0.847438 (VIOLATED)
_18127_/B2                              0.750000    1.597438   -0.847438 (VIOLATED)
_10932_/B                               0.750000    1.597279   -0.847279 (VIOLATED)
_13458_/B                               0.750000    1.597208   -0.847208 (VIOLATED)
_10931_/B                               0.750000    1.597180   -0.847181 (VIOLATED)
_13722_/B                               0.750000    1.597080   -0.847080 (VIOLATED)
_13459_/B                               0.750000    1.596758   -0.846758 (VIOLATED)
_13460_/B                               0.750000    1.596586   -0.846586 (VIOLATED)
_13274_/B                               0.750000    1.596523   -0.846523 (VIOLATED)
_13275_/B                               0.750000    1.596433   -0.846433 (VIOLATED)
_13331_/B                               0.750000    1.596395   -0.846395 (VIOLATED)
_12698_/B                               0.750000    1.596171   -0.846171 (VIOLATED)
_12699_/B                               0.750000    1.596085   -0.846085 (VIOLATED)
_12700_/B                               0.750000    1.596016   -0.846016 (VIOLATED)
_12599_/B                               0.750000    1.595899   -0.845899 (VIOLATED)
_12921_/B                               0.750000    1.595620   -0.845620 (VIOLATED)
_12922_/B                               0.750000    1.595619   -0.845619 (VIOLATED)
_13135_/B                               0.750000    1.595616   -0.845616 (VIOLATED)
_12800_/B                               0.750000    1.595603   -0.845603 (VIOLATED)
_12306_/B                               0.750000    1.595600   -0.845600 (VIOLATED)
_12308_/B                               0.750000    1.595571   -0.845571 (VIOLATED)
_12251_/B                               0.750000    1.595536   -0.845536 (VIOLATED)
_12294_/B                               0.750000    1.595497   -0.845497 (VIOLATED)
_12293_/B                               0.750000    1.595471   -0.845471 (VIOLATED)
_15132_/B                               0.750000    1.595408   -0.845408 (VIOLATED)
_15133_/B                               0.750000    1.595405   -0.845405 (VIOLATED)
_12580_/B                               0.750000    1.595402   -0.845402 (VIOLATED)
_15074_/B                               0.750000    1.595396   -0.845396 (VIOLATED)
_12367_/B                               0.750000    1.595385   -0.845385 (VIOLATED)
_14185_/B                               0.750000    1.595377   -0.845377 (VIOLATED)
_14184_/B                               0.750000    1.595375   -0.845375 (VIOLATED)
_12681_/A2                              0.750000    1.595355   -0.845355 (VIOLATED)
_12679_/B                               0.750000    1.595350   -0.845350 (VIOLATED)
_12680_/B                               0.750000    1.595343   -0.845343 (VIOLATED)
_14156_/B                               0.750000    1.595331   -0.845331 (VIOLATED)
_12435_/B                               0.750000    1.595317   -0.845317 (VIOLATED)
_14075_/B                               0.750000    1.595295   -0.845295 (VIOLATED)
_14074_/B                               0.750000    1.595251   -0.845251 (VIOLATED)
_12368_/B                               0.750000    1.595246   -0.845246 (VIOLATED)
_13314_/B                               0.750000    1.595233   -0.845233 (VIOLATED)
_14411_/B                               0.750000    1.595210   -0.845210 (VIOLATED)
_13444_/B                               0.750000    1.595179   -0.845179 (VIOLATED)
_14540_/B1                              0.750000    1.595166   -0.845166 (VIOLATED)
_10438_/A_N                             0.750000    1.595162   -0.845162 (VIOLATED)
_10556_/B                               0.750000    1.595161   -0.845161 (VIOLATED)
_14533_/D                               0.750000    1.595160   -0.845160 (VIOLATED)
_10680_/B                               0.750000    1.595158   -0.845159 (VIOLATED)
_13443_/B                               0.750000    1.595158   -0.845158 (VIOLATED)
_10915_/B                               0.750000    1.595153   -0.845153 (VIOLATED)
_14603_/A2                              0.750000    1.595152   -0.845152 (VIOLATED)
_14596_/C                               0.750000    1.595147   -0.845147 (VIOLATED)
_10914_/B                               0.750000    1.595142   -0.845142 (VIOLATED)
_12436_/B                               0.750000    1.595134   -0.845134 (VIOLATED)
_13706_/B                               0.750000    1.595134   -0.845134 (VIOLATED)
_12341_/B                               0.750000    1.595111   -0.845111 (VIOLATED)
_18520_/Q                               0.750000    1.595031   -0.845031 (VIOLATED)
_12453_/B                               0.750000    1.595008   -0.845008 (VIOLATED)
_12452_/B                               0.750000    1.594893   -0.844893 (VIOLATED)
_12366_/B                               0.750000    1.594881   -0.844881 (VIOLATED)
_12830_/B                               0.750000    1.594767   -0.844767 (VIOLATED)
_14057_/C                               0.750000    1.594761   -0.844761 (VIOLATED)
_14058_/A2                              0.750000    1.594760   -0.844760 (VIOLATED)
_14332_/B1                              0.750000    1.594754   -0.844754 (VIOLATED)
_14331_/D                               0.750000    1.594753   -0.844753 (VIOLATED)
_15039_/B                               0.750000    1.594733   -0.844733 (VIOLATED)
_15189_/B                               0.750000    1.594723   -0.844723 (VIOLATED)
_15190_/A2                              0.750000    1.594715   -0.844715 (VIOLATED)
_15187_/B                               0.750000    1.594709   -0.844709 (VIOLATED)
_12939_/B                               0.750000    1.594706   -0.844706 (VIOLATED)
_15188_/B                               0.750000    1.594695   -0.844695 (VIOLATED)
_12938_/B                               0.750000    1.594667   -0.844667 (VIOLATED)
_13150_/B                               0.750000    1.594643   -0.844643 (VIOLATED)
_12331_/B                               0.750000    1.594593   -0.844593 (VIOLATED)
_18526_/Q                               0.750000    1.594562   -0.844562 (VIOLATED)
_12329_/B                               0.750000    1.594320   -0.844320 (VIOLATED)
_12475_/B                               0.750000    1.594105   -0.844105 (VIOLATED)
_12835_/B                               0.750000    1.593868   -0.843868 (VIOLATED)
_12834_/B                               0.750000    1.593737   -0.843737 (VIOLATED)
_13045_/B                               0.750000    1.593468   -0.843468 (VIOLATED)
_14331_/C                               0.750000    1.593273   -0.843273 (VIOLATED)
_14332_/A2                              0.750000    1.593273   -0.843273 (VIOLATED)
_14330_/B                               0.750000    1.593270   -0.843270 (VIOLATED)
_15036_/D                               0.750000    1.593265   -0.843265 (VIOLATED)
_15186_/B                               0.750000    1.593247   -0.843247 (VIOLATED)
_15290_/B                               0.750000    1.593231   -0.843231 (VIOLATED)
_15291_/B                               0.750000    1.593202   -0.843202 (VIOLATED)
_11446_/A_N                             0.750000    1.593189   -0.843189 (VIOLATED)
_11308_/B                               0.750000    1.593170   -0.843170 (VIOLATED)
_11232_/B                               0.750000    1.593138   -0.843138 (VIOLATED)
_11185_/B                               0.750000    1.593103   -0.843103 (VIOLATED)
_18527_/Q                               0.750000    1.593019   -0.843019 (VIOLATED)
_11187_/B                               0.750000    1.592979   -0.842979 (VIOLATED)
_11798_/B                               0.750000    1.592874   -0.842874 (VIOLATED)
_10014_/B                               0.750000    1.592700   -0.842700 (VIOLATED)
_10015_/B                               0.750000    1.592443   -0.842443 (VIOLATED)
_09838_/B                               0.750000    1.592233   -0.842233 (VIOLATED)
_09736_/B1                              0.750000    1.591982   -0.841982 (VIOLATED)
_09693_/B                               0.750000    1.591894   -0.841894 (VIOLATED)
_09694_/B                               0.750000    1.591843   -0.841843 (VIOLATED)
_11307_/A_N                             0.750000    1.591764   -0.841764 (VIOLATED)
_11234_/B                               0.750000    1.591759   -0.841759 (VIOLATED)
_11196_/B                               0.750000    1.591723   -0.841723 (VIOLATED)
_11186_/B                               0.750000    1.591638   -0.841638 (VIOLATED)
_11797_/A2                              0.750000    1.591608   -0.841608 (VIOLATED)
_11184_/B                               0.750000    1.591562   -0.841562 (VIOLATED)
_10103_/B                               0.750000    1.591445   -0.841445 (VIOLATED)
_09671_/B                               0.750000    1.591316   -0.841316 (VIOLATED)
_09839_/B                               0.750000    1.591209   -0.841209 (VIOLATED)
_09840_/B                               0.750000    1.590966   -0.840966 (VIOLATED)
_09762_/B                               0.750000    1.590946   -0.840946 (VIOLATED)
_09723_/B                               0.750000    1.590688   -0.840688 (VIOLATED)
_09672_/B                               0.750000    1.590601   -0.840601 (VIOLATED)
_09761_/B                               0.750000    1.590482   -0.840482 (VIOLATED)
_10363_/B                               0.750000    1.590244   -0.840244 (VIOLATED)
_09674_/B                               0.750000    1.590124   -0.840124 (VIOLATED)
_09679_/B                               0.750000    1.589828   -0.839829 (VIOLATED)
_10486_/B                               0.750000    1.589546   -0.839546 (VIOLATED)
_10250_/B                               0.750000    1.589519   -0.839519 (VIOLATED)
_10485_/B                               0.750000    1.589500   -0.839500 (VIOLATED)
_10249_/B                               0.750000    1.589250   -0.839250 (VIOLATED)
_10722_/B                               0.750000    1.589137   -0.839137 (VIOLATED)
_10850_/B                               0.750000    1.589005   -0.839006 (VIOLATED)
_10481_/B                               0.750000    1.588925   -0.838925 (VIOLATED)
_10480_/B                               0.750000    1.588914   -0.838914 (VIOLATED)
_10849_/B                               0.750000    1.588577   -0.838577 (VIOLATED)
_10598_/B                               0.750000    1.588568   -0.838568 (VIOLATED)
_10597_/B                               0.750000    1.588283   -0.838283 (VIOLATED)
_11086_/B                               0.750000    1.588197   -0.838197 (VIOLATED)
_10836_/B                               0.750000    1.588013   -0.838013 (VIOLATED)
_15266_/B                               0.750000    1.587898   -0.837898 (VIOLATED)
_13028_/B                               0.750000    1.587894   -0.837894 (VIOLATED)
_13029_/B                               0.750000    1.587888   -0.837888 (VIOLATED)
_12907_/B                               0.750000    1.587871   -0.837871 (VIOLATED)
_10965_/B                               0.750000    1.587862   -0.837862 (VIOLATED)
_12310_/B                               0.750000    1.587860   -0.837860 (VIOLATED)
_12311_/B                               0.750000    1.587836   -0.837836 (VIOLATED)
_12235_/B                               0.750000    1.587797   -0.837797 (VIOLATED)
_12253_/B                               0.750000    1.587755   -0.837755 (VIOLATED)
_12252_/B                               0.750000    1.587724   -0.837724 (VIOLATED)
_12403_/B                               0.750000    1.587668   -0.837668 (VIOLATED)
_12583_/A2                              0.750000    1.587600   -0.837600 (VIOLATED)
_12581_/B                               0.750000    1.587591   -0.837591 (VIOLATED)
_12582_/B                               0.750000    1.587575   -0.837575 (VIOLATED)
_15075_/B                               0.750000    1.587562   -0.837562 (VIOLATED)
_15076_/B                               0.750000    1.587556   -0.837556 (VIOLATED)
_12681_/B1                              0.750000    1.587551   -0.837551 (VIOLATED)
_14269_/B                               0.750000    1.587548   -0.837548 (VIOLATED)
_14157_/B                               0.750000    1.587540   -0.837540 (VIOLATED)
_14158_/B                               0.750000    1.587503   -0.837503 (VIOLATED)
_13584_/B                               0.750000    1.587478   -0.837478 (VIOLATED)
_14153_/B                               0.750000    1.587463   -0.837463 (VIOLATED)
_13241_/B                               0.750000    1.587438   -0.837438 (VIOLATED)
_14221_/B                               0.750000    1.587423   -0.837423 (VIOLATED)
_14220_/B                               0.750000    1.587379   -0.837379 (VIOLATED)
_13316_/B                               0.750000    1.587375   -0.837375 (VIOLATED)
_10964_/B                               0.750000    1.587348   -0.837348 (VIOLATED)
_14475_/B                               0.750000    1.587348   -0.837348 (VIOLATED)
_13315_/B                               0.750000    1.587325   -0.837325 (VIOLATED)
_14603_/B1                              0.750000    1.587308   -0.837308 (VIOLATED)
_14596_/D                               0.750000    1.587288   -0.837288 (VIOLATED)
_14651_/C                               0.750000    1.587271   -0.837271 (VIOLATED)
_14659_/A2                              0.750000    1.587252   -0.837252 (VIOLATED)
_13533_/B                               0.750000    1.587241   -0.837241 (VIOLATED)
_11028_/B                               0.750000    1.587212   -0.837212 (VIOLATED)
_10555_/A_N                             0.750000    1.587185   -0.837185 (VIOLATED)
_10679_/B                               0.750000    1.587184   -0.837184 (VIOLATED)
_10794_/B                               0.750000    1.587182   -0.837182 (VIOLATED)
_11030_/B                               0.750000    1.587174   -0.837174 (VIOLATED)
_13707_/A2                              0.750000    1.587166   -0.837166 (VIOLATED)
_11029_/B                               0.750000    1.587163   -0.837163 (VIOLATED)
_13583_/B                               0.750000    1.587163   -0.837163 (VIOLATED)
_13586_/A2                              0.750000    1.587162   -0.837162 (VIOLATED)
_18519_/Q                               0.750000    1.587051   -0.837051 (VIOLATED)
_13585_/B                               0.750000    1.587018   -0.837018 (VIOLATED)
_13757_/B                               0.750000    1.586963   -0.836963 (VIOLATED)
_13477_/B                               0.750000    1.586669   -0.836669 (VIOLATED)
_13586_/B1                              0.750000    1.586484   -0.836484 (VIOLATED)
_13478_/B                               0.750000    1.586273   -0.836273 (VIOLATED)
_13479_/B                               0.750000    1.586231   -0.836232 (VIOLATED)
_13480_/A2                              0.750000    1.586158   -0.836158 (VIOLATED)
_13375_/B                               0.750000    1.585952   -0.835952 (VIOLATED)
_13350_/B                               0.750000    1.585874   -0.835874 (VIOLATED)
_13376_/B                               0.750000    1.585828   -0.835828 (VIOLATED)
_12729_/B                               0.750000    1.585526   -0.835526 (VIOLATED)
_12150_/B                               0.750000    1.585275   -0.835275 (VIOLATED)
_12730_/B                               0.750000    1.585194   -0.835194 (VIOLATED)
_12147_/B                               0.750000    1.585167   -0.835167 (VIOLATED)
_12151_/B1                              0.750000    1.585133   -0.835133 (VIOLATED)
_12731_/B                               0.750000    1.585111   -0.835111 (VIOLATED)
_12148_/B                               0.750000    1.585006   -0.835006 (VIOLATED)
_09320_/A                               0.750000    1.584943   -0.834943 (VIOLATED)
_09321_/A                               0.750000    1.584941   -0.834941 (VIOLATED)
_09498_/A                               0.750000    1.584942   -0.834942 (VIOLATED)
_09503_/A                               0.750000    1.584941   -0.834941 (VIOLATED)
_09335_/A                               0.750000    1.584940   -0.834940 (VIOLATED)
_09336_/A                               0.750000    1.584939   -0.834939 (VIOLATED)
_09554_/A                               0.750000    1.584939   -0.834939 (VIOLATED)
_09550_/A                               0.750000    1.584935   -0.834935 (VIOLATED)
_09385_/A                               0.750000    1.584931   -0.834931 (VIOLATED)
_09386_/A                               0.750000    1.584931   -0.834931 (VIOLATED)
_17679_/A                               0.750000    1.584932   -0.834932 (VIOLATED)
_17678_/A                               0.750000    1.584931   -0.834931 (VIOLATED)
_09302_/Y                               0.750000    1.584925   -0.834925 (VIOLATED)
_17498_/A                               0.750000    1.584925   -0.834925 (VIOLATED)
_17612_/A                               0.750000    1.584925   -0.834925 (VIOLATED)
_17616_/A                               0.750000    1.584925   -0.834925 (VIOLATED)
_17711_/A                               0.750000    1.584925   -0.834925 (VIOLATED)
_12154_/B                               0.750000    1.584641   -0.834641 (VIOLATED)
_13133_/B                               0.750000    1.584553   -0.834553 (VIOLATED)
_13134_/B                               0.750000    1.584551   -0.834551 (VIOLATED)
_13014_/B                               0.750000    1.584542   -0.834542 (VIOLATED)
_12798_/B                               0.750000    1.584528   -0.834528 (VIOLATED)
_12799_/B                               0.750000    1.584518   -0.834518 (VIOLATED)
_12302_/B                               0.750000    1.584481   -0.834481 (VIOLATED)
_12631_/B                               0.750000    1.584461   -0.834461 (VIOLATED)
_12238_/B                               0.750000    1.584453   -0.834453 (VIOLATED)
_12236_/B                               0.750000    1.584430   -0.834430 (VIOLATED)
_12286_/B                               0.750000    1.584388   -0.834388 (VIOLATED)
_12407_/A2                              0.750000    1.584343   -0.834343 (VIOLATED)
_12406_/A2                              0.750000    1.584340   -0.834340 (VIOLATED)
_12404_/B                               0.750000    1.584335   -0.834335 (VIOLATED)
_12162_/B                               0.750000    1.584306   -0.834307 (VIOLATED)
_12405_/B                               0.750000    1.584298   -0.834298 (VIOLATED)
_12583_/B1                              0.750000    1.584285   -0.834285 (VIOLATED)
_15136_/B                               0.750000    1.584209   -0.834209 (VIOLATED)
_14270_/B                               0.750000    1.584198   -0.834199 (VIOLATED)
_12516_/B                               0.750000    1.584190   -0.834190 (VIOLATED)
_14271_/B                               0.750000    1.584190   -0.834190 (VIOLATED)
_14233_/B                               0.750000    1.584184   -0.834184 (VIOLATED)
_12667_/B                               0.750000    1.584182   -0.834182 (VIOLATED)
_14149_/B                               0.750000    1.584151   -0.834151 (VIOLATED)
_13243_/B                               0.750000    1.584147   -0.834147 (VIOLATED)
_12843_/C                               0.750000    1.584138   -0.834138 (VIOLATED)
_12850_/A2                              0.750000    1.584126   -0.834126 (VIOLATED)
_14151_/B                               0.750000    1.584114   -0.834114 (VIOLATED)
_13242_/B                               0.750000    1.584098   -0.834098 (VIOLATED)
_14171_/B                               0.750000    1.584091   -0.834091 (VIOLATED)
_10678_/A_N                             0.750000    1.584083   -0.834083 (VIOLATED)
_10793_/B                               0.750000    1.584082   -0.834082 (VIOLATED)
_10910_/B                               0.750000    1.584079   -0.834079 (VIOLATED)
_13707_/B1                              0.750000    1.584070   -0.834070 (VIOLATED)
_13535_/B                               0.750000    1.584060   -0.834060 (VIOLATED)
_13534_/B                               0.750000    1.584057   -0.834057 (VIOLATED)
_13536_/A2                              0.750000    1.584055   -0.834055 (VIOLATED)
_18536_/Q                               0.750000    1.584046   -0.834046 (VIOLATED)
_14410_/B                               0.750000    1.584035   -0.834035 (VIOLATED)
_13432_/B                               0.750000    1.584033   -0.834033 (VIOLATED)
_14409_/B                               0.750000    1.584014   -0.834014 (VIOLATED)
_14538_/B                               0.750000    1.583980   -0.833980 (VIOLATED)
_12153_/B                               0.750000    1.583956   -0.833956 (VIOLATED)
_14651_/D                               0.750000    1.583950   -0.833950 (VIOLATED)
_14659_/B1                              0.750000    1.583949   -0.833949 (VIOLATED)
_14700_/C                               0.750000    1.583949   -0.833949 (VIOLATED)
_14708_/A2                              0.750000    1.583945   -0.833945 (VIOLATED)
_12508_/B                               0.750000    1.583919   -0.833919 (VIOLATED)
_18518_/Q                               0.750000    1.583811   -0.833811 (VIOLATED)
_12843_/D                               0.750000    1.583778   -0.833778 (VIOLATED)
_12850_/B1                              0.750000    1.583758   -0.833758 (VIOLATED)
_12947_/C                               0.750000    1.583707   -0.833707 (VIOLATED)
_12955_/A2                              0.750000    1.583701   -0.833701 (VIOLATED)
_18535_/Q                               0.750000    1.583664   -0.833664 (VIOLATED)
_12738_/B                               0.750000    1.581990   -0.831990 (VIOLATED)
_12739_/C                               0.750000    1.581988   -0.831988 (VIOLATED)
_13385_/D                               0.750000    1.581969   -0.831969 (VIOLATED)
_13386_/B1                              0.750000    1.581966   -0.831966 (VIOLATED)
_13211_/B                               0.750000    1.581934   -0.831934 (VIOLATED)
_13207_/A2                              0.750000    1.581912   -0.831912 (VIOLATED)
_13202_/B                               0.750000    1.581896   -0.831896 (VIOLATED)
_13205_/B                               0.750000    1.581869   -0.831869 (VIOLATED)
_13629_/B1                              0.750000    1.581833   -0.831833 (VIOLATED)
_13767_/B                               0.750000    1.581604   -0.831604 (VIOLATED)
_10979_/B                               0.750000    1.581533   -0.831533 (VIOLATED)
_10980_/B                               0.750000    1.581423   -0.831423 (VIOLATED)
_10861_/B                               0.750000    1.581302   -0.831302 (VIOLATED)
_10622_/B                               0.750000    1.581246   -0.831246 (VIOLATED)
_10623_/B                               0.750000    1.581128   -0.831128 (VIOLATED)
_10504_/B                               0.750000    1.580971   -0.830971 (VIOLATED)
_10272_/B                               0.750000    1.580858   -0.830859 (VIOLATED)
_10273_/B                               0.750000    1.580676   -0.830676 (VIOLATED)
_09769_/B                               0.750000    1.580553   -0.830553 (VIOLATED)
_15131_/B                               0.750000    1.580313   -0.830313 (VIOLATED)
_13141_/B                               0.750000    1.580311   -0.830311 (VIOLATED)
_09750_/B                               0.750000    1.580302   -0.830303 (VIOLATED)
_13142_/B                               0.750000    1.580291   -0.830291 (VIOLATED)
_13030_/B                               0.750000    1.580270   -0.830270 (VIOLATED)
_12818_/B                               0.750000    1.580254   -0.830254 (VIOLATED)
_12819_/B                               0.750000    1.580242   -0.830242 (VIOLATED)
_12312_/B                               0.750000    1.580167   -0.830167 (VIOLATED)
_12307_/B                               0.750000    1.580149   -0.830149 (VIOLATED)
_12305_/B                               0.750000    1.580105   -0.830105 (VIOLATED)
_09748_/B                               0.750000    1.580062   -0.830062 (VIOLATED)
_12292_/B                               0.750000    1.580032   -0.830032 (VIOLATED)
_12412_/B                               0.750000    1.579991   -0.829991 (VIOLATED)
_12411_/B                               0.750000    1.579953   -0.829953 (VIOLATED)
_09740_/B                               0.750000    1.579951   -0.829951 (VIOLATED)
_12678_/B                               0.750000    1.579835   -0.829835 (VIOLATED)
_13254_/B                               0.750000    1.579812   -0.829812 (VIOLATED)
_13253_/B                               0.750000    1.579787   -0.829787 (VIOLATED)
_10324_/A_N                             0.750000    1.579730   -0.829730 (VIOLATED)
_10439_/B                               0.750000    1.579727   -0.829727 (VIOLATED)
_10557_/B                               0.750000    1.579722   -0.829722 (VIOLATED)
_10799_/B                               0.750000    1.579710   -0.829710 (VIOLATED)
_10798_/B                               0.750000    1.579703   -0.829703 (VIOLATED)
_09857_/B                               0.750000    1.579689   -0.829689 (VIOLATED)
_11027_/B                               0.750000    1.579682   -0.829682 (VIOLATED)
_13544_/B                               0.750000    1.579654   -0.829654 (VIOLATED)
_13545_/B                               0.750000    1.579635   -0.829635 (VIOLATED)
_13442_/B                               0.750000    1.579632   -0.829632 (VIOLATED)
_14183_/B                               0.750000    1.579629   -0.829629 (VIOLATED)
_14319_/B                               0.750000    1.579628   -0.829628 (VIOLATED)
_10032_/B1                              0.750000    1.579627   -0.829627 (VIOLATED)
_14320_/B                               0.750000    1.579626   -0.829626 (VIOLATED)
_14068_/B                               0.750000    1.579612   -0.829612 (VIOLATED)
_14067_/B                               0.750000    1.579598   -0.829598 (VIOLATED)
_14222_/B                               0.750000    1.579566   -0.829566 (VIOLATED)
_14468_/D                               0.750000    1.579552   -0.829552 (VIOLATED)
_14467_/B                               0.750000    1.579543   -0.829543 (VIOLATED)
_14533_/C                               0.750000    1.579531   -0.829531 (VIOLATED)
_14540_/A2                              0.750000    1.579529   -0.829529 (VIOLATED)
_10124_/B                               0.750000    1.579494   -0.829494 (VIOLATED)
_18521_/Q                               0.750000    1.579485   -0.829485 (VIOLATED)
_11262_/B                               0.750000    1.579440   -0.829440 (VIOLATED)
_15996_/A_N                             0.750000    1.579399   -0.829399 (VIOLATED)
_16024_/B                               0.750000    1.579393   -0.829393 (VIOLATED)
_16122_/B                               0.750000    1.579382   -0.829382 (VIOLATED)
_11767_/B1                              0.750000    1.579361   -0.829361 (VIOLATED)
_11644_/B                               0.750000    1.579355   -0.829355 (VIOLATED)
_11645_/B                               0.750000    1.579339   -0.829339 (VIOLATED)
_11646_/B                               0.750000    1.579330   -0.829330 (VIOLATED)
_11263_/B                               0.750000    1.579304   -0.829304 (VIOLATED)
_11443_/B                               0.750000    1.579298   -0.829299 (VIOLATED)
_11220_/B                               0.750000    1.579273   -0.829273 (VIOLATED)
_11221_/B                               0.750000    1.579248   -0.829248 (VIOLATED)
_11203_/B                               0.750000    1.579221   -0.829221 (VIOLATED)
_18541_/Q                               0.750000    1.579188   -0.829188 (VIOLATED)
_09624_/A_N                             0.750000    1.575974   -0.825974 (VIOLATED)
_09613_/B                               0.750000    1.575967   -0.825967 (VIOLATED)
_09609_/B                               0.750000    1.575930   -0.825930 (VIOLATED)
_10331_/B                               0.750000    1.575850   -0.825850 (VIOLATED)
_16023_/A_N                             0.750000    1.575790   -0.825790 (VIOLATED)
_16121_/B                               0.750000    1.575774   -0.825774 (VIOLATED)
_10330_/B                               0.750000    1.575759   -0.825759 (VIOLATED)
_10560_/B                               0.750000    1.575721   -0.825721 (VIOLATED)
_11770_/B                               0.750000    1.575717   -0.825717 (VIOLATED)
_10692_/B                               0.750000    1.575637   -0.825637 (VIOLATED)
_11441_/B                               0.750000    1.575602   -0.825602 (VIOLATED)
_10691_/B                               0.750000    1.575573   -0.825573 (VIOLATED)
_11442_/B                               0.750000    1.575504   -0.825504 (VIOLATED)
_10923_/B                               0.750000    1.575492   -0.825492 (VIOLATED)
_11047_/B                               0.750000    1.575323   -0.825323 (VIOLATED)
_11304_/B                               0.750000    1.575313   -0.825313 (VIOLATED)
_11205_/B                               0.750000    1.575214   -0.825214 (VIOLATED)
_11046_/B                               0.750000    1.575199   -0.825199 (VIOLATED)
_13552_/B                               0.750000    1.575027   -0.825027 (VIOLATED)
_11207_/B                               0.750000    1.575000   -0.825000 (VIOLATED)
_11213_/B                               0.750000    1.574831   -0.824831 (VIOLATED)
_13332_/B                               0.750000    1.574757   -0.824757 (VIOLATED)
_10126_/B                               0.750000    1.574581   -0.824581 (VIOLATED)
_10125_/B                               0.750000    1.574573   -0.824573 (VIOLATED)
_13333_/B                               0.750000    1.574540   -0.824540 (VIOLATED)
_10128_/A2                              0.750000    1.574504   -0.824504 (VIOLATED)
_13260_/B                               0.750000    1.574413   -0.824413 (VIOLATED)
_10127_/B                               0.750000    1.574389   -0.824389 (VIOLATED)
_10022_/B                               0.750000    1.574218   -0.824218 (VIOLATED)
_12600_/B                               0.750000    1.574147   -0.824147 (VIOLATED)
_12601_/B                               0.750000    1.574062   -0.824062 (VIOLATED)
_12423_/B                               0.750000    1.573962   -0.823962 (VIOLATED)
_09741_/B                               0.750000    1.573786   -0.823786 (VIOLATED)
_12342_/B                               0.750000    1.573461   -0.823461 (VIOLATED)
_09742_/B                               0.750000    1.573367   -0.823367 (VIOLATED)
_12343_/B                               0.750000    1.573323   -0.823323 (VIOLATED)
_12338_/B                               0.750000    1.573207   -0.823207 (VIOLATED)
_09699_/B                               0.750000    1.573094   -0.823094 (VIOLATED)
_12474_/B                               0.750000    1.573048   -0.823048 (VIOLATED)
_12473_/B                               0.750000    1.572961   -0.822961 (VIOLATED)
_09751_/B                               0.750000    1.572901   -0.822901 (VIOLATED)
_14078_/C                               0.750000    1.572898   -0.822898 (VIOLATED)
_14079_/A2                              0.750000    1.572899   -0.822899 (VIOLATED)
_14057_/D                               0.750000    1.572897   -0.822897 (VIOLATED)
_12933_/B                               0.750000    1.572893   -0.822893 (VIOLATED)
_14058_/B1                              0.750000    1.572892   -0.822892 (VIOLATED)
_14334_/B                               0.750000    1.572867   -0.822867 (VIOLATED)
_15041_/B                               0.750000    1.572856   -0.822856 (VIOLATED)
_15042_/A2                              0.750000    1.572845   -0.822845 (VIOLATED)
_15040_/B                               0.750000    1.572840   -0.822841 (VIOLATED)
_15190_/B1                              0.750000    1.572827   -0.822827 (VIOLATED)
_13044_/B                               0.750000    1.572786   -0.822786 (VIOLATED)
_15277_/B                               0.750000    1.572770   -0.822771 (VIOLATED)
_13043_/B                               0.750000    1.572741   -0.822741 (VIOLATED)
_18525_/Q                               0.750000    1.572660   -0.822660 (VIOLATED)
_09749_/B                               0.750000    1.572499   -0.822499 (VIOLATED)
_10256_/B                               0.750000    1.572297   -0.822297 (VIOLATED)
_10383_/B                               0.750000    1.571954   -0.821954 (VIOLATED)
_10382_/B                               0.750000    1.571776   -0.821776 (VIOLATED)
_10615_/B                               0.750000    1.571569   -0.821569 (VIOLATED)
_10746_/B                               0.750000    1.571293   -0.821293 (VIOLATED)
_10745_/B                               0.750000    1.571191   -0.821191 (VIOLATED)
_13913_/D                               0.750000    1.571064   -0.821064 (VIOLATED)
_13918_/B1                              0.750000    1.571064   -0.821064 (VIOLATED)
_13622_/C                               0.750000    1.571062   -0.821062 (VIOLATED)
_13621_/B                               0.750000    1.571060   -0.821060 (VIOLATED)
_10975_/B                               0.750000    1.571031   -0.821031 (VIOLATED)
_13779_/B                               0.750000    1.571024   -0.821024 (VIOLATED)
_10994_/B                               0.750000    1.570987   -0.820987 (VIOLATED)
_10995_/B                               0.750000    1.570962   -0.820962 (VIOLATED)
_10754_/B                               0.750000    1.570907   -0.820907 (VIOLATED)
_10517_/B                               0.750000    1.570864   -0.820864 (VIOLATED)
_10518_/B                               0.750000    1.570831   -0.820831 (VIOLATED)
_11101_/B                               0.750000    1.570741   -0.820741 (VIOLATED)
_10393_/B                               0.750000    1.570668   -0.820668 (VIOLATED)
_09962_/B                               0.750000    1.570639   -0.820639 (VIOLATED)
_09963_/B                               0.750000    1.570572   -0.820572 (VIOLATED)
_15928_/A_N                             0.750000    1.570534   -0.820534 (VIOLATED)
_15942_/B                               0.750000    1.570530   -0.820530 (VIOLATED)
_11100_/B                               0.750000    1.570524   -0.820524 (VIOLATED)
_15958_/B                               0.750000    1.570516   -0.820516 (VIOLATED)
_15562_/B                               0.750000    1.570493   -0.820492 (VIOLATED)
_09789_/B                               0.750000    1.570487   -0.820487 (VIOLATED)
_15560_/B                               0.750000    1.570464   -0.820464 (VIOLATED)
_13611_/B                               0.750000    1.570415   -0.820415 (VIOLATED)
_09784_/B                               0.750000    1.570413   -0.820413 (VIOLATED)
_16127_/B                               0.750000    1.570398   -0.820398 (VIOLATED)
_09782_/B                               0.750000    1.570355   -0.820355 (VIOLATED)
_11757_/B                               0.750000    1.570328   -0.820328 (VIOLATED)
_11756_/B                               0.750000    1.570275   -0.820275 (VIOLATED)
_11759_/A2                              0.750000    1.570262   -0.820262 (VIOLATED)
_11636_/B                               0.750000    1.570239   -0.820239 (VIOLATED)
_11758_/B                               0.750000    1.570227   -0.820227 (VIOLATED)
_09867_/B                               0.750000    1.570198   -0.820198 (VIOLATED)
_10045_/B                               0.750000    1.570142   -0.820142 (VIOLATED)
_11420_/B1                              0.750000    1.570137   -0.820137 (VIOLATED)
_10043_/B                               0.750000    1.570113   -0.820113 (VIOLATED)
_11279_/B                               0.750000    1.570098   -0.820098 (VIOLATED)
_11278_/B                               0.750000    1.570093   -0.820093 (VIOLATED)
_13206_/B                               0.750000    1.570074   -0.820074 (VIOLATED)
_13203_/B                               0.750000    1.570051   -0.820051 (VIOLATED)
_13207_/B1                              0.750000    1.570050   -0.820050 (VIOLATED)
_10044_/B                               0.750000    1.570046   -0.820046 (VIOLATED)
_13204_/B                               0.750000    1.570043   -0.820043 (VIOLATED)
_11242_/B                               0.750000    1.570025   -0.820025 (VIOLATED)
_13216_/B                               0.750000    1.569975   -0.819975 (VIOLATED)
_11271_/B1                              0.750000    1.569974   -0.819974 (VIOLATED)
_11269_/B                               0.750000    1.569963   -0.819963 (VIOLATED)
_11827_/B                               0.750000    1.569955   -0.819955 (VIOLATED)
_11270_/B                               0.750000    1.569938   -0.819938 (VIOLATED)
_12139_/B                               0.750000    1.569929   -0.819929 (VIOLATED)
_12140_/B                               0.750000    1.569929   -0.819929 (VIOLATED)
_12142_/C                               0.750000    1.569929   -0.819929 (VIOLATED)
_12739_/D                               0.750000    1.569929   -0.819929 (VIOLATED)
_18540_/Q                               0.750000    1.569929   -0.819929 (VIOLATED)
_18545_/Q                               0.750000    1.569788   -0.819788 (VIOLATED)
_10000_/A_N                             0.750000    1.561383   -0.811383 (VIOLATED)
_09826_/B                               0.750000    1.561365   -0.811365 (VIOLATED)
_09710_/B                               0.750000    1.561323   -0.811323 (VIOLATED)
_09628_/B                               0.750000    1.561249   -0.811250 (VIOLATED)
_09629_/B                               0.750000    1.561070   -0.811070 (VIOLATED)
_09615_/B                               0.750000    1.560946   -0.810946 (VIOLATED)
_10226_/B                               0.750000    1.560731   -0.810731 (VIOLATED)
_10225_/B                               0.750000    1.560534   -0.810535 (VIOLATED)
_10454_/B                               0.750000    1.560469   -0.810469 (VIOLATED)
_10453_/B                               0.750000    1.560369   -0.810369 (VIOLATED)
_10580_/B                               0.750000    1.560233   -0.810233 (VIOLATED)
_10579_/B                               0.750000    1.560090   -0.810090 (VIOLATED)
_10817_/B                               0.750000    1.559862   -0.809862 (VIOLATED)
_10945_/B                               0.750000    1.559615   -0.809615 (VIOLATED)
_10944_/B                               0.750000    1.559457   -0.809457 (VIOLATED)
_13733_/B                               0.750000    1.559270   -0.809270 (VIOLATED)
_13470_/B                               0.750000    1.558685   -0.808685 (VIOLATED)
_13471_/B                               0.750000    1.558563   -0.808563 (VIOLATED)
_13472_/B                               0.750000    1.558442   -0.808443 (VIOLATED)
_13344_/B                               0.750000    1.558061   -0.808061 (VIOLATED)
_12712_/B                               0.750000    1.557612   -0.807612 (VIOLATED)
_13386_/A2                              0.750000    1.557500   -0.807500 (VIOLATED)
_13385_/C                               0.750000    1.557499   -0.807499 (VIOLATED)
_13218_/D                               0.750000    1.557494   -0.807494 (VIOLATED)
_13219_/B1                              0.750000    1.557494   -0.807494 (VIOLATED)
_13201_/B                               0.750000    1.557469   -0.807469 (VIOLATED)
_13628_/B                               0.750000    1.557446   -0.807446 (VIOLATED)
_13629_/A2                              0.750000    1.557418   -0.807418 (VIOLATED)
_13626_/B                               0.750000    1.557397   -0.807397 (VIOLATED)
_13627_/B                               0.750000    1.557336   -0.807336 (VIOLATED)
_12713_/B                               0.750000    1.557201   -0.807201 (VIOLATED)
_11102_/B                               0.750000    1.557127   -0.807127 (VIOLATED)
_10866_/B                               0.750000    1.557099   -0.807100 (VIOLATED)
_10867_/B                               0.750000    1.557029   -0.807029 (VIOLATED)
_12613_/B                               0.750000    1.557024   -0.807024 (VIOLATED)
_10747_/B                               0.750000    1.556938   -0.806938 (VIOLATED)
_10511_/B                               0.750000    1.556789   -0.806789 (VIOLATED)
_12360_/B                               0.750000    1.556742   -0.806742 (VIOLATED)
_10512_/B                               0.750000    1.556684   -0.806684 (VIOLATED)
_12361_/B                               0.750000    1.556510   -0.806510 (VIOLATED)
_10384_/B                               0.750000    1.556446   -0.806446 (VIOLATED)
_12327_/B                               0.750000    1.556350   -0.806350 (VIOLATED)
_09954_/B                               0.750000    1.556307   -0.806307 (VIOLATED)
_09955_/B                               0.750000    1.556209   -0.806209 (VIOLATED)
_12461_/B                               0.750000    1.556168   -0.806168 (VIOLATED)
_12459_/B                               0.750000    1.555967   -0.805967 (VIOLATED)
_09752_/B                               0.750000    1.555962   -0.805962 (VIOLATED)
_12836_/B                               0.750000    1.555837   -0.805837 (VIOLATED)
_09757_/B                               0.750000    1.555774   -0.805774 (VIOLATED)
_09756_/B                               0.750000    1.555709   -0.805709 (VIOLATED)
_13057_/B                               0.750000    1.555590   -0.805590 (VIOLATED)
_15183_/C                               0.750000    1.555584   -0.805584 (VIOLATED)
_15184_/A2                              0.750000    1.555585   -0.805585 (VIOLATED)
_15182_/B                               0.750000    1.555584   -0.805584 (VIOLATED)
_15424_/D                               0.750000    1.555582   -0.805582 (VIOLATED)
_15292_/B                               0.750000    1.555580   -0.805580 (VIOLATED)
_13056_/B                               0.750000    1.555576   -0.805576 (VIOLATED)
_18529_/Q                               0.750000    1.555571   -0.805571 (VIOLATED)
_09856_/B                               0.750000    1.555539   -0.805539 (VIOLATED)
_09825_/A_N                             0.750000    1.555367   -0.805367 (VIOLATED)
_09712_/B                               0.750000    1.555350   -0.805350 (VIOLATED)
_10032_/A2                              0.750000    1.555344   -0.805344 (VIOLATED)
_10031_/B                               0.750000    1.555336   -0.805336 (VIOLATED)
_09650_/B                               0.750000    1.555272   -0.805272 (VIOLATED)
_09616_/B                               0.750000    1.555195   -0.805196 (VIOLATED)
_11816_/B                               0.750000    1.555174   -0.805174 (VIOLATED)
_15975_/A_N                             0.750000    1.555148   -0.805148 (VIOLATED)
_15997_/B                               0.750000    1.555147   -0.805147 (VIOLATED)
_16025_/B                               0.750000    1.555134   -0.805134 (VIOLATED)
_11765_/B                               0.750000    1.555121   -0.805121 (VIOLATED)
_11764_/B                               0.750000    1.555108   -0.805108 (VIOLATED)
_11767_/A2                              0.750000    1.555088   -0.805088 (VIOLATED)
_11766_/B                               0.750000    1.555078   -0.805078 (VIOLATED)
_09618_/B                               0.750000    1.555057   -0.805057 (VIOLATED)
_11647_/B                               0.750000    1.555043   -0.805043 (VIOLATED)
_11249_/B                               0.750000    1.555033   -0.805033 (VIOLATED)
_11295_/B                               0.750000    1.555005   -0.805005 (VIOLATED)
_11250_/B                               0.750000    1.554978   -0.804978 (VIOLATED)
_11296_/B                               0.750000    1.554978   -0.804978 (VIOLATED)
_11219_/B                               0.750000    1.554967   -0.804967 (VIOLATED)
_18542_/Q                               0.750000    1.554903   -0.804903 (VIOLATED)
_10217_/B                               0.750000    1.554891   -0.804891 (VIOLATED)
_10338_/B                               0.750000    1.554678   -0.804678 (VIOLATED)
_10337_/B                               0.750000    1.554586   -0.804586 (VIOLATED)
_10570_/B                               0.750000    1.554438   -0.804438 (VIOLATED)
_10703_/B                               0.750000    1.554256   -0.804256 (VIOLATED)
_10702_/B                               0.750000    1.554063   -0.804063 (VIOLATED)
_10933_/B                               0.750000    1.553855   -0.803855 (VIOLATED)
_11060_/B                               0.750000    1.553626   -0.803626 (VIOLATED)
_11059_/B                               0.750000    1.553357   -0.803357 (VIOLATED)
_13561_/B                               0.750000    1.553099   -0.803099 (VIOLATED)
_13345_/B                               0.750000    1.552611   -0.802612 (VIOLATED)
_13346_/B                               0.750000    1.552332   -0.802332 (VIOLATED)
_13273_/B                               0.750000    1.551978   -0.801978 (VIOLATED)
_12614_/B                               0.750000    1.551151   -0.801151 (VIOLATED)
_12615_/B                               0.750000    1.551098   -0.801098 (VIOLATED)
_12434_/B                               0.750000    1.550862   -0.800862 (VIOLATED)
_12328_/B                               0.750000    1.550508   -0.800508 (VIOLATED)
_12330_/B                               0.750000    1.550304   -0.800304 (VIOLATED)
_12451_/B                               0.750000    1.550144   -0.800144 (VIOLATED)
_12481_/B                               0.750000    1.549871   -0.799871 (VIOLATED)
_12480_/B                               0.750000    1.549665   -0.799665 (VIOLATED)
_12940_/B                               0.750000    1.549504   -0.799504 (VIOLATED)
_13164_/B                               0.750000    1.549119   -0.799119 (VIOLATED)
_13163_/B                               0.750000    1.549082   -0.799082 (VIOLATED)
_13162_/B                               0.750000    1.549032   -0.799032 (VIOLATED)
_15035_/B                               0.750000    1.549010   -0.799010 (VIOLATED)
_15036_/C                               0.750000    1.549010   -0.799010 (VIOLATED)
_15183_/D                               0.750000    1.549010   -0.799010 (VIOLATED)
_15184_/B1                              0.750000    1.549010   -0.799010 (VIOLATED)
_15371_/B                               0.750000    1.549010   -0.799010 (VIOLATED)
_18528_/Q                               0.750000    1.549010   -0.799010 (VIOLATED)
_17989_/Y                               0.750000    1.547881   -0.797881 (VIOLATED)
_17990_/B1                              0.750000    1.547881   -0.797881 (VIOLATED)
_18235_/B1_N                            0.750000    1.547881   -0.797881 (VIOLATED)
_15137_/B                               0.750000    1.544124   -0.794124 (VIOLATED)
_13119_/B                               0.750000    1.544123   -0.794123 (VIOLATED)
_12905_/B                               0.750000    1.544116   -0.794116 (VIOLATED)
_12906_/B                               0.750000    1.544104   -0.794103 (VIOLATED)
_12795_/B                               0.750000    1.544085   -0.794085 (VIOLATED)
_12237_/B                               0.750000    1.544062   -0.794062 (VIOLATED)
_12239_/B                               0.750000    1.544040   -0.794040 (VIOLATED)
_12244_/B                               0.750000    1.543999   -0.793999 (VIOLATED)
_12288_/B                               0.750000    1.543968   -0.793968 (VIOLATED)
_12406_/B1                              0.750000    1.543947   -0.793947 (VIOLATED)
_12287_/B                               0.750000    1.543940   -0.793940 (VIOLATED)
_15138_/B                               0.750000    1.543930   -0.793930 (VIOLATED)
_15079_/B                               0.750000    1.543926   -0.793926 (VIOLATED)
_14234_/B                               0.750000    1.543913   -0.793913 (VIOLATED)
_14235_/B                               0.750000    1.543909   -0.793909 (VIOLATED)
_14084_/B                               0.750000    1.543889   -0.793889 (VIOLATED)
_12570_/B                               0.750000    1.543870   -0.793870 (VIOLATED)
_14152_/B                               0.750000    1.543844   -0.793844 (VIOLATED)
_12669_/B                               0.750000    1.543824   -0.793824 (VIOLATED)
_14150_/B                               0.750000    1.543821   -0.793821 (VIOLATED)
_14210_/B                               0.750000    1.543816   -0.793816 (VIOLATED)
_12668_/B                               0.750000    1.543806   -0.793806 (VIOLATED)
_14474_/B                               0.750000    1.543736   -0.793736 (VIOLATED)
_14473_/B                               0.750000    1.543702   -0.793702 (VIOLATED)
_13304_/B                               0.750000    1.543698   -0.793698 (VIOLATED)
_14601_/B                               0.750000    1.543686   -0.793686 (VIOLATED)
_13433_/B                               0.750000    1.543661   -0.793661 (VIOLATED)
_14708_/B1                              0.750000    1.543659   -0.793660 (VIOLATED)
_13434_/B                               0.750000    1.543655   -0.793655 (VIOLATED)
_13435_/A2                              0.750000    1.543656   -0.793656 (VIOLATED)
_14700_/D                               0.750000    1.543653   -0.793653 (VIOLATED)
_14742_/C                               0.750000    1.543652   -0.793652 (VIOLATED)
_14750_/A2                              0.750000    1.543651   -0.793651 (VIOLATED)
_13536_/B1                              0.750000    1.543638   -0.793638 (VIOLATED)
_10792_/A_N                             0.750000    1.543623   -0.793623 (VIOLATED)
_10909_/B                               0.750000    1.543623   -0.793623 (VIOLATED)
_11024_/B                               0.750000    1.543621   -0.793621 (VIOLATED)
_18517_/Q                               0.750000    1.543558   -0.793558 (VIOLATED)
_16120_/A_N                             0.750000    1.537471   -0.787471 (VIOLATED)
_11772_/B                               0.750000    1.537442   -0.787442 (VIOLATED)
_11649_/B                               0.750000    1.537382   -0.787382 (VIOLATED)
_11302_/B                               0.750000    1.537283   -0.787283 (VIOLATED)
_11303_/B                               0.750000    1.537097   -0.787097 (VIOLATED)
_11230_/B                               0.750000    1.536942   -0.786942 (VIOLATED)
_11206_/B                               0.750000    1.536815   -0.786815 (VIOLATED)
_11204_/B                               0.750000    1.536624   -0.786624 (VIOLATED)
_11806_/B                               0.750000    1.536404   -0.786404 (VIOLATED)
_10128_/B1                              0.750000    1.536217   -0.786217 (VIOLATED)
_10023_/B                               0.750000    1.536007   -0.786007 (VIOLATED)
_10025_/A2                              0.750000    1.535951   -0.785951 (VIOLATED)
_10024_/B                               0.750000    1.535862   -0.785862 (VIOLATED)
_09848_/B                               0.750000    1.535668   -0.785668 (VIOLATED)
_09700_/B                               0.750000    1.534934   -0.784934 (VIOLATED)
_09701_/B                               0.750000    1.534647   -0.784647 (VIOLATED)
_09683_/B                               0.750000    1.534450   -0.784450 (VIOLATED)
_09768_/B                               0.750000    1.533857   -0.783857 (VIOLATED)
_09767_/B                               0.750000    1.533522   -0.783522 (VIOLATED)
_10368_/B                               0.750000    1.533261   -0.783261 (VIOLATED)
_10503_/B                               0.750000    1.532710   -0.782710 (VIOLATED)
_10502_/B                               0.750000    1.532447   -0.782447 (VIOLATED)
_10738_/B                               0.750000    1.532210   -0.782210 (VIOLATED)
_10860_/B                               0.750000    1.531897   -0.781897 (VIOLATED)
_10859_/B                               0.750000    1.531551   -0.781551 (VIOLATED)
_11095_/B                               0.750000    1.531310   -0.781310 (VIOLATED)
_13612_/B                               0.750000    1.530812   -0.780812 (VIOLATED)
_13613_/B                               0.750000    1.530632   -0.780633 (VIOLATED)
_13505_/B                               0.750000    1.530421   -0.780421 (VIOLATED)
_13210_/B                               0.750000    1.529807   -0.779807 (VIOLATED)
_13209_/B                               0.750000    1.529663   -0.779663 (VIOLATED)
_12742_/B                               0.750000    1.529579   -0.779579 (VIOLATED)
_12141_/B                               0.750000    1.529383   -0.779383 (VIOLATED)
_12142_/D                               0.750000    1.529380   -0.779380 (VIOLATED)
_12164_/C                               0.750000    1.529301   -0.779301 (VIOLATED)
_12165_/A2                              0.750000    1.529281   -0.779281 (VIOLATED)
_18539_/Q                               0.750000    1.529251   -0.779251 (VIOLATED)
_13218_/C                               0.750000    1.523408   -0.773408 (VIOLATED)
_13219_/A2                              0.750000    1.523408   -0.773408 (VIOLATED)
_13197_/B                               0.750000    1.523406   -0.773406 (VIOLATED)
_13625_/B                               0.750000    1.523389   -0.773389 (VIOLATED)
_13777_/B                               0.750000    1.523354   -0.773354 (VIOLATED)
_13778_/B                               0.750000    1.523311   -0.773311 (VIOLATED)
_10981_/B                               0.750000    1.523227   -0.773227 (VIOLATED)
_10752_/B                               0.750000    1.523225   -0.773225 (VIOLATED)
_10753_/B                               0.750000    1.523171   -0.773171 (VIOLATED)
_10624_/B                               0.750000    1.523109   -0.773109 (VIOLATED)
_10391_/B                               0.750000    1.523050   -0.773050 (VIOLATED)
_10392_/B                               0.750000    1.522961   -0.772961 (VIOLATED)
_10274_/B                               0.750000    1.522870   -0.772870 (VIOLATED)
_15956_/A_N                             0.750000    1.522817   -0.772817 (VIOLATED)
_15976_/B                               0.750000    1.522815   -0.772815 (VIOLATED)
_15998_/B                               0.750000    1.522807   -0.772807 (VIOLATED)
_09787_/B                               0.750000    1.522804   -0.772804 (VIOLATED)
_16125_/B1                              0.750000    1.522775   -0.772775 (VIOLATED)
_16124_/B                               0.750000    1.522742   -0.772742 (VIOLATED)
_09788_/B                               0.750000    1.522724   -0.772724 (VIOLATED)
_11768_/B                               0.750000    1.522673   -0.772673 (VIOLATED)
_11434_/B                               0.750000    1.522636   -0.772636 (VIOLATED)
_11639_/B1                              0.750000    1.522634   -0.772634 (VIOLATED)
_11433_/B                               0.750000    1.522616   -0.772616 (VIOLATED)
_09755_/B                               0.750000    1.522538   -0.772538 (VIOLATED)
_09800_/B                               0.750000    1.522537   -0.772537 (VIOLATED)
_11435_/B                               0.750000    1.522529   -0.772529 (VIOLATED)
_11294_/B                               0.750000    1.522527   -0.772527 (VIOLATED)
_09799_/B                               0.750000    1.522510   -0.772510 (VIOLATED)
_11245_/B                               0.750000    1.522486   -0.772486 (VIOLATED)
_11243_/B                               0.750000    1.522444   -0.772444 (VIOLATED)
_10030_/B                               0.750000    1.522392   -0.772392 (VIOLATED)
_11264_/B                               0.750000    1.522391   -0.772391 (VIOLATED)
_10135_/B                               0.750000    1.522347   -0.772347 (VIOLATED)
_10134_/B                               0.750000    1.522338   -0.772338 (VIOLATED)
_18543_/Q                               0.750000    1.522236   -0.772236 (VIOLATED)
_18178_/Y                               0.750000    1.519311   -0.769311 (VIOLATED)
_18179_/D1                              0.750000    1.519311   -0.769311 (VIOLATED)
_17982_/X                               0.750000    1.510663   -0.760663 (VIOLATED)
_17986_/A                               0.750000    1.510663   -0.760663 (VIOLATED)
_18234_/A2                              0.750000    1.510663   -0.760663 (VIOLATED)
_18251_/A                               0.750000    1.510663   -0.760663 (VIOLATED)
_09325_/A2                              0.750000    1.509017   -0.759018 (VIOLATED)
_17804_/A2                              0.750000    1.509018   -0.759018 (VIOLATED)
_16428_/A                               0.750000    1.509017   -0.759017 (VIOLATED)
_16375_/A                               0.750000    1.509013   -0.759013 (VIOLATED)
_16383_/A1                              0.750000    1.509008   -0.759008 (VIOLATED)
_16610_/A                               0.750000    1.509000   -0.759000 (VIOLATED)
_16615_/A1                              0.750000    1.508994   -0.758994 (VIOLATED)
_16630_/A                               0.750000    1.508992   -0.758992 (VIOLATED)
_16633_/A                               0.750000    1.508986   -0.758986 (VIOLATED)
_16236_/A                               0.750000    1.508981   -0.758981 (VIOLATED)
_16239_/A                               0.750000    1.508976   -0.758976 (VIOLATED)
_15811_/A                               0.750000    1.508968   -0.758968 (VIOLATED)
_15717_/A                               0.750000    1.508962   -0.758962 (VIOLATED)
_16075_/A                               0.750000    1.508950   -0.758950 (VIOLATED)
_16104_/A                               0.750000    1.508942   -0.758942 (VIOLATED)
_09261_/Y                               0.750000    1.508936   -0.758936 (VIOLATED)
_17985_/X                               0.750000    1.507388   -0.757388 (VIOLATED)
_17986_/B                               0.750000    1.507388   -0.757388 (VIOLATED)
_18234_/A3                              0.750000    1.507388   -0.757388 (VIOLATED)
_18252_/B                               0.750000    1.507388   -0.757388 (VIOLATED)
_17839_/X                               0.750000    1.506116   -0.756116 (VIOLATED)
_17840_/D                               0.750000    1.506116   -0.756116 (VIOLATED)
_18188_/A2                              0.750000    1.506116   -0.756116 (VIOLATED)
_18209_/A1                              0.750000    1.506116   -0.756116 (VIOLATED)
_18222_/A                               0.750000    1.506116   -0.756116 (VIOLATED)
_18007_/X                               0.750000    1.505469   -0.755469 (VIOLATED)
_18010_/B                               0.750000    1.505469   -0.755469 (VIOLATED)
_18283_/A                               0.750000    1.505469   -0.755469 (VIOLATED)
_18284_/A                               0.750000    1.505469   -0.755469 (VIOLATED)
_18325_/A1                              0.750000    1.505469   -0.755469 (VIOLATED)
_13913_/C                               0.750000    1.499114   -0.749114 (VIOLATED)
_13918_/A2                              0.750000    1.499114   -0.749114 (VIOLATED)
_13855_/D                               0.750000    1.499112   -0.749112 (VIOLATED)
_13860_/B1                              0.750000    1.499112   -0.749112 (VIOLATED)
_11117_/B                               0.750000    1.499071   -0.749071 (VIOLATED)
_10878_/B                               0.750000    1.499059   -0.749059 (VIOLATED)
_10879_/B                               0.750000    1.499018   -0.749018 (VIOLATED)
_10630_/B                               0.750000    1.499006   -0.749006 (VIOLATED)
_10397_/B                               0.750000    1.498957   -0.748957 (VIOLATED)
_10398_/B                               0.750000    1.498854   -0.748854 (VIOLATED)
_10282_/B                               0.750000    1.498787   -0.748787 (VIOLATED)
_09922_/B                               0.750000    1.498733   -0.748733 (VIOLATED)
_09923_/B                               0.750000    1.498702   -0.748702 (VIOLATED)
_09781_/B                               0.750000    1.498571   -0.748571 (VIOLATED)
_15921_/A_N                             0.750000    1.498522   -0.748522 (VIOLATED)
_15929_/B                               0.750000    1.498519   -0.748519 (VIOLATED)
_15943_/B                               0.750000    1.498507   -0.748507 (VIOLATED)
_15559_/B                               0.750000    1.498493   -0.748493 (VIOLATED)
_09812_/B                               0.750000    1.498479   -0.748479 (VIOLATED)
_15561_/B                               0.750000    1.498446   -0.748446 (VIOLATED)
_09811_/B                               0.750000    1.498411   -0.748411 (VIOLATED)
_16028_/B                               0.750000    1.498408   -0.748408 (VIOLATED)
_16135_/B                               0.750000    1.498332   -0.748332 (VIOLATED)
_10042_/B                               0.750000    1.498266   -0.748266 (VIOLATED)
_16134_/B                               0.750000    1.498241   -0.748241 (VIOLATED)
_10148_/B                               0.750000    1.498216   -0.748216 (VIOLATED)
_10146_/B                               0.750000    1.498172   -0.748172 (VIOLATED)
_11755_/B                               0.750000    1.498166   -0.748166 (VIOLATED)
_10147_/B                               0.750000    1.498105   -0.748105 (VIOLATED)
_11420_/A2                              0.750000    1.498062   -0.748063 (VIOLATED)
_11419_/B                               0.750000    1.498061   -0.748061 (VIOLATED)
_11421_/A2                              0.750000    1.498038   -0.748038 (VIOLATED)
_11277_/B                               0.750000    1.498013   -0.748013 (VIOLATED)
_11366_/B                               0.750000    1.497976   -0.747976 (VIOLATED)
_11256_/B                               0.750000    1.497933   -0.747933 (VIOLATED)
_11271_/A2                              0.750000    1.497930   -0.747930 (VIOLATED)
_11254_/B                               0.750000    1.497928   -0.747928 (VIOLATED)
_18546_/Q                               0.750000    1.497771   -0.747771 (VIOLATED)
_16539_/A_N                             0.750000    1.497738   -0.747738 (VIOLATED)
_16295_/B                               0.750000    1.497736   -0.747736 (VIOLATED)
_15917_/B                               0.750000    1.497730   -0.747730 (VIOLATED)
_15870_/B                               0.750000    1.497716   -0.747716 (VIOLATED)
_15871_/B                               0.750000    1.497689   -0.747689 (VIOLATED)
_15815_/B                               0.750000    1.497647   -0.747647 (VIOLATED)
_10989_/B                               0.750000    1.497633   -0.747633 (VIOLATED)
_11111_/C                               0.750000    1.497633   -0.747633 (VIOLATED)
_10998_/B1                              0.750000    1.497625   -0.747625 (VIOLATED)
_10990_/D                               0.750000    1.497615   -0.747615 (VIOLATED)
_10766_/B                               0.750000    1.497606   -0.747606 (VIOLATED)
_10529_/B                               0.750000    1.497581   -0.747581 (VIOLATED)
_15569_/B                               0.750000    1.497576   -0.747576 (VIOLATED)
_15567_/B                               0.750000    1.497538   -0.747538 (VIOLATED)
_10530_/B                               0.750000    1.497518   -0.747518 (VIOLATED)
_16038_/B                               0.750000    1.497439   -0.747439 (VIOLATED)
_16145_/B                               0.750000    1.497409   -0.747409 (VIOLATED)
_10288_/B                               0.750000    1.497396   -0.747396 (VIOLATED)
_09929_/B                               0.750000    1.497392   -0.747392 (VIOLATED)
_09930_/B                               0.750000    1.497355   -0.747355 (VIOLATED)
_09774_/B                               0.750000    1.497240   -0.747240 (VIOLATED)
_16144_/B                               0.750000    1.497215   -0.747215 (VIOLATED)
_09807_/B                               0.750000    1.497160   -0.747160 (VIOLATED)
_09876_/B1                              0.750000    1.497137   -0.747137 (VIOLATED)
_09808_/B                               0.750000    1.497132   -0.747132 (VIOLATED)
_11737_/B                               0.750000    1.497080   -0.747080 (VIOLATED)
_11629_/B1                              0.750000    1.496999   -0.746999 (VIOLATED)
_10056_/B                               0.750000    1.496993   -0.746993 (VIOLATED)
_11425_/B                               0.750000    1.496921   -0.746921 (VIOLATED)
_10161_/B                               0.750000    1.496909   -0.746909 (VIOLATED)
_11284_/B                               0.750000    1.496853   -0.746853 (VIOLATED)
_10160_/B                               0.750000    1.496841   -0.746841 (VIOLATED)
_11320_/B                               0.750000    1.496755   -0.746755 (VIOLATED)
_11371_/B                               0.750000    1.496748   -0.746748 (VIOLATED)
_11318_/B                               0.750000    1.496699   -0.746699 (VIOLATED)
_18549_/Q                               0.750000    1.496426   -0.746426 (VIOLATED)
_13196_/B                               0.750000    1.494149   -0.744149 (VIOLATED)
_13195_/B                               0.750000    1.494147   -0.744147 (VIOLATED)
_13622_/D                               0.750000    1.494144   -0.744144 (VIOLATED)
_15941_/A_N                             0.750000    1.494136   -0.744136 (VIOLATED)
_13858_/B                               0.750000    1.494131   -0.744131 (VIOLATED)
_15957_/B                               0.750000    1.494131   -0.744131 (VIOLATED)
_15977_/B                               0.750000    1.494120   -0.744120 (VIOLATED)
_11115_/B                               0.750000    1.494102   -0.744102 (VIOLATED)
_11116_/B                               0.750000    1.494072   -0.744072 (VIOLATED)
_16125_/A2                              0.750000    1.494066   -0.744066 (VIOLATED)
_16027_/B                               0.750000    1.494057   -0.744057 (VIOLATED)
_10868_/B                               0.750000    1.494030   -0.744030 (VIOLATED)
_10628_/B                               0.750000    1.494001   -0.744001 (VIOLATED)
_16841_/B                               0.750000    1.493992   -0.743992 (VIOLATED)
_10629_/B                               0.750000    1.493966   -0.743966 (VIOLATED)
_11759_/B1                              0.750000    1.493891   -0.743891 (VIOLATED)
_10513_/B                               0.750000    1.493869   -0.743869 (VIOLATED)
_11637_/B                               0.750000    1.493864   -0.743864 (VIOLATED)
_11639_/A2                              0.750000    1.493841   -0.743841 (VIOLATED)
_10280_/B                               0.750000    1.493829   -0.743829 (VIOLATED)
_11638_/B                               0.750000    1.493821   -0.743821 (VIOLATED)
_10281_/B                               0.750000    1.493774   -0.743774 (VIOLATED)
_11432_/B                               0.750000    1.493739   -0.743739 (VIOLATED)
_11244_/B                               0.750000    1.493708   -0.743708 (VIOLATED)
_09956_/B                               0.750000    1.493692   -0.743692 (VIOLATED)
_09783_/B                               0.750000    1.493656   -0.743656 (VIOLATED)
_11246_/B                               0.750000    1.493631   -0.743631 (VIOLATED)
_09785_/B                               0.750000    1.493610   -0.743610 (VIOLATED)
_11251_/B                               0.750000    1.493558   -0.743558 (VIOLATED)
_11365_/B                               0.750000    1.493515   -0.743515 (VIOLATED)
_09798_/B                               0.750000    1.493496   -0.743496 (VIOLATED)
_11364_/B                               0.750000    1.493437   -0.743437 (VIOLATED)
_09869_/B                               0.750000    1.493425   -0.743425 (VIOLATED)
_09868_/B                               0.750000    1.493385   -0.743385 (VIOLATED)
_10133_/B                               0.750000    1.493365   -0.743365 (VIOLATED)
_18544_/Q                               0.750000    1.493234   -0.743234 (VIOLATED)
_14275_/B                               0.750000    1.489405   -0.739405 (VIOLATED)
_15123_/B                               0.750000    1.489402   -0.739402 (VIOLATED)
_13117_/B                               0.750000    1.489391   -0.739391 (VIOLATED)
_13118_/B                               0.750000    1.489367   -0.739367 (VIOLATED)
_13008_/B                               0.750000    1.489334   -0.739334 (VIOLATED)
_12793_/B                               0.750000    1.489300   -0.739300 (VIOLATED)
_12794_/B                               0.750000    1.489280   -0.739280 (VIOLATED)
_12228_/B                               0.750000    1.489198   -0.739198 (VIOLATED)
_12232_/B                               0.750000    1.489132   -0.739132 (VIOLATED)
_14276_/B                               0.750000    1.489128   -0.739128 (VIOLATED)
_14238_/B                               0.750000    1.489124   -0.739124 (VIOLATED)
_12231_/B                               0.750000    1.489122   -0.739122 (VIOLATED)
_14088_/B                               0.750000    1.489116   -0.739116 (VIOLATED)
_14086_/B                               0.750000    1.489100   -0.739100 (VIOLATED)
_12233_/B                               0.750000    1.489099   -0.739099 (VIOLATED)
_12247_/B1                              0.750000    1.489092   -0.739092 (VIOLATED)
_14165_/B                               0.750000    1.489075   -0.739075 (VIOLATED)
_14209_/B                               0.750000    1.489001   -0.739001 (VIOLATED)
_12275_/B                               0.750000    1.488984   -0.738984 (VIOLATED)
_14208_/B                               0.750000    1.488959   -0.738959 (VIOLATED)
_14459_/B                               0.750000    1.488935   -0.738935 (VIOLATED)
_12395_/B                               0.750000    1.488931   -0.738931 (VIOLATED)
_12394_/B                               0.750000    1.488896   -0.738897 (VIOLATED)
_12658_/B                               0.750000    1.488717   -0.738717 (VIOLATED)
_13234_/B                               0.750000    1.488461   -0.738461 (VIOLATED)
_13307_/B1                              0.750000    1.488425   -0.738426 (VIOLATED)
_13233_/B                               0.750000    1.488406   -0.738406 (VIOLATED)
_13428_/B                               0.750000    1.488257   -0.738257 (VIOLATED)
_13531_/B                               0.750000    1.488187   -0.738187 (VIOLATED)
_11022_/A_N                             0.750000    1.488142   -0.738142 (VIOLATED)
_14599_/B                               0.750000    1.488060   -0.738060 (VIOLATED)
_14600_/B                               0.750000    1.488060   -0.738060 (VIOLATED)
_14706_/B                               0.750000    1.488059   -0.738059 (VIOLATED)
_14784_/B                               0.750000    1.488058   -0.738059 (VIOLATED)
_14785_/D                               0.750000    1.488058   -0.738058 (VIOLATED)
_14816_/C                               0.750000    1.488058   -0.738058 (VIOLATED)
_14793_/B1                              0.750000    1.488057   -0.738057 (VIOLATED)
_18515_/Q                               0.750000    1.488047   -0.738047 (VIOLATED)
_15919_/B                               0.750000    1.482894   -0.732894 (VIOLATED)
_16294_/A_N                             0.750000    1.482895   -0.732895 (VIOLATED)
_15923_/B                               0.750000    1.482890   -0.732890 (VIOLATED)
_15813_/B                               0.750000    1.482868   -0.732868 (VIOLATED)
_15814_/B                               0.750000    1.482837   -0.732837 (VIOLATED)
_15746_/B                               0.750000    1.482808   -0.732808 (VIOLATED)
_15573_/B                               0.750000    1.482728   -0.732728 (VIOLATED)
_15572_/B                               0.750000    1.482639   -0.732639 (VIOLATED)
_16136_/B                               0.750000    1.482512   -0.732512 (VIOLATED)
_11739_/B                               0.750000    1.482396   -0.732396 (VIOLATED)
_11738_/B                               0.750000    1.482334   -0.732334 (VIOLATED)
_11741_/A2                              0.750000    1.482305   -0.732305 (VIOLATED)
_11109_/B                               0.750000    1.482253   -0.732253 (VIOLATED)
_13774_/C                               0.750000    1.482249   -0.732249 (VIOLATED)
_11110_/B                               0.750000    1.482243   -0.732243 (VIOLATED)
_11111_/D                               0.750000    1.482240   -0.732240 (VIOLATED)
_10642_/B                               0.750000    1.482229   -0.732229 (VIOLATED)
_10643_/B                               0.750000    1.482228   -0.732228 (VIOLATED)
_11740_/B                               0.750000    1.482228   -0.732228 (VIOLATED)
_10880_/B                               0.750000    1.482218   -0.732218 (VIOLATED)
_11619_/B                               0.750000    1.482117   -0.732117 (VIOLATED)
_10399_/B                               0.750000    1.482110   -0.732110 (VIOLATED)
_09969_/B                               0.750000    1.482088   -0.732088 (VIOLATED)
_09970_/B                               0.750000    1.482065   -0.732065 (VIOLATED)
_11285_/B                               0.750000    1.482015   -0.732015 (VIOLATED)
_09924_/B                               0.750000    1.482008   -0.732008 (VIOLATED)
_11286_/B                               0.750000    1.481985   -0.731985 (VIOLATED)
_09777_/B                               0.750000    1.481984   -0.731984 (VIOLATED)
_09775_/B                               0.750000    1.481908   -0.731908 (VIOLATED)
_11253_/B                               0.750000    1.481905   -0.731905 (VIOLATED)
_09879_/B                               0.750000    1.481834   -0.731834 (VIOLATED)
_11336_/B                               0.750000    1.481800   -0.731800 (VIOLATED)
_10058_/B                               0.750000    1.481779   -0.731779 (VIOLATED)
_11335_/B                               0.750000    1.481725   -0.731725 (VIOLATED)
_10057_/B                               0.750000    1.481677   -0.731677 (VIOLATED)
_11830_/B                               0.750000    1.481583   -0.731583 (VIOLATED)
_18548_/Q                               0.750000    1.481363   -0.731363 (VIOLATED)
_16529_/A_N                             0.750000    1.479836   -0.729836 (VIOLATED)
_16540_/B                               0.750000    1.479835   -0.729835 (VIOLATED)
_16293_/B                               0.750000    1.479823   -0.729823 (VIOLATED)
_15902_/B                               0.750000    1.479817   -0.729817 (VIOLATED)
_15903_/B                               0.750000    1.479785   -0.729785 (VIOLATED)
_15872_/B                               0.750000    1.479743   -0.729743 (VIOLATED)
_15566_/B                               0.750000    1.479674   -0.729674 (VIOLATED)
_15568_/B                               0.750000    1.479595   -0.729595 (VIOLATED)
_15574_/B                               0.750000    1.479504   -0.729504 (VIOLATED)
_16048_/B                               0.750000    1.479458   -0.729458 (VIOLATED)
_16047_/B                               0.750000    1.479362   -0.729362 (VIOLATED)
_16855_/B                               0.750000    1.479075   -0.729075 (VIOLATED)
_11629_/A2                              0.750000    1.478812   -0.728812 (VIOLATED)
_10875_/D                               0.750000    1.478808   -0.728808 (VIOLATED)
_10882_/B1                              0.750000    1.478808   -0.728808 (VIOLATED)
_11628_/B                               0.750000    1.478808   -0.728808 (VIOLATED)
_10998_/A2                              0.750000    1.478799   -0.728799 (VIOLATED)
_10990_/C                               0.750000    1.478790   -0.728790 (VIOLATED)
_10644_/B                               0.750000    1.478765   -0.728765 (VIOLATED)
_11424_/B                               0.750000    1.478717   -0.728717 (VIOLATED)
_10410_/B                               0.750000    1.478715   -0.728715 (VIOLATED)
_10411_/B                               0.750000    1.478695   -0.728695 (VIOLATED)
_09971_/B                               0.750000    1.478621   -0.728621 (VIOLATED)
_09899_/B                               0.750000    1.478620   -0.728620 (VIOLATED)
_11319_/B                               0.750000    1.478598   -0.728598 (VIOLATED)
_09900_/B                               0.750000    1.478567   -0.728567 (VIOLATED)
_11321_/B                               0.750000    1.478557   -0.728557 (VIOLATED)
_09875_/B                               0.750000    1.478458   -0.728458 (VIOLATED)
_09806_/B                               0.750000    1.478445   -0.728445 (VIOLATED)
_11337_/B                               0.750000    1.478441   -0.728441 (VIOLATED)
_09876_/A2                              0.750000    1.478431   -0.728431 (VIOLATED)
_11526_/B                               0.750000    1.478367   -0.728367 (VIOLATED)
_11525_/B                               0.750000    1.478296   -0.728296 (VIOLATED)
_10159_/B                               0.750000    1.478243   -0.728243 (VIOLATED)
_18550_/Q                               0.750000    1.477928   -0.727928 (VIOLATED)
_17904_/Y                               0.750000    1.475283   -0.725283 (VIOLATED)
_17914_/A                               0.750000    1.475283   -0.725283 (VIOLATED)
_18226_/A1                              0.750000    1.475283   -0.725283 (VIOLATED)
_18271_/A                               0.750000    1.475283   -0.725283 (VIOLATED)
_18276_/A1                              0.750000    1.475283   -0.725283 (VIOLATED)
_15918_/A_N                             0.750000    1.471937   -0.721937 (VIOLATED)
_15922_/B                               0.750000    1.471936   -0.721936 (VIOLATED)
_15930_/B                               0.750000    1.471926   -0.721926 (VIOLATED)
_15744_/B                               0.750000    1.471899   -0.721899 (VIOLATED)
_15745_/B                               0.750000    1.471884   -0.721884 (VIOLATED)
_15563_/B                               0.750000    1.471799   -0.721799 (VIOLATED)
_16037_/B                               0.750000    1.471740   -0.721740 (VIOLATED)
_17300_/A_N                             0.750000    1.471646   -0.721646 (VIOLATED)
_17308_/B                               0.750000    1.471646   -0.721646 (VIOLATED)
_16036_/B                               0.750000    1.471643   -0.721643 (VIOLATED)
_17321_/B                               0.750000    1.471634   -0.721634 (VIOLATED)
_16731_/B                               0.750000    1.471609   -0.721609 (VIOLATED)
_16732_/B                               0.750000    1.471588   -0.721588 (VIOLATED)
_13855_/C                               0.750000    1.471539   -0.721539 (VIOLATED)
_13860_/A2                              0.750000    1.471539   -0.721539 (VIOLATED)
_16515_/B                               0.750000    1.471537   -0.721537 (VIOLATED)
_13774_/D                               0.750000    1.471527   -0.721527 (VIOLATED)
_13773_/B                               0.750000    1.471523   -0.721523 (VIOLATED)
_16847_/B                               0.750000    1.471510   -0.721510 (VIOLATED)
_10996_/B                               0.750000    1.471505   -0.721505 (VIOLATED)
_10765_/B                               0.750000    1.471489   -0.721489 (VIOLATED)
_10764_/B                               0.750000    1.471481   -0.721481 (VIOLATED)
_16436_/B                               0.750000    1.471472   -0.721472 (VIOLATED)
_16437_/B                               0.750000    1.471467   -0.721467 (VIOLATED)
_11621_/B                               0.750000    1.471460   -0.721460 (VIOLATED)
_11741_/B1                              0.750000    1.471445   -0.721445 (VIOLATED)
_10519_/B                               0.750000    1.471429   -0.721429 (VIOLATED)
_11620_/B                               0.750000    1.471390   -0.721390 (VIOLATED)
_10286_/B                               0.750000    1.471365   -0.721365 (VIOLATED)
_16386_/B                               0.750000    1.471359   -0.721359 (VIOLATED)
_10287_/B                               0.750000    1.471340   -0.721340 (VIOLATED)
_09964_/B                               0.750000    1.471282   -0.721282 (VIOLATED)
_09776_/B                               0.750000    1.471262   -0.721262 (VIOLATED)
_11622_/B                               0.750000    1.471257   -0.721257 (VIOLATED)
_09778_/B                               0.750000    1.471216   -0.721216 (VIOLATED)
_11418_/B                               0.750000    1.471190   -0.721190 (VIOLATED)
_11255_/B                               0.750000    1.471134   -0.721134 (VIOLATED)
_09810_/B                               0.750000    1.471089   -0.721089 (VIOLATED)
_15885_/B                               0.750000    1.471069   -0.721069 (VIOLATED)
_09881_/B                               0.750000    1.471048   -0.721048 (VIOLATED)
_11257_/B                               0.750000    1.471040   -0.721040 (VIOLATED)
_11268_/B                               0.750000    1.470985   -0.720985 (VIOLATED)
_09880_/B                               0.750000    1.470976   -0.720976 (VIOLATED)
_15886_/A1                              0.750000    1.470955   -0.720956 (VIOLATED)
_15887_/A2                              0.750000    1.470946   -0.720946 (VIOLATED)
_15826_/B                               0.750000    1.470921   -0.720921 (VIOLATED)
_10145_/B                               0.750000    1.470894   -0.720894 (VIOLATED)
_11370_/B                               0.750000    1.470873   -0.720873 (VIOLATED)
_11369_/B                               0.750000    1.470846   -0.720846 (VIOLATED)
_15594_/B                               0.750000    1.470794   -0.720794 (VIOLATED)
_15596_/B                               0.750000    1.470643   -0.720643 (VIOLATED)
_18547_/Q                               0.750000    1.470618   -0.720618 (VIOLATED)
_15606_/B                               0.750000    1.470473   -0.720473 (VIOLATED)
_15666_/B                               0.750000    1.470162   -0.720162 (VIOLATED)
_15665_/B                               0.750000    1.469893   -0.719893 (VIOLATED)
_16163_/B                               0.750000    1.469502   -0.719502 (VIOLATED)
_11726_/B                               0.750000    1.469343   -0.719343 (VIOLATED)
_11727_/B                               0.750000    1.469092   -0.719092 (VIOLATED)
_11607_/B                               0.750000    1.468884   -0.718884 (VIOLATED)
_11402_/B1                              0.750000    1.468566   -0.718566 (VIOLATED)
_11345_/B                               0.750000    1.468560   -0.718560 (VIOLATED)
_11346_/B                               0.750000    1.468520   -0.718520 (VIOLATED)
_11375_/B                               0.750000    1.468382   -0.718382 (VIOLATED)
_11500_/B                               0.750000    1.467982   -0.717982 (VIOLATED)
_11499_/B                               0.750000    1.467865   -0.717865 (VIOLATED)
_09938_/D                               0.750000    1.467825   -0.717825 (VIOLATED)
_09585_/A2                              0.750000    1.467820   -0.717820 (VIOLATED)
_09580_/B                               0.750000    1.467817   -0.717817 (VIOLATED)
_09589_/B                               0.750000    1.467812   -0.717812 (VIOLATED)
_10194_/B1                              0.750000    1.467811   -0.717811 (VIOLATED)
_09583_/B                               0.750000    1.467806   -0.717806 (VIOLATED)
_09937_/B                               0.750000    1.467782   -0.717782 (VIOLATED)
_09985_/A2                              0.750000    1.467782   -0.717782 (VIOLATED)
_11857_/B                               0.750000    1.467678   -0.717678 (VIOLATED)
_18557_/Q                               0.750000    1.466983   -0.716983 (VIOLATED)
_18113_/Y                               0.750000    1.466922   -0.716922 (VIOLATED)
_18114_/C                               0.750000    1.466922   -0.716922 (VIOLATED)
_18274_/B                               0.750000    1.466922   -0.716922 (VIOLATED)
_18296_/A2                              0.750000    1.466922   -0.716922 (VIOLATED)
_18322_/A3                              0.750000    1.466922   -0.716922 (VIOLATED)
_16521_/A                               0.750000    1.460528   -0.710529 (VIOLATED)
_16530_/B                               0.750000    1.460525   -0.710525 (VIOLATED)
_16541_/B                               0.750000    1.460516   -0.710516 (VIOLATED)
_15913_/B                               0.750000    1.460494   -0.710494 (VIOLATED)
_15914_/B                               0.750000    1.460430   -0.710430 (VIOLATED)
_15904_/B                               0.750000    1.460375   -0.710375 (VIOLATED)
_15749_/B                               0.750000    1.460275   -0.710275 (VIOLATED)
_15750_/B                               0.750000    1.460178   -0.710178 (VIOLATED)
_15565_/B                               0.750000    1.460052   -0.710052 (VIOLATED)
_15603_/B                               0.750000    1.459987   -0.709987 (VIOLATED)
_15602_/B                               0.750000    1.459823   -0.709823 (VIOLATED)
_16146_/B                               0.750000    1.459590   -0.709590 (VIOLATED)
_11747_/B                               0.750000    1.459154   -0.709154 (VIOLATED)
_11748_/B                               0.750000    1.458769   -0.708769 (VIOLATED)
_11627_/B                               0.750000    1.458628   -0.708628 (VIOLATED)
_11326_/B                               0.750000    1.458431   -0.708432 (VIOLATED)
_11327_/B                               0.750000    1.458304   -0.708304 (VIOLATED)
_11322_/B                               0.750000    1.458188   -0.708188 (VIOLATED)
_11382_/B                               0.750000    1.457964   -0.707964 (VIOLATED)
_11381_/B                               0.750000    1.457855   -0.707855 (VIOLATED)
_11846_/B                               0.750000    1.457697   -0.707697 (VIOLATED)
_10875_/C                               0.750000    1.457447   -0.707447 (VIOLATED)
_10882_/A2                              0.750000    1.457447   -0.707447 (VIOLATED)
_10760_/B                               0.750000    1.457441   -0.707441 (VIOLATED)
_10761_/D                               0.750000    1.457436   -0.707436 (VIOLATED)
_10531_/B                               0.750000    1.457414   -0.707414 (VIOLATED)
_10300_/B                               0.750000    1.457413   -0.707413 (VIOLATED)
_10301_/B                               0.750000    1.457381   -0.707381 (VIOLATED)
_10052_/B                               0.750000    1.457375   -0.707375 (VIOLATED)
_09931_/B                               0.750000    1.457330   -0.707330 (VIOLATED)
_09895_/B                               0.750000    1.457285   -0.707285 (VIOLATED)
_09897_/B                               0.750000    1.457249   -0.707249 (VIOLATED)
_10053_/B                               0.750000    1.457043   -0.707043 (VIOLATED)
_09874_/B                               0.750000    1.456970   -0.706970 (VIOLATED)
_18551_/Q                               0.750000    1.456393   -0.706393 (VIOLATED)
_18083_/Y                               0.750000    1.453328   -0.703328 (VIOLATED)
_18090_/A                               0.750000    1.453328   -0.703328 (VIOLATED)
_18122_/A                               0.750000    1.453328   -0.703328 (VIOLATED)
_18311_/A                               0.750000    1.453328   -0.703328 (VIOLATED)
_17859_/Y                               0.750000    1.452383   -0.702383 (VIOLATED)
_17863_/C                               0.750000    1.452383   -0.702383 (VIOLATED)
_18167_/A2                              0.750000    1.452383   -0.702383 (VIOLATED)
_18205_/A1                              0.750000    1.452383   -0.702383 (VIOLATED)
_18345_/A                               0.750000    1.452383   -0.702383 (VIOLATED)
_11678_/B                               0.750000    1.446764   -0.696764 (VIOLATED)
_11556_/B1                              0.750000    1.446759   -0.696759 (VIOLATED)
_11168_/B                               0.750000    1.446759   -0.696759 (VIOLATED)
_11548_/D                               0.750000    1.446759   -0.696759 (VIOLATED)
_16194_/B                               0.750000    1.446758   -0.696758 (VIOLATED)
_16195_/B                               0.750000    1.446748   -0.696748 (VIOLATED)
_16090_/B                               0.750000    1.446729   -0.696729 (VIOLATED)
_11863_/C                               0.750000    1.446726   -0.696726 (VIOLATED)
_11871_/A2                              0.750000    1.446723   -0.696723 (VIOLATED)
_11154_/B                               0.750000    1.446684   -0.696684 (VIOLATED)
_15704_/B                               0.750000    1.446642   -0.696642 (VIOLATED)
_11156_/B                               0.750000    1.446626   -0.696626 (VIOLATED)
_15703_/B                               0.750000    1.446616   -0.696616 (VIOLATED)
_15652_/B                               0.750000    1.446413   -0.696413 (VIOLATED)
_15646_/A2                              0.750000    1.446399   -0.696399 (VIOLATED)
_15645_/C                               0.750000    1.446295   -0.696295 (VIOLATED)
_15643_/B                               0.750000    1.446117   -0.696117 (VIOLATED)
_15844_/B                               0.750000    1.445347   -0.695347 (VIOLATED)
_16246_/B                               0.750000    1.445172   -0.695172 (VIOLATED)
_16245_/B                               0.750000    1.445033   -0.695033 (VIOLATED)
_16402_/B                               0.750000    1.444784   -0.694784 (VIOLATED)
_16453_/B                               0.750000    1.444510   -0.694510 (VIOLATED)
_16452_/B                               0.750000    1.444373   -0.694373 (VIOLATED)
_16682_/B                               0.750000    1.444287   -0.694287 (VIOLATED)
_16717_/A                               0.750000    1.444228   -0.694228 (VIOLATED)
_16716_/A                               0.750000    1.444029   -0.694029 (VIOLATED)
_17233_/A                               0.750000    1.443603   -0.693603 (VIOLATED)
_17262_/A                               0.750000    1.443601   -0.693601 (VIOLATED)
_17261_/A                               0.750000    1.443512   -0.693512 (VIOLATED)
_17489_/A                               0.750000    1.443214   -0.693214 (VIOLATED)
_17502_/B2                              0.750000    1.443044   -0.693044 (VIOLATED)
_17501_/A                               0.750000    1.443007   -0.693007 (VIOLATED)
_09419_/A_N                             0.750000    1.442562   -0.692562 (VIOLATED)
_09449_/B                               0.750000    1.442562   -0.692562 (VIOLATED)
_09481_/B                               0.750000    1.442562   -0.692562 (VIOLATED)
_18564_/Q                               0.750000    1.442562   -0.692562 (VIOLATED)
_16753_/A                               0.750000    1.438211   -0.688211 (VIOLATED)
_16519_/B                               0.750000    1.438208   -0.688208 (VIOLATED)
_16523_/B                               0.750000    1.438191   -0.688191 (VIOLATED)
_16431_/B                               0.750000    1.438179   -0.688179 (VIOLATED)
_16432_/B                               0.750000    1.438132   -0.688132 (VIOLATED)
_16291_/B                               0.750000    1.438108   -0.688108 (VIOLATED)
_15875_/B                               0.750000    1.437961   -0.687961 (VIOLATED)
_15817_/B                               0.750000    1.437908   -0.687908 (VIOLATED)
_15876_/B                               0.750000    1.437857   -0.687857 (VIOLATED)
_15584_/B1                              0.750000    1.437746   -0.687746 (VIOLATED)
_15583_/B                               0.750000    1.437707   -0.687707 (VIOLATED)
_15580_/B                               0.750000    1.437698   -0.687698 (VIOLATED)
_15581_/B                               0.750000    1.437625   -0.687625 (VIOLATED)
_15604_/B                               0.750000    1.437533   -0.687533 (VIOLATED)
_16059_/B                               0.750000    1.437171   -0.687171 (VIOLATED)
_16058_/B                               0.750000    1.436955   -0.686955 (VIOLATED)
_16866_/B                               0.750000    1.436683   -0.686683 (VIOLATED)
_11595_/B                               0.750000    1.436388   -0.686388 (VIOLATED)
_11594_/B                               0.750000    1.436279   -0.686279 (VIOLATED)
_11596_/B                               0.750000    1.436200   -0.686200 (VIOLATED)
_09479_/A_N                             0.750000    1.436153   -0.686153 (VIOLATED)
_11393_/B                               0.750000    1.436088   -0.686088 (VIOLATED)
_09531_/B                               0.750000    1.436073   -0.686073 (VIOLATED)
_17518_/B                               0.750000    1.436041   -0.686041 (VIOLATED)
_17289_/B                               0.750000    1.436000   -0.686000 (VIOLATED)
_17290_/B                               0.750000    1.435938   -0.685938 (VIOLATED)
_11354_/B1                              0.750000    1.435922   -0.685922 (VIOLATED)
_17280_/A                               0.750000    1.435896   -0.685896 (VIOLATED)
_11350_/B                               0.750000    1.435870   -0.685870 (VIOLATED)
_11352_/B                               0.750000    1.435841   -0.685841 (VIOLATED)
_17200_/A                               0.750000    1.435782   -0.685782 (VIOLATED)
_17199_/A                               0.750000    1.435774   -0.685774 (VIOLATED)
_16735_/A                               0.750000    1.435676   -0.685676 (VIOLATED)
_11383_/B                               0.750000    1.435572   -0.685572 (VIOLATED)
_16442_/B                               0.750000    1.435490   -0.685490 (VIOLATED)
_16486_/A                               0.750000    1.435412   -0.685412 (VIOLATED)
_16487_/A                               0.750000    1.435406   -0.685406 (VIOLATED)
_11534_/B                               0.750000    1.435303   -0.685303 (VIOLATED)
_16332_/B                               0.750000    1.435254   -0.685254 (VIOLATED)
_16333_/B                               0.750000    1.435202   -0.685202 (VIOLATED)
_11533_/B                               0.750000    1.435170   -0.685170 (VIOLATED)
_10525_/B                               0.750000    1.435104   -0.685105 (VIOLATED)
_10638_/C                               0.750000    1.435104   -0.685104 (VIOLATED)
_10154_/B                               0.750000    1.435102   -0.685102 (VIOLATED)
_10533_/B1                              0.750000    1.435100   -0.685100 (VIOLATED)
_10302_/B                               0.750000    1.435091   -0.685091 (VIOLATED)
_09941_/B                               0.750000    1.435079   -0.685079 (VIOLATED)
_09942_/B                               0.750000    1.435071   -0.685071 (VIOLATED)
_13113_/B                               0.750000    1.435048   -0.685048 (VIOLATED)
_12900_/B                               0.750000    1.435045   -0.685045 (VIOLATED)
_12901_/B                               0.750000    1.435038   -0.685038 (VIOLATED)
_09893_/B                               0.750000    1.435034   -0.685034 (VIOLATED)
_16272_/B                               0.750000    1.435018   -0.685018 (VIOLATED)
_09912_/B                               0.750000    1.435016   -0.685016 (VIOLATED)
_12226_/B                               0.750000    1.435016   -0.685016 (VIOLATED)
_12783_/B                               0.750000    1.435001   -0.685001 (VIOLATED)
_09911_/B                               0.750000    1.435000   -0.685000 (VIOLATED)
_12224_/B                               0.750000    1.434986   -0.684986 (VIOLATED)
_15124_/B                               0.750000    1.434958   -0.684958 (VIOLATED)
_15125_/B                               0.750000    1.434954   -0.684954 (VIOLATED)
_15066_/B                               0.750000    1.434952   -0.684952 (VIOLATED)
_12216_/B                               0.750000    1.434950   -0.684950 (VIOLATED)
_14239_/B                               0.750000    1.434941   -0.684941 (VIOLATED)
_12276_/B                               0.750000    1.434935   -0.684935 (VIOLATED)
_14240_/B                               0.750000    1.434922   -0.684922 (VIOLATED)
_12277_/B                               0.750000    1.434919   -0.684919 (VIOLATED)
_14097_/B                               0.750000    1.434912   -0.684913 (VIOLATED)
_15774_/B                               0.750000    1.434905   -0.684905 (VIOLATED)
_15773_/B                               0.750000    1.434898   -0.684898 (VIOLATED)
_14136_/B                               0.750000    1.434892   -0.684892 (VIOLATED)
_12560_/B                               0.750000    1.434866   -0.684866 (VIOLATED)
_14135_/B                               0.750000    1.434860   -0.684860 (VIOLATED)
_14396_/B                               0.750000    1.434857   -0.684857 (VIOLATED)
_14460_/A2                              0.750000    1.434857   -0.684857 (VIOLATED)
_14526_/B                               0.750000    1.434855   -0.684855 (VIOLATED)
_14204_/B                               0.750000    1.434833   -0.684833 (VIOLATED)
_12660_/B                               0.750000    1.434820   -0.684820 (VIOLATED)
_12659_/B                               0.750000    1.434752   -0.684752 (VIOLATED)
_15619_/B                               0.750000    1.434718   -0.684719 (VIOLATED)
_13300_/B                               0.750000    1.434714   -0.684714 (VIOLATED)
_14656_/B                               0.750000    1.434710   -0.684710 (VIOLATED)
_14655_/B                               0.750000    1.434687   -0.684687 (VIOLATED)
_13430_/B                               0.750000    1.434677   -0.684677 (VIOLATED)
_14748_/B                               0.750000    1.434672   -0.684672 (VIOLATED)
_13530_/A_N                             0.750000    1.434647   -0.684647 (VIOLATED)
_14815_/B                               0.750000    1.434647   -0.684647 (VIOLATED)
_14816_/D                               0.750000    1.434647   -0.684647 (VIOLATED)
_14854_/C                               0.750000    1.434646   -0.684646 (VIOLATED)
_14814_/B                               0.750000    1.434633   -0.684633 (VIOLATED)
_18514_/Q                               0.750000    1.434602   -0.684602 (VIOLATED)
_18553_/Q                               0.750000    1.434487   -0.684487 (VIOLATED)
_15651_/B                               0.750000    1.434437   -0.684437 (VIOLATED)
_15650_/B                               0.750000    1.434330   -0.684330 (VIOLATED)
_15722_/B                               0.750000    1.434221   -0.684221 (VIOLATED)
_16089_/B                               0.750000    1.434061   -0.684061 (VIOLATED)
_16088_/B                               0.750000    1.433954   -0.683954 (VIOLATED)
_11572_/B                               0.750000    1.433745   -0.683745 (VIOLATED)
_16886_/B                               0.750000    1.433717   -0.683717 (VIOLATED)
_11573_/B                               0.750000    1.433674   -0.683674 (VIOLATED)
_11554_/B                               0.750000    1.433670   -0.683670 (VIOLATED)
_11166_/B                               0.750000    1.433669   -0.683669 (VIOLATED)
_11167_/B                               0.750000    1.433666   -0.683666 (VIOLATED)
_12006_/C                               0.750000    1.433664   -0.683665 (VIOLATED)
_12011_/A2                              0.750000    1.433665   -0.683665 (VIOLATED)
_11950_/D                               0.750000    1.433661   -0.683661 (VIOLATED)
_11956_/B1                              0.750000    1.433662   -0.683662 (VIOLATED)
_11480_/B                               0.750000    1.433614   -0.683614 (VIOLATED)
_18562_/Q                               0.750000    1.433542   -0.683542 (VIOLATED)
_17307_/A_N                             0.750000    1.430218   -0.680218 (VIOLATED)
_17320_/B                               0.750000    1.430217   -0.680217 (VIOLATED)
_16749_/B                               0.750000    1.430198   -0.680198 (VIOLATED)
_16512_/B                               0.750000    1.430168   -0.680168 (VIOLATED)
_16513_/B                               0.750000    1.430124   -0.680124 (VIOLATED)
_16502_/B                               0.750000    1.430093   -0.680093 (VIOLATED)
_16387_/B                               0.750000    1.430037   -0.680037 (VIOLATED)
_16388_/B                               0.750000    1.429967   -0.679967 (VIOLATED)
_16282_/B                               0.750000    1.429888   -0.679888 (VIOLATED)
_15828_/B                               0.750000    1.429728   -0.679728 (VIOLATED)
_15827_/B                               0.750000    1.429647   -0.679647 (VIOLATED)
_15886_/B1                              0.750000    1.429643   -0.679643 (VIOLATED)
_15755_/B                               0.750000    1.429478   -0.679478 (VIOLATED)
_15597_/B                               0.750000    1.429392   -0.679392 (VIOLATED)
_15595_/B                               0.750000    1.429245   -0.679245 (VIOLATED)
_15662_/B                               0.750000    1.429022   -0.679022 (VIOLATED)
_16064_/B                               0.750000    1.428725   -0.678725 (VIOLATED)
_16063_/B                               0.750000    1.428459   -0.678459 (VIOLATED)
_16869_/B                               0.750000    1.428081   -0.678081 (VIOLATED)
_11608_/B                               0.750000    1.427875   -0.677875 (VIOLATED)
_11609_/B                               0.750000    1.427746   -0.677746 (VIOLATED)
_11405_/B                               0.750000    1.427703   -0.677703 (VIOLATED)
_18014_/Y                               0.750000    1.427654   -0.677654 (VIOLATED)
_18015_/A                               0.750000    1.427654   -0.677654 (VIOLATED)
_18026_/B                               0.750000    1.427654   -0.677654 (VIOLATED)
_18269_/A2                              0.750000    1.427654   -0.677654 (VIOLATED)
_18282_/A2                              0.750000    1.427654   -0.677654 (VIOLATED)
_17885_/Y                               0.750000    1.427562   -0.677562 (VIOLATED)
_17886_/B                               0.750000    1.427562   -0.677562 (VIOLATED)
_18214_/A2                              0.750000    1.427562   -0.677562 (VIOLATED)
_18278_/A                               0.750000    1.427562   -0.677562 (VIOLATED)
_18336_/A1                              0.750000    1.427562   -0.677562 (VIOLATED)
_11344_/B                               0.750000    1.427455   -0.677455 (VIOLATED)
_11343_/B                               0.750000    1.427357   -0.677357 (VIOLATED)
_11494_/B                               0.750000    1.427301   -0.677301 (VIOLATED)
_11541_/B                               0.750000    1.426965   -0.676965 (VIOLATED)
_11540_/B                               0.750000    1.426915   -0.676915 (VIOLATED)
_09581_/B                               0.750000    1.426806   -0.676806 (VIOLATED)
_09585_/B1                              0.750000    1.426806   -0.676806 (VIOLATED)
_09582_/B                               0.750000    1.426801   -0.676801 (VIOLATED)
_09584_/B                               0.750000    1.426800   -0.676800 (VIOLATED)
_09596_/B                               0.750000    1.426795   -0.676795 (VIOLATED)
_10296_/C                               0.750000    1.426785   -0.676785 (VIOLATED)
_10177_/B                               0.750000    1.426783   -0.676783 (VIOLATED)
_09976_/B                               0.750000    1.426762   -0.676762 (VIOLATED)
_09985_/B1                              0.750000    1.426758   -0.676758 (VIOLATED)
_18556_/Q                               0.750000    1.426254   -0.676254 (VIOLATED)
_16750_/A_N                             0.750000    1.418378   -0.668378 (VIOLATED)
_16754_/B                               0.750000    1.418375   -0.668375 (VIOLATED)
_16517_/B                               0.750000    1.418368   -0.668368 (VIOLATED)
_16473_/B                               0.750000    1.418358   -0.668358 (VIOLATED)
_16474_/B                               0.750000    1.418331   -0.668331 (VIOLATED)
_16433_/B                               0.750000    1.418250   -0.668250 (VIOLATED)
_15907_/B                               0.750000    1.418210   -0.668210 (VIOLATED)
_15908_/B                               0.750000    1.418139   -0.668139 (VIOLATED)
_15874_/B                               0.750000    1.418072   -0.668072 (VIOLATED)
_15579_/B                               0.750000    1.417970   -0.667970 (VIOLATED)
_15578_/B                               0.750000    1.417905   -0.667905 (VIOLATED)
_15584_/A2                              0.750000    1.417886   -0.667886 (VIOLATED)
_15582_/B                               0.750000    1.417846   -0.667846 (VIOLATED)
_18149_/Y                               0.750000    1.417786   -0.667786 (VIOLATED)
_18150_/A                               0.750000    1.417786   -0.667786 (VIOLATED)
_18163_/A                               0.750000    1.417786   -0.667786 (VIOLATED)
_18320_/A                               0.750000    1.417786   -0.667786 (VIOLATED)
_15588_/B                               0.750000    1.417747   -0.667747 (VIOLATED)
_15661_/B                               0.750000    1.417513   -0.667513 (VIOLATED)
_15660_/B                               0.750000    1.417327   -0.667327 (VIOLATED)
_16158_/B                               0.750000    1.417087   -0.667087 (VIOLATED)
_11160_/B                               0.750000    1.416979   -0.666979 (VIOLATED)
_11871_/B1                              0.750000    1.416977   -0.666977 (VIOLATED)
_11863_/D                               0.750000    1.416975   -0.666975 (VIOLATED)
_11950_/C                               0.750000    1.416975   -0.666975 (VIOLATED)
_11956_/A2                              0.750000    1.416975   -0.666975 (VIOLATED)
_11513_/B                               0.750000    1.416912   -0.666912 (VIOLATED)
_11159_/B                               0.750000    1.416857   -0.666857 (VIOLATED)
_11713_/B                               0.750000    1.416749   -0.666749 (VIOLATED)
_11571_/B                               0.750000    1.416728   -0.666728 (VIOLATED)
_11680_/B                               0.750000    1.416715   -0.666715 (VIOLATED)
_11679_/B                               0.750000    1.416676   -0.666676 (VIOLATED)
_11712_/B                               0.750000    1.416668   -0.666668 (VIOLATED)
_16189_/B                               0.750000    1.416661   -0.666661 (VIOLATED)
_11714_/B                               0.750000    1.416573   -0.666573 (VIOLATED)
_11593_/B                               0.750000    1.416543   -0.666543 (VIOLATED)
_15728_/B                               0.750000    1.416469   -0.666469 (VIOLATED)
_13086_/B                               0.750000    1.416343   -0.666343 (VIOLATED)
_15229_/D                               0.750000    1.416340   -0.666340 (VIOLATED)
_15402_/B1                              0.750000    1.416336   -0.666336 (VIOLATED)
_15160_/B                               0.750000    1.416331   -0.666331 (VIOLATED)
_15146_/B                               0.750000    1.416329   -0.666329 (VIOLATED)
_15053_/B                               0.750000    1.416324   -0.666324 (VIOLATED)
_14300_/B                               0.750000    1.416307   -0.666307 (VIOLATED)
_14260_/B                               0.750000    1.416297   -0.666297 (VIOLATED)
_14266_/B                               0.750000    1.416284   -0.666284 (VIOLATED)
_15729_/B                               0.750000    1.416273   -0.666273 (VIOLATED)
_11351_/B                               0.750000    1.416267   -0.666267 (VIOLATED)
_14245_/B                               0.750000    1.416267   -0.666267 (VIOLATED)
_11354_/A2                              0.750000    1.416263   -0.666263 (VIOLATED)
_14375_/B1                              0.750000    1.416197   -0.666197 (VIOLATED)
_14438_/B                               0.750000    1.416193   -0.666193 (VIOLATED)
_11353_/B                               0.750000    1.416180   -0.666180 (VIOLATED)
_14128_/B                               0.750000    1.416175   -0.666175 (VIOLATED)
_14117_/B                               0.750000    1.416168   -0.666168 (VIOLATED)
_12877_/B                               0.750000    1.416128   -0.666128 (VIOLATED)
_12979_/B1                              0.750000    1.416127   -0.666127 (VIOLATED)
_12879_/D                               0.750000    1.416122   -0.666122 (VIOLATED)
_12772_/B                               0.750000    1.416116   -0.666116 (VIOLATED)
_11358_/B                               0.750000    1.416115   -0.666115 (VIOLATED)
_14367_/D                               0.750000    1.416114   -0.666114 (VIOLATED)
_15681_/B                               0.750000    1.416096   -0.666096 (VIOLATED)
_14501_/B1                              0.750000    1.416089   -0.666089 (VIOLATED)
_12177_/B                               0.750000    1.416087   -0.666087 (VIOLATED)
_12180_/B                               0.750000    1.416079   -0.666079 (VIOLATED)
_12170_/B                               0.750000    1.416064   -0.666064 (VIOLATED)
_15645_/D                               0.750000    1.416020   -0.666020 (VIOLATED)
_15646_/B1                              0.750000    1.416017   -0.666017 (VIOLATED)
_12206_/A_N                             0.750000    1.416007   -0.666007 (VIOLATED)
_15644_/B                               0.750000    1.416007   -0.666007 (VIOLATED)
_11493_/B                               0.750000    1.415917   -0.665917 (VIOLATED)
_14510_/B                               0.750000    1.415910   -0.665910 (VIOLATED)
_14568_/B                               0.750000    1.415892   -0.665892 (VIOLATED)
_14366_/B                               0.750000    1.415890   -0.665890 (VIOLATED)
_10405_/B                               0.750000    1.415855   -0.665855 (VIOLATED)
_10533_/A2                              0.750000    1.415854   -0.665854 (VIOLATED)
_09983_/B                               0.750000    1.415847   -0.665847 (VIOLATED)
_10406_/D                               0.750000    1.415848   -0.665848 (VIOLATED)
_09594_/B                               0.750000    1.415833   -0.665833 (VIOLATED)
_09595_/B                               0.750000    1.415828   -0.665828 (VIOLATED)
_10076_/B                               0.750000    1.415780   -0.665780 (VIOLATED)
_09910_/B                               0.750000    1.415774   -0.665774 (VIOLATED)
_10077_/B                               0.750000    1.415774   -0.665774 (VIOLATED)
_14576_/D                               0.750000    1.415769   -0.665769 (VIOLATED)
_11492_/B                               0.750000    1.415738   -0.665738 (VIOLATED)
_14628_/B1                              0.750000    1.415729   -0.665729 (VIOLATED)
_11852_/B                               0.750000    1.415713   -0.665713 (VIOLATED)
_14683_/B                               0.750000    1.415581   -0.665581 (VIOLATED)
_14835_/A2                              0.750000    1.415556   -0.665556 (VIOLATED)
_14686_/B                               0.750000    1.415426   -0.665426 (VIOLATED)
_18554_/Q                               0.750000    1.415355   -0.665355 (VIOLATED)
_14896_/B1                              0.750000    1.415271   -0.665271 (VIOLATED)
_15772_/B                               0.750000    1.415245   -0.665245 (VIOLATED)
_14728_/B                               0.750000    1.415219   -0.665219 (VIOLATED)
_14808_/B                               0.750000    1.415130   -0.665130 (VIOLATED)
_14947_/B1                              0.750000    1.415129   -0.665129 (VIOLATED)
_14849_/D                               0.750000    1.415127   -0.665127 (VIOLATED)
_15845_/B                               0.750000    1.415081   -0.665081 (VIOLATED)
_15846_/B                               0.750000    1.415009   -0.665009 (VIOLATED)
_14970_/B                               0.750000    1.414938   -0.664938 (VIOLATED)
_14968_/B                               0.750000    1.414937   -0.664937 (VIOLATED)
_14848_/B                               0.750000    1.414860   -0.664860 (VIOLATED)
_14937_/B                               0.750000    1.414860   -0.664860 (VIOLATED)
_14987_/B1                              0.750000    1.414744   -0.664744 (VIOLATED)
_14961_/B                               0.750000    1.414727   -0.664727 (VIOLATED)
_16331_/B                               0.750000    1.414693   -0.664693 (VIOLATED)
_14992_/C                               0.750000    1.414679   -0.664679 (VIOLATED)
_17296_/A_N                             0.750000    1.414609   -0.664609 (VIOLATED)
_17301_/B                               0.750000    1.414610   -0.664610 (VIOLATED)
_17309_/B                               0.750000    1.414598   -0.664599 (VIOLATED)
_16404_/B                               0.750000    1.414596   -0.664596 (VIOLATED)
_16745_/B                               0.750000    1.414570   -0.664570 (VIOLATED)
_16744_/B                               0.750000    1.414557   -0.664558 (VIOLATED)
_16733_/B                               0.750000    1.414517   -0.664517 (VIOLATED)
_18506_/Q                               0.750000    1.414480   -0.664480 (VIOLATED)
_16478_/B                               0.750000    1.414435   -0.664435 (VIOLATED)
_16479_/B                               0.750000    1.414428   -0.664428 (VIOLATED)
_16435_/B                               0.750000    1.414392   -0.664392 (VIOLATED)
_16403_/B                               0.750000    1.414346   -0.664346 (VIOLATED)
_16267_/A                               0.750000    1.414289   -0.664289 (VIOLATED)
_17831_/X                               0.750000    1.414277   -0.664277 (VIOLATED)
_17840_/B                               0.750000    1.414277   -0.664277 (VIOLATED)
_18177_/B                               0.750000    1.414277   -0.664277 (VIOLATED)
_18207_/A                               0.750000    1.414277   -0.664277 (VIOLATED)
_16485_/B                               0.750000    1.414231   -0.664231 (VIOLATED)
_16268_/A                               0.750000    1.414182   -0.664182 (VIOLATED)
_15884_/B                               0.750000    1.414087   -0.664087 (VIOLATED)
_16683_/A                               0.750000    1.414057   -0.664057 (VIOLATED)
_15763_/B                               0.750000    1.413954   -0.663954 (VIOLATED)
_16684_/A                               0.750000    1.413944   -0.663944 (VIOLATED)
_15764_/B                               0.750000    1.413906   -0.663906 (VIOLATED)
_15593_/B                               0.750000    1.413709   -0.663709 (VIOLATED)
_15628_/B                               0.750000    1.413580   -0.663580 (VIOLATED)
_17198_/A                               0.750000    1.413458   -0.663458 (VIOLATED)
_15627_/B                               0.750000    1.413410   -0.663410 (VIOLATED)
_17235_/A                               0.750000    1.413311   -0.663311 (VIOLATED)
_17234_/A                               0.750000    1.413270   -0.663270 (VIOLATED)
_16065_/B                               0.750000    1.413209   -0.663209 (VIOLATED)
_16180_/B                               0.750000    1.413000   -0.663000 (VIOLATED)
_17292_/A                               0.750000    1.412996   -0.662996 (VIOLATED)
_17487_/A                               0.750000    1.412814   -0.662814 (VIOLATED)
_16179_/B                               0.750000    1.412811   -0.662811 (VIOLATED)
_17502_/A2                              0.750000    1.412709   -0.662709 (VIOLATED)
_11725_/B                               0.750000    1.412649   -0.662649 (VIOLATED)
_09532_/B                               0.750000    1.412561   -0.662561 (VIOLATED)
_11401_/B                               0.750000    1.412395   -0.662395 (VIOLATED)
_11402_/A2                              0.750000    1.412299   -0.662299 (VIOLATED)
_09938_/C                               0.750000    1.412249   -0.662249 (VIOLATED)
_09599_/B                               0.750000    1.412246   -0.662247 (VIOLATED)
_09579_/B                               0.750000    1.412239   -0.662239 (VIOLATED)
_10193_/B                               0.750000    1.412239   -0.662239 (VIOLATED)
_10194_/A2                              0.750000    1.412235   -0.662235 (VIOLATED)
_11342_/B                               0.750000    1.412232   -0.662232 (VIOLATED)
_10191_/B                               0.750000    1.412226   -0.662226 (VIOLATED)
_10192_/B                               0.750000    1.412210   -0.662210 (VIOLATED)
_09598_/B                               0.750000    1.412197   -0.662197 (VIOLATED)
_09600_/D                               0.750000    1.412196   -0.662196 (VIOLATED)
_11542_/B                               0.750000    1.412183   -0.662183 (VIOLATED)
_11470_/B                               0.750000    1.412158   -0.662158 (VIOLATED)
_11471_/B                               0.750000    1.412134   -0.662134 (VIOLATED)
_09480_/B                               0.750000    1.412128   -0.662128 (VIOLATED)
_09448_/A_N                             0.750000    1.412127   -0.662127 (VIOLATED)
_18563_/Q                               0.750000    1.412112   -0.662112 (VIOLATED)
_18109_/X                               0.750000    1.411918   -0.661918 (VIOLATED)
_18114_/B                               0.750000    1.411918   -0.661918 (VIOLATED)
_18297_/A                               0.750000    1.411918   -0.661918 (VIOLATED)
_18322_/A2                              0.750000    1.411918   -0.661918 (VIOLATED)
_18558_/Q                               0.750000    1.411623   -0.661624 (VIOLATED)
_18057_/X                               0.750000    1.410215   -0.660215 (VIOLATED)
_18058_/C                               0.750000    1.410215   -0.660215 (VIOLATED)
_18303_/A                               0.750000    1.410215   -0.660215 (VIOLATED)
_18313_/A2                              0.750000    1.410215   -0.660215 (VIOLATED)
_17319_/A_N                             0.750000    1.404591   -0.654591 (VIOLATED)
_16751_/B                               0.750000    1.404585   -0.654585 (VIOLATED)
_16755_/B                               0.750000    1.404567   -0.654567 (VIOLATED)
_16500_/B                               0.750000    1.404559   -0.654560 (VIOLATED)
_16501_/B                               0.750000    1.404539   -0.654539 (VIOLATED)
_16475_/B                               0.750000    1.404498   -0.654498 (VIOLATED)
_16283_/B                               0.750000    1.404427   -0.654427 (VIOLATED)
_16284_/B                               0.750000    1.404330   -0.654330 (VIOLATED)
_15906_/B                               0.750000    1.404244   -0.654244 (VIOLATED)
_17827_/X                               0.750000    1.404212   -0.654212 (VIOLATED)
_17840_/A                               0.750000    1.404212   -0.654212 (VIOLATED)
_18177_/A                               0.750000    1.404212   -0.654212 (VIOLATED)
_18190_/A                               0.750000    1.404212   -0.654212 (VIOLATED)
_15756_/B                               0.750000    1.404200   -0.654200 (VIOLATED)
_15757_/B                               0.750000    1.404072   -0.654072 (VIOLATED)
_15577_/B                               0.750000    1.403986   -0.653986 (VIOLATED)
_15608_/B                               0.750000    1.403822   -0.653822 (VIOLATED)
_15607_/B                               0.750000    1.403650   -0.653650 (VIOLATED)
_16060_/B                               0.750000    1.403481   -0.653481 (VIOLATED)
_16162_/B                               0.750000    1.403204   -0.653204 (VIOLATED)
_16161_/B                               0.750000    1.402879   -0.652879 (VIOLATED)
_11711_/B                               0.750000    1.402796   -0.652796 (VIOLATED)
_11406_/B                               0.750000    1.402658   -0.652658 (VIOLATED)
_11407_/B                               0.750000    1.402554   -0.652554 (VIOLATED)
_11349_/B                               0.750000    1.402474   -0.652474 (VIOLATED)
_10294_/B                               0.750000    1.402265   -0.652265 (VIOLATED)
_10406_/C                               0.750000    1.402260   -0.652260 (VIOLATED)
_10295_/B                               0.750000    1.402258   -0.652258 (VIOLATED)
_09943_/B                               0.750000    1.402248   -0.652248 (VIOLATED)
_10296_/D                               0.750000    1.402247   -0.652247 (VIOLATED)
_18157_/Y                               0.750000    1.402246   -0.652246 (VIOLATED)
_18158_/A                               0.750000    1.402246   -0.652246 (VIOLATED)
_18163_/C                               0.750000    1.402246   -0.652246 (VIOLATED)
_18305_/A                               0.750000    1.402246   -0.652246 (VIOLATED)
_11377_/B                               0.750000    1.402233   -0.652233 (VIOLATED)
_09587_/B                               0.750000    1.402228   -0.652228 (VIOLATED)
_09588_/B                               0.750000    1.402226   -0.652226 (VIOLATED)
_10075_/B                               0.750000    1.402156   -0.652156 (VIOLATED)
_10179_/B                               0.750000    1.402154   -0.652154 (VIOLATED)
_11376_/B                               0.750000    1.402140   -0.652140 (VIOLATED)
_10178_/B                               0.750000    1.402122   -0.652122 (VIOLATED)
_11535_/B                               0.750000    1.402085   -0.652085 (VIOLATED)
_18555_/Q                               0.750000    1.401612   -0.651612 (VIOLATED)
_11556_/A1                              0.750000    1.401079   -0.651079 (VIOLATED)
_11548_/A                               0.750000    1.401078   -0.651078 (VIOLATED)
_11515_/A1                              0.750000    1.401057   -0.651058 (VIOLATED)
_11507_/B                               0.750000    1.401057   -0.651057 (VIOLATED)
_11155_/A                               0.750000    1.401014   -0.651014 (VIOLATED)
_16891_/A                               0.750000    1.400931   -0.650931 (VIOLATED)
_16095_/A                               0.750000    1.400897   -0.650897 (VIOLATED)
_16096_/A                               0.750000    1.400859   -0.650859 (VIOLATED)
_11161_/A                               0.750000    1.400776   -0.650776 (VIOLATED)
_11157_/A                               0.750000    1.400768   -0.650768 (VIOLATED)
_15730_/B                               0.750000    1.400700   -0.650700 (VIOLATED)
_15674_/B                               0.750000    1.400599   -0.650599 (VIOLATED)
_15675_/B                               0.750000    1.400343   -0.650343 (VIOLATED)
_15642_/B                               0.750000    1.400069   -0.650069 (VIOLATED)
_15789_/B                               0.750000    1.399902   -0.649902 (VIOLATED)
_15788_/B                               0.750000    1.399717   -0.649717 (VIOLATED)
_17968_/X                               0.750000    1.399626   -0.649626 (VIOLATED)
_17973_/C                               0.750000    1.399626   -0.649626 (VIOLATED)
_18237_/A                               0.750000    1.399626   -0.649626 (VIOLATED)
_18330_/A1                              0.750000    1.399626   -0.649626 (VIOLATED)
_16244_/B                               0.750000    1.399019   -0.649019 (VIOLATED)
_16340_/B                               0.750000    1.398781   -0.648781 (VIOLATED)
_16339_/B                               0.750000    1.398695   -0.648695 (VIOLATED)
_16451_/B                               0.750000    1.398528   -0.648528 (VIOLATED)
_16493_/B                               0.750000    1.398220   -0.648220 (VIOLATED)
_16492_/B                               0.750000    1.398136   -0.648136 (VIOLATED)
_16715_/B                               0.750000    1.398017   -0.648017 (VIOLATED)
_17168_/A                               0.750000    1.397920   -0.647920 (VIOLATED)
_13111_/B                               0.750000    1.397851   -0.647851 (VIOLATED)
_13112_/B                               0.750000    1.397850   -0.647850 (VIOLATED)
_12994_/B                               0.750000    1.397842   -0.647842 (VIOLATED)
_12781_/B                               0.750000    1.397833   -0.647833 (VIOLATED)
_12782_/B                               0.750000    1.397827   -0.647827 (VIOLATED)
_15147_/B                               0.750000    1.397820   -0.647820 (VIOLATED)
_12195_/B                               0.750000    1.397815   -0.647815 (VIOLATED)
_14285_/B                               0.750000    1.397798   -0.647798 (VIOLATED)
_14286_/B                               0.750000    1.397795   -0.647795 (VIOLATED)
_14249_/B                               0.750000    1.397794   -0.647794 (VIOLATED)
_14091_/B                               0.750000    1.397788   -0.647788 (VIOLATED)
_14093_/B                               0.750000    1.397784   -0.647784 (VIOLATED)
_12200_/B                               0.750000    1.397780   -0.647780 (VIOLATED)
_12199_/B                               0.750000    1.397775   -0.647775 (VIOLATED)
_14140_/B                               0.750000    1.397772   -0.647772 (VIOLATED)
_14203_/B                               0.750000    1.397754   -0.647754 (VIOLATED)
_17167_/A                               0.750000    1.397746   -0.647746 (VIOLATED)
_12266_/B                               0.750000    1.397711   -0.647711 (VIOLATED)
_14453_/B                               0.750000    1.397706   -0.647706 (VIOLATED)
_14202_/B                               0.750000    1.397700   -0.647700 (VIOLATED)
_14525_/B                               0.750000    1.397696   -0.647696 (VIOLATED)
_13007_/B                               0.750000    1.397684   -0.647684 (VIOLATED)
_13006_/B                               0.750000    1.397681   -0.647681 (VIOLATED)
_15248_/B                               0.750000    1.397676   -0.647676 (VIOLATED)
_15067_/B                               0.750000    1.397663   -0.647663 (VIOLATED)
_14524_/B                               0.750000    1.397658   -0.647659 (VIOLATED)
_14098_/B                               0.750000    1.397648   -0.647648 (VIOLATED)
_14099_/B                               0.750000    1.397647   -0.647647 (VIOLATED)
_15068_/B                               0.750000    1.397642   -0.647642 (VIOLATED)
_14095_/B                               0.750000    1.397640   -0.647641 (VIOLATED)
_14284_/B                               0.750000    1.397634   -0.647634 (VIOLATED)
_14642_/B                               0.750000    1.397632   -0.647632 (VIOLATED)
_14164_/B                               0.750000    1.397628   -0.647628 (VIOLATED)
_14163_/B                               0.750000    1.397612   -0.647613 (VIOLATED)
_14391_/B                               0.750000    1.397560   -0.647560 (VIOLATED)
_12385_/B                               0.750000    1.397558   -0.647558 (VIOLATED)
_12384_/B                               0.750000    1.397557   -0.647557 (VIOLATED)
_12386_/A2                              0.750000    1.397558   -0.647558 (VIOLATED)
_12563_/B1                              0.750000    1.397555   -0.647555 (VIOLATED)
_12654_/B                               0.750000    1.397550   -0.647550 (VIOLATED)
_13230_/B                               0.750000    1.397545   -0.647545 (VIOLATED)
_13301_/A_N                             0.750000    1.397541   -0.647541 (VIOLATED)
_14907_/C                               0.750000    1.397528   -0.647528 (VIOLATED)
_14888_/B1                              0.750000    1.397525   -0.647525 (VIOLATED)
_14914_/A2                              0.750000    1.397525   -0.647525 (VIOLATED)
_14881_/D                               0.750000    1.397522   -0.647522 (VIOLATED)
_14747_/B                               0.750000    1.397516   -0.647516 (VIOLATED)
_14822_/B                               0.750000    1.397514   -0.647514 (VIOLATED)
_14746_/B                               0.750000    1.397512   -0.647512 (VIOLATED)
_18512_/Q                               0.750000    1.397512   -0.647512 (VIOLATED)
_14460_/B1                              0.750000    1.397486   -0.647486 (VIOLATED)
_14458_/B                               0.750000    1.397472   -0.647472 (VIOLATED)
_17260_/A                               0.750000    1.397420   -0.647420 (VIOLATED)
_14590_/B                               0.750000    1.397381   -0.647381 (VIOLATED)
_18367_/X                               0.750000    1.397367   -0.647368 (VIOLATED)
_18368_/A                               0.750000    1.397367   -0.647368 (VIOLATED)
_18369_/B                               0.750000    1.397367   -0.647368 (VIOLATED)
_18384_/B                               0.750000    1.397367   -0.647368 (VIOLATED)
_12887_/B                               0.750000    1.397350   -0.647350 (VIOLATED)
_12225_/B                               0.750000    1.397348   -0.647348 (VIOLATED)
_12227_/B                               0.750000    1.397345   -0.647345 (VIOLATED)
_12198_/B                               0.750000    1.397335   -0.647335 (VIOLATED)
_12218_/B                               0.750000    1.397327   -0.647327 (VIOLATED)
_12217_/B                               0.750000    1.397318   -0.647318 (VIOLATED)
_12383_/B                               0.750000    1.397291   -0.647291 (VIOLATED)
_12562_/B                               0.750000    1.397281   -0.647281 (VIOLATED)
_12561_/B                               0.750000    1.397272   -0.647272 (VIOLATED)
_12563_/A2                              0.750000    1.397271   -0.647271 (VIOLATED)
_14705_/B                               0.750000    1.397239   -0.647239 (VIOLATED)
_13228_/B                               0.750000    1.397229   -0.647229 (VIOLATED)
_14704_/B                               0.750000    1.397216   -0.647216 (VIOLATED)
_17475_/A1                              0.750000    1.397210   -0.647210 (VIOLATED)
_13302_/B                               0.750000    1.397207   -0.647207 (VIOLATED)
_13429_/A_N                             0.750000    1.397208   -0.647208 (VIOLATED)
_17283_/A                               0.750000    1.397208   -0.647208 (VIOLATED)
_14791_/B                               0.750000    1.397189   -0.647189 (VIOLATED)
_14854_/D                               0.750000    1.397177   -0.647177 (VIOLATED)
_14881_/C                               0.750000    1.397177   -0.647177 (VIOLATED)
_14853_/B                               0.750000    1.397173   -0.647173 (VIOLATED)
_14888_/A2                              0.750000    1.397174   -0.647174 (VIOLATED)
_18513_/Q                               0.750000    1.397161   -0.647162 (VIOLATED)
_17504_/A                               0.750000    1.397071   -0.647071 (VIOLATED)
_09535_/A                               0.750000    1.396948   -0.646949 (VIOLATED)
_18092_/X                               0.750000    1.396934   -0.646934 (VIOLATED)
_18093_/A                               0.750000    1.396934   -0.646934 (VIOLATED)
_18291_/A                               0.750000    1.396934   -0.646934 (VIOLATED)
_18309_/A1                              0.750000    1.396934   -0.646934 (VIOLATED)
_09536_/A                               0.750000    1.396673   -0.646673 (VIOLATED)
_09375_/A_N                             0.750000    1.396522   -0.646522 (VIOLATED)
_09420_/B                               0.750000    1.396518   -0.646518 (VIOLATED)
_09450_/B                               0.750000    1.396518   -0.646518 (VIOLATED)
_18565_/Q                               0.750000    1.396515   -0.646515 (VIOLATED)
_18134_/Y                               0.750000    1.396491   -0.646491 (VIOLATED)
_18147_/A                               0.750000    1.396491   -0.646491 (VIOLATED)
_18174_/A1                              0.750000    1.396491   -0.646491 (VIOLATED)
_18202_/A                               0.750000    1.396491   -0.646491 (VIOLATED)
_17972_/X                               0.750000    1.394604   -0.644604 (VIOLATED)
_17973_/D                               0.750000    1.394604   -0.644604 (VIOLATED)
_18281_/A                               0.750000    1.394604   -0.644604 (VIOLATED)
_18330_/A2                              0.750000    1.394604   -0.644604 (VIOLATED)
_16518_/A_N                             0.750000    1.392612   -0.642612 (VIOLATED)
_16522_/B                               0.750000    1.392609   -0.642609 (VIOLATED)
_16531_/B                               0.750000    1.392598   -0.642598 (VIOLATED)
_16290_/B                               0.750000    1.392590   -0.642590 (VIOLATED)
_16289_/B                               0.750000    1.392570   -0.642570 (VIOLATED)
_15915_/B                               0.750000    1.392510   -0.642510 (VIOLATED)
_15818_/B                               0.750000    1.392435   -0.642435 (VIOLATED)
_15819_/B                               0.750000    1.392396   -0.642396 (VIOLATED)
_17976_/Y                               0.750000    1.392369   -0.642369 (VIOLATED)
_17980_/A                               0.750000    1.392369   -0.642369 (VIOLATED)
_17990_/A1                              0.750000    1.392369   -0.642369 (VIOLATED)
_18286_/A                               0.750000    1.392369   -0.642369 (VIOLATED)
_15748_/B                               0.750000    1.392336   -0.642336 (VIOLATED)
_15587_/B                               0.750000    1.392284   -0.642284 (VIOLATED)
_15586_/B                               0.750000    1.392216   -0.642216 (VIOLATED)
_16049_/B                               0.750000    1.392045   -0.642045 (VIOLATED)
_16157_/B                               0.750000    1.391824   -0.641824 (VIOLATED)
_16156_/B                               0.750000    1.391643   -0.641643 (VIOLATED)
_10636_/B                               0.750000    1.391503   -0.641503 (VIOLATED)
_10761_/C                               0.750000    1.391501   -0.641501 (VIOLATED)
_10637_/B                               0.750000    1.391496   -0.641496 (VIOLATED)
_10638_/D                               0.750000    1.391492   -0.641492 (VIOLATED)
_10412_/B                               0.750000    1.391481   -0.641481 (VIOLATED)
_09981_/B                               0.750000    1.391466   -0.641466 (VIOLATED)
_09982_/B                               0.750000    1.391434   -0.641434 (VIOLATED)
_11746_/B                               0.750000    1.391431   -0.641431 (VIOLATED)
_09901_/B                               0.750000    1.391396   -0.641396 (VIOLATED)
_09896_/B                               0.750000    1.391361   -0.641361 (VIOLATED)
_09894_/B                               0.750000    1.391341   -0.641341 (VIOLATED)
_11395_/B                               0.750000    1.391334   -0.641334 (VIOLATED)
_11394_/B                               0.750000    1.391333   -0.641333 (VIOLATED)
_10051_/B                               0.750000    1.391299   -0.641299 (VIOLATED)
_10156_/B                               0.750000    1.391238   -0.641238 (VIOLATED)
_10155_/B                               0.750000    1.391217   -0.641217 (VIOLATED)
_11325_/B                               0.750000    1.391204   -0.641205 (VIOLATED)
_11527_/B                               0.750000    1.391118   -0.641118 (VIOLATED)
_11357_/B                               0.750000    1.391117   -0.641117 (VIOLATED)
_11356_/B                               0.750000    1.391056   -0.641056 (VIOLATED)
_18552_/Q                               0.750000    1.390643   -0.640643 (VIOLATED)
_18055_/X                               0.750000    1.388688   -0.638688 (VIOLATED)
_18058_/B                               0.750000    1.388688   -0.638688 (VIOLATED)
_18295_/A                               0.750000    1.388688   -0.638688 (VIOLATED)
_18313_/A1                              0.750000    1.388688   -0.638688 (VIOLATED)
_17833_/Y                               0.750000    1.388675   -0.638675 (VIOLATED)
_17840_/C                               0.750000    1.388675   -0.638675 (VIOLATED)
_18188_/A1                              0.750000    1.388675   -0.638675 (VIOLATED)
_18210_/A                               0.750000    1.388675   -0.638675 (VIOLATED)
_17928_/Y                               0.750000    1.388451   -0.638451 (VIOLATED)
_17944_/A                               0.750000    1.388451   -0.638451 (VIOLATED)
_17946_/A2                              0.750000    1.388451   -0.638451 (VIOLATED)
_18259_/A                               0.750000    1.388451   -0.638451 (VIOLATED)
_17913_/Y                               0.750000    1.388065   -0.638065 (VIOLATED)
_17914_/C                               0.750000    1.388065   -0.638065 (VIOLATED)
_18226_/A2                              0.750000    1.388065   -0.638065 (VIOLATED)
_18277_/A                               0.750000    1.388065   -0.638065 (VIOLATED)
_18184_/Y                               0.750000    1.386401   -0.636401 (VIOLATED)
_18185_/B                               0.750000    1.386401   -0.636401 (VIOLATED)
_18359_/A2                              0.750000    1.386401   -0.636401 (VIOLATED)
_18382_/A2                              0.750000    1.386401   -0.636401 (VIOLATED)
_18072_/Y                               0.750000    1.385539   -0.635539 (VIOLATED)
_18078_/A                               0.750000    1.385539   -0.635539 (VIOLATED)
_18194_/A1                              0.750000    1.385539   -0.635539 (VIOLATED)
_18220_/A                               0.750000    1.385539   -0.635539 (VIOLATED)
_18024_/Y                               0.750000    1.381709   -0.631709 (VIOLATED)
_18025_/B                               0.750000    1.381709   -0.631709 (VIOLATED)
_18244_/A3                              0.750000    1.381709   -0.631709 (VIOLATED)
_18270_/A                               0.750000    1.381709   -0.631709 (VIOLATED)
_18009_/Y                               0.750000    1.377810   -0.627810 (VIOLATED)
_18010_/C                               0.750000    1.377810   -0.627810 (VIOLATED)
_18293_/A                               0.750000    1.377810   -0.627810 (VIOLATED)
_18325_/A2                              0.750000    1.377810   -0.627810 (VIOLATED)
_18002_/X                               0.750000    1.375311   -0.625311 (VIOLATED)
_18003_/B                               0.750000    1.375311   -0.625311 (VIOLATED)
_18326_/A1                              0.750000    1.375311   -0.625311 (VIOLATED)
_18339_/A                               0.750000    1.375311   -0.625311 (VIOLATED)
_17884_/Y                               0.750000    1.373711   -0.623711 (VIOLATED)
_17917_/B                               0.750000    1.373711   -0.623711 (VIOLATED)
_18214_/B1                              0.750000    1.373711   -0.623711 (VIOLATED)
_18336_/B1                              0.750000    1.373711   -0.623711 (VIOLATED)
_17879_/Y                               0.750000    1.372379   -0.622379 (VIOLATED)
_17886_/A                               0.750000    1.372379   -0.622379 (VIOLATED)
_18214_/A1                              0.750000    1.372379   -0.622379 (VIOLATED)
_18337_/A                               0.750000    1.372379   -0.622379 (VIOLATED)
_18045_/X                               0.750000    1.371509   -0.621509 (VIOLATED)
_18046_/B                               0.750000    1.371509   -0.621509 (VIOLATED)
_18314_/A1                              0.750000    1.371509   -0.621509 (VIOLATED)
_18329_/A                               0.750000    1.371509   -0.621509 (VIOLATED)
_17961_/Y                               0.750000    1.370311   -0.620311 (VIOLATED)
_17973_/A                               0.750000    1.370311   -0.620311 (VIOLATED)
_17992_/A                               0.750000    1.370311   -0.620311 (VIOLATED)
_18332_/A                               0.750000    1.370311   -0.620311 (VIOLATED)
_18021_/X                               0.750000    1.367427   -0.617427 (VIOLATED)
_18022_/B                               0.750000    1.367427   -0.617427 (VIOLATED)
_18245_/A1                              0.750000    1.367427   -0.617427 (VIOLATED)
_18273_/A                               0.750000    1.367427   -0.617427 (VIOLATED)
_18162_/X                               0.750000    1.366677   -0.616677 (VIOLATED)
_18163_/D                               0.750000    1.366677   -0.616677 (VIOLATED)
_18238_/B1                              0.750000    1.366677   -0.616677 (VIOLATED)
_18239_/B                               0.750000    1.366677   -0.616677 (VIOLATED)
_17874_/X                               0.750000    1.365194   -0.615194 (VIOLATED)
_17875_/B_N                             0.750000    1.365194   -0.615194 (VIOLATED)
_18215_/A                               0.750000    1.365194   -0.615194 (VIOLATED)
_18229_/A                               0.750000    1.365194   -0.615194 (VIOLATED)
_15543_/A1                              0.750000    1.365137   -0.615138 (VIOLATED)
_15544_/A1                              0.750000    1.365137   -0.615138 (VIOLATED)
_17921_/A1                              0.750000    1.365134   -0.615134 (VIOLATED)
_17931_/A                               0.750000    1.365130   -0.615130 (VIOLATED)
_17925_/A1                              0.750000    1.365124   -0.615124 (VIOLATED)
_17938_/A1                              0.750000    1.365111   -0.615111 (VIOLATED)
_15223_/Y                               0.750000    1.365068   -0.615068 (VIOLATED)
_17941_/Y                               0.750000    1.361931   -0.611931 (VIOLATED)
_17943_/A3                              0.750000    1.361931   -0.611931 (VIOLATED)
_18260_/A2                              0.750000    1.361931   -0.611931 (VIOLATED)
_18263_/B                               0.750000    1.361931   -0.611931 (VIOLATED)
_17979_/Y                               0.750000    1.356273   -0.606273 (VIOLATED)
_17980_/B                               0.750000    1.356273   -0.606273 (VIOLATED)
_17990_/A2                              0.750000    1.356273   -0.606273 (VIOLATED)
_18248_/A                               0.750000    1.356273   -0.606273 (VIOLATED)
_18138_/X                               0.750000    1.342523   -0.592523 (VIOLATED)
_18139_/A                               0.750000    1.342523   -0.592523 (VIOLATED)
_18147_/B                               0.750000    1.342523   -0.592523 (VIOLATED)
_18174_/A2                              0.750000    1.342523   -0.592523 (VIOLATED)
_11515_/B2                              0.750000    1.342076   -0.592076 (VIOLATED)
_11507_/A                               0.750000    1.342076   -0.592076 (VIOLATED)
_11693_/A                               0.750000    1.342059   -0.592059 (VIOLATED)
_11171_/A1                              0.750000    1.342056   -0.592056 (VIOLATED)
_11170_/A                               0.750000    1.342052   -0.592052 (VIOLATED)
_11692_/A                               0.750000    1.342013   -0.592013 (VIOLATED)
_16196_/A                               0.750000    1.341969   -0.591969 (VIOLATED)
_15735_/A                               0.750000    1.341951   -0.591951 (VIOLATED)
_15736_/A                               0.750000    1.341876   -0.591876 (VIOLATED)
_15705_/A                               0.750000    1.341784   -0.591785 (VIOLATED)
_11153_/A                               0.750000    1.341734   -0.591734 (VIOLATED)
_15637_/A                               0.750000    1.341572   -0.591572 (VIOLATED)
_15639_/A                               0.750000    1.341368   -0.591368 (VIOLATED)
_15787_/A                               0.750000    1.341245   -0.591245 (VIOLATED)
_15858_/A                               0.750000    1.341119   -0.591119 (VIOLATED)
_15857_/A                               0.750000    1.340891   -0.590891 (VIOLATED)
_16341_/A                               0.750000    1.340465   -0.590465 (VIOLATED)
_16346_/A                               0.750000    1.340339   -0.590339 (VIOLATED)
_16345_/A                               0.750000    1.340266   -0.590266 (VIOLATED)
_16491_/B                               0.750000    1.340087   -0.590087 (VIOLATED)
_16690_/B                               0.750000    1.339978   -0.589978 (VIOLATED)
_16691_/B                               0.750000    1.339909   -0.589909 (VIOLATED)
_17166_/B                               0.750000    1.339742   -0.589742 (VIOLATED)
_17209_/A                               0.750000    1.339611   -0.589611 (VIOLATED)
_17208_/A                               0.750000    1.339544   -0.589544 (VIOLATED)
_17282_/A                               0.750000    1.339363   -0.589363 (VIOLATED)
_17473_/A                               0.750000    1.339245   -0.589245 (VIOLATED)
_17475_/B2                              0.750000    1.339242   -0.589242 (VIOLATED)
_17513_/A                               0.750000    1.339097   -0.589097 (VIOLATED)
_09484_/A                               0.750000    1.338834   -0.588834 (VIOLATED)
_09485_/A                               0.750000    1.338834   -0.588834 (VIOLATED)
_09421_/A                               0.750000    1.338833   -0.588833 (VIOLATED)
_09376_/A                               0.750000    1.338832   -0.588832 (VIOLATED)
_09362_/A_N                             0.750000    1.338830   -0.588830 (VIOLATED)
_18566_/Q                               0.750000    1.338827   -0.588827 (VIOLATED)
_17523_/A_N                             0.750000    1.337377   -0.587377 (VIOLATED)
_17297_/B                               0.750000    1.337375   -0.587375 (VIOLATED)
_17302_/B                               0.750000    1.337365   -0.587365 (VIOLATED)
_17228_/B                               0.750000    1.337324   -0.587324 (VIOLATED)
_17229_/B                               0.750000    1.337301   -0.587301 (VIOLATED)
_16747_/B                               0.750000    1.337297   -0.587297 (VIOLATED)
_16505_/B                               0.750000    1.337233   -0.587233 (VIOLATED)
_16506_/B                               0.750000    1.337172   -0.587172 (VIOLATED)
_16477_/A                               0.750000    1.337148   -0.587148 (VIOLATED)
_16325_/A                               0.750000    1.337103   -0.587103 (VIOLATED)
_16326_/A                               0.750000    1.336973   -0.586973 (VIOLATED)
_16266_/B                               0.750000    1.336884   -0.586884 (VIOLATED)
_15834_/B                               0.750000    1.336782   -0.586782 (VIOLATED)
_15835_/B                               0.750000    1.336684   -0.586684 (VIOLATED)
_15762_/B                               0.750000    1.336616   -0.586616 (VIOLATED)
_15615_/B                               0.750000    1.336438   -0.586438 (VIOLATED)
_15613_/B                               0.750000    1.336303   -0.586303 (VIOLATED)
_15667_/B                               0.750000    1.336145   -0.586145 (VIOLATED)
_16081_/B                               0.750000    1.335990   -0.585990 (VIOLATED)
_16080_/B                               0.750000    1.335782   -0.585782 (VIOLATED)
_16881_/B                               0.750000    1.335576   -0.585576 (VIOLATED)
_11603_/B                               0.750000    1.335344   -0.585344 (VIOLATED)
_11604_/B                               0.750000    1.335299   -0.585299 (VIOLATED)
_11400_/B                               0.750000    1.335260   -0.585260 (VIOLATED)
_11467_/B                               0.750000    1.335220   -0.585220 (VIOLATED)
_09573_/B                               0.750000    1.335186   -0.585186 (VIOLATED)
_10190_/B                               0.750000    1.335181   -0.585181 (VIOLATED)
_11868_/B                               0.750000    1.335179   -0.585179 (VIOLATED)
_09600_/C                               0.750000    1.335174   -0.585174 (VIOLATED)
_09575_/B                               0.750000    1.335173   -0.585173 (VIOLATED)
_11867_/B                               0.750000    1.335174   -0.585174 (VIOLATED)
_09576_/D                               0.750000    1.335173   -0.585173 (VIOLATED)
_11501_/B                               0.750000    1.335150   -0.585150 (VIOLATED)
_11465_/B                               0.750000    1.335119   -0.585119 (VIOLATED)
_18559_/Q                               0.750000    1.334836   -0.584836 (VIOLATED)
_18161_/Y                               0.750000    1.334354   -0.584354 (VIOLATED)
_18168_/B1                              0.750000    1.334354   -0.584354 (VIOLATED)
_18304_/A                               0.750000    1.334354   -0.584354 (VIOLATED)
_09336_/B                               0.750000    1.334195   -0.584195 (VIOLATED)
_09431_/A                               0.750000    1.334195   -0.584195 (VIOLATED)
_09459_/A                               0.750000    1.334194   -0.584194 (VIOLATED)
_09499_/A                               0.750000    1.334193   -0.584193 (VIOLATED)
_09321_/C                               0.750000    1.334193   -0.584193 (VIOLATED)
_09503_/B                               0.750000    1.334193   -0.584193 (VIOLATED)
_09554_/B                               0.750000    1.334190   -0.584190 (VIOLATED)
_09551_/A                               0.750000    1.334185   -0.584185 (VIOLATED)
_09387_/A                               0.750000    1.334181   -0.584181 (VIOLATED)
_09388_/A                               0.750000    1.334181   -0.584181 (VIOLATED)
_17679_/B                               0.750000    1.334181   -0.584181 (VIOLATED)
_17692_/A                               0.750000    1.334179   -0.584179 (VIOLATED)
_09319_/Y                               0.750000    1.334175   -0.584175 (VIOLATED)
_17617_/A                               0.750000    1.334175   -0.584175 (VIOLATED)
_17711_/B                               0.750000    1.334175   -0.584175 (VIOLATED)
_09323_/A                               0.750000    1.331072   -0.581072 (VIOLATED)
_09504_/A                               0.750000    1.331071   -0.581071 (VIOLATED)
_09555_/A                               0.750000    1.331070   -0.581070 (VIOLATED)
_09337_/A                               0.750000    1.331069   -0.581069 (VIOLATED)
_09408_/A                               0.750000    1.331068   -0.581068 (VIOLATED)
_17811_/A1                              0.750000    1.331067   -0.581067 (VIOLATED)
_17680_/A                               0.750000    1.331066   -0.581066 (VIOLATED)
_17712_/A                               0.750000    1.331063   -0.581063 (VIOLATED)
_17613_/A                               0.750000    1.331059   -0.581059 (VIOLATED)
_17485_/A                               0.750000    1.331055   -0.581055 (VIOLATED)
_09289_/Y                               0.750000    1.331052   -0.581052 (VIOLATED)
_17452_/A                               0.750000    1.331052   -0.581052 (VIOLATED)
_09204_/A                               0.750000    1.326345   -0.576345 (VIOLATED)
_09206_/A                               0.750000    1.326345   -0.576345 (VIOLATED)
_09209_/B1                              0.750000    1.326344   -0.576344 (VIOLATED)
_09205_/A                               0.750000    1.326342   -0.576342 (VIOLATED)
_09207_/A                               0.750000    1.326333   -0.576333 (VIOLATED)
_09213_/A                               0.750000    1.326334   -0.576334 (VIOLATED)
_09208_/A                               0.750000    1.326333   -0.576333 (VIOLATED)
_09214_/A                               0.750000    1.326327   -0.576327 (VIOLATED)
_09236_/A                               0.750000    1.326287   -0.576287 (VIOLATED)
_09233_/A                               0.750000    1.326271   -0.576271 (VIOLATED)
_09225_/A                               0.750000    1.326063   -0.576063 (VIOLATED)
_09229_/A                               0.750000    1.326006   -0.576006 (VIOLATED)
_09227_/B1                              0.750000    1.326004   -0.576004 (VIOLATED)
_09226_/A                               0.750000    1.325999   -0.575999 (VIOLATED)
_09235_/B1                              0.750000    1.325952   -0.575952 (VIOLATED)
_09234_/A                               0.750000    1.325817   -0.575817 (VIOLATED)
_09223_/B1                              0.750000    1.325681   -0.575682 (VIOLATED)
_09222_/A                               0.750000    1.325674   -0.575674 (VIOLATED)
_09219_/A                               0.750000    1.325673   -0.575673 (VIOLATED)
_09220_/A                               0.750000    1.325633   -0.575633 (VIOLATED)
_09272_/A                               0.750000    1.325431   -0.575432 (VIOLATED)
_09274_/A                               0.750000    1.325363   -0.575363 (VIOLATED)
_09275_/B1                              0.750000    1.325320   -0.575320 (VIOLATED)
_09286_/A                               0.750000    1.325220   -0.575220 (VIOLATED)
_09273_/A                               0.750000    1.325219   -0.575219 (VIOLATED)
_09266_/A                               0.750000    1.325198   -0.575198 (VIOLATED)
_09268_/A                               0.750000    1.325198   -0.575198 (VIOLATED)
_09269_/B1                              0.750000    1.325141   -0.575141 (VIOLATED)
_09267_/A                               0.750000    1.325133   -0.575133 (VIOLATED)
_09271_/A1                              0.750000    1.325131   -0.575131 (VIOLATED)
_09292_/A                               0.750000    1.324966   -0.574966 (VIOLATED)
_09294_/B                               0.750000    1.324954   -0.574954 (VIOLATED)
_09297_/B1                              0.750000    1.324925   -0.574925 (VIOLATED)
_09305_/A                               0.750000    1.324680   -0.574680 (VIOLATED)
_09303_/A                               0.750000    1.324677   -0.574678 (VIOLATED)
_09306_/B1                              0.750000    1.324677   -0.574677 (VIOLATED)
_09316_/A1                              0.750000    1.324673   -0.574673 (VIOLATED)
_09304_/A                               0.750000    1.324635   -0.574635 (VIOLATED)
_09392_/A_N                             0.750000    1.324532   -0.574532 (VIOLATED)
_09395_/A1                              0.750000    1.324522   -0.574522 (VIOLATED)
_09349_/A                               0.750000    1.324500   -0.574500 (VIOLATED)
_09348_/A                               0.750000    1.324482   -0.574482 (VIOLATED)
_09313_/A                               0.750000    1.324441   -0.574441 (VIOLATED)
_09328_/A                               0.750000    1.324440   -0.574440 (VIOLATED)
_09329_/B2                              0.750000    1.324441   -0.574441 (VIOLATED)
_09341_/B1                              0.750000    1.324440   -0.574440 (VIOLATED)
_09343_/A1                              0.750000    1.324440   -0.574440 (VIOLATED)
_18569_/Q                               0.750000    1.324433   -0.574433 (VIOLATED)
_18257_/Y                               0.750000    1.323779   -0.573779 (VIOLATED)
_18258_/B                               0.750000    1.323779   -0.573779 (VIOLATED)
_11149_/A                               0.750000    1.317880   -0.567880 (VIOLATED)
_11147_/A                               0.750000    1.317878   -0.567879 (VIOLATED)
_11688_/A                               0.750000    1.317877   -0.567877 (VIOLATED)
_11150_/B                               0.750000    1.317876   -0.567876 (VIOLATED)
_16980_/A                               0.750000    1.317876   -0.567876 (VIOLATED)
_16205_/A                               0.750000    1.317868   -0.567868 (VIOLATED)
_16206_/A                               0.750000    1.317857   -0.567857 (VIOLATED)
_15737_/A                               0.750000    1.317826   -0.567826 (VIOLATED)
_15690_/A                               0.750000    1.317754   -0.567754 (VIOLATED)
_15691_/A                               0.750000    1.317694   -0.567694 (VIOLATED)
_15635_/A                               0.750000    1.317534   -0.567534 (VIOLATED)
_15783_/A                               0.750000    1.317496   -0.567496 (VIOLATED)
_15782_/A                               0.750000    1.317491   -0.567491 (VIOLATED)
_16253_/A                               0.750000    1.317286   -0.567286 (VIOLATED)
_16356_/B2                              0.750000    1.317174   -0.567174 (VIOLATED)
_09249_/A                               0.750000    1.317138   -0.567138 (VIOLATED)
_16412_/A                               0.750000    1.316934   -0.566934 (VIOLATED)
_16462_/B2                              0.750000    1.316871   -0.566871 (VIOLATED)
_16461_/A                               0.750000    1.316757   -0.566757 (VIOLATED)
_16722_/B                               0.750000    1.316617   -0.566617 (VIOLATED)
_09278_/B                               0.750000    1.316556   -0.566556 (VIOLATED)
_09279_/B                               0.750000    1.316480   -0.566480 (VIOLATED)
_17241_/B                               0.750000    1.316373   -0.566373 (VIOLATED)
_17268_/B2                              0.750000    1.316280   -0.566280 (VIOLATED)
_17269_/A1                              0.750000    1.316278   -0.566278 (VIOLATED)
_09293_/A                               0.750000    1.316254   -0.566254 (VIOLATED)
_17491_/A                               0.750000    1.315949   -0.565949 (VIOLATED)
_17506_/B2                              0.750000    1.315826   -0.565826 (VIOLATED)
_09543_/A                               0.750000    1.315811   -0.565811 (VIOLATED)
_09350_/A_N                             0.750000    1.315697   -0.565697 (VIOLATED)
_09354_/B                               0.750000    1.315653   -0.565653 (VIOLATED)
_09312_/A                               0.750000    1.315630   -0.565630 (VIOLATED)
_09488_/A                               0.750000    1.315631   -0.565631 (VIOLATED)
_09329_/A1                              0.750000    1.315628   -0.565628 (VIOLATED)
_09330_/A1                              0.750000    1.315628   -0.565628 (VIOLATED)
_09332_/A1                              0.750000    1.315628   -0.565628 (VIOLATED)
_09364_/B                               0.750000    1.315617   -0.565617 (VIOLATED)
_18568_/Q                               0.750000    1.315605   -0.565605 (VIOLATED)
_17516_/A_N                             0.750000    1.314452   -0.564452 (VIOLATED)
_17524_/B                               0.750000    1.314451   -0.564451 (VIOLATED)
_17295_/B                               0.750000    1.314445   -0.564445 (VIOLATED)
_17278_/B1                              0.750000    1.314423   -0.564423 (VIOLATED)
_17257_/B                               0.750000    1.314410   -0.564410 (VIOLATED)
_17231_/B                               0.750000    1.314376   -0.564376 (VIOLATED)
_16708_/B                               0.750000    1.314301   -0.564301 (VIOLATED)
_16709_/A                               0.750000    1.314278   -0.564278 (VIOLATED)
_16504_/A                               0.750000    1.314180   -0.564180 (VIOLATED)
_16396_/A                               0.750000    1.314148   -0.564148 (VIOLATED)
_16397_/A                               0.750000    1.314136   -0.564136 (VIOLATED)
_16324_/B                               0.750000    1.314031   -0.564031 (VIOLATED)
_15894_/B                               0.750000    1.313866   -0.563866 (VIOLATED)
_15895_/B                               0.750000    1.313788   -0.563788 (VIOLATED)
_15833_/B                               0.750000    1.313709   -0.563709 (VIOLATED)
_15612_/B                               0.750000    1.313615   -0.563615 (VIOLATED)
_15614_/B                               0.750000    1.313515   -0.563515 (VIOLATED)
_15629_/B                               0.750000    1.313398   -0.563399 (VIOLATED)
_15721_/B                               0.750000    1.313287   -0.563287 (VIOLATED)
_15720_/B                               0.750000    1.313191   -0.563191 (VIOLATED)
_16181_/B                               0.750000    1.313025   -0.563025 (VIOLATED)
_11721_/B                               0.750000    1.312854   -0.562854 (VIOLATED)
_11722_/B                               0.750000    1.312773   -0.562773 (VIOLATED)
_11602_/B                               0.750000    1.312752   -0.562752 (VIOLATED)
_11553_/B                               0.750000    1.312720   -0.562720 (VIOLATED)
_11552_/B                               0.750000    1.312719   -0.562719 (VIOLATED)
_11954_/B                               0.750000    1.312717   -0.562717 (VIOLATED)
_09574_/B                               0.750000    1.312711   -0.562712 (VIOLATED)
_09576_/C                               0.750000    1.312711   -0.562711 (VIOLATED)
_11468_/B                               0.750000    1.312711   -0.562711 (VIOLATED)
_10188_/B1                              0.750000    1.312710   -0.562710 (VIOLATED)
_10187_/D                               0.750000    1.312709   -0.562709 (VIOLATED)
_11466_/B                               0.750000    1.312698   -0.562698 (VIOLATED)
_11472_/B                               0.750000    1.312681   -0.562681 (VIOLATED)
_18560_/Q                               0.750000    1.312647   -0.562647 (VIOLATED)
_18357_/X                               0.750000    1.312620   -0.562620 (VIOLATED)
_18359_/A3                              0.750000    1.312620   -0.562620 (VIOLATED)
_18383_/A                               0.750000    1.312620   -0.562620 (VIOLATED)
_18064_/X                               0.750000    1.312391   -0.562391 (VIOLATED)
_18069_/A                               0.750000    1.312391   -0.562391 (VIOLATED)
_18196_/A                               0.750000    1.312391   -0.562391 (VIOLATED)
_09530_/A_N                             0.750000    1.308040   -0.558040 (VIOLATED)
_17517_/B                               0.750000    1.308033   -0.558033 (VIOLATED)
_17525_/B                               0.750000    1.308020   -0.558020 (VIOLATED)
_17277_/B                               0.750000    1.307992   -0.557992 (VIOLATED)
_17278_/A2                              0.750000    1.307973   -0.557973 (VIOLATED)
_17258_/B                               0.750000    1.307943   -0.557943 (VIOLATED)
_16736_/A                               0.750000    1.307891   -0.557892 (VIOLATED)
_16737_/A                               0.750000    1.307890   -0.557890 (VIOLATED)
_16707_/A                               0.750000    1.307828   -0.557828 (VIOLATED)
_16443_/A                               0.750000    1.307742   -0.557742 (VIOLATED)
_16444_/A                               0.750000    1.307727   -0.557727 (VIOLATED)
_16395_/B                               0.750000    1.307680   -0.557680 (VIOLATED)
_16273_/B                               0.750000    1.307541   -0.557541 (VIOLATED)
_16274_/B                               0.750000    1.307451   -0.557451 (VIOLATED)
_15893_/B                               0.750000    1.307382   -0.557382 (VIOLATED)
_15620_/B                               0.750000    1.307325   -0.557325 (VIOLATED)
_15621_/B                               0.750000    1.307215   -0.557215 (VIOLATED)
_15616_/B                               0.750000    1.307058   -0.557058 (VIOLATED)
_18290_/Y                               0.750000    1.306982   -0.556982 (VIOLATED)
_18291_/B                               0.750000    1.306982   -0.556982 (VIOLATED)
_15680_/B                               0.750000    1.306905   -0.556905 (VIOLATED)
_15679_/B                               0.750000    1.306811   -0.556812 (VIOLATED)
_16082_/B                               0.750000    1.306665   -0.556665 (VIOLATED)
_16188_/B                               0.750000    1.306512   -0.556513 (VIOLATED)
_16187_/B                               0.750000    1.306331   -0.556331 (VIOLATED)
_10187_/C                               0.750000    1.306284   -0.556284 (VIOLATED)
_10188_/A2                              0.750000    1.306284   -0.556284 (VIOLATED)
_12006_/D                               0.750000    1.306283   -0.556283 (VIOLATED)
_12011_/B1                              0.750000    1.306282   -0.556282 (VIOLATED)
_11720_/B                               0.750000    1.306277   -0.556277 (VIOLATED)
_11869_/B                               0.750000    1.306273   -0.556273 (VIOLATED)
_11511_/B                               0.750000    1.306262   -0.556262 (VIOLATED)
_11512_/B                               0.750000    1.306257   -0.556256 (VIOLATED)
_11482_/B                               0.750000    1.306220   -0.556220 (VIOLATED)
_11481_/B                               0.750000    1.306212   -0.556212 (VIOLATED)
_11464_/B                               0.750000    1.306180   -0.556180 (VIOLATED)
_18561_/Q                               0.750000    1.306098   -0.556098 (VIOLATED)
_18145_/X                               0.750000    1.302327   -0.552327 (VIOLATED)
_18146_/B                               0.750000    1.302327   -0.552327 (VIOLATED)
_18199_/B1                              0.750000    1.302327   -0.552327 (VIOLATED)
_18231_/A                               0.750000    1.302327   -0.552327 (VIOLATED)
_18006_/Y                               0.750000    1.301126   -0.551126 (VIOLATED)
_18031_/B1                              0.750000    1.301126   -0.551126 (VIOLATED)
_18292_/A                               0.750000    1.301126   -0.551126 (VIOLATED)
_18096_/Y                               0.750000    1.301073   -0.551073 (VIOLATED)
_18097_/C                               0.750000    1.301073   -0.551073 (VIOLATED)
_18241_/B1                              0.750000    1.301073   -0.551073 (VIOLATED)
_18242_/A                               0.750000    1.301073   -0.551073 (VIOLATED)
_17945_/Y                               0.750000    1.296684   -0.546684 (VIOLATED)
_17946_/B1                              0.750000    1.296684   -0.546684 (VIOLATED)
_18363_/Y                               0.750000    1.296530   -0.546530 (VIOLATED)
_18369_/A                               0.750000    1.296530   -0.546530 (VIOLATED)
_18381_/A                               0.750000    1.296530   -0.546530 (VIOLATED)
_17858_/Y                               0.750000    1.294927   -0.544927 (VIOLATED)
_18166_/B1                              0.750000    1.294927   -0.544927 (VIOLATED)
_18205_/B1                              0.750000    1.294927   -0.544927 (VIOLATED)
_18086_/Y                               0.750000    1.292981   -0.542981 (VIOLATED)
_18089_/A                               0.750000    1.292981   -0.542981 (VIOLATED)
_18123_/C1                              0.750000    1.292981   -0.542981 (VIOLATED)
_18310_/B1                              0.750000    1.292981   -0.542981 (VIOLATED)
_14790_/B                               0.750000    1.292771   -0.542772 (VIOLATED)
_14789_/B                               0.750000    1.292770   -0.542770 (VIOLATED)
_14859_/B                               0.750000    1.292765   -0.542765 (VIOLATED)
_14914_/B1                              0.750000    1.292753   -0.542753 (VIOLATED)
_14907_/D                               0.750000    1.292745   -0.542745 (VIOLATED)
_14934_/C                               0.750000    1.292718   -0.542718 (VIOLATED)
_14940_/A2                              0.750000    1.292714   -0.542714 (VIOLATED)
_13229_/A_N                             0.750000    1.292660   -0.542660 (VIOLATED)
_12656_/B                               0.750000    1.292656   -0.542656 (VIOLATED)
_14694_/B                               0.750000    1.292627   -0.542627 (VIOLATED)
_12556_/B                               0.750000    1.292615   -0.542615 (VIOLATED)
_14588_/B                               0.750000    1.292608   -0.542608 (VIOLATED)
_14589_/B                               0.750000    1.292586   -0.542586 (VIOLATED)
_14519_/B                               0.750000    1.292550   -0.542550 (VIOLATED)
_14389_/B                               0.750000    1.292495   -0.542495 (VIOLATED)
_11171_/B2                              0.750000    1.292470   -0.542470 (VIOLATED)
_11170_/B                               0.750000    1.292466   -0.542466 (VIOLATED)
_11691_/A                               0.750000    1.292459   -0.542459 (VIOLATED)
_14197_/B                               0.750000    1.292456   -0.542456 (VIOLATED)
_16097_/A                               0.750000    1.292450   -0.542450 (VIOLATED)
_11150_/A                               0.750000    1.292448   -0.542448 (VIOLATED)
_11148_/A                               0.750000    1.292447   -0.542447 (VIOLATED)
_12386_/B1                              0.750000    1.292446   -0.542446 (VIOLATED)
_12267_/B                               0.750000    1.292445   -0.542445 (VIOLATED)
_12269_/A2                              0.750000    1.292444   -0.542444 (VIOLATED)
_12268_/B                               0.750000    1.292442   -0.542442 (VIOLATED)
_16899_/A                               0.750000    1.292441   -0.542441 (VIOLATED)
_12208_/B                               0.750000    1.292436   -0.542437 (VIOLATED)
_12191_/B                               0.750000    1.292430   -0.542430 (VIOLATED)
_14390_/B                               0.750000    1.292429   -0.542429 (VIOLATED)
_12193_/B                               0.750000    1.292427   -0.542427 (VIOLATED)
_16900_/A                               0.750000    1.292424   -0.542424 (VIOLATED)
_12770_/B                               0.750000    1.292413   -0.542413 (VIOLATED)
_15709_/A                               0.750000    1.292395   -0.542395 (VIOLATED)
_15055_/B                               0.750000    1.292378   -0.542378 (VIOLATED)
_15149_/B                               0.750000    1.292363   -0.542363 (VIOLATED)
_14092_/B                               0.750000    1.292308   -0.542308 (VIOLATED)
_14094_/B                               0.750000    1.292307   -0.542307 (VIOLATED)
_14119_/B                               0.750000    1.292307   -0.542307 (VIOLATED)
_14251_/B                               0.750000    1.292306   -0.542306 (VIOLATED)
_12886_/B                               0.750000    1.292300   -0.542300 (VIOLATED)
_12885_/B                               0.750000    1.292300   -0.542300 (VIOLATED)
_13097_/B                               0.750000    1.292299   -0.542299 (VIOLATED)
_15148_/B                               0.750000    1.292297   -0.542297 (VIOLATED)
_14250_/B                               0.750000    1.292294   -0.542294 (VIOLATED)
_15710_/A                               0.750000    1.292288   -0.542288 (VIOLATED)
_18511_/Q                               0.750000    1.292285   -0.542285 (VIOLATED)
_15673_/A                               0.750000    1.292208   -0.542208 (VIOLATED)
_17873_/Y                               0.750000    1.292065   -0.542065 (VIOLATED)
_17918_/B1                              0.750000    1.292065   -0.542065 (VIOLATED)
_18216_/A                               0.750000    1.292065   -0.542065 (VIOLATED)
_15638_/A                               0.750000    1.292063   -0.542063 (VIOLATED)
_15636_/A                               0.750000    1.291993   -0.541993 (VIOLATED)
_15856_/A                               0.750000    1.291886   -0.541886 (VIOLATED)
_16254_/A                               0.750000    1.291670   -0.541670 (VIOLATED)
_16356_/A1                              0.750000    1.291599   -0.541599 (VIOLATED)
_16462_/A1                              0.750000    1.291251   -0.541251 (VIOLATED)
_16344_/A                               0.750000    1.291212   -0.541212 (VIOLATED)
_16413_/A                               0.750000    1.291207   -0.541207 (VIOLATED)
_16689_/B                               0.750000    1.291075   -0.541075 (VIOLATED)
_16723_/B                               0.750000    1.290933   -0.540933 (VIOLATED)
_16724_/B                               0.750000    1.290923   -0.540923 (VIOLATED)
_17207_/B                               0.750000    1.290790   -0.540790 (VIOLATED)
_17243_/A                               0.750000    1.290639   -0.540639 (VIOLATED)
_17242_/A                               0.750000    1.290592   -0.540592 (VIOLATED)
_17268_/A1                              0.750000    1.290592   -0.540592 (VIOLATED)
_17472_/A                               0.750000    1.290349   -0.540349 (VIOLATED)
_17492_/A                               0.750000    1.290112   -0.540112 (VIOLATED)
_17506_/A1                              0.750000    1.290095   -0.540095 (VIOLATED)
_09538_/A                               0.750000    1.289981   -0.539981 (VIOLATED)
_15229_/C                               0.750000    1.289936   -0.539936 (VIOLATED)
_15402_/A2                              0.750000    1.289935   -0.539936 (VIOLATED)
_12982_/B                               0.750000    1.289934   -0.539934 (VIOLATED)
_14299_/B                               0.750000    1.289928   -0.539928 (VIOLATED)
_14301_/B                               0.750000    1.289923   -0.539923 (VIOLATED)
_14375_/A2                              0.750000    1.289908   -0.539908 (VIOLATED)
_14244_/B                               0.750000    1.289907   -0.539907 (VIOLATED)
_14116_/B                               0.750000    1.289899   -0.539899 (VIOLATED)
_14107_/B                               0.750000    1.289898   -0.539898 (VIOLATED)
_12173_/B                               0.750000    1.289890   -0.539890 (VIOLATED)
_12983_/B                               0.750000    1.289889   -0.539889 (VIOLATED)
_15052_/B                               0.750000    1.289889   -0.539889 (VIOLATED)
_12979_/A2                              0.750000    1.289888   -0.539888 (VIOLATED)
_12879_/C                               0.750000    1.289879   -0.539879 (VIOLATED)
_09353_/A_N                             0.750000    1.289876   -0.539876 (VIOLATED)
_14105_/B                               0.750000    1.289876   -0.539876 (VIOLATED)
_12179_/B                               0.750000    1.289852   -0.539852 (VIOLATED)
_14367_/C                               0.750000    1.289852   -0.539852 (VIOLATED)
_14501_/A2                              0.750000    1.289844   -0.539844 (VIOLATED)
_12178_/B                               0.750000    1.289840   -0.539840 (VIOLATED)
_09363_/A                               0.750000    1.289837   -0.539837 (VIOLATED)
_12175_/B                               0.750000    1.289837   -0.539837 (VIOLATED)
_14445_/B                               0.750000    1.289833   -0.539833 (VIOLATED)
_09310_/A                               0.750000    1.289830   -0.539830 (VIOLATED)
_09311_/A                               0.750000    1.289829   -0.539830 (VIOLATED)
_09377_/A                               0.750000    1.289827   -0.539827 (VIOLATED)
_18567_/Q                               0.750000    1.289816   -0.539817 (VIOLATED)
_12263_/A_N                             0.750000    1.289786   -0.539786 (VIOLATED)
_14444_/B                               0.750000    1.289771   -0.539771 (VIOLATED)
_14576_/C                               0.750000    1.289738   -0.539738 (VIOLATED)
_14628_/A2                              0.750000    1.289722   -0.539722 (VIOLATED)
_14634_/B                               0.750000    1.289665   -0.539665 (VIOLATED)
_14991_/B                               0.750000    1.289662   -0.539662 (VIOLATED)
_14992_/B                               0.750000    1.289662   -0.539662 (VIOLATED)
_14987_/A2                              0.750000    1.289660   -0.539660 (VIOLATED)
_14910_/B                               0.750000    1.289651   -0.539651 (VIOLATED)
_14911_/B                               0.750000    1.289643   -0.539643 (VIOLATED)
_14947_/A2                              0.750000    1.289632   -0.539632 (VIOLATED)
_14777_/B                               0.750000    1.289630   -0.539630 (VIOLATED)
_14849_/C                               0.750000    1.289624   -0.539624 (VIOLATED)
_14778_/B                               0.750000    1.289613   -0.539613 (VIOLATED)
_14896_/A2                              0.750000    1.289606   -0.539606 (VIOLATED)
_14633_/B                               0.750000    1.289591   -0.539591 (VIOLATED)
_18507_/Q                               0.750000    1.289420   -0.539420 (VIOLATED)
_18017_/X                               0.750000    1.287904   -0.537904 (VIOLATED)
_18022_/A                               0.750000    1.287904   -0.537904 (VIOLATED)
_18246_/A                               0.750000    1.287904   -0.537904 (VIOLATED)
_17870_/X                               0.750000    1.285957   -0.535957 (VIOLATED)
_17875_/A                               0.750000    1.285957   -0.535957 (VIOLATED)
_18217_/A                               0.750000    1.285957   -0.535957 (VIOLATED)
_18366_/Y                               0.750000    1.283412   -0.533412 (VIOLATED)
_18370_/C1                              0.750000    1.283412   -0.533412 (VIOLATED)
_18380_/B1                              0.750000    1.283412   -0.533412 (VIOLATED)
_17838_/Y                               0.750000    1.280960   -0.530960 (VIOLATED)
_18176_/B1                              0.750000    1.280960   -0.530960 (VIOLATED)
_18209_/B1_N                            0.750000    1.280960   -0.530960 (VIOLATED)
_17951_/Y                               0.750000    1.278980   -0.528980 (VIOLATED)
_17957_/A                               0.750000    1.278980   -0.528980 (VIOLATED)
_18254_/A                               0.750000    1.278980   -0.528980 (VIOLATED)
_17924_/Y                               0.750000    1.277683   -0.527683 (VIOLATED)
_17946_/A1                              0.750000    1.277683   -0.527683 (VIOLATED)
_18258_/A                               0.750000    1.277683   -0.527683 (VIOLATED)
_17930_/Y                               0.750000    1.277219   -0.527219 (VIOLATED)
_17943_/A1                              0.750000    1.277219   -0.527219 (VIOLATED)
_18261_/A                               0.750000    1.277219   -0.527219 (VIOLATED)
_18041_/X                               0.750000    1.277021   -0.527021 (VIOLATED)
_18046_/A                               0.750000    1.277021   -0.527021 (VIOLATED)
_18315_/A                               0.750000    1.277021   -0.527021 (VIOLATED)
_18068_/Y                               0.750000    1.274848   -0.524848 (VIOLATED)
_18069_/B                               0.750000    1.274848   -0.524848 (VIOLATED)
_18317_/A                               0.750000    1.274848   -0.524848 (VIOLATED)
_17998_/Y                               0.750000    1.269720   -0.519720 (VIOLATED)
_18003_/A                               0.750000    1.269720   -0.519720 (VIOLATED)
_18327_/A                               0.750000    1.269720   -0.519720 (VIOLATED)
_17906_/X                               0.750000    1.269069   -0.519069 (VIOLATED)
_17911_/A                               0.750000    1.269069   -0.519069 (VIOLATED)
_18228_/A                               0.750000    1.269069   -0.519069 (VIOLATED)
_18354_/Y                               0.750000    1.267771   -0.517771 (VIOLATED)
_18376_/A1                              0.750000    1.267771   -0.517771 (VIOLATED)
_18378_/A                               0.750000    1.267771   -0.517771 (VIOLATED)
_18112_/Y                               0.750000    1.260532   -0.510532 (VIOLATED)
_18119_/B1                              0.750000    1.260532   -0.510532 (VIOLATED)
_18296_/B1                              0.750000    1.260532   -0.510532 (VIOLATED)
_18100_/Y                               0.750000    1.258504   -0.508504 (VIOLATED)
_18107_/A                               0.750000    1.258504   -0.508504 (VIOLATED)
_18324_/A                               0.750000    1.258504   -0.508504 (VIOLATED)
_18351_/Y                               0.750000    1.258412   -0.508412 (VIOLATED)
_18390_/A2                              0.750000    1.258412   -0.508412 (VIOLATED)
_18394_/A                               0.750000    1.258412   -0.508412 (VIOLATED)
_17965_/Y                               0.750000    1.253294   -0.503294 (VIOLATED)
_18331_/A1                              0.750000    1.253294   -0.503294 (VIOLATED)
_18335_/A                               0.750000    1.253294   -0.503294 (VIOLATED)
_18137_/Y                               0.750000    1.247877   -0.497877 (VIOLATED)
_18173_/B1                              0.750000    1.247877   -0.497877 (VIOLATED)
_18201_/B1                              0.750000    1.247877   -0.497877 (VIOLATED)
_17910_/Y                               0.750000    1.234613   -0.484613 (VIOLATED)
_17911_/B                               0.750000    1.234613   -0.484613 (VIOLATED)
_18280_/A                               0.750000    1.234613   -0.484613 (VIOLATED)
_17878_/Y                               0.750000    1.233559   -0.483559 (VIOLATED)
_17917_/A                               0.750000    1.233559   -0.483559 (VIOLATED)
_18214_/C1                              0.750000    1.233559   -0.483559 (VIOLATED)
_18154_/Y                               0.750000    1.232691   -0.482691 (VIOLATED)
_18155_/A                               0.750000    1.232691   -0.482691 (VIOLATED)
_18170_/A2                              0.750000    1.232691   -0.482691 (VIOLATED)
_18129_/Y                               0.750000    1.222233   -0.472233 (VIOLATED)
_18130_/B1                              0.750000    1.222233   -0.472233 (VIOLATED)
_18013_/Y                               0.750000    1.215669   -0.465669 (VIOLATED)
_18028_/B1                              0.750000    1.215669   -0.465669 (VIOLATED)
_18269_/B1                              0.750000    1.215669   -0.465669 (VIOLATED)
_17960_/Y                               0.750000    1.206880   -0.456880 (VIOLATED)
_17993_/D1                              0.750000    1.206880   -0.456880 (VIOLATED)
_12992_/B                               0.750000    1.193168   -0.443168 (VIOLATED)
_12993_/B                               0.750000    1.193165   -0.443165 (VIOLATED)
_15236_/B                               0.750000    1.193161   -0.443161 (VIOLATED)
_15056_/B                               0.750000    1.193149   -0.443149 (VIOLATED)
_15057_/B                               0.750000    1.193137   -0.443137 (VIOLATED)
_14383_/B                               0.750000    1.193137   -0.443137 (VIOLATED)
_12875_/B                               0.750000    1.193131   -0.443131 (VIOLATED)
_12192_/B                               0.750000    1.193110   -0.443110 (VIOLATED)
_12194_/B                               0.750000    1.193092   -0.443092 (VIOLATED)
_12183_/B                               0.750000    1.193030   -0.443030 (VIOLATED)
_14295_/B                               0.750000    1.193028   -0.443028 (VIOLATED)
_14120_/B                               0.750000    1.193023   -0.443023 (VIOLATED)
_14121_/B                               0.750000    1.193016   -0.443016 (VIOLATED)
_14139_/B                               0.750000    1.193014   -0.443014 (VIOLATED)
_14110_/B                               0.750000    1.192998   -0.442998 (VIOLATED)
_14138_/B                               0.750000    1.192964   -0.442964 (VIOLATED)
_12269_/B1                              0.750000    1.192958   -0.442958 (VIOLATED)
_12210_/B                               0.750000    1.192957   -0.442957 (VIOLATED)
_12209_/B                               0.750000    1.192957   -0.442957 (VIOLATED)
_14452_/B                               0.750000    1.192903   -0.442903 (VIOLATED)
_14520_/A2                              0.750000    1.192886   -0.442887 (VIOLATED)
_14583_/B                               0.750000    1.192795   -0.442795 (VIOLATED)
_12379_/B                               0.750000    1.192763   -0.442764 (VIOLATED)
_14641_/B                               0.750000    1.192679   -0.442679 (VIOLATED)
_12558_/B                               0.750000    1.192644   -0.442644 (VIOLATED)
_14640_/B                               0.750000    1.192607   -0.442607 (VIOLATED)
_14735_/B                               0.750000    1.192534   -0.442534 (VIOLATED)
_12655_/A_N                             0.750000    1.192524   -0.442524 (VIOLATED)
_14940_/B1                              0.750000    1.192301   -0.442301 (VIOLATED)
_14934_/D                               0.750000    1.192288   -0.442288 (VIOLATED)
_14933_/B                               0.750000    1.192168   -0.442168 (VIOLATED)
_14886_/B                               0.750000    1.192097   -0.442097 (VIOLATED)
_14820_/B                               0.750000    1.192070   -0.442070 (VIOLATED)
_14821_/B                               0.750000    1.192055   -0.442055 (VIOLATED)
_18510_/Q                               0.750000    1.192051   -0.442051 (VIOLATED)
_17955_/Y                               0.750000    1.191846   -0.441846 (VIOLATED)
_17956_/A                               0.750000    1.191846   -0.441846 (VIOLATED)
_17957_/B                               0.750000    1.191846   -0.441846 (VIOLATED)
_15550_/A1                              0.750000    1.185494   -0.435494 (VIOLATED)
_15556_/A1                              0.750000    1.185494   -0.435494 (VIOLATED)
_15549_/A1                              0.750000    1.185493   -0.435493 (VIOLATED)
_15543_/Y                               0.750000    1.185417   -0.435417 (VIOLATED)
_18387_/Y                               0.750000    1.180376   -0.430376 (VIOLATED)
_18388_/B                               0.750000    1.180376   -0.430376 (VIOLATED)
_17966_/X                               0.750000    1.180238   -0.430238 (VIOLATED)
_17973_/B                               0.750000    1.180238   -0.430238 (VIOLATED)
_17992_/B                               0.750000    1.180238   -0.430238 (VIOLATED)
_13087_/B                               0.750000    1.175369   -0.425369 (VIOLATED)
_15152_/B                               0.750000    1.175368   -0.425368 (VIOLATED)
_12873_/B                               0.750000    1.175364   -0.425364 (VIOLATED)
_12773_/B                               0.750000    1.175357   -0.425357 (VIOLATED)
_15153_/B                               0.750000    1.175349   -0.425349 (VIOLATED)
_12874_/B                               0.750000    1.175344   -0.425344 (VIOLATED)
_15051_/B                               0.750000    1.175339   -0.425339 (VIOLATED)
_14382_/B                               0.750000    1.175319   -0.425319 (VIOLATED)
_12174_/B                               0.750000    1.175305   -0.425305 (VIOLATED)
_14381_/B                               0.750000    1.175281   -0.425281 (VIOLATED)
_14262_/B                               0.750000    1.175275   -0.425275 (VIOLATED)
_14263_/B                               0.750000    1.175272   -0.425272 (VIOLATED)
_14106_/B                               0.750000    1.175271   -0.425271 (VIOLATED)
_14246_/B                               0.750000    1.175271   -0.425271 (VIOLATED)
_12205_/B                               0.750000    1.175264   -0.425264 (VIOLATED)
_14104_/B                               0.750000    1.175263   -0.425263 (VIOLATED)
_12172_/B                               0.750000    1.175259   -0.425259 (VIOLATED)
_14129_/B                               0.750000    1.175244   -0.425244 (VIOLATED)
_12264_/B                               0.750000    1.175210   -0.425210 (VIOLATED)
_14511_/B                               0.750000    1.175193   -0.425193 (VIOLATED)
_12380_/A_N                             0.750000    1.175176   -0.425176 (VIOLATED)
_14985_/B1                              0.750000    1.175164   -0.425164 (VIOLATED)
_14885_/B                               0.750000    1.175163   -0.425163 (VIOLATED)
_14983_/B                               0.750000    1.175164   -0.425164 (VIOLATED)
_14993_/C                               0.750000    1.175160   -0.425160 (VIOLATED)
_14582_/B                               0.750000    1.175150   -0.425150 (VIOLATED)
_14938_/B                               0.750000    1.175144   -0.425144 (VIOLATED)
_14884_/B                               0.750000    1.175123   -0.425123 (VIOLATED)
_14581_/B                               0.750000    1.175106   -0.425106 (VIOLATED)
_14809_/B                               0.750000    1.175087   -0.425087 (VIOLATED)
_14733_/B                               0.750000    1.175070   -0.425070 (VIOLATED)
_14734_/B                               0.750000    1.175052   -0.425052 (VIOLATED)
_14687_/B                               0.750000    1.174955   -0.424955 (VIOLATED)
_18508_/Q                               0.750000    1.174413   -0.424413 (VIOLATED)
_18001_/Y                               0.750000    1.165484   -0.415484 (VIOLATED)
_18033_/C1                              0.750000    1.165484   -0.415484 (VIOLATED)
_18326_/B1                              0.750000    1.165484   -0.415484 (VIOLATED)
_18088_/Y                               0.750000    1.164885   -0.414885 (VIOLATED)
_18090_/B                               0.750000    1.164885   -0.414885 (VIOLATED)
_18122_/B                               0.750000    1.164885   -0.414885 (VIOLATED)
_18141_/Y                               0.750000    1.157780   -0.407780 (VIOLATED)
_18142_/A                               0.750000    1.157780   -0.407780 (VIOLATED)
_18200_/A1                              0.750000    1.157780   -0.407780 (VIOLATED)
_18044_/Y                               0.750000    1.156265   -0.406265 (VIOLATED)
_18127_/C1                              0.750000    1.156265   -0.406265 (VIOLATED)
_18314_/B1                              0.750000    1.156265   -0.406265 (VIOLATED)
_17964_/Y                               0.750000    1.141674   -0.391674 (VIOLATED)
_17993_/C1                              0.750000    1.141674   -0.391674 (VIOLATED)
_18331_/B1_N                            0.750000    1.141674   -0.391674 (VIOLATED)
_09265_/A                               0.750000    1.140694   -0.390694 (VIOLATED)
_09289_/A                               0.750000    1.140694   -0.390694 (VIOLATED)
_17453_/B2                              0.750000    1.140694   -0.390694 (VIOLATED)
_17253_/A                               0.750000    1.140693   -0.390693 (VIOLATED)
_17255_/A                               0.750000    1.140693   -0.390693 (VIOLATED)
_17193_/A                               0.750000    1.140688   -0.390688 (VIOLATED)
_17388_/A                               0.750000    1.140688   -0.390688 (VIOLATED)
_17389_/A                               0.750000    1.140686   -0.390686 (VIOLATED)
_16468_/A                               0.750000    1.140683   -0.390683 (VIOLATED)
_16675_/A                               0.750000    1.140683   -0.390683 (VIOLATED)
_16704_/A                               0.750000    1.140683   -0.390683 (VIOLATED)
_09264_/Y                               0.750000    1.140682   -0.390682 (VIOLATED)
_16674_/A                               0.750000    1.140682   -0.390682 (VIOLATED)
_17933_/Y                               0.750000    1.137390   -0.387391 (VIOLATED)
_18264_/A                               0.750000    1.137390   -0.387391 (VIOLATED)
_18020_/Y                               0.750000    1.103204   -0.353204 (VIOLATED)
_18029_/B1                              0.750000    1.103204   -0.353204 (VIOLATED)
_18245_/B1                              0.750000    1.103204   -0.353204 (VIOLATED)
_18104_/Y                               0.750000    1.090696   -0.340696 (VIOLATED)
_18120_/C1                              0.750000    1.090696   -0.340696 (VIOLATED)
_17997_/Y                               0.750000    1.089791   -0.339791 (VIOLATED)
_18033_/D1                              0.750000    1.089791   -0.339791 (VIOLATED)
_17909_/Y                               0.750000    1.078481   -0.328481 (VIOLATED)
_17916_/C1                              0.750000    1.078481   -0.328481 (VIOLATED)
_09324_/A                               0.750000    1.071123   -0.321123 (VIOLATED)
_09509_/A                               0.750000    1.071123   -0.321123 (VIOLATED)
_09560_/A                               0.750000    1.071122   -0.321122 (VIOLATED)
_09338_/A                               0.750000    1.071121   -0.321121 (VIOLATED)
_17681_/A                               0.750000    1.071120   -0.321120 (VIOLATED)
_09409_/A                               0.750000    1.071119   -0.321119 (VIOLATED)
_17717_/A                               0.750000    1.071116   -0.321116 (VIOLATED)
_17733_/A                               0.750000    1.071114   -0.321114 (VIOLATED)
_17609_/A                               0.750000    1.071113   -0.321113 (VIOLATED)
_09290_/Y                               0.750000    1.071110   -0.321110 (VIOLATED)
_17455_/A1                              0.750000    1.071110   -0.321110 (VIOLATED)
_17467_/A                               0.750000    1.071110   -0.321110 (VIOLATED)
_17468_/A                               0.750000    1.071110   -0.321110 (VIOLATED)
_16661_/A                               0.750000    1.059343   -0.309343 (VIOLATED)
_16662_/A                               0.750000    1.059343   -0.309343 (VIOLATED)
_09263_/B                               0.750000    1.059342   -0.309342 (VIOLATED)
_16679_/A1                              0.750000    1.059342   -0.309342 (VIOLATED)
_16429_/A                               0.750000    1.059336   -0.309336 (VIOLATED)
_15808_/A                               0.750000    1.059307   -0.309307 (VIOLATED)
_15742_/A                               0.750000    1.059298   -0.309298 (VIOLATED)
_16174_/A                               0.750000    1.059293   -0.309293 (VIOLATED)
_09262_/Y                               0.750000    1.059290   -0.309290 (VIOLATED)
_18076_/Y                               0.750000    1.058195   -0.308195 (VIOLATED)
_18077_/B                               0.750000    1.058195   -0.308195 (VIOLATED)
_14108_/B                               0.750000    1.056143   -0.306143 (VIOLATED)
_14112_/B                               0.750000    1.056142   -0.306142 (VIOLATED)
_14111_/B                               0.750000    1.056132   -0.306132 (VIOLATED)
_14261_/B                               0.750000    1.056126   -0.306126 (VIOLATED)
_14297_/B                               0.750000    1.056112   -0.306112 (VIOLATED)
_13095_/B                               0.750000    1.056108   -0.306108 (VIOLATED)
_13096_/B                               0.750000    1.056108   -0.306108 (VIOLATED)
_12984_/B                               0.750000    1.056101   -0.306101 (VIOLATED)
_15151_/B                               0.750000    1.056087   -0.306087 (VIOLATED)
_14296_/B                               0.750000    1.056073   -0.306074 (VIOLATED)
_12768_/B                               0.750000    1.056070   -0.306070 (VIOLATED)
_14196_/B                               0.750000    1.056044   -0.306044 (VIOLATED)
_14195_/B                               0.750000    1.056031   -0.306031 (VIOLATED)
_12769_/B                               0.750000    1.056024   -0.306024 (VIOLATED)
_12171_/B                               0.750000    1.055982   -0.305982 (VIOLATED)
_14446_/B                               0.750000    1.055935   -0.305935 (VIOLATED)
_12185_/B                               0.750000    1.055850   -0.305850 (VIOLATED)
_12184_/B                               0.750000    1.055848   -0.305848 (VIOLATED)
_12262_/B                               0.750000    1.055797   -0.305797 (VIOLATED)
_14520_/B1                              0.750000    1.055749   -0.305749 (VIOLATED)
_14518_/B                               0.750000    1.055735   -0.305735 (VIOLATED)
_12381_/B                               0.750000    1.055665   -0.305665 (VIOLATED)
_14635_/B                               0.750000    1.055659   -0.305659 (VIOLATED)
_12557_/A_N                             0.750000    1.055622   -0.305622 (VIOLATED)
_14693_/B                               0.750000    1.055560   -0.305560 (VIOLATED)
_14692_/B                               0.750000    1.055521   -0.305522 (VIOLATED)
_14779_/B                               0.750000    1.055428   -0.305428 (VIOLATED)
_14912_/B                               0.750000    1.055314   -0.305314 (VIOLATED)
_14957_/B                               0.750000    1.055250   -0.305250 (VIOLATED)
_14985_/A2                              0.750000    1.055244   -0.305244 (VIOLATED)
_14857_/B                               0.750000    1.055235   -0.305235 (VIOLATED)
_14858_/B                               0.750000    1.055231   -0.305231 (VIOLATED)
_18509_/Q                               0.750000    1.055231   -0.305231 (VIOLATED)
_18589_/D                               0.750000    1.054632   -0.304632 (VIOLATED)
_18417_/Y                               0.750000    1.054629   -0.304629 (VIOLATED)
_18374_/Y                               0.750000    1.053812   -0.303812 (VIOLATED)
_18375_/B                               0.750000    1.053812   -0.303812 (VIOLATED)
_16916_/A1                              0.750000    1.040178   -0.290178 (VIOLATED)
_16995_/A                               0.750000    1.040179   -0.290179 (VIOLATED)
_16824_/A                               0.750000    1.040142   -0.290142 (VIOLATED)
_16655_/A1                              0.750000    1.040140   -0.290140 (VIOLATED)
_16623_/A                               0.750000    1.040124   -0.290124 (VIOLATED)
_16808_/A                               0.750000    1.040090   -0.290091 (VIOLATED)
_16804_/A                               0.750000    1.040084   -0.290084 (VIOLATED)
_17440_/A                               0.750000    1.040057   -0.290057 (VIOLATED)
_17435_/A                               0.750000    1.040044   -0.290044 (VIOLATED)
_17431_/A1                              0.750000    1.040041   -0.290041 (VIOLATED)
_17418_/A1                              0.750000    1.040026   -0.290026 (VIOLATED)
_17402_/A                               0.750000    1.040014   -0.290014 (VIOLATED)
_17662_/A1                              0.750000    1.039987   -0.289987 (VIOLATED)
_17661_/A                               0.750000    1.039974   -0.289974 (VIOLATED)
_17604_/A1                              0.750000    1.039972   -0.289972 (VIOLATED)
_17595_/A                               0.750000    1.039961   -0.289962 (VIOLATED)
_17646_/A                               0.750000    1.039950   -0.289950 (VIOLATED)
_17766_/A1                              0.750000    1.039936   -0.289936 (VIOLATED)
_17761_/A                               0.750000    1.039933   -0.289933 (VIOLATED)
_17756_/A1                              0.750000    1.039930   -0.289930 (VIOLATED)
_09218_/Y                               0.750000    1.039927   -0.289927 (VIOLATED)
_09571_/A1                              0.750000    1.039927   -0.289927 (VIOLATED)
_17743_/A1                              0.750000    1.039927   -0.289927 (VIOLATED)
_17781_/A                               0.750000    1.039927   -0.289927 (VIOLATED)
_17786_/A1                              0.750000    1.039927   -0.289927 (VIOLATED)
_17816_/A                               0.750000    1.039927   -0.289927 (VIOLATED)
_18105_/Y                               0.750000    1.032893   -0.282893 (VIOLATED)
_18106_/B                               0.750000    1.032893   -0.282893 (VIOLATED)
_18598_/D                               0.750000    1.027269   -0.277269 (VIOLATED)
_18427_/Y                               0.750000    1.027268   -0.277268 (VIOLATED)
_18603_/D                               0.750000    1.026542   -0.276542 (VIOLATED)
_18432_/Y                               0.750000    1.026541   -0.276541 (VIOLATED)
_18613_/D                               0.750000    1.026121   -0.276121 (VIOLATED)
_18444_/Y                               0.750000    1.026120   -0.276120 (VIOLATED)
_17861_/Y                               0.750000    1.022615   -0.272615 (VIOLATED)
_17862_/A                               0.750000    1.022615   -0.272615 (VIOLATED)
_17854_/Y                               0.750000    1.021059   -0.271059 (VIOLATED)
_17855_/A                               0.750000    1.021059   -0.271059 (VIOLATED)
_17903_/Y                               0.750000    1.008955   -0.258955 (VIOLATED)
_18276_/B1                              0.750000    1.008955   -0.258955 (VIOLATED)
_18420_/Y                               0.750000    1.004038   -0.254038 (VIOLATED)
_18591_/D                               0.750000    1.004038   -0.254038 (VIOLATED)
_18434_/Y                               0.750000    1.001286   -0.251286 (VIOLATED)
_18605_/D                               0.750000    1.001286   -0.251286 (VIOLATED)
_18424_/Y                               0.750000    0.999551   -0.249551 (VIOLATED)
_18595_/D                               0.750000    0.999551   -0.249551 (VIOLATED)
_18421_/Y                               0.750000    0.995710   -0.245710 (VIOLATED)
_18592_/D                               0.750000    0.995710   -0.245710 (VIOLATED)
_18416_/Y                               0.750000    0.986504   -0.236504 (VIOLATED)
_18588_/D                               0.750000    0.986504   -0.236504 (VIOLATED)
_18429_/Y                               0.750000    0.980904   -0.230904 (VIOLATED)
_18600_/D                               0.750000    0.980904   -0.230904 (VIOLATED)
_18423_/Y                               0.750000    0.978916   -0.228916 (VIOLATED)
_18594_/D                               0.750000    0.978916   -0.228916 (VIOLATED)
_18425_/Y                               0.750000    0.976705   -0.226705 (VIOLATED)
_18596_/D                               0.750000    0.976705   -0.226705 (VIOLATED)
_18426_/Y                               0.750000    0.968438   -0.218438 (VIOLATED)
_18597_/D                               0.750000    0.968438   -0.218438 (VIOLATED)
_18422_/Y                               0.750000    0.961130   -0.211130 (VIOLATED)
_18593_/D                               0.750000    0.961130   -0.211130 (VIOLATED)
_09316_/Y                               0.750000    0.942651   -0.192651 (VIOLATED)
_09318_/C                               0.750000    0.942651   -0.192651 (VIOLATED)
_09334_/B                               0.750000    0.942651   -0.192651 (VIOLATED)
_09345_/A                               0.750000    0.942651   -0.192651 (VIOLATED)
_09384_/B                               0.750000    0.942651   -0.192651 (VIOLATED)
_09427_/A                               0.750000    0.942651   -0.192651 (VIOLATED)
_09456_/A                               0.750000    0.942651   -0.192651 (VIOLATED)
_09494_/A                               0.750000    0.942651   -0.192651 (VIOLATED)
_09497_/B                               0.750000    0.942651   -0.192651 (VIOLATED)
_09302_/A                               0.750000    0.925561   -0.175561 (VIOLATED)
_09319_/A1                              0.750000    0.925561   -0.175561 (VIOLATED)
_17499_/A1                              0.750000    0.925560   -0.175560 (VIOLATED)
_17482_/A                               0.750000    0.925560   -0.175560 (VIOLATED)
_17483_/A1                              0.750000    0.925559   -0.175559 (VIOLATED)
_17463_/A                               0.750000    0.925558   -0.175558 (VIOLATED)
_17465_/A1                              0.750000    0.925557   -0.175557 (VIOLATED)
_17274_/A                               0.750000    0.925556   -0.175557 (VIOLATED)
_09291_/Y                               0.750000    0.925554   -0.175554 (VIOLATED)
_17249_/A                               0.750000    0.925554   -0.175554 (VIOLATED)
_17275_/A1                              0.750000    0.925554   -0.175554 (VIOLATED)
_18428_/Y                               0.750000    0.913268   -0.163268 (VIOLATED)
_18599_/D                               0.750000    0.913268   -0.163268 (VIOLATED)
_18433_/Y                               0.750000    0.910507   -0.160507 (VIOLATED)
_18604_/D                               0.750000    0.910507   -0.160507 (VIOLATED)
_15033_/Y                               0.750000    0.868434   -0.118434 (VIOLATED)
_15034_/A2                              0.750000    0.868434   -0.118434 (VIOLATED)
_18443_/A1                              0.750000    0.839530   -0.089530 (VIOLATED)
_18307_/B                               0.750000    0.839492   -0.089492 (VIOLATED)
_18303_/Y                               0.750000    0.839492   -0.089492 (VIOLATED)
_18218_/A                               0.750000    0.838511   -0.088511 (VIOLATED)
_18225_/A                               0.750000    0.838149   -0.088149 (VIOLATED)
_18217_/Y                               0.750000    0.838135   -0.088135 (VIOLATED)
_17108_/A                               0.750000    0.817810   -0.067810 (VIOLATED)
_17033_/A                               0.750000    0.817810   -0.067810 (VIOLATED)
_17079_/A                               0.750000    0.817810   -0.067810 (VIOLATED)
_09208_/Y                               0.750000    0.817541   -0.067541 (VIOLATED)
_09261_/A                               0.750000    0.817541   -0.067541 (VIOLATED)
_16906_/A                               0.750000    0.817541   -0.067541 (VIOLATED)
_16983_/A                               0.750000    0.817541   -0.067541 (VIOLATED)
_17042_/A                               0.750000    0.817541   -0.067541 (VIOLATED)
_14934_/Y                               0.750000    0.816130   -0.066130 (VIOLATED)
_14941_/A                               0.750000    0.816130   -0.066130 (VIOLATED)
_14945_/A                               0.750000    0.816130   -0.066130 (VIOLATED)
_14946_/A                               0.750000    0.816130   -0.066130 (VIOLATED)
_14969_/A                               0.750000    0.816130   -0.066130 (VIOLATED)
_14057_/Y                               0.750000    0.813598   -0.063598 (VIOLATED)
_14059_/A                               0.750000    0.813598   -0.063598 (VIOLATED)
_14343_/A1                              0.750000    0.813598   -0.063598 (VIOLATED)
_14345_/A                               0.750000    0.813598   -0.063598 (VIOLATED)
_15208_/A                               0.750000    0.813598   -0.063598 (VIOLATED)
_18221_/A                               0.750000    0.784393   -0.034393 (VIOLATED)
_18225_/B                               0.750000    0.784371   -0.034372 (VIOLATED)
_18220_/Y                               0.750000    0.784364   -0.034364 (VIOLATED)
_13385_/Y                               0.750000    0.778220   -0.028220 (VIOLATED)
_13387_/A                               0.750000    0.778220   -0.028220 (VIOLATED)
_13416_/A                               0.750000    0.778220   -0.028220 (VIOLATED)
_13666_/A                               0.750000    0.778220   -0.028220 (VIOLATED)
_18197_/A                               0.750000    0.777034   -0.027034 (VIOLATED)
_18208_/A                               0.750000    0.777016   -0.027016 (VIOLATED)
_18196_/Y                               0.750000    0.777006   -0.027006 (VIOLATED)
_10187_/Y                               0.750000    0.773651   -0.023651 (VIOLATED)
_10189_/A                               0.750000    0.773651   -0.023651 (VIOLATED)
_12053_/A                               0.750000    0.773651   -0.023651 (VIOLATED)
_12105_/A                               0.750000    0.773651   -0.023651 (VIOLATED)
_13218_/Y                               0.750000    0.772718   -0.022718 (VIOLATED)
_13220_/A                               0.750000    0.772718   -0.022718 (VIOLATED)
_13223_/B                               0.750000    0.772718   -0.022718 (VIOLATED)
_13512_/A                               0.750000    0.772718   -0.022718 (VIOLATED)
_14785_/Y                               0.750000    0.771541   -0.021541 (VIOLATED)
_14794_/A                               0.750000    0.771541   -0.021541 (VIOLATED)
_14797_/A                               0.750000    0.771541   -0.021541 (VIOLATED)
_14876_/A                               0.750000    0.771541   -0.021541 (VIOLATED)
_11863_/Y                               0.750000    0.769895   -0.019895 (VIOLATED)
_11872_/A                               0.750000    0.769895   -0.019895 (VIOLATED)
_11875_/A                               0.750000    0.769895   -0.019895 (VIOLATED)
_12025_/A                               0.750000    0.769895   -0.019895 (VIOLATED)
_12006_/Y                               0.750000    0.769184   -0.019184 (VIOLATED)
_12012_/A                               0.750000    0.769184   -0.019184 (VIOLATED)
_12015_/A                               0.750000    0.769184   -0.019184 (VIOLATED)
_12090_/A                               0.750000    0.769184   -0.019184 (VIOLATED)
_14700_/Y                               0.750000    0.768969   -0.018969 (VIOLATED)
_14709_/A                               0.750000    0.768969   -0.018969 (VIOLATED)
_14712_/A                               0.750000    0.768969   -0.018969 (VIOLATED)
_15016_/A                               0.750000    0.768969   -0.018969 (VIOLATED)
_10990_/Y                               0.750000    0.768016   -0.018016 (VIOLATED)
_10999_/A                               0.750000    0.768016   -0.018016 (VIOLATED)
_11002_/A                               0.750000    0.768016   -0.018016 (VIOLATED)
_13798_/A                               0.750000    0.768016   -0.018016 (VIOLATED)
_13855_/Y                               0.750000    0.766687   -0.016687 (VIOLATED)
_13861_/A                               0.750000    0.766687   -0.016687 (VIOLATED)
_13864_/A                               0.750000    0.766687   -0.016687 (VIOLATED)
_13976_/A                               0.750000    0.766687   -0.016687 (VIOLATED)
_14405_/Y                               0.750000    0.766407   -0.016407 (VIOLATED)
_14414_/A                               0.750000    0.766407   -0.016407 (VIOLATED)
_14417_/A                               0.750000    0.766407   -0.016407 (VIOLATED)
_14556_/A                               0.750000    0.766407   -0.016407 (VIOLATED)
_11950_/Y                               0.750000    0.766248   -0.016248 (VIOLATED)
_11957_/A                               0.750000    0.766248   -0.016248 (VIOLATED)
_11960_/A                               0.750000    0.766248   -0.016248 (VIOLATED)
_12063_/A                               0.750000    0.766248   -0.016248 (VIOLATED)
_14331_/Y                               0.750000    0.765750   -0.015750 (VIOLATED)
_14333_/A                               0.750000    0.765750   -0.015750 (VIOLATED)
_15049_/A                               0.750000    0.765750   -0.015750 (VIOLATED)
_15109_/A                               0.750000    0.765750   -0.015750 (VIOLATED)
_12947_/Y                               0.750000    0.765318   -0.015318 (VIOLATED)
_12956_/A                               0.750000    0.765318   -0.015318 (VIOLATED)
_12959_/A                               0.750000    0.765318   -0.015318 (VIOLATED)
_13186_/A                               0.750000    0.765318   -0.015318 (VIOLATED)
_14651_/Y                               0.750000    0.764769   -0.014769 (VIOLATED)
_14660_/A                               0.750000    0.764769   -0.014769 (VIOLATED)
_14664_/A                               0.750000    0.764769   -0.014769 (VIOLATED)
_14765_/A                               0.750000    0.764769   -0.014769 (VIOLATED)
_14881_/Y                               0.750000    0.763826   -0.013826 (VIOLATED)
_14889_/A                               0.750000    0.763826   -0.013826 (VIOLATED)
_14892_/A                               0.750000    0.763826   -0.013826 (VIOLATED)
_14932_/A                               0.750000    0.763826   -0.013826 (VIOLATED)
_14533_/Y                               0.750000    0.763301   -0.013301 (VIOLATED)
_14541_/A                               0.750000    0.763301   -0.013301 (VIOLATED)
_14545_/A                               0.750000    0.763301   -0.013301 (VIOLATED)
_14673_/A                               0.750000    0.763301   -0.013301 (VIOLATED)
_12502_/Y                               0.750000    0.762259   -0.012259 (VIOLATED)
_12504_/A                               0.750000    0.762259   -0.012259 (VIOLATED)
_12547_/A                               0.750000    0.762259   -0.012259 (VIOLATED)
_12866_/A                               0.750000    0.762259   -0.012259 (VIOLATED)
_18237_/Y                               0.750000    0.761512   -0.011512 (VIOLATED)
_18247_/A                               0.750000    0.761512   -0.011512 (VIOLATED)
_18412_/A1                              0.750000    0.761512   -0.011512 (VIOLATED)
_15183_/Y                               0.750000    0.760650   -0.010650 (VIOLATED)
_15185_/A                               0.750000    0.760650   -0.010650 (VIOLATED)
_15469_/A                               0.750000    0.760650   -0.010650 (VIOLATED)
_15513_/A                               0.750000    0.760650   -0.010650 (VIOLATED)
_13913_/Y                               0.750000    0.760274   -0.010274 (VIOLATED)
_13919_/A                               0.750000    0.760274   -0.010274 (VIOLATED)
_13922_/A                               0.750000    0.760274   -0.010274 (VIOLATED)
_14004_/A                               0.750000    0.760274   -0.010274 (VIOLATED)
_14742_/Y                               0.750000    0.760150   -0.010150 (VIOLATED)
_14751_/A                               0.750000    0.760150   -0.010150 (VIOLATED)
_14754_/A                               0.750000    0.760150   -0.010150 (VIOLATED)
_14773_/A                               0.750000    0.760150   -0.010150 (VIOLATED)
_10875_/Y                               0.750000    0.758275   -0.008275 (VIOLATED)
_10883_/A                               0.750000    0.758275   -0.008275 (VIOLATED)
_10886_/A                               0.750000    0.758275   -0.008275 (VIOLATED)
_11137_/A                               0.750000    0.758275   -0.008275 (VIOLATED)
_12843_/Y                               0.750000    0.757403   -0.007403 (VIOLATED)
_12851_/A                               0.750000    0.757403   -0.007403 (VIOLATED)
_12854_/A                               0.750000    0.757403   -0.007403 (VIOLATED)
_13080_/A                               0.750000    0.757403   -0.007403 (VIOLATED)
_14078_/Y                               0.750000    0.756590   -0.006590 (VIOLATED)
_14080_/A                               0.750000    0.756590   -0.006590 (VIOLATED)
_14083_/B                               0.750000    0.756590   -0.006590 (VIOLATED)
_14190_/A                               0.750000    0.756590   -0.006590 (VIOLATED)
_12164_/Y                               0.750000    0.754665   -0.004665 (VIOLATED)
_12166_/A                               0.750000    0.754665   -0.004665 (VIOLATED)
_12169_/B                               0.750000    0.754665   -0.004665 (VIOLATED)
_12639_/A                               0.750000    0.754665   -0.004665 (VIOLATED)

max fanout

Pin                                   Limit Fanout  Slack
---------------------------------------------------------
clk                                      10    163   -153 (VIOLATED)
rst_n                                    10    163   -153 (VIOLATED)
_18474_/Q                                10    121   -111 (VIOLATED)
_18475_/Q                                10    120   -110 (VIOLATED)
_17821_/Y                                10    118   -108 (VIOLATED)
_18495_/Q                                10     87    -77 (VIOLATED)
_18496_/Q                                10     84    -74 (VIOLATED)
_18478_/Q                                10     80    -70 (VIOLATED)
_18501_/Q                                10     80    -70 (VIOLATED)
_18502_/Q                                10     79    -69 (VIOLATED)
_18477_/Q                                10     78    -68 (VIOLATED)
_18486_/Q                                10     72    -62 (VIOLATED)
_18483_/Q                                10     71    -61 (VIOLATED)
_18487_/Q                                10     71    -61 (VIOLATED)
_18489_/Q                                10     70    -60 (VIOLATED)
_18498_/Q                                10     70    -60 (VIOLATED)
_18476_/Q                                10     68    -58 (VIOLATED)
_18484_/Q                                10     68    -58 (VIOLATED)
_18490_/Q                                10     68    -58 (VIOLATED)
_18497_/Q                                10     68    -58 (VIOLATED)
_18499_/Q                                10     68    -58 (VIOLATED)
_18479_/Q                                10     67    -57 (VIOLATED)
_18480_/Q                                10     67    -57 (VIOLATED)
_18485_/Q                                10     67    -57 (VIOLATED)
_18488_/Q                                10     67    -57 (VIOLATED)
_18491_/Q                                10     67    -57 (VIOLATED)
_18492_/Q                                10     67    -57 (VIOLATED)
_18493_/Q                                10     66    -56 (VIOLATED)
_18500_/Q                                10     66    -56 (VIOLATED)
_18503_/Q                                10     66    -56 (VIOLATED)
_18505_/Q                                10     66    -56 (VIOLATED)
_18481_/Q                                10     65    -55 (VIOLATED)
_18494_/Q                                10     65    -55 (VIOLATED)
_18504_/Q                                10     65    -55 (VIOLATED)
_18390_/X                                10     64    -54 (VIOLATED)
_18482_/Q                                10     64    -54 (VIOLATED)
_18395_/Y                                10     63    -53 (VIOLATED)
_18569_/Q                                10     47    -37 (VIOLATED)
_18506_/Q                                10     44    -34 (VIOLATED)
_18518_/Q                                10     39    -29 (VIOLATED)
_18545_/Q                                10     39    -29 (VIOLATED)
_18519_/Q                                10     38    -28 (VIOLATED)
_18523_/Q                                10     38    -28 (VIOLATED)
_18524_/Q                                10     38    -28 (VIOLATED)
_18532_/Q                                10     38    -28 (VIOLATED)
_18533_/Q                                10     38    -28 (VIOLATED)
_18534_/Q                                10     38    -28 (VIOLATED)
_18535_/Q                                10     38    -28 (VIOLATED)
_18536_/Q                                10     38    -28 (VIOLATED)
_18537_/Q                                10     38    -28 (VIOLATED)
_18538_/Q                                10     38    -28 (VIOLATED)
_18540_/Q                                10     38    -28 (VIOLATED)
_18541_/Q                                10     38    -28 (VIOLATED)
_18542_/Q                                10     38    -28 (VIOLATED)
_18507_/Q                                10     37    -27 (VIOLATED)
_18515_/Q                                10     37    -27 (VIOLATED)
_18516_/Q                                10     37    -27 (VIOLATED)
_18517_/Q                                10     37    -27 (VIOLATED)
_18530_/Q                                10     37    -27 (VIOLATED)
_18531_/Q                                10     37    -27 (VIOLATED)
_18546_/Q                                10     37    -27 (VIOLATED)
_18553_/Q                                10     37    -27 (VIOLATED)
_18554_/Q                                10     37    -27 (VIOLATED)
_18557_/Q                                10     37    -27 (VIOLATED)
_18568_/Q                                10     37    -27 (VIOLATED)
_18511_/Q                                10     36    -26 (VIOLATED)
_18512_/Q                                10     36    -26 (VIOLATED)
_18522_/Q                                10     36    -26 (VIOLATED)
_18525_/Q                                10     36    -26 (VIOLATED)
_18526_/Q                                10     36    -26 (VIOLATED)
_18529_/Q                                10     36    -26 (VIOLATED)
_18539_/Q                                10     36    -26 (VIOLATED)
_18547_/Q                                10     36    -26 (VIOLATED)
_18548_/Q                                10     36    -26 (VIOLATED)
_18556_/Q                                10     36    -26 (VIOLATED)
_18558_/Q                                10     36    -26 (VIOLATED)
_18513_/Q                                10     35    -25 (VIOLATED)
_18520_/Q                                10     35    -25 (VIOLATED)
_18528_/Q                                10     35    -25 (VIOLATED)
_18543_/Q                                10     35    -25 (VIOLATED)
_18544_/Q                                10     35    -25 (VIOLATED)
_18549_/Q                                10     35    -25 (VIOLATED)
_18563_/Q                                10     35    -25 (VIOLATED)
_18564_/Q                                10     35    -25 (VIOLATED)
_18567_/Q                                10     35    -25 (VIOLATED)
_18510_/Q                                10     34    -24 (VIOLATED)
_18514_/Q                                10     34    -24 (VIOLATED)
_18521_/Q                                10     34    -24 (VIOLATED)
_18527_/Q                                10     34    -24 (VIOLATED)
_18550_/Q                                10     34    -24 (VIOLATED)
_18551_/Q                                10     34    -24 (VIOLATED)
_18552_/Q                                10     34    -24 (VIOLATED)
_18555_/Q                                10     34    -24 (VIOLATED)
_18559_/Q                                10     34    -24 (VIOLATED)
_18560_/Q                                10     34    -24 (VIOLATED)
_18561_/Q                                10     34    -24 (VIOLATED)
_18562_/Q                                10     34    -24 (VIOLATED)
_18565_/Q                                10     34    -24 (VIOLATED)
_18566_/Q                                10     34    -24 (VIOLATED)
_09263_/Y                                10     33    -23 (VIOLATED)
_18508_/Q                                10     33    -23 (VIOLATED)
_18509_/Q                                10     32    -22 (VIOLATED)
_09325_/Y                                10     31    -21 (VIOLATED)
_17822_/Y                                10     31    -21 (VIOLATED)
_09217_/Y                                10     29    -19 (VIOLATED)
_09218_/Y                                10     25    -15 (VIOLATED)
_09322_/Y                                10     21    -11 (VIOLATED)
_09302_/Y                                10     16     -6 (VIOLATED)
_09261_/Y                                10     15     -5 (VIOLATED)
_09319_/Y                                10     14     -4 (VIOLATED)
_09264_/Y                                10     12     -2 (VIOLATED)
_09290_/Y                                10     12     -2 (VIOLATED)
_09289_/Y                                10     11        (VIOLATED)

max capacitance

Pin                                        Limit         Cap       Slack
------------------------------------------------------------------------
rst_n                                   0.200000    0.834082   -0.634082 (VIOLATED)
_17821_/Y                               0.069590    0.536291   -0.466701 (VIOLATED)
clk                                     0.200000    0.547821   -0.347821 (VIOLATED)
_18474_/Q                               0.174876    0.465296   -0.290420 (VIOLATED)
_18475_/Q                               0.174876    0.462665   -0.287789 (VIOLATED)
_18495_/Q                               0.174876    0.355426   -0.180550 (VIOLATED)
_18505_/Q                               0.174876    0.348370   -0.173494 (VIOLATED)
_18496_/Q                               0.174876    0.347321   -0.172445 (VIOLATED)
_18501_/Q                               0.174876    0.341779   -0.166903 (VIOLATED)
_18478_/Q                               0.174876    0.341734   -0.166858 (VIOLATED)
_18502_/Q                               0.174876    0.336869   -0.161993 (VIOLATED)
_18477_/Q                               0.174876    0.334646   -0.159770 (VIOLATED)
_18486_/Q                               0.174876    0.334512   -0.159636 (VIOLATED)
_18483_/Q                               0.174876    0.332889   -0.158013 (VIOLATED)
_18480_/Q                               0.174876    0.332600   -0.157724 (VIOLATED)
_18487_/Q                               0.174876    0.332197   -0.157321 (VIOLATED)
_18489_/Q                               0.174876    0.329887   -0.155011 (VIOLATED)
_18491_/Q                               0.174876    0.327186   -0.152310 (VIOLATED)
_18485_/Q                               0.174876    0.324509   -0.149633 (VIOLATED)
_18490_/Q                               0.174876    0.323776   -0.148899 (VIOLATED)
_18479_/Q                               0.174876    0.322893   -0.148017 (VIOLATED)
_18492_/Q                               0.174876    0.322306   -0.147430 (VIOLATED)
_18488_/Q                               0.174876    0.321899   -0.147023 (VIOLATED)
_18503_/Q                               0.174876    0.320104   -0.145228 (VIOLATED)
_18498_/Q                               0.174876    0.319879   -0.145003 (VIOLATED)
_18481_/Q                               0.174876    0.318362   -0.143486 (VIOLATED)
_18493_/Q                               0.174876    0.318253   -0.143377 (VIOLATED)
_18484_/Q                               0.174876    0.316448   -0.141572 (VIOLATED)
_18504_/Q                               0.174876    0.316050   -0.141174 (VIOLATED)
_18482_/Q                               0.174876    0.315278   -0.140402 (VIOLATED)
_18499_/Q                               0.174876    0.314056   -0.139180 (VIOLATED)
_18497_/Q                               0.174876    0.311075   -0.136199 (VIOLATED)
_18395_/Y                               0.065928    0.192339   -0.126411 (VIOLATED)
_18476_/Q                               0.174876    0.300645   -0.125769 (VIOLATED)
_18500_/Q                               0.174876    0.299063   -0.124187 (VIOLATED)
_18494_/Q                               0.174876    0.295250   -0.120374 (VIOLATED)
_09263_/Y                               0.069590    0.147676   -0.078086 (VIOLATED)
_09217_/Y                               0.074168    0.146097   -0.071929 (VIOLATED)
_09325_/Y                               0.074168    0.140675   -0.066507 (VIOLATED)
_18524_/Q                               0.174876    0.211735   -0.036859 (VIOLATED)
_18390_/X                               0.165720    0.201010   -0.035290 (VIOLATED)
_18523_/Q                               0.174876    0.207544   -0.032668 (VIOLATED)
_18532_/Q                               0.174876    0.200610   -0.025734 (VIOLATED)
_18522_/Q                               0.174876    0.198855   -0.023979 (VIOLATED)
_09322_/Y                               0.074168    0.095087   -0.020919 (VIOLATED)
_18537_/Q                               0.174876    0.192902   -0.018026 (VIOLATED)
_18533_/Q                               0.174876    0.191688   -0.016812 (VIOLATED)
_18516_/Q                               0.174876    0.190958   -0.016082 (VIOLATED)
_18530_/Q                               0.174876    0.190736   -0.015860 (VIOLATED)
_18531_/Q                               0.174876    0.188577   -0.013701 (VIOLATED)
_18520_/Q                               0.174876    0.187346   -0.012470 (VIOLATED)
_18534_/Q                               0.174876    0.187341   -0.012465 (VIOLATED)
_18538_/Q                               0.174876    0.187052   -0.012176 (VIOLATED)
_18526_/Q                               0.174876    0.187003   -0.012127 (VIOLATED)
_18527_/Q                               0.174876    0.186524   -0.011648 (VIOLATED)
_18519_/Q                               0.174876    0.186346   -0.011470 (VIOLATED)
_18518_/Q                               0.174876    0.185977   -0.011101 (VIOLATED)
_18521_/Q                               0.174876    0.185509   -0.010633 (VIOLATED)
_18535_/Q                               0.174876    0.185358   -0.010482 (VIOLATED)
_18536_/Q                               0.174876    0.185322   -0.010446 (VIOLATED)
_18541_/Q                               0.174876    0.185266   -0.010390 (VIOLATED)
_18525_/Q                               0.174876    0.184425   -0.009549 (VIOLATED)
_18545_/Q                               0.174876    0.184246   -0.009370 (VIOLATED)
_18540_/Q                               0.174876    0.183880   -0.009004 (VIOLATED)
_18542_/Q                               0.174876    0.183276   -0.008400 (VIOLATED)
_18529_/Q                               0.174876    0.182199   -0.007323 (VIOLATED)
_18528_/Q                               0.174876    0.181375   -0.006499 (VIOLATED)
_18517_/Q                               0.174876    0.181279   -0.006403 (VIOLATED)
_09302_/Y                               0.069590    0.075074   -0.005484 (VIOLATED)
_18539_/Q                               0.174876    0.178944   -0.004068 (VIOLATED)
_18543_/Q                               0.174876    0.178667   -0.003791 (VIOLATED)
_09261_/Y                               0.069590    0.071300   -0.001710 (VIOLATED)
_18546_/Q                               0.174876    0.175731   -0.000855 (VIOLATED)
_18549_/Q                               0.174876    0.175513   -0.000637 (VIOLATED)
_18544_/Q                               0.174876    0.175226   -0.000350 (VIOLATED)



===========================================================================
report_parasitic_annotation -report_unannotated
============================================================================
Found 0 unannotated drivers.
Found 0 partially unannotated drivers.

===========================================================================
max slew violation count 6147
Writing metric design__max_slew_violation__count__corner:nom_tt_025C_1v80: 6147
max fanout violation count 113
Writing metric design__max_fanout_violation__count__corner:nom_tt_025C_1v80: 113
max cap violation count 75
Writing metric design__max_cap_violation__count__corner:nom_tt_025C_1v80: 75
============================================================================

===========================================================================
check_setup -verbose -unconstrained_endpoints -multiple_clock -no_clock -no_input_delay -loops -generated_clocks
===========================================================================
