
===========================================================================
report_checks -path_delay min (Hold)
============================================================================
======================= nom_tt_025C_1v80 Corner ===================================

Startpoint: b[45] (input port clocked by clk)
Endpoint: _18551_ (rising edge-triggered flip-flop clocked by clk)
Path Group: clk
Path Type: min

Fanout         Cap        Slew       Delay        Time   Description
---------------------------------------------------------------------------------------------
                                  0.000000    0.000000   clock clk (rise edge)
                                  0.000000    0.000000   clock network delay (propagated)
                                  2.000000    2.000000 v input external delay
     1    0.003448    0.010137    0.005523    2.005523 v b[45] (in)
                                                         b[45] (net)
                      0.010137    0.000000    2.005523 v _18551_/D (sky130_fd_sc_hd__dfrtp_1)
                                              2.005523   data arrival time

                                  0.000000    0.000000   clock clk (rise edge)
                                  0.000000    0.000000   clock source latency
   163    0.547821    1.892577    1.466068    1.466068 ^ clk (in)
                                                         clk (net)
                      1.966234    0.000000    1.466068 ^ _18551_/CLK (sky130_fd_sc_hd__dfrtp_1)
                                  0.250000    1.716068   clock uncertainty
                                  0.000000    1.716068   clock reconvergence pessimism
                                  0.187275    1.903343   library hold time
                                              1.903343   data required time
---------------------------------------------------------------------------------------------
                                              1.903343   data required time
                                             -2.005523   data arrival time
---------------------------------------------------------------------------------------------
                                              0.102180   slack (MET)


Startpoint: b[51] (input port clocked by clk)
Endpoint: _18557_ (rising edge-triggered flip-flop clocked by clk)
Path Group: clk
Path Type: min

Fanout         Cap        Slew       Delay        Time   Description
---------------------------------------------------------------------------------------------
                                  0.000000    0.000000   clock clk (rise edge)
                                  0.000000    0.000000   clock network delay (propagated)
                                  2.000000    2.000000 v input external delay
     1    0.003388    0.009998    0.005421    2.005421 v b[51] (in)
                                                         b[51] (net)
                      0.009998    0.000000    2.005421 v _18557_/D (sky130_fd_sc_hd__dfrtp_1)
                                              2.005421   data arrival time

                                  0.000000    0.000000   clock clk (rise edge)
                                  0.000000    0.000000   clock source latency
   163    0.547821    1.892577    1.465790    1.465790 ^ clk (in)
                                                         clk (net)
                      1.966089    0.000000    1.465790 ^ _18557_/CLK (sky130_fd_sc_hd__dfrtp_1)
                                  0.250000    1.715790   clock uncertainty
                                  0.000000    1.715790   clock reconvergence pessimism
                                  0.187318    1.903108   library hold time
                                              1.903108   data required time
---------------------------------------------------------------------------------------------
                                              1.903108   data required time
                                             -2.005421   data arrival time
---------------------------------------------------------------------------------------------
                                              0.102312   slack (MET)


Startpoint: b[47] (input port clocked by clk)
Endpoint: _18553_ (rising edge-triggered flip-flop clocked by clk)
Path Group: clk
Path Type: min

Fanout         Cap        Slew       Delay        Time   Description
---------------------------------------------------------------------------------------------
                                  0.000000    0.000000   clock clk (rise edge)
                                  0.000000    0.000000   clock network delay (propagated)
                                  2.000000    2.000000 v input external delay
     1    0.003512    0.010284    0.005632    2.005632 v b[47] (in)
                                                         b[47] (net)
                      0.010284    0.000000    2.005632 v _18553_/D (sky130_fd_sc_hd__dfrtp_1)
                                              2.005632   data arrival time

                                  0.000000    0.000000   clock clk (rise edge)
                                  0.000000    0.000000   clock source latency
   163    0.547821    1.892577    1.466050    1.466050 ^ clk (in)
                                                         clk (net)
                      1.966225    0.000000    1.466050 ^ _18553_/CLK (sky130_fd_sc_hd__dfrtp_1)
                                  0.250000    1.716051   clock uncertainty
                                  0.000000    1.716051   clock reconvergence pessimism
                                  0.187217    1.903267   library hold time
                                              1.903267   data required time
---------------------------------------------------------------------------------------------
                                              1.903267   data required time
                                             -2.005632   data arrival time
---------------------------------------------------------------------------------------------
                                              0.102365   slack (MET)


Startpoint: b[41] (input port clocked by clk)
Endpoint: _18547_ (rising edge-triggered flip-flop clocked by clk)
Path Group: clk
Path Type: min

Fanout         Cap        Slew       Delay        Time   Description
---------------------------------------------------------------------------------------------
                                  0.000000    0.000000   clock clk (rise edge)
                                  0.000000    0.000000   clock network delay (propagated)
                                  2.000000    2.000000 v input external delay
     1    0.003324    0.009849    0.005312    2.005312 v b[41] (in)
                                                         b[41] (net)
                      0.009849    0.000000    2.005312 v _18547_/D (sky130_fd_sc_hd__dfrtp_1)
                                              2.005312   data arrival time

                                  0.000000    0.000000   clock clk (rise edge)
                                  0.000000    0.000000   clock source latency
   163    0.547821    1.892577    1.465093    1.465093 ^ clk (in)
                                                         clk (net)
                      1.965726    0.000000    1.465093 ^ _18547_/CLK (sky130_fd_sc_hd__dfrtp_1)
                                  0.250000    1.715093   clock uncertainty
                                  0.000000    1.715093   clock reconvergence pessimism
                                  0.187347    1.902440   library hold time
                                              1.902440   data required time
---------------------------------------------------------------------------------------------
                                              1.902440   data required time
                                             -2.005312   data arrival time
---------------------------------------------------------------------------------------------
                                              0.102871   slack (MET)


Startpoint: a[29] (input port clocked by clk)
Endpoint: _18503_ (rising edge-triggered flip-flop clocked by clk)
Path Group: clk
Path Type: min

Fanout         Cap        Slew       Delay        Time   Description
---------------------------------------------------------------------------------------------
                                  0.000000    0.000000   clock clk (rise edge)
                                  0.000000    0.000000   clock network delay (propagated)
                                  2.000000    2.000000 v input external delay
     1    0.003250    0.009676    0.005185    2.005185 v a[29] (in)
                                                         a[29] (net)
                      0.009676    0.000000    2.005185 v _18503_/D (sky130_fd_sc_hd__dfrtp_1)
                                              2.005185   data arrival time

                                  0.000000    0.000000   clock clk (rise edge)
                                  0.000000    0.000000   clock source latency
   163    0.547821    1.892577    1.463802    1.463802 ^ clk (in)
                                                         clk (net)
                      1.965056    0.000000    1.463802 ^ _18503_/CLK (sky130_fd_sc_hd__dfrtp_1)
                                  0.250000    1.713802   clock uncertainty
                                  0.000000    1.713802   clock reconvergence pessimism
                                  0.187362    1.901165   library hold time
                                              1.901165   data required time
---------------------------------------------------------------------------------------------
                                              1.901165   data required time
                                             -2.005185   data arrival time
---------------------------------------------------------------------------------------------
                                              0.104021   slack (MET)


Startpoint: b[38] (input port clocked by clk)
Endpoint: _18544_ (rising edge-triggered flip-flop clocked by clk)
Path Group: clk
Path Type: min

Fanout         Cap        Slew       Delay        Time   Description
---------------------------------------------------------------------------------------------
                                  0.000000    0.000000   clock clk (rise edge)
                                  0.000000    0.000000   clock network delay (propagated)
                                  2.000000    2.000000 v input external delay
     1    0.004347    0.012216    0.007058    2.007058 v b[38] (in)
                                                         b[38] (net)
                      0.012217    0.000000    2.007058 v _18544_/D (sky130_fd_sc_hd__dfrtp_1)
                                              2.007058   data arrival time

                                  0.000000    0.000000   clock clk (rise edge)
                                  0.000000    0.000000   clock source latency
   163    0.547821    1.892577    1.466005    1.466005 ^ clk (in)
                                                         clk (net)
                      1.966201    0.000000    1.466005 ^ _18544_/CLK (sky130_fd_sc_hd__dfrtp_1)
                                  0.250000    1.716005   clock uncertainty
                                  0.000000    1.716005   clock reconvergence pessimism
                                  0.186461    1.902465   library hold time
                                              1.902465   data required time
---------------------------------------------------------------------------------------------
                                              1.902465   data required time
                                             -2.007058   data arrival time
---------------------------------------------------------------------------------------------
                                              0.104592   slack (MET)


Startpoint: b[42] (input port clocked by clk)
Endpoint: _18548_ (rising edge-triggered flip-flop clocked by clk)
Path Group: clk
Path Type: min

Fanout         Cap        Slew       Delay        Time   Description
---------------------------------------------------------------------------------------------
                                  0.000000    0.000000   clock clk (rise edge)
                                  0.000000    0.000000   clock network delay (propagated)
                                  2.000000    2.000000 v input external delay
     1    0.004300    0.012108    0.006978    2.006978 v b[42] (in)
                                                         b[42] (net)
                      0.012109    0.000000    2.006978 v _18548_/D (sky130_fd_sc_hd__dfrtp_1)
                                              2.006978   data arrival time

                                  0.000000    0.000000   clock clk (rise edge)
                                  0.000000    0.000000   clock source latency
   163    0.547821    1.892577    1.465844    1.465844 ^ clk (in)
                                                         clk (net)
                      1.966117    0.000000    1.465844 ^ _18548_/CLK (sky130_fd_sc_hd__dfrtp_1)
                                  0.250000    1.715844   clock uncertainty
                                  0.000000    1.715844   clock reconvergence pessimism
                                  0.186496    1.902340   library hold time
                                              1.902340   data required time
---------------------------------------------------------------------------------------------
                                              1.902340   data required time
                                             -2.006978   data arrival time
---------------------------------------------------------------------------------------------
                                              0.104637   slack (MET)


Startpoint: b[40] (input port clocked by clk)
Endpoint: _18546_ (rising edge-triggered flip-flop clocked by clk)
Path Group: clk
Path Type: min

Fanout         Cap        Slew       Delay        Time   Description
---------------------------------------------------------------------------------------------
                                  0.000000    0.000000   clock clk (rise edge)
                                  0.000000    0.000000   clock network delay (propagated)
                                  2.000000    2.000000 v input external delay
     1    0.003420    0.010071    0.005475    2.005475 v b[40] (in)
                                                         b[40] (net)
                      0.010071    0.000000    2.005475 v _18546_/D (sky130_fd_sc_hd__dfrtp_1)
                                              2.005475   data arrival time

                                  0.000000    0.000000   clock clk (rise edge)
                                  0.000000    0.000000   clock source latency
   163    0.547821    1.892577    1.463384    1.463384 ^ clk (in)
                                                         clk (net)
                      1.964839    0.000000    1.463384 ^ _18546_/CLK (sky130_fd_sc_hd__dfrtp_1)
                                  0.250000    1.713384   clock uncertainty
                                  0.000000    1.713384   clock reconvergence pessimism
                                  0.187191    1.900575   library hold time
                                              1.900575   data required time
---------------------------------------------------------------------------------------------
                                              1.900575   data required time
                                             -2.005475   data arrival time
---------------------------------------------------------------------------------------------
                                              0.104899   slack (MET)


Startpoint: b[43] (input port clocked by clk)
Endpoint: _18549_ (rising edge-triggered flip-flop clocked by clk)
Path Group: clk
Path Type: min

Fanout         Cap        Slew       Delay        Time   Description
---------------------------------------------------------------------------------------------
                                  0.000000    0.000000   clock clk (rise edge)
                                  0.000000    0.000000   clock network delay (propagated)
                                  2.000000    2.000000 v input external delay
     1    0.003441    0.010121    0.005512    2.005512 v b[43] (in)
                                                         b[43] (net)
                      0.010121    0.000000    2.005512 v _18549_/D (sky130_fd_sc_hd__dfrtp_1)
                                              2.005512   data arrival time

                                  0.000000    0.000000   clock clk (rise edge)
                                  0.000000    0.000000   clock source latency
   163    0.547821    1.892577    1.463362    1.463362 ^ clk (in)
                                                         clk (net)
                      1.964828    0.000000    1.463362 ^ _18549_/CLK (sky130_fd_sc_hd__dfrtp_1)
                                  0.250000    1.713362   clock uncertainty
                                  0.000000    1.713362   clock reconvergence pessimism
                                  0.187171    1.900533   library hold time
                                              1.900533   data required time
---------------------------------------------------------------------------------------------
                                              1.900533   data required time
                                             -2.005512   data arrival time
---------------------------------------------------------------------------------------------
                                              0.104979   slack (MET)


Startpoint: b[49] (input port clocked by clk)
Endpoint: _18555_ (rising edge-triggered flip-flop clocked by clk)
Path Group: clk
Path Type: min

Fanout         Cap        Slew       Delay        Time   Description
---------------------------------------------------------------------------------------------
                                  0.000000    0.000000   clock clk (rise edge)
                                  0.000000    0.000000   clock network delay (propagated)
                                  2.000000    2.000000 v input external delay
     1    0.004257    0.012008    0.006904    2.006904 v b[49] (in)
                                                         b[49] (net)
                      0.012009    0.000000    2.006904 v _18555_/D (sky130_fd_sc_hd__dfrtp_1)
                                              2.006904   data arrival time

                                  0.000000    0.000000   clock clk (rise edge)
                                  0.000000    0.000000   clock source latency
   163    0.547821    1.892577    1.465319    1.465319 ^ clk (in)
                                                         clk (net)
                      1.965843    0.000000    1.465319 ^ _18555_/CLK (sky130_fd_sc_hd__dfrtp_1)
                                  0.250000    1.715319   clock uncertainty
                                  0.000000    1.715319   clock reconvergence pessimism
                                  0.186514    1.901832   library hold time
                                              1.901832   data required time
---------------------------------------------------------------------------------------------
                                              1.901832   data required time
                                             -2.006904   data arrival time
---------------------------------------------------------------------------------------------
                                              0.105071   slack (MET)


Startpoint: b[46] (input port clocked by clk)
Endpoint: _18552_ (rising edge-triggered flip-flop clocked by clk)
Path Group: clk
Path Type: min

Fanout         Cap        Slew       Delay        Time   Description
---------------------------------------------------------------------------------------------
                                  0.000000    0.000000   clock clk (rise edge)
                                  0.000000    0.000000   clock network delay (propagated)
                                  2.000000    2.000000 v input external delay
     1    0.003665    0.010638    0.005893    2.005893 v b[46] (in)
                                                         b[46] (net)
                      0.010638    0.000000    2.005893 v _18552_/D (sky130_fd_sc_hd__dfrtp_1)
                                              2.005893   data arrival time

                                  0.000000    0.000000   clock clk (rise edge)
                                  0.000000    0.000000   clock source latency
   163    0.547821    1.892577    1.463776    1.463776 ^ clk (in)
                                                         clk (net)
                      1.965042    0.000000    1.463776 ^ _18552_/CLK (sky130_fd_sc_hd__dfrtp_1)
                                  0.250000    1.713776   clock uncertainty
                                  0.000000    1.713776   clock reconvergence pessimism
                                  0.186986    1.900762   library hold time
                                              1.900762   data required time
---------------------------------------------------------------------------------------------
                                              1.900762   data required time
                                             -2.005893   data arrival time
---------------------------------------------------------------------------------------------
                                              0.105131   slack (MET)


Startpoint: b[44] (input port clocked by clk)
Endpoint: _18550_ (rising edge-triggered flip-flop clocked by clk)
Path Group: clk
Path Type: min

Fanout         Cap        Slew       Delay        Time   Description
---------------------------------------------------------------------------------------------
                                  0.000000    0.000000   clock clk (rise edge)
                                  0.000000    0.000000   clock network delay (propagated)
                                  2.000000    2.000000 v input external delay
     1    0.004418    0.012376    0.007178    2.007178 v b[44] (in)
                                                         b[44] (net)
                      0.012377    0.000000    2.007178 v _18550_/D (sky130_fd_sc_hd__dfrtp_1)
                                              2.007178   data arrival time

                                  0.000000    0.000000   clock clk (rise edge)
                                  0.000000    0.000000   clock source latency
   163    0.547821    1.892577    1.465574    1.465574 ^ clk (in)
                                                         clk (net)
                      1.965976    0.000000    1.465574 ^ _18550_/CLK (sky130_fd_sc_hd__dfrtp_1)
                                  0.250000    1.715574   clock uncertainty
                                  0.000000    1.715574   clock reconvergence pessimism
                                  0.186381    1.901955   library hold time
                                              1.901955   data required time
---------------------------------------------------------------------------------------------
                                              1.901955   data required time
                                             -2.007178   data arrival time
---------------------------------------------------------------------------------------------
                                              0.105223   slack (MET)


Startpoint: a[22] (input port clocked by clk)
Endpoint: _18496_ (rising edge-triggered flip-flop clocked by clk)
Path Group: clk
Path Type: min

Fanout         Cap        Slew       Delay        Time   Description
---------------------------------------------------------------------------------------------
                                  0.000000    0.000000   clock clk (rise edge)
                                  0.000000    0.000000   clock network delay (propagated)
                                  2.000000    2.000000 v input external delay
     1    0.004279    0.012061    0.006943    2.006943 v a[22] (in)
                                                         a[22] (net)
                      0.012062    0.000000    2.006943 v _18496_/D (sky130_fd_sc_hd__dfrtp_1)
                                              2.006943   data arrival time

                                  0.000000    0.000000   clock clk (rise edge)
                                  0.000000    0.000000   clock source latency
   163    0.547821    1.892577    1.465002    1.465002 ^ clk (in)
                                                         clk (net)
                      1.965679    0.000000    1.465002 ^ _18496_/CLK (sky130_fd_sc_hd__dfrtp_1)
                                  0.250000    1.715002   clock uncertainty
                                  0.000000    1.715002   clock reconvergence pessimism
                                  0.186480    1.901483   library hold time
                                              1.901483   data required time
---------------------------------------------------------------------------------------------
                                              1.901483   data required time
                                             -2.006943   data arrival time
---------------------------------------------------------------------------------------------
                                              0.105460   slack (MET)


Startpoint: a[26] (input port clocked by clk)
Endpoint: _18500_ (rising edge-triggered flip-flop clocked by clk)
Path Group: clk
Path Type: min

Fanout         Cap        Slew       Delay        Time   Description
---------------------------------------------------------------------------------------------
                                  0.000000    0.000000   clock clk (rise edge)
                                  0.000000    0.000000   clock network delay (propagated)
                                  2.000000    2.000000 v input external delay
     1    0.004290    0.012086    0.006962    2.006962 v a[26] (in)
                                                         a[26] (net)
                      0.012087    0.000000    2.006962 v _18500_/D (sky130_fd_sc_hd__dfrtp_1)
                                              2.006962   data arrival time

                                  0.000000    0.000000   clock clk (rise edge)
                                  0.000000    0.000000   clock source latency
   163    0.547821    1.892577    1.464195    1.464195 ^ clk (in)
                                                         clk (net)
                      1.965259    0.000000    1.464195 ^ _18500_/CLK (sky130_fd_sc_hd__dfrtp_1)
                                  0.250000    1.714195   clock uncertainty
                                  0.000000    1.714195   clock reconvergence pessimism
                                  0.186438    1.900632   library hold time
                                              1.900632   data required time
---------------------------------------------------------------------------------------------
                                              1.900632   data required time
                                             -2.006962   data arrival time
---------------------------------------------------------------------------------------------
                                              0.106329   slack (MET)


Startpoint: a[28] (input port clocked by clk)
Endpoint: _18502_ (rising edge-triggered flip-flop clocked by clk)
Path Group: clk
Path Type: min

Fanout         Cap        Slew       Delay        Time   Description
---------------------------------------------------------------------------------------------
                                  0.000000    0.000000   clock clk (rise edge)
                                  0.000000    0.000000   clock network delay (propagated)
                                  2.000000    2.000000 v input external delay
     1    0.005117    0.013881    0.008332    2.008332 v a[28] (in)
                                                         a[28] (net)
                      0.013883    0.000000    2.008332 v _18502_/D (sky130_fd_sc_hd__dfrtp_1)
                                              2.008332   data arrival time

                                  0.000000    0.000000   clock clk (rise edge)
                                  0.000000    0.000000   clock source latency
   163    0.547821    1.892577    1.466018    1.466018 ^ clk (in)
                                                         clk (net)
                      1.966208    0.000000    1.466018 ^ _18502_/CLK (sky130_fd_sc_hd__dfrtp_1)
                                  0.250000    1.716018   clock uncertainty
                                  0.000000    1.716018   clock reconvergence pessimism
                                  0.185811    1.901830   library hold time
                                              1.901830   data required time
---------------------------------------------------------------------------------------------
                                              1.901830   data required time
                                             -2.008332   data arrival time
---------------------------------------------------------------------------------------------
                                              0.106502   slack (MET)


Startpoint: b[50] (input port clocked by clk)
Endpoint: _18556_ (rising edge-triggered flip-flop clocked by clk)
Path Group: clk
Path Type: min

Fanout         Cap        Slew       Delay        Time   Description
---------------------------------------------------------------------------------------------
                                  0.000000    0.000000   clock clk (rise edge)
                                  0.000000    0.000000   clock network delay (propagated)
                                  2.000000    2.000000 v input external delay
     1    0.005109    0.013864    0.008319    2.008319 v b[50] (in)
                                                         b[50] (net)
                      0.013865    0.000000    2.008319 v _18556_/D (sky130_fd_sc_hd__dfrtp_1)
                                              2.008319   data arrival time

                                  0.000000    0.000000   clock clk (rise edge)
                                  0.000000    0.000000   clock source latency
   163    0.547821    1.892577    1.465982    1.465982 ^ clk (in)
                                                         clk (net)
                      1.966189    0.000000    1.465982 ^ _18556_/CLK (sky130_fd_sc_hd__dfrtp_1)
                                  0.250000    1.715982   clock uncertainty
                                  0.000000    1.715982   clock reconvergence pessimism
                                  0.185817    1.901798   library hold time
                                              1.901798   data required time
---------------------------------------------------------------------------------------------
                                              1.901798   data required time
                                             -2.008319   data arrival time
---------------------------------------------------------------------------------------------
                                              0.106521   slack (MET)


Startpoint: b[39] (input port clocked by clk)
Endpoint: _18545_ (rising edge-triggered flip-flop clocked by clk)
Path Group: clk
Path Type: min

Fanout         Cap        Slew       Delay        Time   Description
---------------------------------------------------------------------------------------------
                                  0.000000    0.000000   clock clk (rise edge)
                                  0.000000    0.000000   clock network delay (propagated)
                                  2.000000    2.000000 v input external delay
     1    0.004572    0.012705    0.007431    2.007431 v b[39] (in)
                                                         b[39] (net)
                      0.012706    0.000000    2.007431 v _18545_/D (sky130_fd_sc_hd__dfrtp_1)
                                              2.007431   data arrival time

                                  0.000000    0.000000   clock clk (rise edge)
                                  0.000000    0.000000   clock source latency
   163    0.547821    1.892577    1.464575    1.464575 ^ clk (in)
                                                         clk (net)
                      1.965456    0.000000    1.464575 ^ _18545_/CLK (sky130_fd_sc_hd__dfrtp_1)
                                  0.250000    1.714575   clock uncertainty
                                  0.000000    1.714575   clock reconvergence pessimism
                                  0.186211    1.900787   library hold time
                                              1.900787   data required time
---------------------------------------------------------------------------------------------
                                              1.900787   data required time
                                             -2.007431   data arrival time
---------------------------------------------------------------------------------------------
                                              0.106644   slack (MET)


Startpoint: a[24] (input port clocked by clk)
Endpoint: _18498_ (rising edge-triggered flip-flop clocked by clk)
Path Group: clk
Path Type: min

Fanout         Cap        Slew       Delay        Time   Description
---------------------------------------------------------------------------------------------
                                  0.000000    0.000000   clock clk (rise edge)
                                  0.000000    0.000000   clock network delay (propagated)
                                  2.000000    2.000000 v input external delay
     1    0.005216    0.014094    0.008495    2.008495 v a[24] (in)
                                                         a[24] (net)
                      0.014096    0.000000    2.008495 v _18498_/D (sky130_fd_sc_hd__dfrtp_1)
                                              2.008495   data arrival time

                                  0.000000    0.000000   clock clk (rise edge)
                                  0.000000    0.000000   clock source latency
   163    0.547821    1.892577    1.466049    1.466049 ^ clk (in)
                                                         clk (net)
                      1.966224    0.000000    1.466049 ^ _18498_/CLK (sky130_fd_sc_hd__dfrtp_1)
                                  0.250000    1.716049   clock uncertainty
                                  0.000000    1.716049   clock reconvergence pessimism
                                  0.185729    1.901778   library hold time
                                              1.901778   data required time
---------------------------------------------------------------------------------------------
                                              1.901778   data required time
                                             -2.008495   data arrival time
---------------------------------------------------------------------------------------------
                                              0.106717   slack (MET)


Startpoint: a[25] (input port clocked by clk)
Endpoint: _18499_ (rising edge-triggered flip-flop clocked by clk)
Path Group: clk
Path Type: min

Fanout         Cap        Slew       Delay        Time   Description
---------------------------------------------------------------------------------------------
                                  0.000000    0.000000   clock clk (rise edge)
                                  0.000000    0.000000   clock network delay (propagated)
                                  2.000000    2.000000 v input external delay
     1    0.005190    0.014038    0.008452    2.008452 v a[25] (in)
                                                         a[25] (net)
                      0.014040    0.000000    2.008452 v _18499_/D (sky130_fd_sc_hd__dfrtp_1)
                                              2.008452   data arrival time

                                  0.000000    0.000000   clock clk (rise edge)
                                  0.000000    0.000000   clock source latency
   163    0.547821    1.892577    1.465908    1.465908 ^ clk (in)
                                                         clk (net)
                      1.966150    0.000000    1.465908 ^ _18499_/CLK (sky130_fd_sc_hd__dfrtp_1)
                                  0.250000    1.715908   clock uncertainty
                                  0.000000    1.715908   clock reconvergence pessimism
                                  0.185746    1.901654   library hold time
                                              1.901654   data required time
---------------------------------------------------------------------------------------------
                                              1.901654   data required time
                                             -2.008452   data arrival time
---------------------------------------------------------------------------------------------
                                              0.106798   slack (MET)


Startpoint: a[27] (input port clocked by clk)
Endpoint: _18501_ (rising edge-triggered flip-flop clocked by clk)
Path Group: clk
Path Type: min

Fanout         Cap        Slew       Delay        Time   Description
---------------------------------------------------------------------------------------------
                                  0.000000    0.000000   clock clk (rise edge)
                                  0.000000    0.000000   clock network delay (propagated)
                                  2.000000    2.000000 v input external delay
     1    0.005118    0.013882    0.008333    2.008333 v a[27] (in)
                                                         a[27] (net)
                      0.013884    0.000000    2.008333 v _18501_/D (sky130_fd_sc_hd__dfrtp_1)
                                              2.008333   data arrival time

                                  0.000000    0.000000   clock clk (rise edge)
                                  0.000000    0.000000   clock source latency
   163    0.547821    1.892577    1.465662    1.465662 ^ clk (in)
                                                         clk (net)
                      1.966022    0.000000    1.465662 ^ _18501_/CLK (sky130_fd_sc_hd__dfrtp_1)
                                  0.250000    1.715662   clock uncertainty
                                  0.000000    1.715662   clock reconvergence pessimism
                                  0.185796    1.901458   library hold time
                                              1.901458   data required time
---------------------------------------------------------------------------------------------
                                              1.901458   data required time
                                             -2.008333   data arrival time
---------------------------------------------------------------------------------------------
                                              0.106875   slack (MET)


Startpoint: a[21] (input port clocked by clk)
Endpoint: _18495_ (rising edge-triggered flip-flop clocked by clk)
Path Group: clk
Path Type: min

Fanout         Cap        Slew       Delay        Time   Description
---------------------------------------------------------------------------------------------
                                  0.000000    0.000000   clock clk (rise edge)
                                  0.000000    0.000000   clock network delay (propagated)
                                  2.000000    2.000000 v input external delay
     1    0.004169    0.011808    0.006755    2.006755 v a[21] (in)
                                                         a[21] (net)
                      0.011808    0.000000    2.006755 v _18495_/D (sky130_fd_sc_hd__dfrtp_1)
                                              2.006755   data arrival time

                                  0.000000    0.000000   clock clk (rise edge)
                                  0.000000    0.000000   clock source latency
   163    0.547821    1.892577    1.463306    1.463306 ^ clk (in)
                                                         clk (net)
                      1.964799    0.000000    1.463306 ^ _18495_/CLK (sky130_fd_sc_hd__dfrtp_1)
                                  0.250000    1.713306   clock uncertainty
                                  0.000000    1.713306   clock reconvergence pessimism
                                  0.186510    1.899817   library hold time
                                              1.899817   data required time
---------------------------------------------------------------------------------------------
                                              1.899817   data required time
                                             -2.006755   data arrival time
---------------------------------------------------------------------------------------------
                                              0.106938   slack (MET)


Startpoint: b[48] (input port clocked by clk)
Endpoint: _18554_ (rising edge-triggered flip-flop clocked by clk)
Path Group: clk
Path Type: min

Fanout         Cap        Slew       Delay        Time   Description
---------------------------------------------------------------------------------------------
                                  0.000000    0.000000   clock clk (rise edge)
                                  0.000000    0.000000   clock network delay (propagated)
                                  2.000000    2.000000 v input external delay
     1    0.005213    0.014088    0.008491    2.008491 v b[48] (in)
                                                         b[48] (net)
                      0.014090    0.000000    2.008491 v _18554_/D (sky130_fd_sc_hd__dfrtp_1)
                                              2.008491   data arrival time

                                  0.000000    0.000000   clock clk (rise edge)
                                  0.000000    0.000000   clock source latency
   163    0.547821    1.892577    1.465768    1.465768 ^ clk (in)
                                                         clk (net)
                      1.966077    0.000000    1.465768 ^ _18554_/CLK (sky130_fd_sc_hd__dfrtp_1)
                                  0.250000    1.715768   clock uncertainty
                                  0.000000    1.715768   clock reconvergence pessimism
                                  0.185720    1.901488   library hold time
                                              1.901488   data required time
---------------------------------------------------------------------------------------------
                                              1.901488   data required time
                                             -2.008491   data arrival time
---------------------------------------------------------------------------------------------
                                              0.107003   slack (MET)


Startpoint: b[52] (input port clocked by clk)
Endpoint: _18558_ (rising edge-triggered flip-flop clocked by clk)
Path Group: clk
Path Type: min

Fanout         Cap        Slew       Delay        Time   Description
---------------------------------------------------------------------------------------------
                                  0.000000    0.000000   clock clk (rise edge)
                                  0.000000    0.000000   clock network delay (propagated)
                                  2.000000    2.000000 v input external delay
     1    0.004373    0.012276    0.007102    2.007102 v b[52] (in)
                                                         b[52] (net)
                      0.012277    0.000000    2.007102 v _18558_/D (sky130_fd_sc_hd__dfrtp_1)
                                              2.007102   data arrival time

                                  0.000000    0.000000   clock clk (rise edge)
                                  0.000000    0.000000   clock source latency
   163    0.547821    1.892577    1.463644    1.463644 ^ clk (in)
                                                         clk (net)
                      1.964974    0.000000    1.463644 ^ _18558_/CLK (sky130_fd_sc_hd__dfrtp_1)
                                  0.250000    1.713644   clock uncertainty
                                  0.000000    1.713644   clock reconvergence pessimism
                                  0.186341    1.899985   library hold time
                                              1.899985   data required time
---------------------------------------------------------------------------------------------
                                              1.899985   data required time
                                             -2.007102   data arrival time
---------------------------------------------------------------------------------------------
                                              0.107117   slack (MET)


Startpoint: a[30] (input port clocked by clk)
Endpoint: _18504_ (rising edge-triggered flip-flop clocked by clk)
Path Group: clk
Path Type: min

Fanout         Cap        Slew       Delay        Time   Description
---------------------------------------------------------------------------------------------
                                  0.000000    0.000000   clock clk (rise edge)
                                  0.000000    0.000000   clock network delay (propagated)
                                  2.000000    2.000000 v input external delay
     1    0.005229    0.014123    0.008517    2.008517 v a[30] (in)
                                                         a[30] (net)
                      0.014125    0.000000    2.008517 v _18504_/D (sky130_fd_sc_hd__dfrtp_1)
                                              2.008517   data arrival time

                                  0.000000    0.000000   clock clk (rise edge)
                                  0.000000    0.000000   clock source latency
   163    0.547821    1.892577    1.465514    1.465514 ^ clk (in)
                                                         clk (net)
                      1.965945    0.000000    1.465514 ^ _18504_/CLK (sky130_fd_sc_hd__dfrtp_1)
                                  0.250000    1.715514   clock uncertainty
                                  0.000000    1.715514   clock reconvergence pessimism
                                  0.185696    1.901211   library hold time
                                              1.901211   data required time
---------------------------------------------------------------------------------------------
                                              1.901211   data required time
                                             -2.008517   data arrival time
---------------------------------------------------------------------------------------------
                                              0.107307   slack (MET)


Startpoint: b[37] (input port clocked by clk)
Endpoint: _18543_ (rising edge-triggered flip-flop clocked by clk)
Path Group: clk
Path Type: min

Fanout         Cap        Slew       Delay        Time   Description
---------------------------------------------------------------------------------------------
                                  0.000000    0.000000   clock clk (rise edge)
                                  0.000000    0.000000   clock network delay (propagated)
                                  2.000000    2.000000 v input external delay
     1    0.005427    0.014551    0.008845    2.008845 v b[37] (in)
                                                         b[37] (net)
                      0.014553    0.000000    2.008845 v _18543_/D (sky130_fd_sc_hd__dfrtp_1)
                                              2.008845   data arrival time

                                  0.000000    0.000000   clock clk (rise edge)
                                  0.000000    0.000000   clock source latency
   163    0.547821    1.892577    1.465841    1.465841 ^ clk (in)
                                                         clk (net)
                      1.966115    0.000000    1.465841 ^ _18543_/CLK (sky130_fd_sc_hd__dfrtp_1)
                                  0.250000    1.715841   clock uncertainty
                                  0.000000    1.715841   clock reconvergence pessimism
                                  0.185543    1.901384   library hold time
                                              1.901384   data required time
---------------------------------------------------------------------------------------------
                                              1.901384   data required time
                                             -2.008845   data arrival time
---------------------------------------------------------------------------------------------
                                              0.107461   slack (MET)


Startpoint: b[36] (input port clocked by clk)
Endpoint: _18542_ (rising edge-triggered flip-flop clocked by clk)
Path Group: clk
Path Type: min

Fanout         Cap        Slew       Delay        Time   Description
---------------------------------------------------------------------------------------------
                                  0.000000    0.000000   clock clk (rise edge)
                                  0.000000    0.000000   clock network delay (propagated)
                                  2.000000    2.000000 v input external delay
     1    0.004297    0.012102    0.006973    2.006973 v b[36] (in)
                                                         b[36] (net)
                      0.012103    0.000000    2.006973 v _18542_/D (sky130_fd_sc_hd__dfrtp_1)
                                              2.006973   data arrival time

                                  0.000000    0.000000   clock clk (rise edge)
                                  0.000000    0.000000   clock source latency
   163    0.547821    1.892577    1.462921    1.462921 ^ clk (in)
                                                         clk (net)
                      1.964600    0.000000    1.462921 ^ _18542_/CLK (sky130_fd_sc_hd__dfrtp_1)
                                  0.250000    1.712921   clock uncertainty
                                  0.000000    1.712921   clock reconvergence pessimism
                                  0.186380    1.899301   library hold time
                                              1.899301   data required time
---------------------------------------------------------------------------------------------
                                              1.899301   data required time
                                             -2.006973   data arrival time
---------------------------------------------------------------------------------------------
                                              0.107672   slack (MET)


Startpoint: b[35] (input port clocked by clk)
Endpoint: _18541_ (rising edge-triggered flip-flop clocked by clk)
Path Group: clk
Path Type: min

Fanout         Cap        Slew       Delay        Time   Description
---------------------------------------------------------------------------------------------
                                  0.000000    0.000000   clock clk (rise edge)
                                  0.000000    0.000000   clock network delay (propagated)
                                  2.000000    2.000000 v input external delay
     1    0.004293    0.012093    0.006966    2.006966 v b[35] (in)
                                                         b[35] (net)
                      0.012094    0.000000    2.006966 v _18541_/D (sky130_fd_sc_hd__dfrtp_1)
                                              2.006966   data arrival time

                                  0.000000    0.000000   clock clk (rise edge)
                                  0.000000    0.000000   clock source latency
   163    0.547821    1.892577    1.462898    1.462898 ^ clk (in)
                                                         clk (net)
                      1.964588    0.000000    1.462898 ^ _18541_/CLK (sky130_fd_sc_hd__dfrtp_1)
                                  0.250000    1.712898   clock uncertainty
                                  0.000000    1.712898   clock reconvergence pessimism
                                  0.186382    1.899280   library hold time
                                              1.899280   data required time
---------------------------------------------------------------------------------------------
                                              1.899280   data required time
                                             -2.006966   data arrival time
---------------------------------------------------------------------------------------------
                                              0.107686   slack (MET)


Startpoint: a[20] (input port clocked by clk)
Endpoint: _18494_ (rising edge-triggered flip-flop clocked by clk)
Path Group: clk
Path Type: min

Fanout         Cap        Slew       Delay        Time   Description
---------------------------------------------------------------------------------------------
                                  0.000000    0.000000   clock clk (rise edge)
                                  0.000000    0.000000   clock network delay (propagated)
                                  2.000000    2.000000 v input external delay
     1    0.004996    0.013618    0.008131    2.008131 v a[20] (in)
                                                         a[20] (net)
                      0.013620    0.000000    2.008131 v _18494_/D (sky130_fd_sc_hd__dfrtp_1)
                                              2.008131   data arrival time

                                  0.000000    0.000000   clock clk (rise edge)
                                  0.000000    0.000000   clock source latency
   163    0.547821    1.892577    1.462853    1.462853 ^ clk (in)
                                                         clk (net)
                      1.964565    0.000000    1.462853 ^ _18494_/CLK (sky130_fd_sc_hd__dfrtp_1)
                                  0.250000    1.712853   clock uncertainty
                                  0.000000    1.712853   clock reconvergence pessimism
                                  0.185785    1.898638   library hold time
                                              1.898638   data required time
---------------------------------------------------------------------------------------------
                                              1.898638   data required time
                                             -2.008131   data arrival time
---------------------------------------------------------------------------------------------
                                              0.109493   slack (MET)


Startpoint: a[23] (input port clocked by clk)
Endpoint: _18497_ (rising edge-triggered flip-flop clocked by clk)
Path Group: clk
Path Type: min

Fanout         Cap        Slew       Delay        Time   Description
---------------------------------------------------------------------------------------------
                                  0.000000    0.000000   clock clk (rise edge)
                                  0.000000    0.000000   clock network delay (propagated)
                                  2.000000    2.000000 v input external delay
     1    0.005173    0.014001    0.008424    2.008424 v a[23] (in)
                                                         a[23] (net)
                      0.014003    0.000000    2.008424 v _18497_/D (sky130_fd_sc_hd__dfrtp_1)
                                              2.008424   data arrival time

                                  0.000000    0.000000   clock clk (rise edge)
                                  0.000000    0.000000   clock source latency
   163    0.547821    1.892577    1.462750    1.462750 ^ clk (in)
                                                         clk (net)
                      1.964512    0.000000    1.462750 ^ _18497_/CLK (sky130_fd_sc_hd__dfrtp_1)
                                  0.250000    1.712750   clock uncertainty
                                  0.000000    1.712750   clock reconvergence pessimism
                                  0.185631    1.898381   library hold time
                                              1.898381   data required time
---------------------------------------------------------------------------------------------
                                              1.898381   data required time
                                             -2.008424   data arrival time
---------------------------------------------------------------------------------------------
                                              0.110043   slack (MET)


Startpoint: b[53] (input port clocked by clk)
Endpoint: _18559_ (rising edge-triggered flip-flop clocked by clk)
Path Group: clk
Path Type: min

Fanout         Cap        Slew       Delay        Time   Description
---------------------------------------------------------------------------------------------
                                  0.000000    0.000000   clock clk (rise edge)
                                  0.000000    0.000000   clock network delay (propagated)
                                  2.000000    2.000000 v input external delay
     1    0.007248    0.018512    0.011870    2.011870 v b[53] (in)
                                                         b[53] (net)
                      0.018518    0.000000    2.011870 v _18559_/D (sky130_fd_sc_hd__dfrtp_1)
                                              2.011870   data arrival time

                                  0.000000    0.000000   clock clk (rise edge)
                                  0.000000    0.000000   clock source latency
   163    0.547821    1.892577    1.460312    1.460312 ^ clk (in)
                                                         clk (net)
                      1.963258    0.000000    1.460312 ^ _18559_/CLK (sky130_fd_sc_hd__dfrtp_1)
                                  0.250000    1.710312   clock uncertainty
                                  0.000000    1.710312   clock reconvergence pessimism
                                  0.183771    1.894083   library hold time
                                              1.894083   data required time
---------------------------------------------------------------------------------------------
                                              1.894083   data required time
                                             -2.011870   data arrival time
---------------------------------------------------------------------------------------------
                                              0.117787   slack (MET)


Startpoint: b[54] (input port clocked by clk)
Endpoint: _18560_ (rising edge-triggered flip-flop clocked by clk)
Path Group: clk
Path Type: min

Fanout         Cap        Slew       Delay        Time   Description
---------------------------------------------------------------------------------------------
                                  0.000000    0.000000   clock clk (rise edge)
                                  0.000000    0.000000   clock network delay (propagated)
                                  2.000000    2.000000 v input external delay
     1    0.013332    0.031599    0.022145    2.022145 v b[54] (in)
                                                         b[54] (net)
                      0.031646    0.000000    2.022145 v _18560_/D (sky130_fd_sc_hd__dfrtp_1)
                                              2.022145   data arrival time

                                  0.000000    0.000000   clock clk (rise edge)
                                  0.000000    0.000000   clock source latency
   163    0.547821    1.892577    1.454111    1.454111 ^ clk (in)
                                                         clk (net)
                      1.960117    0.000000    1.454111 ^ _18560_/CLK (sky130_fd_sc_hd__dfrtp_1)
                                  0.250000    1.704111   clock uncertainty
                                  0.000000    1.704111   clock reconvergence pessimism
                                  0.178401    1.882512   library hold time
                                              1.882512   data required time
---------------------------------------------------------------------------------------------
                                              1.882512   data required time
                                             -2.022145   data arrival time
---------------------------------------------------------------------------------------------
                                              0.139633   slack (MET)


Startpoint: b[55] (input port clocked by clk)
Endpoint: _18561_ (rising edge-triggered flip-flop clocked by clk)
Path Group: clk
Path Type: min

Fanout         Cap        Slew       Delay        Time   Description
---------------------------------------------------------------------------------------------
                                  0.000000    0.000000   clock clk (rise edge)
                                  0.000000    0.000000   clock network delay (propagated)
                                  2.000000    2.000000 v input external delay
     1    0.013905    0.032831    0.023107    2.023107 v b[55] (in)
                                                         b[55] (net)
                      0.032884    0.000000    2.023107 v _18561_/D (sky130_fd_sc_hd__dfrtp_1)
                                              2.023107   data arrival time

                                  0.000000    0.000000   clock clk (rise edge)
                                  0.000000    0.000000   clock source latency
   163    0.547821    1.892577    1.454065    1.454065 ^ clk (in)
                                                         clk (net)
                      1.960094    0.000000    1.454065 ^ _18561_/CLK (sky130_fd_sc_hd__dfrtp_1)
                                  0.250000    1.704065   clock uncertainty
                                  0.000000    1.704065   clock reconvergence pessimism
                                  0.177916    1.881981   library hold time
                                              1.881981   data required time
---------------------------------------------------------------------------------------------
                                              1.881981   data required time
                                             -2.023107   data arrival time
---------------------------------------------------------------------------------------------
                                              0.141126   slack (MET)


Startpoint: b[56] (input port clocked by clk)
Endpoint: _18562_ (rising edge-triggered flip-flop clocked by clk)
Path Group: clk
Path Type: min

Fanout         Cap        Slew       Delay        Time   Description
---------------------------------------------------------------------------------------------
                                  0.000000    0.000000   clock clk (rise edge)
                                  0.000000    0.000000   clock network delay (propagated)
                                  2.000000    2.000000 v input external delay
     1    0.014839    0.034835    0.024676    2.024676 v b[56] (in)
                                                         b[56] (net)
                      0.034900    0.000000    2.024676 v _18562_/D (sky130_fd_sc_hd__dfrtp_1)
                                              2.024676   data arrival time

                                  0.000000    0.000000   clock clk (rise edge)
                                  0.000000    0.000000   clock source latency
   163    0.547821    1.892577    1.454222    1.454222 ^ clk (in)
                                                         clk (net)
                      1.960173    0.000000    1.454222 ^ _18562_/CLK (sky130_fd_sc_hd__dfrtp_1)
                                  0.250000    1.704222   clock uncertainty
                                  0.000000    1.704222   clock reconvergence pessimism
                                  0.177135    1.881357   library hold time
                                              1.881357   data required time
---------------------------------------------------------------------------------------------
                                              1.881357   data required time
                                             -2.024676   data arrival time
---------------------------------------------------------------------------------------------
                                              0.143319   slack (MET)


Startpoint: _18570_ (rising edge-triggered flip-flop clocked by clk)
Endpoint: _18571_ (rising edge-triggered flip-flop clocked by clk)
Path Group: clk
Path Type: min

Fanout         Cap        Slew       Delay        Time   Description
---------------------------------------------------------------------------------------------
                                  0.000000    0.000000   clock clk (rise edge)
                                  0.000000    0.000000   clock source latency
   163    0.547821    1.892577    1.354012    1.354012 ^ clk (in)
                                                         clk (net)
                      1.919110    0.000000    1.354012 ^ _18570_/CLK (sky130_fd_sc_hd__dfrtp_1)
     1    0.002259    0.037709    0.616778    1.970789 v _18570_/Q (sky130_fd_sc_hd__dfrtp_1)
                                                         v_r (net)
                      0.037709    0.000008    1.970797 v _18571_/D (sky130_fd_sc_hd__dfrtp_1)
                                              1.970797   data arrival time

                                  0.000000    0.000000   clock clk (rise edge)
                                  0.000000    0.000000   clock source latency
   163    0.547821    1.892577    1.354436    1.354436 ^ clk (in)
                                                         clk (net)
                      1.919244    0.000000    1.354436 ^ _18571_/CLK (sky130_fd_sc_hd__dfrtp_1)
                                  0.250000    1.604436   clock uncertainty
                                  0.000000    1.604436   clock reconvergence pessimism
                                  0.172813    1.777249   library hold time
                                              1.777249   data required time
---------------------------------------------------------------------------------------------
                                              1.777249   data required time
                                             -1.970797   data arrival time
---------------------------------------------------------------------------------------------
                                              0.193548   slack (MET)


Startpoint: b[30] (input port clocked by clk)
Endpoint: _18536_ (rising edge-triggered flip-flop clocked by clk)
Path Group: clk
Path Type: min

Fanout         Cap        Slew       Delay        Time   Description
---------------------------------------------------------------------------------------------
                                  0.000000    0.000000   clock clk (rise edge)
                                  0.000000    0.000000   clock network delay (propagated)
                                  2.000000    2.000000 v input external delay
     1    0.011355    0.027417    0.018788    2.018788 v b[30] (in)
                                                         b[30] (net)
                      0.027444    0.000000    2.018788 v _18536_/D (sky130_fd_sc_hd__dfrtp_1)
                                              2.018788   data arrival time

                                  0.000000    0.000000   clock clk (rise edge)
                                  0.000000    0.000000   clock source latency
   163    0.547821    1.892577    1.380590    1.380590 ^ clk (in)
                                                         clk (net)
                      1.928160    0.000000    1.380590 ^ _18536_/CLK (sky130_fd_sc_hd__dfrtp_1)
                                  0.250000    1.630590   clock uncertainty
                                  0.000000    1.630590   clock reconvergence pessimism
                                  0.177525    1.808115   library hold time
                                              1.808115   data required time
---------------------------------------------------------------------------------------------
                                              1.808115   data required time
                                             -2.018788   data arrival time
---------------------------------------------------------------------------------------------
                                              0.210672   slack (MET)


Startpoint: b[33] (input port clocked by clk)
Endpoint: _18539_ (rising edge-triggered flip-flop clocked by clk)
Path Group: clk
Path Type: min

Fanout         Cap        Slew       Delay        Time   Description
---------------------------------------------------------------------------------------------
                                  0.000000    0.000000   clock clk (rise edge)
                                  0.000000    0.000000   clock network delay (propagated)
                                  2.000000    2.000000 v input external delay
     1    0.017590    0.040745    0.029330    2.029330 v b[33] (in)
                                                         b[33] (net)
                      0.040856    0.000000    2.029330 v _18539_/D (sky130_fd_sc_hd__dfrtp_1)
                                              2.029330   data arrival time

                                  0.000000    0.000000   clock clk (rise edge)
                                  0.000000    0.000000   clock source latency
   163    0.547821    1.892577    1.394508    1.394508 ^ clk (in)
                                                         clk (net)
                      1.933441    0.000000    1.394508 ^ _18539_/CLK (sky130_fd_sc_hd__dfrtp_1)
                                  0.250000    1.644508   clock uncertainty
                                  0.000000    1.644508   clock reconvergence pessimism
                                  0.172703    1.817211   library hold time
                                              1.817211   data required time
---------------------------------------------------------------------------------------------
                                              1.817211   data required time
                                             -2.029330   data arrival time
---------------------------------------------------------------------------------------------
                                              0.212119   slack (MET)


Startpoint: b[32] (input port clocked by clk)
Endpoint: _18538_ (rising edge-triggered flip-flop clocked by clk)
Path Group: clk
Path Type: min

Fanout         Cap        Slew       Delay        Time   Description
---------------------------------------------------------------------------------------------
                                  0.000000    0.000000   clock clk (rise edge)
                                  0.000000    0.000000   clock network delay (propagated)
                                  2.000000    2.000000 v input external delay
     1    0.015918    0.037152    0.026496    2.026496 v b[32] (in)
                                                         b[32] (net)
                      0.037233    0.000000    2.026496 v _18538_/D (sky130_fd_sc_hd__dfrtp_1)
                                              2.026496   data arrival time

                                  0.000000    0.000000   clock clk (rise edge)
                                  0.000000    0.000000   clock source latency
   163    0.547821    1.892577    1.388750    1.388750 ^ clk (in)
                                                         clk (net)
                      1.931211    0.000000    1.388750 ^ _18538_/CLK (sky130_fd_sc_hd__dfrtp_1)
                                  0.250000    1.638750   clock uncertainty
                                  0.000000    1.638750   clock reconvergence pessimism
                                  0.173942    1.812692   library hold time
                                              1.812692   data required time
---------------------------------------------------------------------------------------------
                                              1.812692   data required time
                                             -2.026496   data arrival time
---------------------------------------------------------------------------------------------
                                              0.213804   slack (MET)


Startpoint: b[29] (input port clocked by clk)
Endpoint: _18535_ (rising edge-triggered flip-flop clocked by clk)
Path Group: clk
Path Type: min

Fanout         Cap        Slew       Delay        Time   Description
---------------------------------------------------------------------------------------------
                                  0.000000    0.000000   clock clk (rise edge)
                                  0.000000    0.000000   clock network delay (propagated)
                                  2.000000    2.000000 v input external delay
     1    0.009990    0.024520    0.016466    2.016466 v b[29] (in)
                                                         b[29] (net)
                      0.024538    0.000000    2.016466 v _18535_/D (sky130_fd_sc_hd__dfrtp_1)
                                              2.016466   data arrival time

                                  0.000000    0.000000   clock clk (rise edge)
                                  0.000000    0.000000   clock source latency
   163    0.547821    1.892577    1.372978    1.372978 ^ clk (in)
                                                         clk (net)
                      1.925428    0.000000    1.372978 ^ _18535_/CLK (sky130_fd_sc_hd__dfrtp_1)
                                  0.250000    1.622978   clock uncertainty
                                  0.000000    1.622978   clock reconvergence pessimism
                                  0.178445    1.801424   library hold time
                                              1.801424   data required time
---------------------------------------------------------------------------------------------
                                              1.801424   data required time
                                             -2.016466   data arrival time
---------------------------------------------------------------------------------------------
                                              0.215042   slack (MET)


Startpoint: a[17] (input port clocked by clk)
Endpoint: _18491_ (rising edge-triggered flip-flop clocked by clk)
Path Group: clk
Path Type: min

Fanout         Cap        Slew       Delay        Time   Description
---------------------------------------------------------------------------------------------
                                  0.000000    0.000000   clock clk (rise edge)
                                  0.000000    0.000000   clock network delay (propagated)
                                  2.000000    2.000000 v input external delay
     1    0.010467    0.025570    0.017272    2.017272 v a[17] (in)
                                                         a[17] (net)
                      0.025591    0.000000    2.017272 v _18491_/D (sky130_fd_sc_hd__dfrtp_1)
                                              2.017272   data arrival time

                                  0.000000    0.000000   clock clk (rise edge)
                                  0.000000    0.000000   clock source latency
   163    0.547821    1.892577    1.373980    1.373980 ^ clk (in)
                                                         clk (net)
                      1.925781    0.000000    1.373980 ^ _18491_/CLK (sky130_fd_sc_hd__dfrtp_1)
                                  0.250000    1.623980   clock uncertainty
                                  0.000000    1.623980   clock reconvergence pessimism
                                  0.178062    1.802042   library hold time
                                              1.802042   data required time
---------------------------------------------------------------------------------------------
                                              1.802042   data required time
                                             -2.017272   data arrival time
---------------------------------------------------------------------------------------------
                                              0.215229   slack (MET)


Startpoint: b[34] (input port clocked by clk)
Endpoint: _18540_ (rising edge-triggered flip-flop clocked by clk)
Path Group: clk
Path Type: min

Fanout         Cap        Slew       Delay        Time   Description
---------------------------------------------------------------------------------------------
                                  0.000000    0.000000   clock clk (rise edge)
                                  0.000000    0.000000   clock network delay (propagated)
                                  2.000000    2.000000 v input external delay
     1    0.024114    0.055147    0.040546    2.040546 v b[34] (in)
                                                         b[34] (net)
                      0.055441    0.000000    2.040546 v _18540_/D (sky130_fd_sc_hd__dfrtp_1)
                                              2.040546   data arrival time

                                  0.000000    0.000000   clock clk (rise edge)
                                  0.000000    0.000000   clock source latency
   163    0.547821    1.892577    1.407428    1.407428 ^ clk (in)
                                                         clk (net)
                      1.938671    0.000000    1.407428 ^ _18540_/CLK (sky130_fd_sc_hd__dfrtp_1)
                                  0.250000    1.657428   clock uncertainty
                                  0.000000    1.657428   clock reconvergence pessimism
                                  0.167420    1.824848   library hold time
                                              1.824848   data required time
---------------------------------------------------------------------------------------------
                                              1.824848   data required time
                                             -2.040546   data arrival time
---------------------------------------------------------------------------------------------
                                              0.215698   slack (MET)


Startpoint: a[15] (input port clocked by clk)
Endpoint: _18489_ (rising edge-triggered flip-flop clocked by clk)
Path Group: clk
Path Type: min

Fanout         Cap        Slew       Delay        Time   Description
---------------------------------------------------------------------------------------------
                                  0.000000    0.000000   clock clk (rise edge)
                                  0.000000    0.000000   clock network delay (propagated)
                                  2.000000    2.000000 v input external delay
     1    0.009027    0.022405    0.014846    2.014846 v a[15] (in)
                                                         a[15] (net)
                      0.022418    0.000000    2.014846 v _18489_/D (sky130_fd_sc_hd__dfrtp_1)
                                              2.014846   data arrival time

                                  0.000000    0.000000   clock clk (rise edge)
                                  0.000000    0.000000   clock source latency
   163    0.547821    1.892577    1.369807    1.369807 ^ clk (in)
                                                         clk (net)
                      1.924323    0.000000    1.369807 ^ _18489_/CLK (sky130_fd_sc_hd__dfrtp_1)
                                  0.250000    1.619807   clock uncertainty
                                  0.000000    1.619807   clock reconvergence pessimism
                                  0.179186    1.798994   library hold time
                                              1.798994   data required time
---------------------------------------------------------------------------------------------
                                              1.798994   data required time
                                             -2.014846   data arrival time
---------------------------------------------------------------------------------------------
                                              0.215852   slack (MET)


Startpoint: a[19] (input port clocked by clk)
Endpoint: _18493_ (rising edge-triggered flip-flop clocked by clk)
Path Group: clk
Path Type: min

Fanout         Cap        Slew       Delay        Time   Description
---------------------------------------------------------------------------------------------
                                  0.000000    0.000000   clock clk (rise edge)
                                  0.000000    0.000000   clock network delay (propagated)
                                  2.000000    2.000000 v input external delay
     1    0.010419    0.025462    0.017189    2.017189 v a[19] (in)
                                                         a[19] (net)
                      0.025483    0.000000    2.017189 v _18493_/D (sky130_fd_sc_hd__dfrtp_1)
                                              2.017189   data arrival time

                                  0.000000    0.000000   clock clk (rise edge)
                                  0.000000    0.000000   clock source latency
   163    0.547821    1.892577    1.372941    1.372941 ^ clk (in)
                                                         clk (net)
                      1.925415    0.000000    1.372941 ^ _18493_/CLK (sky130_fd_sc_hd__dfrtp_1)
                                  0.250000    1.622941   clock uncertainty
                                  0.000000    1.622941   clock reconvergence pessimism
                                  0.178075    1.801017   library hold time
                                              1.801017   data required time
---------------------------------------------------------------------------------------------
                                              1.801017   data required time
                                             -2.017189   data arrival time
---------------------------------------------------------------------------------------------
                                              0.216172   slack (MET)


Startpoint: b[28] (input port clocked by clk)
Endpoint: _18534_ (rising edge-triggered flip-flop clocked by clk)
Path Group: clk
Path Type: min

Fanout         Cap        Slew       Delay        Time   Description
---------------------------------------------------------------------------------------------
                                  0.000000    0.000000   clock clk (rise edge)
                                  0.000000    0.000000   clock network delay (propagated)
                                  2.000000    2.000000 v input external delay
     1    0.007674    0.019442    0.012580    2.012580 v b[28] (in)
                                                         b[28] (net)
                      0.019449    0.000000    2.012580 v _18534_/D (sky130_fd_sc_hd__dfrtp_1)
                                              2.012580   data arrival time

                                  0.000000    0.000000   clock clk (rise edge)
                                  0.000000    0.000000   clock source latency
   163    0.547821    1.892577    1.366050    1.366050 ^ clk (in)
                                                         clk (net)
                      1.923039    0.000000    1.366050 ^ _18534_/CLK (sky130_fd_sc_hd__dfrtp_1)
                                  0.250000    1.616051   clock uncertainty
                                  0.000000    1.616051   clock reconvergence pessimism
                                  0.180245    1.796296   library hold time
                                              1.796296   data required time
---------------------------------------------------------------------------------------------
                                              1.796296   data required time
                                             -2.012580   data arrival time
---------------------------------------------------------------------------------------------
                                              0.216284   slack (MET)


Startpoint: b[26] (input port clocked by clk)
Endpoint: _18532_ (rising edge-triggered flip-flop clocked by clk)
Path Group: clk
Path Type: min

Fanout         Cap        Slew       Delay        Time   Description
---------------------------------------------------------------------------------------------
                                  0.000000    0.000000   clock clk (rise edge)
                                  0.000000    0.000000   clock network delay (propagated)
                                  2.000000    2.000000 v input external delay
     1    0.003275    0.009735    0.005228    2.005229 v b[26] (in)
                                                         b[26] (net)
                      0.009735    0.000000    2.005229 v _18532_/D (sky130_fd_sc_hd__dfrtp_1)
                                              2.005229   data arrival time

                                  0.000000    0.000000   clock clk (rise edge)
                                  0.000000    0.000000   clock source latency
   163    0.547821    1.892577    1.354847    1.354847 ^ clk (in)
                                                         clk (net)
                      1.919374    0.000000    1.354847 ^ _18532_/CLK (sky130_fd_sc_hd__dfrtp_1)
                                  0.250000    1.604847   clock uncertainty
                                  0.000000    1.604847   clock reconvergence pessimism
                                  0.183752    1.788599   library hold time
                                              1.788599   data required time
---------------------------------------------------------------------------------------------
                                              1.788599   data required time
                                             -2.005229   data arrival time
---------------------------------------------------------------------------------------------
                                              0.216630   slack (MET)


Startpoint: a[3] (input port clocked by clk)
Endpoint: _18477_ (rising edge-triggered flip-flop clocked by clk)
Path Group: clk
Path Type: min

Fanout         Cap        Slew       Delay        Time   Description
---------------------------------------------------------------------------------------------
                                  0.000000    0.000000   clock clk (rise edge)
                                  0.000000    0.000000   clock network delay (propagated)
                                  2.000000    2.000000 v input external delay
     1    0.003354    0.009919    0.005362    2.005362 v a[3] (in)
                                                         a[3] (net)
                      0.009919    0.000000    2.005362 v _18477_/D (sky130_fd_sc_hd__dfrtp_1)
                                              2.005362   data arrival time

                                  0.000000    0.000000   clock clk (rise edge)
                                  0.000000    0.000000   clock source latency
   163    0.547821    1.892577    1.354648    1.354648 ^ clk (in)
                                                         clk (net)
                      1.919311    0.000000    1.354648 ^ _18477_/CLK (sky130_fd_sc_hd__dfrtp_1)
                                  0.250000    1.604648   clock uncertainty
                                  0.000000    1.604648   clock reconvergence pessimism
                                  0.183675    1.788323   library hold time
                                              1.788323   data required time
---------------------------------------------------------------------------------------------
                                              1.788323   data required time
                                             -2.005362   data arrival time
---------------------------------------------------------------------------------------------
                                              0.217039   slack (MET)


Startpoint: a[5] (input port clocked by clk)
Endpoint: _18479_ (rising edge-triggered flip-flop clocked by clk)
Path Group: clk
Path Type: min

Fanout         Cap        Slew       Delay        Time   Description
---------------------------------------------------------------------------------------------
                                  0.000000    0.000000   clock clk (rise edge)
                                  0.000000    0.000000   clock network delay (propagated)
                                  2.000000    2.000000 v input external delay
     1    0.005142    0.013935    0.008374    2.008374 v a[5] (in)
                                                         a[5] (net)
                      0.013937    0.000000    2.008374 v _18479_/D (sky130_fd_sc_hd__dfrtp_1)
                                              2.008374   data arrival time

                                  0.000000    0.000000   clock clk (rise edge)
                                  0.000000    0.000000   clock source latency
   163    0.547821    1.892577    1.358915    1.358915 ^ clk (in)
                                                         clk (net)
                      1.920676    0.000000    1.358915 ^ _18479_/CLK (sky130_fd_sc_hd__dfrtp_1)
                                  0.250000    1.608915   clock uncertainty
                                  0.000000    1.608915   clock reconvergence pessimism
                                  0.182213    1.791128   library hold time
                                              1.791128   data required time
---------------------------------------------------------------------------------------------
                                              1.791128   data required time
                                             -2.008374   data arrival time
---------------------------------------------------------------------------------------------
                                              0.217246   slack (MET)


Startpoint: a[7] (input port clocked by clk)
Endpoint: _18481_ (rising edge-triggered flip-flop clocked by clk)
Path Group: clk
Path Type: min

Fanout         Cap        Slew       Delay        Time   Description
---------------------------------------------------------------------------------------------
                                  0.000000    0.000000   clock clk (rise edge)
                                  0.000000    0.000000   clock network delay (propagated)
                                  2.000000    2.000000 v input external delay
     1    0.004757    0.013103    0.007736    2.007736 v a[7] (in)
                                                         a[7] (net)
                      0.013104    0.000000    2.007736 v _18481_/D (sky130_fd_sc_hd__dfrtp_1)
                                              2.007736   data arrival time

                                  0.000000    0.000000   clock clk (rise edge)
                                  0.000000    0.000000   clock source latency
   163    0.547821    1.892577    1.357940    1.357940 ^ clk (in)
                                                         clk (net)
                      1.920361    0.000000    1.357940 ^ _18481_/CLK (sky130_fd_sc_hd__dfrtp_1)
                                  0.250000    1.607940   clock uncertainty
                                  0.000000    1.607940   clock reconvergence pessimism
                                  0.182513    1.790454   library hold time
                                              1.790454   data required time
---------------------------------------------------------------------------------------------
                                              1.790454   data required time
                                             -2.007736   data arrival time
---------------------------------------------------------------------------------------------
                                              0.217282   slack (MET)


Startpoint: valid (input port clocked by clk)
Endpoint: _18570_ (rising edge-triggered flip-flop clocked by clk)
Path Group: clk
Path Type: min

Fanout         Cap        Slew       Delay        Time   Description
---------------------------------------------------------------------------------------------
                                  0.000000    0.000000   clock clk (rise edge)
                                  0.000000    0.000000   clock network delay (propagated)
                                  2.000000    2.000000 v input external delay
     1    0.003324    0.009851    0.005313    2.005313 v valid (in)
                                                         valid (net)
                      0.009851    0.000000    2.005313 v _18570_/D (sky130_fd_sc_hd__dfrtp_1)
                                              2.005313   data arrival time

                                  0.000000    0.000000   clock clk (rise edge)
                                  0.000000    0.000000   clock source latency
   163    0.547821    1.892577    1.354012    1.354012 ^ clk (in)
                                                         clk (net)
                      1.919110    0.000000    1.354012 ^ _18570_/CLK (sky130_fd_sc_hd__dfrtp_1)
                                  0.250000    1.604012   clock uncertainty
                                  0.000000    1.604012   clock reconvergence pessimism
                                  0.183686    1.787698   library hold time
                                              1.787698   data required time
---------------------------------------------------------------------------------------------
                                              1.787698   data required time
                                             -2.005313   data arrival time
---------------------------------------------------------------------------------------------
                                              0.217615   slack (MET)


Startpoint: a[6] (input port clocked by clk)
Endpoint: _18480_ (rising edge-triggered flip-flop clocked by clk)
Path Group: clk
Path Type: min

Fanout         Cap        Slew       Delay        Time   Description
---------------------------------------------------------------------------------------------
                                  0.000000    0.000000   clock clk (rise edge)
                                  0.000000    0.000000   clock network delay (propagated)
                                  2.000000    2.000000 v input external delay
     1    0.003801    0.010953    0.006125    2.006125 v a[6] (in)
                                                         a[6] (net)
                      0.010958    0.000000    2.006125 v _18480_/D (sky130_fd_sc_hd__dfrtp_1)
                                              2.006125   data arrival time

                                  0.000000    0.000000   clock clk (rise edge)
                                  0.000000    0.000000   clock source latency
   163    0.547821    1.892577    1.355078    1.355078 ^ clk (in)
                                                         clk (net)
                      1.919447    0.000000    1.355078 ^ _18480_/CLK (sky130_fd_sc_hd__dfrtp_1)
                                  0.250000    1.605078   clock uncertainty
                                  0.000000    1.605078   clock reconvergence pessimism
                                  0.183280    1.788358   library hold time
                                              1.788358   data required time
---------------------------------------------------------------------------------------------
                                              1.788358   data required time
                                             -2.006125   data arrival time
---------------------------------------------------------------------------------------------
                                              0.217768   slack (MET)


Startpoint: b[24] (input port clocked by clk)
Endpoint: _18530_ (rising edge-triggered flip-flop clocked by clk)
Path Group: clk
Path Type: min

Fanout         Cap        Slew       Delay        Time   Description
---------------------------------------------------------------------------------------------
                                  0.000000    0.000000   clock clk (rise edge)
                                  0.000000    0.000000   clock network delay (propagated)
                                  2.000000    2.000000 v input external delay
     1    0.003645    0.010593    0.005860    2.005860 v b[24] (in)
                                                         b[24] (net)
                      0.010593    0.000000    2.005860 v _18530_/D (sky130_fd_sc_hd__dfrtp_1)
                                              2.005860   data arrival time

                                  0.000000    0.000000   clock clk (rise edge)
                                  0.000000    0.000000   clock source latency
   163    0.547821    1.892577    1.354596    1.354596 ^ clk (in)
                                                         clk (net)
                      1.919295    0.000000    1.354596 ^ _18530_/CLK (sky130_fd_sc_hd__dfrtp_1)
                                  0.250000    1.604596   clock uncertainty
                                  0.000000    1.604596   clock reconvergence pessimism
                                  0.183411    1.788007   library hold time
                                              1.788007   data required time
---------------------------------------------------------------------------------------------
                                              1.788007   data required time
                                             -2.005860   data arrival time
---------------------------------------------------------------------------------------------
                                              0.217853   slack (MET)


Startpoint: a[18] (input port clocked by clk)
Endpoint: _18492_ (rising edge-triggered flip-flop clocked by clk)
Path Group: clk
Path Type: min

Fanout         Cap        Slew       Delay        Time   Description
---------------------------------------------------------------------------------------------
                                  0.000000    0.000000   clock clk (rise edge)
                                  0.000000    0.000000   clock network delay (propagated)
                                  2.000000    2.000000 v input external delay
     1    0.011130    0.026925    0.018406    2.018406 v a[18] (in)
                                                         a[18] (net)
                      0.026951    0.000000    2.018406 v _18492_/D (sky130_fd_sc_hd__dfrtp_1)
                                              2.018406   data arrival time

                                  0.000000    0.000000   clock clk (rise edge)
                                  0.000000    0.000000   clock source latency
   163    0.547821    1.892577    1.372966    1.372966 ^ clk (in)
                                                         clk (net)
                      1.925424    0.000000    1.372966 ^ _18492_/CLK (sky130_fd_sc_hd__dfrtp_1)
                                  0.250000    1.622966   clock uncertainty
                                  0.000000    1.622966   clock reconvergence pessimism
                                  0.177503    1.800468   library hold time
                                              1.800468   data required time
---------------------------------------------------------------------------------------------
                                              1.800468   data required time
                                             -2.018406   data arrival time
---------------------------------------------------------------------------------------------
                                              0.217937   slack (MET)


Startpoint: a[2] (input port clocked by clk)
Endpoint: _18476_ (rising edge-triggered flip-flop clocked by clk)
Path Group: clk
Path Type: min

Fanout         Cap        Slew       Delay        Time   Description
---------------------------------------------------------------------------------------------
                                  0.000000    0.000000   clock clk (rise edge)
                                  0.000000    0.000000   clock network delay (propagated)
                                  2.000000    2.000000 v input external delay
     1    0.003420    0.010071    0.005475    2.005475 v a[2] (in)
                                                         a[2] (net)
                      0.010071    0.000000    2.005475 v _18476_/D (sky130_fd_sc_hd__dfrtp_1)
                                              2.005475   data arrival time

                                  0.000000    0.000000   clock clk (rise edge)
                                  0.000000    0.000000   clock source latency
   163    0.547821    1.892577    1.353498    1.353498 ^ clk (in)
                                                         clk (net)
                      1.918949    0.000000    1.353498 ^ _18476_/CLK (sky130_fd_sc_hd__dfrtp_1)
                                  0.250000    1.603498   clock uncertainty
                                  0.000000    1.603498   clock reconvergence pessimism
                                  0.183587    1.787086   library hold time
                                              1.787086   data required time
---------------------------------------------------------------------------------------------
                                              1.787086   data required time
                                             -2.005475   data arrival time
---------------------------------------------------------------------------------------------
                                              0.218389   slack (MET)


Startpoint: a[1] (input port clocked by clk)
Endpoint: _18475_ (rising edge-triggered flip-flop clocked by clk)
Path Group: clk
Path Type: min

Fanout         Cap        Slew       Delay        Time   Description
---------------------------------------------------------------------------------------------
                                  0.000000    0.000000   clock clk (rise edge)
                                  0.000000    0.000000   clock network delay (propagated)
                                  2.000000    2.000000 v input external delay
     1    0.003742    0.010817    0.006025    2.006025 v a[1] (in)
                                                         a[1] (net)
                      0.010817    0.000000    2.006025 v _18475_/D (sky130_fd_sc_hd__dfrtp_1)
                                              2.006025   data arrival time

                                  0.000000    0.000000   clock clk (rise edge)
                                  0.000000    0.000000   clock source latency
   163    0.547821    1.892577    1.354079    1.354079 ^ clk (in)
                                                         clk (net)
                      1.919131    0.000000    1.354079 ^ _18475_/CLK (sky130_fd_sc_hd__dfrtp_1)
                                  0.250000    1.604079   clock uncertainty
                                  0.000000    1.604079   clock reconvergence pessimism
                                  0.183310    1.787389   library hold time
                                              1.787389   data required time
---------------------------------------------------------------------------------------------
                                              1.787389   data required time
                                             -2.006025   data arrival time
---------------------------------------------------------------------------------------------
                                              0.218636   slack (MET)


Startpoint: b[21] (input port clocked by clk)
Endpoint: _18527_ (rising edge-triggered flip-flop clocked by clk)
Path Group: clk
Path Type: min

Fanout         Cap        Slew       Delay        Time   Description
---------------------------------------------------------------------------------------------
                                  0.000000    0.000000   clock clk (rise edge)
                                  0.000000    0.000000   clock network delay (propagated)
                                  2.000000    2.000000 v input external delay
     1    0.003380    0.009979    0.005407    2.005407 v b[21] (in)
                                                         b[21] (net)
                      0.009979    0.000000    2.005407 v _18527_/D (sky130_fd_sc_hd__dfrtp_1)
                                              2.005407   data arrival time

                                  0.000000    0.000000   clock clk (rise edge)
                                  0.000000    0.000000   clock source latency
   163    0.547821    1.892577    1.352642    1.352642 ^ clk (in)
                                                         clk (net)
                      1.918681    0.000000    1.352642 ^ _18527_/CLK (sky130_fd_sc_hd__dfrtp_1)
                                  0.250000    1.602642   clock uncertainty
                                  0.000000    1.602642   clock reconvergence pessimism
                                  0.183602    1.786244   library hold time
                                              1.786244   data required time
---------------------------------------------------------------------------------------------
                                              1.786244   data required time
                                             -2.005407   data arrival time
---------------------------------------------------------------------------------------------
                                              0.219162   slack (MET)


Startpoint: a[0] (input port clocked by clk)
Endpoint: _18474_ (rising edge-triggered flip-flop clocked by clk)
Path Group: clk
Path Type: min

Fanout         Cap        Slew       Delay        Time   Description
---------------------------------------------------------------------------------------------
                                  0.000000    0.000000   clock clk (rise edge)
                                  0.000000    0.000000   clock network delay (propagated)
                                  2.000000    2.000000 v input external delay
     1    0.003815    0.010986    0.006150    2.006150 v a[0] (in)
                                                         a[0] (net)
                      0.010991    0.000000    2.006150 v _18474_/D (sky130_fd_sc_hd__dfrtp_1)
                                              2.006150   data arrival time

                                  0.000000    0.000000   clock clk (rise edge)
                                  0.000000    0.000000   clock source latency
   163    0.547821    1.892577    1.353486    1.353486 ^ clk (in)
                                                         clk (net)
                      1.918945    0.000000    1.353486 ^ _18474_/CLK (sky130_fd_sc_hd__dfrtp_1)
                                  0.250000    1.603486   clock uncertainty
                                  0.000000    1.603486   clock reconvergence pessimism
                                  0.183228    1.786714   library hold time
                                              1.786714   data required time
---------------------------------------------------------------------------------------------
                                              1.786714   data required time
                                             -2.006150   data arrival time
---------------------------------------------------------------------------------------------
                                              0.219436   slack (MET)


Startpoint: b[61] (input port clocked by clk)
Endpoint: _18567_ (rising edge-triggered flip-flop clocked by clk)
Path Group: clk
Path Type: min

Fanout         Cap        Slew       Delay        Time   Description
---------------------------------------------------------------------------------------------
                                  0.000000    0.000000   clock clk (rise edge)
                                  0.000000    0.000000   clock network delay (propagated)
                                  2.000000    2.000000 v input external delay
     1    0.004506    0.012563    0.007322    2.007322 v b[61] (in)
                                                         b[61] (net)
                      0.012564    0.000000    2.007322 v _18567_/D (sky130_fd_sc_hd__dfrtp_1)
                                              2.007322   data arrival time

                                  0.000000    0.000000   clock clk (rise edge)
                                  0.000000    0.000000   clock source latency
   163    0.547821    1.892577    1.355224    1.355224 ^ clk (in)
                                                         clk (net)
                      1.919493    0.000000    1.355224 ^ _18567_/CLK (sky130_fd_sc_hd__dfrtp_1)
                                  0.250000    1.605224   clock uncertainty
                                  0.000000    1.605224   clock reconvergence pessimism
                                  0.182656    1.787881   library hold time
                                              1.787881   data required time
---------------------------------------------------------------------------------------------
                                              1.787881   data required time
                                             -2.007322   data arrival time
---------------------------------------------------------------------------------------------
                                              0.219441   slack (MET)


Startpoint: b[62] (input port clocked by clk)
Endpoint: _18568_ (rising edge-triggered flip-flop clocked by clk)
Path Group: clk
Path Type: min

Fanout         Cap        Slew       Delay        Time   Description
---------------------------------------------------------------------------------------------
                                  0.000000    0.000000   clock clk (rise edge)
                                  0.000000    0.000000   clock network delay (propagated)
                                  2.000000    2.000000 v input external delay
     1    0.004585    0.012734    0.007454    2.007454 v b[62] (in)
                                                         b[62] (net)
                      0.012736    0.000000    2.007454 v _18568_/D (sky130_fd_sc_hd__dfrtp_1)
                                              2.007454   data arrival time

                                  0.000000    0.000000   clock clk (rise edge)
                                  0.000000    0.000000   clock source latency
   163    0.547821    1.892577    1.355264    1.355264 ^ clk (in)
                                                         clk (net)
                      1.919506    0.000000    1.355264 ^ _18568_/CLK (sky130_fd_sc_hd__dfrtp_1)
                                  0.250000    1.605264   clock uncertainty
                                  0.000000    1.605264   clock reconvergence pessimism
                                  0.182590    1.787854   library hold time
                                              1.787854   data required time
---------------------------------------------------------------------------------------------
                                              1.787854   data required time
                                             -2.007454   data arrival time
---------------------------------------------------------------------------------------------
                                              0.219599   slack (MET)


Startpoint: a[4] (input port clocked by clk)
Endpoint: _18478_ (rising edge-triggered flip-flop clocked by clk)
Path Group: clk
Path Type: min

Fanout         Cap        Slew       Delay        Time   Description
---------------------------------------------------------------------------------------------
                                  0.000000    0.000000   clock clk (rise edge)
                                  0.000000    0.000000   clock network delay (propagated)
                                  2.000000    2.000000 v input external delay
     1    0.003141    0.009424    0.005001    2.005001 v a[4] (in)
                                                         a[4] (net)
                      0.009424    0.000000    2.005001 v _18478_/D (sky130_fd_sc_hd__dfrtp_1)
                                              2.005001   data arrival time

                                  0.000000    0.000000   clock clk (rise edge)
                                  0.000000    0.000000   clock source latency
   163    0.547821    1.892577    1.350610    1.350610 ^ clk (in)
                                                         clk (net)
                      1.918052    0.000000    1.350610 ^ _18478_/CLK (sky130_fd_sc_hd__dfrtp_1)
                                  0.250000    1.600610   clock uncertainty
                                  0.000000    1.600610   clock reconvergence pessimism
                                  0.183770    1.784380   library hold time
                                              1.784380   data required time
---------------------------------------------------------------------------------------------
                                              1.784380   data required time
                                             -2.005001   data arrival time
---------------------------------------------------------------------------------------------
                                              0.220621   slack (MET)


Startpoint: a[9] (input port clocked by clk)
Endpoint: _18483_ (rising edge-triggered flip-flop clocked by clk)
Path Group: clk
Path Type: min

Fanout         Cap        Slew       Delay        Time   Description
---------------------------------------------------------------------------------------------
                                  0.000000    0.000000   clock clk (rise edge)
                                  0.000000    0.000000   clock network delay (propagated)
                                  2.000000    2.000000 v input external delay
     1    0.005137    0.013922    0.008364    2.008364 v a[9] (in)
                                                         a[9] (net)
                      0.013924    0.000000    2.008364 v _18483_/D (sky130_fd_sc_hd__dfrtp_1)
                                              2.008364   data arrival time

                                  0.000000    0.000000   clock clk (rise edge)
                                  0.000000    0.000000   clock source latency
   163    0.547821    1.892577    1.355299    1.355299 ^ clk (in)
                                                         clk (net)
                      1.919517    0.000000    1.355299 ^ _18483_/CLK (sky130_fd_sc_hd__dfrtp_1)
                                  0.250000    1.605299   clock uncertainty
                                  0.000000    1.605299   clock reconvergence pessimism
                                  0.182127    1.787425   library hold time
                                              1.787425   data required time
---------------------------------------------------------------------------------------------
                                              1.787425   data required time
                                             -2.008364   data arrival time
---------------------------------------------------------------------------------------------
                                              0.220939   slack (MET)


Startpoint: b[27] (input port clocked by clk)
Endpoint: _18533_ (rising edge-triggered flip-flop clocked by clk)
Path Group: clk
Path Type: min

Fanout         Cap        Slew       Delay        Time   Description
---------------------------------------------------------------------------------------------
                                  0.000000    0.000000   clock clk (rise edge)
                                  0.000000    0.000000   clock network delay (propagated)
                                  2.000000    2.000000 v input external delay
     1    0.006409    0.016677    0.010473    2.010473 v b[27] (in)
                                                         b[27] (net)
                      0.016681    0.000000    2.010473 v _18533_/D (sky130_fd_sc_hd__dfrtp_1)
                                              2.010473   data arrival time

                                  0.000000    0.000000   clock clk (rise edge)
                                  0.000000    0.000000   clock source latency
   163    0.547821    1.892577    1.358376    1.358376 ^ clk (in)
                                                         clk (net)
                      1.920502    0.000000    1.358376 ^ _18533_/CLK (sky130_fd_sc_hd__dfrtp_1)
                                  0.250000    1.608376   clock uncertainty
                                  0.000000    1.608376   clock reconvergence pessimism
                                  0.181127    1.789503   library hold time
                                              1.789503   data required time
---------------------------------------------------------------------------------------------
                                              1.789503   data required time
                                             -2.010473   data arrival time
---------------------------------------------------------------------------------------------
                                              0.220970   slack (MET)


Startpoint: b[59] (input port clocked by clk)
Endpoint: _18565_ (rising edge-triggered flip-flop clocked by clk)
Path Group: clk
Path Type: min

Fanout         Cap        Slew       Delay        Time   Description
---------------------------------------------------------------------------------------------
                                  0.000000    0.000000   clock clk (rise edge)
                                  0.000000    0.000000   clock network delay (propagated)
                                  2.000000    2.000000 v input external delay
     1    0.005229    0.014122    0.008517    2.008517 v b[59] (in)
                                                         b[59] (net)
                      0.014124    0.000000    2.008517 v _18565_/D (sky130_fd_sc_hd__dfrtp_1)
                                              2.008517   data arrival time

                                  0.000000    0.000000   clock clk (rise edge)
                                  0.000000    0.000000   clock source latency
   163    0.547821    1.892577    1.355316    1.355316 ^ clk (in)
                                                         clk (net)
                      1.919522    0.000000    1.355316 ^ _18565_/CLK (sky130_fd_sc_hd__dfrtp_1)
                                  0.250000    1.605316   clock uncertainty
                                  0.000000    1.605316   clock reconvergence pessimism
                                  0.182049    1.787365   library hold time
                                              1.787365   data required time
---------------------------------------------------------------------------------------------
                                              1.787365   data required time
                                             -2.008517   data arrival time
---------------------------------------------------------------------------------------------
                                              0.221151   slack (MET)


Startpoint: b[63] (input port clocked by clk)
Endpoint: _18569_ (rising edge-triggered flip-flop clocked by clk)
Path Group: clk
Path Type: min

Fanout         Cap        Slew       Delay        Time   Description
---------------------------------------------------------------------------------------------
                                  0.000000    0.000000   clock clk (rise edge)
                                  0.000000    0.000000   clock network delay (propagated)
                                  2.000000    2.000000 v input external delay
     1    0.005294    0.014262    0.008624    2.008624 v b[63] (in)
                                                         b[63] (net)
                      0.014264    0.000000    2.008624 v _18569_/D (sky130_fd_sc_hd__dfrtp_1)
                                              2.008624   data arrival time

                                  0.000000    0.000000   clock clk (rise edge)
                                  0.000000    0.000000   clock source latency
   163    0.547821    1.892577    1.355300    1.355300 ^ clk (in)
                                                         clk (net)
                      1.919517    0.000000    1.355300 ^ _18569_/CLK (sky130_fd_sc_hd__dfrtp_1)
                                  0.250000    1.605300   clock uncertainty
                                  0.000000    1.605300   clock reconvergence pessimism
                                  0.181994    1.787294   library hold time
                                              1.787294   data required time
---------------------------------------------------------------------------------------------
                                              1.787294   data required time
                                             -2.008624   data arrival time
---------------------------------------------------------------------------------------------
                                              0.221330   slack (MET)


Startpoint: b[60] (input port clocked by clk)
Endpoint: _18566_ (rising edge-triggered flip-flop clocked by clk)
Path Group: clk
Path Type: min

Fanout         Cap        Slew       Delay        Time   Description
---------------------------------------------------------------------------------------------
                                  0.000000    0.000000   clock clk (rise edge)
                                  0.000000    0.000000   clock network delay (propagated)
                                  2.000000    2.000000 v input external delay
     1    0.005473    0.014651    0.008921    2.008921 v b[60] (in)
                                                         b[60] (net)
                      0.014653    0.000000    2.008921 v _18566_/D (sky130_fd_sc_hd__dfrtp_1)
                                              2.008921   data arrival time

                                  0.000000    0.000000   clock clk (rise edge)
                                  0.000000    0.000000   clock source latency
   163    0.547821    1.892577    1.355287    1.355287 ^ clk (in)
                                                         clk (net)
                      1.919513    0.000000    1.355287 ^ _18566_/CLK (sky130_fd_sc_hd__dfrtp_1)
                                  0.250000    1.605287   clock uncertainty
                                  0.000000    1.605287   clock reconvergence pessimism
                                  0.181842    1.787129   library hold time
                                              1.787129   data required time
---------------------------------------------------------------------------------------------
                                              1.787129   data required time
                                             -2.008921   data arrival time
---------------------------------------------------------------------------------------------
                                              0.221793   slack (MET)


Startpoint: b[25] (input port clocked by clk)
Endpoint: _18531_ (rising edge-triggered flip-flop clocked by clk)
Path Group: clk
Path Type: min

Fanout         Cap        Slew       Delay        Time   Description
---------------------------------------------------------------------------------------------
                                  0.000000    0.000000   clock clk (rise edge)
                                  0.000000    0.000000   clock network delay (propagated)
                                  2.000000    2.000000 v input external delay
     1    0.003907    0.011198    0.006307    2.006307 v b[25] (in)
                                                         b[25] (net)
                      0.011203    0.000000    2.006307 v _18531_/D (sky130_fd_sc_hd__dfrtp_1)
                                              2.006307   data arrival time

                                  0.000000    0.000000   clock clk (rise edge)
                                  0.000000    0.000000   clock source latency
   163    0.547821    1.892577    1.351033    1.351033 ^ clk (in)
                                                         clk (net)
                      1.918182    0.000000    1.351033 ^ _18531_/CLK (sky130_fd_sc_hd__dfrtp_1)
                                  0.250000    1.601033   clock uncertainty
                                  0.000000    1.601033   clock reconvergence pessimism
                                  0.183085    1.784118   library hold time
                                              1.784118   data required time
---------------------------------------------------------------------------------------------
                                              1.784118   data required time
                                             -2.006307   data arrival time
---------------------------------------------------------------------------------------------
                                              0.222189   slack (MET)


Startpoint: a[12] (input port clocked by clk)
Endpoint: _18486_ (rising edge-triggered flip-flop clocked by clk)
Path Group: clk
Path Type: min

Fanout         Cap        Slew       Delay        Time   Description
---------------------------------------------------------------------------------------------
                                  0.000000    0.000000   clock clk (rise edge)
                                  0.000000    0.000000   clock network delay (propagated)
                                  2.000000    2.000000 v input external delay
     1    0.006983    0.017927    0.011428    2.011428 v a[12] (in)
                                                         a[12] (net)
                      0.017932    0.000000    2.011428 v _18486_/D (sky130_fd_sc_hd__dfrtp_1)
                                              2.011428   data arrival time

                                  0.000000    0.000000   clock clk (rise edge)
                                  0.000000    0.000000   clock source latency
   163    0.547821    1.892577    1.358466    1.358466 ^ clk (in)
                                                         clk (net)
                      1.920531    0.000000    1.358466 ^ _18486_/CLK (sky130_fd_sc_hd__dfrtp_1)
                                  0.250000    1.608466   clock uncertainty
                                  0.000000    1.608466   clock reconvergence pessimism
                                  0.180641    1.789106   library hold time
                                              1.789106   data required time
---------------------------------------------------------------------------------------------
                                              1.789106   data required time
                                             -2.011428   data arrival time
---------------------------------------------------------------------------------------------
                                              0.222322   slack (MET)


Startpoint: b[57] (input port clocked by clk)
Endpoint: _18563_ (rising edge-triggered flip-flop clocked by clk)
Path Group: clk
Path Type: min

Fanout         Cap        Slew       Delay        Time   Description
---------------------------------------------------------------------------------------------
                                  0.000000    0.000000   clock clk (rise edge)
                                  0.000000    0.000000   clock network delay (propagated)
                                  2.000000    2.000000 v input external delay
     1    0.005766    0.015282    0.009407    2.009407 v b[57] (in)
                                                         b[57] (net)
                      0.015285    0.000000    2.009407 v _18563_/D (sky130_fd_sc_hd__dfrtp_1)
                                              2.009407   data arrival time

                                  0.000000    0.000000   clock clk (rise edge)
                                  0.000000    0.000000   clock source latency
   163    0.547821    1.892577    1.355264    1.355264 ^ clk (in)
                                                         clk (net)
                      1.919506    0.000000    1.355264 ^ _18563_/CLK (sky130_fd_sc_hd__dfrtp_1)
                                  0.250000    1.605264   clock uncertainty
                                  0.000000    1.605264   clock reconvergence pessimism
                                  0.181594    1.786859   library hold time
                                              1.786859   data required time
---------------------------------------------------------------------------------------------
                                              1.786859   data required time
                                             -2.009407   data arrival time
---------------------------------------------------------------------------------------------
                                              0.222548   slack (MET)


Startpoint: a[31] (input port clocked by clk)
Endpoint: _18505_ (rising edge-triggered flip-flop clocked by clk)
Path Group: clk
Path Type: min

Fanout         Cap        Slew       Delay        Time   Description
---------------------------------------------------------------------------------------------
                                  0.000000    0.000000   clock clk (rise edge)
                                  0.000000    0.000000   clock network delay (propagated)
                                  2.000000    2.000000 v input external delay
     1    0.006025    0.015842    0.009835    2.009835 v a[31] (in)
                                                         a[31] (net)
                      0.015845    0.000000    2.009835 v _18505_/D (sky130_fd_sc_hd__dfrtp_1)
                                              2.009835   data arrival time

                                  0.000000    0.000000   clock clk (rise edge)
                                  0.000000    0.000000   clock source latency
   163    0.547821    1.892577    1.355107    1.355107 ^ clk (in)
                                                         clk (net)
                      1.919456    0.000000    1.355107 ^ _18505_/CLK (sky130_fd_sc_hd__dfrtp_1)
                                  0.250000    1.605107   clock uncertainty
                                  0.000000    1.605107   clock reconvergence pessimism
                                  0.181372    1.786479   library hold time
                                              1.786479   data required time
---------------------------------------------------------------------------------------------
                                              1.786479   data required time
                                             -2.009835   data arrival time
---------------------------------------------------------------------------------------------
                                              0.223356   slack (MET)


Startpoint: a[13] (input port clocked by clk)
Endpoint: _18487_ (rising edge-triggered flip-flop clocked by clk)
Path Group: clk
Path Type: min

Fanout         Cap        Slew       Delay        Time   Description
---------------------------------------------------------------------------------------------
                                  0.000000    0.000000   clock clk (rise edge)
                                  0.000000    0.000000   clock network delay (propagated)
                                  2.000000    2.000000 v input external delay
     1    0.007619    0.019323    0.012489    2.012489 v a[13] (in)
                                                         a[13] (net)
                      0.019330    0.000000    2.012489 v _18487_/D (sky130_fd_sc_hd__dfrtp_1)
                                              2.012489   data arrival time

                                  0.000000    0.000000   clock clk (rise edge)
                                  0.000000    0.000000   clock source latency
   163    0.547821    1.892577    1.358619    1.358619 ^ clk (in)
                                                         clk (net)
                      1.920581    0.000000    1.358619 ^ _18487_/CLK (sky130_fd_sc_hd__dfrtp_1)
                                  0.250000    1.608619   clock uncertainty
                                  0.000000    1.608619   clock reconvergence pessimism
                                  0.180098    1.788718   library hold time
                                              1.788718   data required time
---------------------------------------------------------------------------------------------
                                              1.788718   data required time
                                             -2.012489   data arrival time
---------------------------------------------------------------------------------------------
                                              0.223772   slack (MET)


Startpoint: b[58] (input port clocked by clk)
Endpoint: _18564_ (rising edge-triggered flip-flop clocked by clk)
Path Group: clk
Path Type: min

Fanout         Cap        Slew       Delay        Time   Description
---------------------------------------------------------------------------------------------
                                  0.000000    0.000000   clock clk (rise edge)
                                  0.000000    0.000000   clock network delay (propagated)
                                  2.000000    2.000000 v input external delay
     1    0.006313    0.016468    0.010314    2.010314 v b[58] (in)
                                                         b[58] (net)
                      0.016472    0.000000    2.010314 v _18564_/D (sky130_fd_sc_hd__dfrtp_1)
                                              2.010314   data arrival time

                                  0.000000    0.000000   clock clk (rise edge)
                                  0.000000    0.000000   clock source latency
   163    0.547821    1.892577    1.355265    1.355265 ^ clk (in)
                                                         clk (net)
                      1.919506    0.000000    1.355265 ^ _18564_/CLK (sky130_fd_sc_hd__dfrtp_1)
                                  0.250000    1.605265   clock uncertainty
                                  0.000000    1.605265   clock reconvergence pessimism
                                  0.181130    1.786395   library hold time
                                              1.786395   data required time
---------------------------------------------------------------------------------------------
                                              1.786395   data required time
                                             -2.010314   data arrival time
---------------------------------------------------------------------------------------------
                                              0.223919   slack (MET)


Startpoint: a[11] (input port clocked by clk)
Endpoint: _18485_ (rising edge-triggered flip-flop clocked by clk)
Path Group: clk
Path Type: min

Fanout         Cap        Slew       Delay        Time   Description
---------------------------------------------------------------------------------------------
                                  0.000000    0.000000   clock clk (rise edge)
                                  0.000000    0.000000   clock network delay (propagated)
                                  2.000000    2.000000 v input external delay
     1    0.006716    0.017346    0.010984    2.010984 v a[11] (in)
                                                         a[11] (net)
                      0.017351    0.000000    2.010984 v _18485_/D (sky130_fd_sc_hd__dfrtp_1)
                                              2.010984   data arrival time

                                  0.000000    0.000000   clock clk (rise edge)
                                  0.000000    0.000000   clock source latency
   163    0.547821    1.892577    1.354891    1.354891 ^ clk (in)
                                                         clk (net)
                      1.919388    0.000000    1.354891 ^ _18485_/CLK (sky130_fd_sc_hd__dfrtp_1)
                                  0.250000    1.604891   clock uncertainty
                                  0.000000    1.604891   clock reconvergence pessimism
                                  0.180778    1.785669   library hold time
                                              1.785669   data required time
---------------------------------------------------------------------------------------------
                                              1.785669   data required time
                                             -2.010984   data arrival time
---------------------------------------------------------------------------------------------
                                              0.225316   slack (MET)


Startpoint: a[14] (input port clocked by clk)
Endpoint: _18488_ (rising edge-triggered flip-flop clocked by clk)
Path Group: clk
Path Type: min

Fanout         Cap        Slew       Delay        Time   Description
---------------------------------------------------------------------------------------------
                                  0.000000    0.000000   clock clk (rise edge)
                                  0.000000    0.000000   clock network delay (propagated)
                                  2.000000    2.000000 v input external delay
     1    0.006821    0.017573    0.011158    2.011158 v a[14] (in)
                                                         a[14] (net)
                      0.017578    0.000000    2.011158 v _18488_/D (sky130_fd_sc_hd__dfrtp_1)
                                              2.011158   data arrival time

                                  0.000000    0.000000   clock clk (rise edge)
                                  0.000000    0.000000   clock source latency
   163    0.547821    1.892577    1.354917    1.354917 ^ clk (in)
                                                         clk (net)
                      1.919396    0.000000    1.354917 ^ _18488_/CLK (sky130_fd_sc_hd__dfrtp_1)
                                  0.250000    1.604917   clock uncertainty
                                  0.000000    1.604917   clock reconvergence pessimism
                                  0.180690    1.785607   library hold time
                                              1.785607   data required time
---------------------------------------------------------------------------------------------
                                              1.785607   data required time
                                             -2.011158   data arrival time
---------------------------------------------------------------------------------------------
                                              0.225551   slack (MET)


Startpoint: b[20] (input port clocked by clk)
Endpoint: _18526_ (rising edge-triggered flip-flop clocked by clk)
Path Group: clk
Path Type: min

Fanout         Cap        Slew       Delay        Time   Description
---------------------------------------------------------------------------------------------
                                  0.000000    0.000000   clock clk (rise edge)
                                  0.000000    0.000000   clock network delay (propagated)
                                  2.000000    2.000000 v input external delay
     1    0.003140    0.009420    0.004998    2.004998 v b[20] (in)
                                                         b[20] (net)
                      0.009420    0.000000    2.004998 v _18526_/D (sky130_fd_sc_hd__dfrtp_1)
                                              2.004998   data arrival time

                                  0.000000    0.000000   clock clk (rise edge)
                                  0.000000    0.000000   clock source latency
   163    0.547821    1.892577    1.345426    1.345426 ^ clk (in)
                                                         clk (net)
                      1.916482    0.000000    1.345426 ^ _18526_/CLK (sky130_fd_sc_hd__dfrtp_1)
                                  0.250000    1.595426   clock uncertainty
                                  0.000000    1.595426   clock reconvergence pessimism
                                  0.183648    1.779074   library hold time
                                              1.779074   data required time
---------------------------------------------------------------------------------------------
                                              1.779074   data required time
                                             -2.004998   data arrival time
---------------------------------------------------------------------------------------------
                                              0.225924   slack (MET)


Startpoint: b[31] (input port clocked by clk)
Endpoint: _18537_ (rising edge-triggered flip-flop clocked by clk)
Path Group: clk
Path Type: min

Fanout         Cap        Slew       Delay        Time   Description
---------------------------------------------------------------------------------------------
                                  0.000000    0.000000   clock clk (rise edge)
                                  0.000000    0.000000   clock network delay (propagated)
                                  2.000000    2.000000 v input external delay
     1    0.008516    0.021286    0.013989    2.013989 v b[31] (in)
                                                         b[31] (net)
                      0.021297    0.000000    2.013989 v _18537_/D (sky130_fd_sc_hd__dfrtp_1)
                                              2.013989   data arrival time

                                  0.000000    0.000000   clock clk (rise edge)
                                  0.000000    0.000000   clock source latency
   163    0.547821    1.892577    1.358579    1.358579 ^ clk (in)
                                                         clk (net)
                      1.920567    0.000000    1.358579 ^ _18537_/CLK (sky130_fd_sc_hd__dfrtp_1)
                                  0.250000    1.608579   clock uncertainty
                                  0.000000    1.608579   clock reconvergence pessimism
                                  0.179329    1.787908   library hold time
                                              1.787908   data required time
---------------------------------------------------------------------------------------------
                                              1.787908   data required time
                                             -2.013989   data arrival time
---------------------------------------------------------------------------------------------
                                              0.226081   slack (MET)


Startpoint: a[8] (input port clocked by clk)
Endpoint: _18482_ (rising edge-triggered flip-flop clocked by clk)
Path Group: clk
Path Type: min

Fanout         Cap        Slew       Delay        Time   Description
---------------------------------------------------------------------------------------------
                                  0.000000    0.000000   clock clk (rise edge)
                                  0.000000    0.000000   clock network delay (propagated)
                                  2.000000    2.000000 v input external delay
     1    0.007471    0.018999    0.012242    2.012242 v a[8] (in)
                                                         a[8] (net)
                      0.019006    0.000000    2.012242 v _18482_/D (sky130_fd_sc_hd__dfrtp_1)
                                              2.012242   data arrival time

                                  0.000000    0.000000   clock clk (rise edge)
                                  0.000000    0.000000   clock source latency
   163    0.547821    1.892577    1.355053    1.355053 ^ clk (in)
                                                         clk (net)
                      1.919439    0.000000    1.355053 ^ _18482_/CLK (sky130_fd_sc_hd__dfrtp_1)
                                  0.250000    1.605053   clock uncertainty
                                  0.000000    1.605053   clock reconvergence pessimism
                                  0.180135    1.785188   library hold time
                                              1.785188   data required time
---------------------------------------------------------------------------------------------
                                              1.785188   data required time
                                             -2.012242   data arrival time
---------------------------------------------------------------------------------------------
                                              0.227054   slack (MET)


Startpoint: a[10] (input port clocked by clk)
Endpoint: _18484_ (rising edge-triggered flip-flop clocked by clk)
Path Group: clk
Path Type: min

Fanout         Cap        Slew       Delay        Time   Description
---------------------------------------------------------------------------------------------
                                  0.000000    0.000000   clock clk (rise edge)
                                  0.000000    0.000000   clock network delay (propagated)
                                  2.000000    2.000000 v input external delay
     1    0.007685    0.019465    0.012598    2.012598 v a[10] (in)
                                                         a[10] (net)
                      0.019473    0.000000    2.012598 v _18484_/D (sky130_fd_sc_hd__dfrtp_1)
                                              2.012598   data arrival time

                                  0.000000    0.000000   clock clk (rise edge)
                                  0.000000    0.000000   clock source latency
   163    0.547821    1.892577    1.355142    1.355142 ^ clk (in)
                                                         clk (net)
                      1.919467    0.000000    1.355142 ^ _18484_/CLK (sky130_fd_sc_hd__dfrtp_1)
                                  0.250000    1.605142   clock uncertainty
                                  0.000000    1.605142   clock reconvergence pessimism
                                  0.179955    1.785097   library hold time
                                              1.785097   data required time
---------------------------------------------------------------------------------------------
                                              1.785097   data required time
                                             -2.012598   data arrival time
---------------------------------------------------------------------------------------------
                                              0.227501   slack (MET)


Startpoint: b[19] (input port clocked by clk)
Endpoint: _18525_ (rising edge-triggered flip-flop clocked by clk)
Path Group: clk
Path Type: min

Fanout         Cap        Slew       Delay        Time   Description
---------------------------------------------------------------------------------------------
                                  0.000000    0.000000   clock clk (rise edge)
                                  0.000000    0.000000   clock network delay (propagated)
                                  2.000000    2.000000 v input external delay
     1    0.003138    0.009417    0.004996    2.004996 v b[19] (in)
                                                         b[19] (net)
                      0.009417    0.000000    2.004996 v _18525_/D (sky130_fd_sc_hd__dfrtp_1)
                                              2.004996   data arrival time

                                  0.000000    0.000000   clock clk (rise edge)
                                  0.000000    0.000000   clock source latency
   163    0.547821    1.892577    1.341503    1.341503 ^ clk (in)
                                                         clk (net)
                      1.915329    0.000000    1.341503 ^ _18525_/CLK (sky130_fd_sc_hd__dfrtp_1)
                                  0.250000    1.591503   clock uncertainty
                                  0.000000    1.591503   clock reconvergence pessimism
                                  0.183559    1.775062   library hold time
                                              1.775062   data required time
---------------------------------------------------------------------------------------------
                                              1.775062   data required time
                                             -2.004996   data arrival time
---------------------------------------------------------------------------------------------
                                              0.229934   slack (MET)


Startpoint: a[16] (input port clocked by clk)
Endpoint: _18490_ (rising edge-triggered flip-flop clocked by clk)
Path Group: clk
Path Type: min

Fanout         Cap        Slew       Delay        Time   Description
---------------------------------------------------------------------------------------------
                                  0.000000    0.000000   clock clk (rise edge)
                                  0.000000    0.000000   clock network delay (propagated)
                                  2.000000    2.000000 v input external delay
     1    0.010183    0.024943    0.016791    2.016791 v a[16] (in)
                                                         a[16] (net)
                      0.024963    0.000000    2.016791 v _18490_/D (sky130_fd_sc_hd__dfrtp_1)
                                              2.016791   data arrival time

                                  0.000000    0.000000   clock clk (rise edge)
                                  0.000000    0.000000   clock source latency
   163    0.547821    1.892577    1.355234    1.355234 ^ clk (in)
                                                         clk (net)
                      1.919496    0.000000    1.355234 ^ _18490_/CLK (sky130_fd_sc_hd__dfrtp_1)
                                  0.250000    1.605234   clock uncertainty
                                  0.000000    1.605234   clock reconvergence pessimism
                                  0.177813    1.783046   library hold time
                                              1.783046   data required time
---------------------------------------------------------------------------------------------
                                              1.783046   data required time
                                             -2.016791   data arrival time
---------------------------------------------------------------------------------------------
                                              0.233744   slack (MET)


Startpoint: b[23] (input port clocked by clk)
Endpoint: _18529_ (rising edge-triggered flip-flop clocked by clk)
Path Group: clk
Path Type: min

Fanout         Cap        Slew       Delay        Time   Description
---------------------------------------------------------------------------------------------
                                  0.000000    0.000000   clock clk (rise edge)
                                  0.000000    0.000000   clock network delay (propagated)
                                  2.000000    2.000000 v input external delay
     1    0.003228    0.009626    0.005149    2.005149 v b[23] (in)
                                                         b[23] (net)
                      0.009626    0.000000    2.005149 v _18529_/D (sky130_fd_sc_hd__dfrtp_1)
                                              2.005149   data arrival time

                                  0.000000    0.000000   clock clk (rise edge)
                                  0.000000    0.000000   clock source latency
   163    0.547821    1.892577    1.337796    1.337796 ^ clk (in)
                                                         clk (net)
                      1.914268    0.000000    1.337796 ^ _18529_/CLK (sky130_fd_sc_hd__dfrtp_1)
                                  0.250000    1.587796   clock uncertainty
                                  0.000000    1.587796   clock reconvergence pessimism
                                  0.183393    1.771190   library hold time
                                              1.771190   data required time
---------------------------------------------------------------------------------------------
                                              1.771190   data required time
                                             -2.005149   data arrival time
---------------------------------------------------------------------------------------------
                                              0.233959   slack (MET)


Startpoint: b[22] (input port clocked by clk)
Endpoint: _18528_ (rising edge-triggered flip-flop clocked by clk)
Path Group: clk
Path Type: min

Fanout         Cap        Slew       Delay        Time   Description
---------------------------------------------------------------------------------------------
                                  0.000000    0.000000   clock clk (rise edge)
                                  0.000000    0.000000   clock network delay (propagated)
                                  2.000000    2.000000 v input external delay
     1    0.003577    0.010436    0.005743    2.005744 v b[22] (in)
                                                         b[22] (net)
                      0.010436    0.000000    2.005744 v _18528_/D (sky130_fd_sc_hd__dfrtp_1)
                                              2.005744   data arrival time

                                  0.000000    0.000000   clock clk (rise edge)
                                  0.000000    0.000000   clock source latency
   163    0.547821    1.892577    1.310745    1.310745 ^ clk (in)
                                                         clk (net)
                      1.907341    0.000000    1.310745 ^ _18528_/CLK (sky130_fd_sc_hd__dfrtp_1)
                                  0.250000    1.560745   clock uncertainty
                                  0.000000    1.560745   clock reconvergence pessimism
                                  0.182533    1.743278   library hold time
                                              1.743278   data required time
---------------------------------------------------------------------------------------------
                                              1.743278   data required time
                                             -2.005744   data arrival time
---------------------------------------------------------------------------------------------
                                              0.262466   slack (MET)


Startpoint: b[5] (input port clocked by clk)
Endpoint: _18511_ (rising edge-triggered flip-flop clocked by clk)
Path Group: clk
Path Type: min

Fanout         Cap        Slew       Delay        Time   Description
---------------------------------------------------------------------------------------------
                                  0.000000    0.000000   clock clk (rise edge)
                                  0.000000    0.000000   clock network delay (propagated)
                                  2.000000    2.000000 v input external delay
     1    0.009436    0.023304    0.015534    2.015534 v b[5] (in)
                                                         b[5] (net)
                      0.023319    0.000000    2.015534 v _18511_/D (sky130_fd_sc_hd__dfrtp_1)
                                              2.015534   data arrival time

                                  0.000000    0.000000   clock clk (rise edge)
                                  0.000000    0.000000   clock source latency
   163    0.547821    1.892577    1.256306    1.256306 ^ clk (in)
                                                         clk (net)
                      1.897704    0.000000    1.256306 ^ _18511_/CLK (sky130_fd_sc_hd__dfrtp_1)
                                  0.250000    1.506306   clock uncertainty
                                  0.000000    1.506306   clock reconvergence pessimism
                                  0.176741    1.683047   library hold time
                                              1.683047   data required time
---------------------------------------------------------------------------------------------
                                              1.683047   data required time
                                             -2.015534   data arrival time
---------------------------------------------------------------------------------------------
                                              0.332487   slack (MET)


Startpoint: b[12] (input port clocked by clk)
Endpoint: _18518_ (rising edge-triggered flip-flop clocked by clk)
Path Group: clk
Path Type: min

Fanout         Cap        Slew       Delay        Time   Description
---------------------------------------------------------------------------------------------
                                  0.000000    0.000000   clock clk (rise edge)
                                  0.000000    0.000000   clock network delay (propagated)
                                  2.000000    2.000000 v input external delay
     1    0.003018    0.009137    0.004791    2.004791 v b[12] (in)
                                                         b[12] (net)
                      0.009137    0.000000    2.004791 v _18518_/D (sky130_fd_sc_hd__dfrtp_1)
                                              2.004791   data arrival time

                                  0.000000    0.000000   clock clk (rise edge)
                                  0.000000    0.000000   clock source latency
   163    0.547821    1.892577    1.196640    1.196640 ^ clk (in)
                                                         clk (net)
                      1.892991    0.000000    1.196640 ^ _18518_/CLK (sky130_fd_sc_hd__dfrtp_1)
                                  0.250000    1.446640   clock uncertainty
                                  0.000000    1.446640   clock reconvergence pessimism
                                  0.181914    1.628554   library hold time
                                              1.628554   data required time
---------------------------------------------------------------------------------------------
                                              1.628554   data required time
                                             -2.004791   data arrival time
---------------------------------------------------------------------------------------------
                                              0.376238   slack (MET)


Startpoint: b[18] (input port clocked by clk)
Endpoint: _18524_ (rising edge-triggered flip-flop clocked by clk)
Path Group: clk
Path Type: min

Fanout         Cap        Slew       Delay        Time   Description
---------------------------------------------------------------------------------------------
                                  0.000000    0.000000   clock clk (rise edge)
                                  0.000000    0.000000   clock network delay (propagated)
                                  2.000000    2.000000 v input external delay
     1    0.003087    0.009297    0.004908    2.004908 v b[18] (in)
                                                         b[18] (net)
                      0.009297    0.000000    2.004908 v _18524_/D (sky130_fd_sc_hd__dfrtp_1)
                                              2.004908   data arrival time

                                  0.000000    0.000000   clock clk (rise edge)
                                  0.000000    0.000000   clock source latency
   163    0.547821    1.892577    1.195236    1.195236 ^ clk (in)
                                                         clk (net)
                      1.892945    0.000000    1.195236 ^ _18524_/CLK (sky130_fd_sc_hd__dfrtp_1)
                                  0.250000    1.445237   clock uncertainty
                                  0.000000    1.445237   clock reconvergence pessimism
                                  0.181848    1.627084   library hold time
                                              1.627084   data required time
---------------------------------------------------------------------------------------------
                                              1.627084   data required time
                                             -2.004908   data arrival time
---------------------------------------------------------------------------------------------
                                              0.377824   slack (MET)


Startpoint: b[10] (input port clocked by clk)
Endpoint: _18516_ (rising edge-triggered flip-flop clocked by clk)
Path Group: clk
Path Type: min

Fanout         Cap        Slew       Delay        Time   Description
---------------------------------------------------------------------------------------------
                                  0.000000    0.000000   clock clk (rise edge)
                                  0.000000    0.000000   clock network delay (propagated)
                                  2.000000    2.000000 v input external delay
     1    0.005306    0.014288    0.008644    2.008644 v b[10] (in)
                                                         b[10] (net)
                      0.014290    0.000000    2.008644 v _18516_/D (sky130_fd_sc_hd__dfrtp_1)
                                              2.008644   data arrival time

                                  0.000000    0.000000   clock clk (rise edge)
                                  0.000000    0.000000   clock source latency
   163    0.547821    1.892577    1.200300    1.200300 ^ clk (in)
                                                         clk (net)
                      1.893125    0.000000    1.200300 ^ _18516_/CLK (sky130_fd_sc_hd__dfrtp_1)
                                  0.250000    1.450300   clock uncertainty
                                  0.000000    1.450300   clock reconvergence pessimism
                                  0.179910    1.630209   library hold time
                                              1.630209   data required time
---------------------------------------------------------------------------------------------
                                              1.630209   data required time
                                             -2.008644   data arrival time
---------------------------------------------------------------------------------------------
                                              0.378434   slack (MET)


Startpoint: b[0] (input port clocked by clk)
Endpoint: _18506_ (rising edge-triggered flip-flop clocked by clk)
Path Group: clk
Path Type: min

Fanout         Cap        Slew       Delay        Time   Description
---------------------------------------------------------------------------------------------
                                  0.000000    0.000000   clock clk (rise edge)
                                  0.000000    0.000000   clock network delay (propagated)
                                  2.000000    2.000000 v input external delay
     1    0.003103    0.009335    0.004936    2.004936 v b[0] (in)
                                                         b[0] (net)
                      0.009335    0.000000    2.004936 v _18506_/D (sky130_fd_sc_hd__dfrtp_1)
                                              2.004936   data arrival time

                                  0.000000    0.000000   clock clk (rise edge)
                                  0.000000    0.000000   clock source latency
   163    0.547821    1.892577    1.194642    1.194642 ^ clk (in)
                                                         clk (net)
                      1.892926    0.000000    1.194642 ^ _18506_/CLK (sky130_fd_sc_hd__dfrtp_1)
                                  0.250000    1.444642   clock uncertainty
                                  0.000000    1.444642   clock reconvergence pessimism
                                  0.181831    1.626473   library hold time
                                              1.626473   data required time
---------------------------------------------------------------------------------------------
                                              1.626473   data required time
                                             -2.004936   data arrival time
---------------------------------------------------------------------------------------------
                                              0.378462   slack (MET)


Startpoint: b[13] (input port clocked by clk)
Endpoint: _18519_ (rising edge-triggered flip-flop clocked by clk)
Path Group: clk
Path Type: min

Fanout         Cap        Slew       Delay        Time   Description
---------------------------------------------------------------------------------------------
                                  0.000000    0.000000   clock clk (rise edge)
                                  0.000000    0.000000   clock network delay (propagated)
                                  2.000000    2.000000 v input external delay
     1    0.005724    0.015190    0.009337    2.009336 v b[13] (in)
                                                         b[13] (net)
                      0.015193    0.000000    2.009336 v _18519_/D (sky130_fd_sc_hd__dfrtp_1)
                                              2.009336   data arrival time

                                  0.000000    0.000000   clock clk (rise edge)
                                  0.000000    0.000000   clock source latency
   163    0.547821    1.892577    1.199803    1.199803 ^ clk (in)
                                                         clk (net)
                      1.893106    0.000000    1.199803 ^ _18519_/CLK (sky130_fd_sc_hd__dfrtp_1)
                                  0.250000    1.449803   clock uncertainty
                                  0.000000    1.449803   clock reconvergence pessimism
                                  0.179556    1.629358   library hold time
                                              1.629358   data required time
---------------------------------------------------------------------------------------------
                                              1.629358   data required time
                                             -2.009336   data arrival time
---------------------------------------------------------------------------------------------
                                              0.379978   slack (MET)


Startpoint: b[17] (input port clocked by clk)
Endpoint: _18523_ (rising edge-triggered flip-flop clocked by clk)
Path Group: clk
Path Type: min

Fanout         Cap        Slew       Delay        Time   Description
---------------------------------------------------------------------------------------------
                                  0.000000    0.000000   clock clk (rise edge)
                                  0.000000    0.000000   clock network delay (propagated)
                                  2.000000    2.000000 v input external delay
     1    0.003188    0.009534    0.005081    2.005081 v b[17] (in)
                                                         b[17] (net)
                      0.009534    0.000000    2.005081 v _18523_/D (sky130_fd_sc_hd__dfrtp_1)
                                              2.005081   data arrival time

                                  0.000000    0.000000   clock clk (rise edge)
                                  0.000000    0.000000   clock source latency
   163    0.547821    1.892577    1.193063    1.193063 ^ clk (in)
                                                         clk (net)
                      1.892878    0.000000    1.193063 ^ _18523_/CLK (sky130_fd_sc_hd__dfrtp_1)
                                  0.250000    1.443063   clock uncertainty
                                  0.000000    1.443063   clock reconvergence pessimism
                                  0.181750    1.624813   library hold time
                                              1.624813   data required time
---------------------------------------------------------------------------------------------
                                              1.624813   data required time
                                             -2.005081   data arrival time
---------------------------------------------------------------------------------------------
                                              0.380268   slack (MET)


Startpoint: b[11] (input port clocked by clk)
Endpoint: _18517_ (rising edge-triggered flip-flop clocked by clk)
Path Group: clk
Path Type: min

Fanout         Cap        Slew       Delay        Time   Description
---------------------------------------------------------------------------------------------
                                  0.000000    0.000000   clock clk (rise edge)
                                  0.000000    0.000000   clock network delay (propagated)
                                  2.000000    2.000000 v input external delay
     1    0.005378    0.014444    0.008763    2.008763 v b[11] (in)
                                                         b[11] (net)
                      0.014446    0.000000    2.008763 v _18517_/D (sky130_fd_sc_hd__dfrtp_1)
                                              2.008763   data arrival time

                                  0.000000    0.000000   clock clk (rise edge)
                                  0.000000    0.000000   clock source latency
   163    0.547821    1.892577    1.198427    1.198427 ^ clk (in)
                                                         clk (net)
                      1.893054    0.000000    1.198427 ^ _18517_/CLK (sky130_fd_sc_hd__dfrtp_1)
                                  0.250000    1.448427   clock uncertainty
                                  0.000000    1.448427   clock reconvergence pessimism
                                  0.179844    1.628270   library hold time
                                              1.628270   data required time
---------------------------------------------------------------------------------------------
                                              1.628270   data required time
                                             -2.008763   data arrival time
---------------------------------------------------------------------------------------------
                                              0.380492   slack (MET)


Startpoint: b[7] (input port clocked by clk)
Endpoint: _18513_ (rising edge-triggered flip-flop clocked by clk)
Path Group: clk
Path Type: min

Fanout         Cap        Slew       Delay        Time   Description
---------------------------------------------------------------------------------------------
                                  0.000000    0.000000   clock clk (rise edge)
                                  0.000000    0.000000   clock network delay (propagated)
                                  2.000000    2.000000 v input external delay
     1    0.005398    0.014487    0.008796    2.008796 v b[7] (in)
                                                         b[7] (net)
                      0.014489    0.000000    2.008796 v _18513_/D (sky130_fd_sc_hd__dfrtp_1)
                                              2.008796   data arrival time

                                  0.000000    0.000000   clock clk (rise edge)
                                  0.000000    0.000000   clock source latency
   163    0.547821    1.892577    1.197924    1.197924 ^ clk (in)
                                                         clk (net)
                      1.893036    0.000000    1.197924 ^ _18513_/CLK (sky130_fd_sc_hd__dfrtp_1)
                                  0.250000    1.447924   clock uncertainty
                                  0.000000    1.447924   clock reconvergence pessimism
                                  0.179825    1.627749   library hold time
                                              1.627749   data required time
---------------------------------------------------------------------------------------------
                                              1.627749   data required time
                                             -2.008796   data arrival time
---------------------------------------------------------------------------------------------
                                              0.381046   slack (MET)


Startpoint: b[14] (input port clocked by clk)
Endpoint: _18520_ (rising edge-triggered flip-flop clocked by clk)
Path Group: clk
Path Type: min

Fanout         Cap        Slew       Delay        Time   Description
---------------------------------------------------------------------------------------------
                                  0.000000    0.000000   clock clk (rise edge)
                                  0.000000    0.000000   clock network delay (propagated)
                                  2.000000    2.000000 v input external delay
     1    0.005592    0.014903    0.009117    2.009117 v b[14] (in)
                                                         b[14] (net)
                      0.014906    0.000000    2.009117 v _18520_/D (sky130_fd_sc_hd__dfrtp_1)
                                              2.009117   data arrival time

                                  0.000000    0.000000   clock clk (rise edge)
                                  0.000000    0.000000   clock source latency
   163    0.547821    1.892577    1.198287    1.198287 ^ clk (in)
                                                         clk (net)
                      1.893049    0.000000    1.198287 ^ _18520_/CLK (sky130_fd_sc_hd__dfrtp_1)
                                  0.250000    1.448287   clock uncertainty
                                  0.000000    1.448287   clock reconvergence pessimism
                                  0.179663    1.627950   library hold time
                                              1.627950   data required time
---------------------------------------------------------------------------------------------
                                              1.627950   data required time
                                             -2.009117   data arrival time
---------------------------------------------------------------------------------------------
                                              0.381167   slack (MET)


Startpoint: b[16] (input port clocked by clk)
Endpoint: _18522_ (rising edge-triggered flip-flop clocked by clk)
Path Group: clk
Path Type: min

Fanout         Cap        Slew       Delay        Time   Description
---------------------------------------------------------------------------------------------
                                  0.000000    0.000000   clock clk (rise edge)
                                  0.000000    0.000000   clock network delay (propagated)
                                  2.000000    2.000000 v input external delay
     1    0.003738    0.010807    0.006017    2.006017 v b[16] (in)
                                                         b[16] (net)
                      0.010807    0.000000    2.006017 v _18522_/D (sky130_fd_sc_hd__dfrtp_1)
                                              2.006017   data arrival time

                                  0.000000    0.000000   clock clk (rise edge)
                                  0.000000    0.000000   clock source latency
   163    0.547821    1.892577    1.193451    1.193451 ^ clk (in)
                                                         clk (net)
                      1.892890    0.000000    1.193451 ^ _18522_/CLK (sky130_fd_sc_hd__dfrtp_1)
                                  0.250000    1.443451   clock uncertainty
                                  0.000000    1.443451   clock reconvergence pessimism
                                  0.181253    1.624704   library hold time
                                              1.624704   data required time
---------------------------------------------------------------------------------------------
                                              1.624704   data required time
                                             -2.006017   data arrival time
---------------------------------------------------------------------------------------------
                                              0.381313   slack (MET)


Startpoint: b[2] (input port clocked by clk)
Endpoint: _18508_ (rising edge-triggered flip-flop clocked by clk)
Path Group: clk
Path Type: min

Fanout         Cap        Slew       Delay        Time   Description
---------------------------------------------------------------------------------------------
                                  0.000000    0.000000   clock clk (rise edge)
                                  0.000000    0.000000   clock network delay (propagated)
                                  2.000000    2.000000 v input external delay
     1    0.003278    0.009743    0.005234    2.005234 v b[2] (in)
                                                         b[2] (net)
                      0.009743    0.000000    2.005234 v _18508_/D (sky130_fd_sc_hd__dfrtp_1)
                                              2.005234   data arrival time

                                  0.000000    0.000000   clock clk (rise edge)
                                  0.000000    0.000000   clock source latency
   163    0.547821    1.892577    1.192131    1.192131 ^ clk (in)
                                                         clk (net)
                      1.892852    0.000000    1.192131 ^ _18508_/CLK (sky130_fd_sc_hd__dfrtp_1)
                                  0.250000    1.442131   clock uncertainty
                                  0.000000    1.442131   clock reconvergence pessimism
                                  0.181666    1.623797   library hold time
                                              1.623797   data required time
---------------------------------------------------------------------------------------------
                                              1.623797   data required time
                                             -2.005234   data arrival time
---------------------------------------------------------------------------------------------
                                              0.381437   slack (MET)


Startpoint: b[8] (input port clocked by clk)
Endpoint: _18514_ (rising edge-triggered flip-flop clocked by clk)
Path Group: clk
Path Type: min

Fanout         Cap        Slew       Delay        Time   Description
---------------------------------------------------------------------------------------------
                                  0.000000    0.000000   clock clk (rise edge)
                                  0.000000    0.000000   clock network delay (propagated)
                                  2.000000    2.000000 v input external delay
     1    0.005806    0.015368    0.009473    2.009473 v b[8] (in)
                                                         b[8] (net)
                      0.015371    0.000000    2.009473 v _18514_/D (sky130_fd_sc_hd__dfrtp_1)
                                              2.009473   data arrival time

                                  0.000000    0.000000   clock clk (rise edge)
                                  0.000000    0.000000   clock source latency
   163    0.547821    1.892577    1.198505    1.198505 ^ clk (in)
                                                         clk (net)
                      1.893057    0.000000    1.198505 ^ _18514_/CLK (sky130_fd_sc_hd__dfrtp_1)
                                  0.250000    1.448505   clock uncertainty
                                  0.000000    1.448505   clock reconvergence pessimism
                                  0.179482    1.627987   library hold time
                                              1.627987   data required time
---------------------------------------------------------------------------------------------
                                              1.627987   data required time
                                             -2.009473   data arrival time
---------------------------------------------------------------------------------------------
                                              0.381485   slack (MET)


Startpoint: b[9] (input port clocked by clk)
Endpoint: _18515_ (rising edge-triggered flip-flop clocked by clk)
Path Group: clk
Path Type: min

Fanout         Cap        Slew       Delay        Time   Description
---------------------------------------------------------------------------------------------
                                  0.000000    0.000000   clock clk (rise edge)
                                  0.000000    0.000000   clock network delay (propagated)
                                  2.000000    2.000000 v input external delay
     1    0.006016    0.015822    0.009820    2.009820 v b[9] (in)
                                                         b[9] (net)
                      0.015825    0.000000    2.009820 v _18515_/D (sky130_fd_sc_hd__dfrtp_1)
                                              2.009820   data arrival time

                                  0.000000    0.000000   clock clk (rise edge)
                                  0.000000    0.000000   clock source latency
   163    0.547821    1.892577    1.198532    1.198532 ^ clk (in)
                                                         clk (net)
                      1.893058    0.000000    1.198532 ^ _18515_/CLK (sky130_fd_sc_hd__dfrtp_1)
                                  0.250000    1.448532   clock uncertainty
                                  0.000000    1.448532   clock reconvergence pessimism
                                  0.179305    1.627836   library hold time
                                              1.627836   data required time
---------------------------------------------------------------------------------------------
                                              1.627836   data required time
                                             -2.009820   data arrival time
---------------------------------------------------------------------------------------------
                                              0.381984   slack (MET)


Startpoint: b[3] (input port clocked by clk)
Endpoint: _18509_ (rising edge-triggered flip-flop clocked by clk)
Path Group: clk
Path Type: min

Fanout         Cap        Slew       Delay        Time   Description
---------------------------------------------------------------------------------------------
                                  0.000000    0.000000   clock clk (rise edge)
                                  0.000000    0.000000   clock network delay (propagated)
                                  2.000000    2.000000 v input external delay
     1    0.006124    0.016057    0.009999    2.009999 v b[3] (in)
                                                         b[3] (net)
                      0.016060    0.000000    2.009999 v _18509_/D (sky130_fd_sc_hd__dfrtp_1)
                                              2.009999   data arrival time

                                  0.000000    0.000000   clock clk (rise edge)
                                  0.000000    0.000000   clock source latency
   163    0.547821    1.892577    1.198014    1.198014 ^ clk (in)
                                                         clk (net)
                      1.893039    0.000000    1.198014 ^ _18509_/CLK (sky130_fd_sc_hd__dfrtp_1)
                                  0.250000    1.448014   clock uncertainty
                                  0.000000    1.448014   clock reconvergence pessimism
                                  0.179211    1.627225   library hold time
                                              1.627225   data required time
---------------------------------------------------------------------------------------------
                                              1.627225   data required time
                                             -2.009999   data arrival time
---------------------------------------------------------------------------------------------
                                              0.382774   slack (MET)


Startpoint: b[4] (input port clocked by clk)
Endpoint: _18510_ (rising edge-triggered flip-flop clocked by clk)
Path Group: clk
Path Type: min

Fanout         Cap        Slew       Delay        Time   Description
---------------------------------------------------------------------------------------------
                                  0.000000    0.000000   clock clk (rise edge)
                                  0.000000    0.000000   clock network delay (propagated)
                                  2.000000    2.000000 v input external delay
     1    0.004836    0.013273    0.007866    2.007866 v b[4] (in)
                                                         b[4] (net)
                      0.013274    0.000000    2.007866 v _18510_/D (sky130_fd_sc_hd__dfrtp_1)
                                              2.007866   data arrival time

                                  0.000000    0.000000   clock clk (rise edge)
                                  0.000000    0.000000   clock source latency
   163    0.547821    1.892577    1.194801    1.194801 ^ clk (in)
                                                         clk (net)
                      1.892931    0.000000    1.194801 ^ _18510_/CLK (sky130_fd_sc_hd__dfrtp_1)
                                  0.250000    1.444801   clock uncertainty
                                  0.000000    1.444801   clock reconvergence pessimism
                                  0.180292    1.625093   library hold time
                                              1.625093   data required time
---------------------------------------------------------------------------------------------
                                              1.625093   data required time
                                             -2.007866   data arrival time
---------------------------------------------------------------------------------------------
                                              0.382774   slack (MET)


Startpoint: b[1] (input port clocked by clk)
Endpoint: _18507_ (rising edge-triggered flip-flop clocked by clk)
Path Group: clk
Path Type: min

Fanout         Cap        Slew       Delay        Time   Description
---------------------------------------------------------------------------------------------
                                  0.000000    0.000000   clock clk (rise edge)
                                  0.000000    0.000000   clock network delay (propagated)
                                  2.000000    2.000000 v input external delay
     1    0.004038    0.011499    0.006529    2.006529 v b[1] (in)
                                                         b[1] (net)
                      0.011504    0.000000    2.006529 v _18507_/D (sky130_fd_sc_hd__dfrtp_1)
                                              2.006529   data arrival time

                                  0.000000    0.000000   clock clk (rise edge)
                                  0.000000    0.000000   clock source latency
   163    0.547821    1.892577    1.192581    1.192581 ^ clk (in)
                                                         clk (net)
                      1.892865    0.000000    1.192581 ^ _18507_/CLK (sky130_fd_sc_hd__dfrtp_1)
                                  0.250000    1.442581   clock uncertainty
                                  0.000000    1.442581   clock reconvergence pessimism
                                  0.180979    1.623559   library hold time
                                              1.623559   data required time
---------------------------------------------------------------------------------------------
                                              1.623559   data required time
                                             -2.006529   data arrival time
---------------------------------------------------------------------------------------------
                                              0.382970   slack (MET)


Startpoint: b[15] (input port clocked by clk)
Endpoint: _18521_ (rising edge-triggered flip-flop clocked by clk)
Path Group: clk
Path Type: min

Fanout         Cap        Slew       Delay        Time   Description
---------------------------------------------------------------------------------------------
                                  0.000000    0.000000   clock clk (rise edge)
                                  0.000000    0.000000   clock network delay (propagated)
                                  2.000000    2.000000 v input external delay
     1    0.006439    0.016743    0.010524    2.010524 v b[15] (in)
                                                         b[15] (net)
                      0.016747    0.000000    2.010524 v _18521_/D (sky130_fd_sc_hd__dfrtp_1)
                                              2.010524   data arrival time

                                  0.000000    0.000000   clock clk (rise edge)
                                  0.000000    0.000000   clock source latency
   163    0.547821    1.892577    1.198007    1.198007 ^ clk (in)
                                                         clk (net)
                      1.893039    0.000000    1.198007 ^ _18521_/CLK (sky130_fd_sc_hd__dfrtp_1)
                                  0.250000    1.448008   clock uncertainty
                                  0.000000    1.448008   clock reconvergence pessimism
                                  0.178943    1.626950   library hold time
                                              1.626950   data required time
---------------------------------------------------------------------------------------------
                                              1.626950   data required time
                                             -2.010524   data arrival time
---------------------------------------------------------------------------------------------
                                              0.383573   slack (MET)


Startpoint: b[6] (input port clocked by clk)
Endpoint: _18512_ (rising edge-triggered flip-flop clocked by clk)
Path Group: clk
Path Type: min

Fanout         Cap        Slew       Delay        Time   Description
---------------------------------------------------------------------------------------------
                                  0.000000    0.000000   clock clk (rise edge)
                                  0.000000    0.000000   clock network delay (propagated)
                                  2.000000    2.000000 v input external delay
     1    0.005399    0.014490    0.008798    2.008798 v b[6] (in)
                                                         b[6] (net)
                      0.014492    0.000000    2.008798 v _18512_/D (sky130_fd_sc_hd__dfrtp_1)
                                              2.008798   data arrival time

                                  0.000000    0.000000   clock clk (rise edge)
                                  0.000000    0.000000   clock source latency
   163    0.547821    1.892577    1.192615    1.192615 ^ clk (in)
                                                         clk (net)
                      1.892865    0.000000    1.192615 ^ _18512_/CLK (sky130_fd_sc_hd__dfrtp_1)
                                  0.250000    1.442615   clock uncertainty
                                  0.000000    1.442615   clock reconvergence pessimism
                                  0.179811    1.622426   library hold time
                                              1.622426   data required time
---------------------------------------------------------------------------------------------
                                              1.622426   data required time
                                             -2.008798   data arrival time
---------------------------------------------------------------------------------------------
                                              0.386372   slack (MET)


Startpoint: rst_n (input port clocked by clk)
Endpoint: _18508_ (removal check against rising-edge clock clk)
Path Group: asynchronous
Path Type: min

Fanout         Cap        Slew       Delay        Time   Description
---------------------------------------------------------------------------------------------
                                  0.000000    0.000000   clock clk (rise edge)
                                  0.000000    0.000000   clock network delay (propagated)
                                  2.000000    2.000000 ^ input external delay
   163    0.834082    3.737125    2.291401    4.291401 ^ rst_n (in)
                                                         rst_n (net)
                      3.737250    0.000000    4.291401 ^ _18508_/RESET_B (sky130_fd_sc_hd__dfrtp_1)
                                              4.291401   data arrival time

                                  0.000000    0.000000   clock clk (rise edge)
                                  0.000000    0.000000   clock source latency
   163    0.547821    1.892577    1.192131    1.192131 ^ clk (in)
                                                         clk (net)
                      1.892852    0.000000    1.192131 ^ _18508_/CLK (sky130_fd_sc_hd__dfrtp_1)
                                  0.250000    1.442131   clock uncertainty
                                  0.000000    1.442131   clock reconvergence pessimism
                                  1.540124    2.982255   library removal time
                                              2.982255   data required time
---------------------------------------------------------------------------------------------
                                              2.982255   data required time
                                             -4.291401   data arrival time
---------------------------------------------------------------------------------------------
                                              1.309146   slack (MET)


Startpoint: rst_n (input port clocked by clk)
Endpoint: _18523_ (removal check against rising-edge clock clk)
Path Group: asynchronous
Path Type: min

Fanout         Cap        Slew       Delay        Time   Description
---------------------------------------------------------------------------------------------
                                  0.000000    0.000000   clock clk (rise edge)
                                  0.000000    0.000000   clock network delay (propagated)
                                  2.000000    2.000000 ^ input external delay
   163    0.834082    3.737125    2.295665    4.295665 ^ rst_n (in)
                                                         rst_n (net)
                      3.737312    0.000000    4.295665 ^ _18523_/RESET_B (sky130_fd_sc_hd__dfrtp_1)
                                              4.295665   data arrival time

                                  0.000000    0.000000   clock clk (rise edge)
                                  0.000000    0.000000   clock source latency
   163    0.547821    1.892577    1.193063    1.193063 ^ clk (in)
                                                         clk (net)
                      1.892878    0.000000    1.193063 ^ _18523_/CLK (sky130_fd_sc_hd__dfrtp_1)
                                  0.250000    1.443063   clock uncertainty
                                  0.000000    1.443063   clock reconvergence pessimism
                                  1.540142    2.983204   library removal time
                                              2.983204   data required time
---------------------------------------------------------------------------------------------
                                              2.983204   data required time
                                             -4.295665   data arrival time
---------------------------------------------------------------------------------------------
                                              1.312461   slack (MET)


Startpoint: rst_n (input port clocked by clk)
Endpoint: _18522_ (removal check against rising-edge clock clk)
Path Group: asynchronous
Path Type: min

Fanout         Cap        Slew       Delay        Time   Description
---------------------------------------------------------------------------------------------
                                  0.000000    0.000000   clock clk (rise edge)
                                  0.000000    0.000000   clock network delay (propagated)
                                  2.000000    2.000000 ^ input external delay
   163    0.834082    3.737125    2.296276    4.296277 ^ rst_n (in)
                                                         rst_n (net)
                      3.737322    0.000000    4.296277 ^ _18522_/RESET_B (sky130_fd_sc_hd__dfrtp_1)
                                              4.296277   data arrival time

                                  0.000000    0.000000   clock clk (rise edge)
                                  0.000000    0.000000   clock source latency
   163    0.547821    1.892577    1.193451    1.193451 ^ clk (in)
                                                         clk (net)
                      1.892890    0.000000    1.193451 ^ _18522_/CLK (sky130_fd_sc_hd__dfrtp_1)
                                  0.250000    1.443451   clock uncertainty
                                  0.000000    1.443451   clock reconvergence pessimism
                                  1.540145    2.983596   library removal time
                                              2.983596   data required time
---------------------------------------------------------------------------------------------
                                              2.983596   data required time
                                             -4.296277   data arrival time
---------------------------------------------------------------------------------------------
                                              1.312680   slack (MET)


Startpoint: rst_n (input port clocked by clk)
Endpoint: _18506_ (removal check against rising-edge clock clk)
Path Group: asynchronous
Path Type: min

Fanout         Cap        Slew       Delay        Time   Description
---------------------------------------------------------------------------------------------
                                  0.000000    0.000000   clock clk (rise edge)
                                  0.000000    0.000000   clock network delay (propagated)
                                  2.000000    2.000000 ^ input external delay
   163    0.834082    3.737125    2.298138    4.298138 ^ rst_n (in)
                                                         rst_n (net)
                      3.737355    0.000000    4.298138 ^ _18506_/RESET_B (sky130_fd_sc_hd__dfrtp_1)
                                              4.298138   data arrival time

                                  0.000000    0.000000   clock clk (rise edge)
                                  0.000000    0.000000   clock source latency
   163    0.547821    1.892577    1.194642    1.194642 ^ clk (in)
                                                         clk (net)
                      1.892926    0.000000    1.194642 ^ _18506_/CLK (sky130_fd_sc_hd__dfrtp_1)
                                  0.250000    1.444642   clock uncertainty
                                  0.000000    1.444642   clock reconvergence pessimism
                                  1.540157    2.984799   library removal time
                                              2.984799   data required time
---------------------------------------------------------------------------------------------
                                              2.984799   data required time
                                             -4.298138   data arrival time
---------------------------------------------------------------------------------------------
                                              1.313339   slack (MET)


Startpoint: rst_n (input port clocked by clk)
Endpoint: _18510_ (removal check against rising-edge clock clk)
Path Group: asynchronous
Path Type: min

Fanout         Cap        Slew       Delay        Time   Description
---------------------------------------------------------------------------------------------
                                  0.000000    0.000000   clock clk (rise edge)
                                  0.000000    0.000000   clock network delay (propagated)
                                  2.000000    2.000000 ^ input external delay
   163    0.834082    3.737125    2.298392    4.298391 ^ rst_n (in)
                                                         rst_n (net)
                      3.737359    0.000000    4.298391 ^ _18510_/RESET_B (sky130_fd_sc_hd__dfrtp_1)
                                              4.298391   data arrival time

                                  0.000000    0.000000   clock clk (rise edge)
                                  0.000000    0.000000   clock source latency
   163    0.547821    1.892577    1.194801    1.194801 ^ clk (in)
                                                         clk (net)
                      1.892931    0.000000    1.194801 ^ _18510_/CLK (sky130_fd_sc_hd__dfrtp_1)
                                  0.250000    1.444801   clock uncertainty
                                  0.000000    1.444801   clock reconvergence pessimism
                                  1.540158    2.984959   library removal time
                                              2.984959   data required time
---------------------------------------------------------------------------------------------
                                              2.984959   data required time
                                             -4.298391   data arrival time
---------------------------------------------------------------------------------------------
                                              1.313432   slack (MET)


Startpoint: rst_n (input port clocked by clk)
Endpoint: _18524_ (removal check against rising-edge clock clk)
Path Group: asynchronous
Path Type: min

Fanout         Cap        Slew       Delay        Time   Description
---------------------------------------------------------------------------------------------
                                  0.000000    0.000000   clock clk (rise edge)
                                  0.000000    0.000000   clock network delay (propagated)
                                  2.000000    2.000000 ^ input external delay
   163    0.834082    3.737125    2.299069    4.299069 ^ rst_n (in)
                                                         rst_n (net)
                      3.737371    0.000000    4.299069 ^ _18524_/RESET_B (sky130_fd_sc_hd__dfrtp_1)
                                              4.299069   data arrival time

                                  0.000000    0.000000   clock clk (rise edge)
                                  0.000000    0.000000   clock source latency
   163    0.547821    1.892577    1.195236    1.195236 ^ clk (in)
                                                         clk (net)
                      1.892945    0.000000    1.195236 ^ _18524_/CLK (sky130_fd_sc_hd__dfrtp_1)
                                  0.250000    1.445237   clock uncertainty
                                  0.000000    1.445237   clock reconvergence pessimism
                                  1.540163    2.985399   library removal time
                                              2.985399   data required time
---------------------------------------------------------------------------------------------
                                              2.985399   data required time
                                             -4.299069   data arrival time
---------------------------------------------------------------------------------------------
                                              1.313670   slack (MET)


Startpoint: rst_n (input port clocked by clk)
Endpoint: _18518_ (removal check against rising-edge clock clk)
Path Group: asynchronous
Path Type: min

Fanout         Cap        Slew       Delay        Time   Description
---------------------------------------------------------------------------------------------
                                  0.000000    0.000000   clock clk (rise edge)
                                  0.000000    0.000000   clock network delay (propagated)
                                  2.000000    2.000000 ^ input external delay
   163    0.834082    3.737125    2.301267    4.301267 ^ rst_n (in)
                                                         rst_n (net)
                      3.737414    0.000000    4.301267 ^ _18518_/RESET_B (sky130_fd_sc_hd__dfrtp_1)
                                              4.301267   data arrival time

                                  0.000000    0.000000   clock clk (rise edge)
                                  0.000000    0.000000   clock source latency
   163    0.547821    1.892577    1.196640    1.196640 ^ clk (in)
                                                         clk (net)
                      1.892991    0.000000    1.196640 ^ _18518_/CLK (sky130_fd_sc_hd__dfrtp_1)
                                  0.250000    1.446640   clock uncertainty
                                  0.000000    1.446640   clock reconvergence pessimism
                                  1.540178    2.986818   library removal time
                                              2.986818   data required time
---------------------------------------------------------------------------------------------
                                              2.986818   data required time
                                             -4.301267   data arrival time
---------------------------------------------------------------------------------------------
                                              1.314449   slack (MET)


Startpoint: rst_n (input port clocked by clk)
Endpoint: _18513_ (removal check against rising-edge clock clk)
Path Group: asynchronous
Path Type: min

Fanout         Cap        Slew       Delay        Time   Description
---------------------------------------------------------------------------------------------
                                  0.000000    0.000000   clock clk (rise edge)
                                  0.000000    0.000000   clock network delay (propagated)
                                  2.000000    2.000000 ^ input external delay
   163    0.834082    3.737125    2.303302    4.303302 ^ rst_n (in)
                                                         rst_n (net)
                      3.737456    0.000000    4.303302 ^ _18513_/RESET_B (sky130_fd_sc_hd__dfrtp_1)
                                              4.303302   data arrival time

                                  0.000000    0.000000   clock clk (rise edge)
                                  0.000000    0.000000   clock source latency
   163    0.547821    1.892577    1.197924    1.197924 ^ clk (in)
                                                         clk (net)
                      1.893036    0.000000    1.197924 ^ _18513_/CLK (sky130_fd_sc_hd__dfrtp_1)
                                  0.250000    1.447924   clock uncertainty
                                  0.000000    1.447924   clock reconvergence pessimism
                                  1.540192    2.988117   library removal time
                                              2.988117   data required time
---------------------------------------------------------------------------------------------
                                              2.988117   data required time
                                             -4.303302   data arrival time
---------------------------------------------------------------------------------------------
                                              1.315185   slack (MET)


Startpoint: rst_n (input port clocked by clk)
Endpoint: _18521_ (removal check against rising-edge clock clk)
Path Group: asynchronous
Path Type: min

Fanout         Cap        Slew       Delay        Time   Description
---------------------------------------------------------------------------------------------
                                  0.000000    0.000000   clock clk (rise edge)
                                  0.000000    0.000000   clock network delay (propagated)
                                  2.000000    2.000000 ^ input external delay
   163    0.834082    3.737125    2.303441    4.303441 ^ rst_n (in)
                                                         rst_n (net)
                      3.737459    0.000000    4.303441 ^ _18521_/RESET_B (sky130_fd_sc_hd__dfrtp_1)
                                              4.303441   data arrival time

                                  0.000000    0.000000   clock clk (rise edge)
                                  0.000000    0.000000   clock source latency
   163    0.547821    1.892577    1.198007    1.198007 ^ clk (in)
                                                         clk (net)
                      1.893039    0.000000    1.198007 ^ _18521_/CLK (sky130_fd_sc_hd__dfrtp_1)
                                  0.250000    1.448008   clock uncertainty
                                  0.000000    1.448008   clock reconvergence pessimism
                                  1.540193    2.988201   library removal time
                                              2.988201   data required time
---------------------------------------------------------------------------------------------
                                              2.988201   data required time
                                             -4.303441   data arrival time
---------------------------------------------------------------------------------------------
                                              1.315240   slack (MET)


Startpoint: rst_n (input port clocked by clk)
Endpoint: _18509_ (removal check against rising-edge clock clk)
Path Group: asynchronous
Path Type: min

Fanout         Cap        Slew       Delay        Time   Description
---------------------------------------------------------------------------------------------
                                  0.000000    0.000000   clock clk (rise edge)
                                  0.000000    0.000000   clock network delay (propagated)
                                  2.000000    2.000000 ^ input external delay
   163    0.834082    3.737125    2.303453    4.303453 ^ rst_n (in)
                                                         rst_n (net)
                      3.737460    0.000000    4.303453 ^ _18509_/RESET_B (sky130_fd_sc_hd__dfrtp_1)
                                              4.303453   data arrival time

                                  0.000000    0.000000   clock clk (rise edge)
                                  0.000000    0.000000   clock source latency
   163    0.547821    1.892577    1.198014    1.198014 ^ clk (in)
                                                         clk (net)
                      1.893039    0.000000    1.198014 ^ _18509_/CLK (sky130_fd_sc_hd__dfrtp_1)
                                  0.250000    1.448014   clock uncertainty
                                  0.000000    1.448014   clock reconvergence pessimism
                                  1.540194    2.988208   library removal time
                                              2.988208   data required time
---------------------------------------------------------------------------------------------
                                              2.988208   data required time
                                             -4.303453   data arrival time
---------------------------------------------------------------------------------------------
                                              1.315245   slack (MET)


Startpoint: rst_n (input port clocked by clk)
Endpoint: _18520_ (removal check against rising-edge clock clk)
Path Group: asynchronous
Path Type: min

Fanout         Cap        Slew       Delay        Time   Description
---------------------------------------------------------------------------------------------
                                  0.000000    0.000000   clock clk (rise edge)
                                  0.000000    0.000000   clock network delay (propagated)
                                  2.000000    2.000000 ^ input external delay
   163    0.834082    3.737125    2.303892    4.303893 ^ rst_n (in)
                                                         rst_n (net)
                      3.737469    0.000000    4.303893 ^ _18520_/RESET_B (sky130_fd_sc_hd__dfrtp_1)
                                              4.303893   data arrival time

                                  0.000000    0.000000   clock clk (rise edge)
                                  0.000000    0.000000   clock source latency
   163    0.547821    1.892577    1.198287    1.198287 ^ clk (in)
                                                         clk (net)
                      1.893049    0.000000    1.198287 ^ _18520_/CLK (sky130_fd_sc_hd__dfrtp_1)
                                  0.250000    1.448287   clock uncertainty
                                  0.000000    1.448287   clock reconvergence pessimism
                                  1.540197    2.988483   library removal time
                                              2.988483   data required time
---------------------------------------------------------------------------------------------
                                              2.988483   data required time
                                             -4.303893   data arrival time
---------------------------------------------------------------------------------------------
                                              1.315409   slack (MET)


Startpoint: rst_n (input port clocked by clk)
Endpoint: _18517_ (removal check against rising-edge clock clk)
Path Group: asynchronous
Path Type: min

Fanout         Cap        Slew       Delay        Time   Description
---------------------------------------------------------------------------------------------
                                  0.000000    0.000000   clock clk (rise edge)
                                  0.000000    0.000000   clock network delay (propagated)
                                  2.000000    2.000000 ^ input external delay
   163    0.834082    3.737125    2.304127    4.304127 ^ rst_n (in)
                                                         rst_n (net)
                      3.737474    0.000000    4.304127 ^ _18517_/RESET_B (sky130_fd_sc_hd__dfrtp_1)
                                              4.304127   data arrival time

                                  0.000000    0.000000   clock clk (rise edge)
                                  0.000000    0.000000   clock source latency
   163    0.547821    1.892577    1.198427    1.198427 ^ clk (in)
                                                         clk (net)
                      1.893054    0.000000    1.198427 ^ _18517_/CLK (sky130_fd_sc_hd__dfrtp_1)
                                  0.250000    1.448427   clock uncertainty
                                  0.000000    1.448427   clock reconvergence pessimism
                                  1.540199    2.988626   library removal time
                                              2.988626   data required time
---------------------------------------------------------------------------------------------
                                              2.988626   data required time
                                             -4.304127   data arrival time
---------------------------------------------------------------------------------------------
                                              1.315501   slack (MET)


Startpoint: rst_n (input port clocked by clk)
Endpoint: _18598_ (removal check against rising-edge clock clk)
Path Group: asynchronous
Path Type: min

Fanout         Cap        Slew       Delay        Time   Description
---------------------------------------------------------------------------------------------
                                  0.000000    0.000000   clock clk (rise edge)
                                  0.000000    0.000000   clock network delay (propagated)
                                  2.000000    2.000000 ^ input external delay
   163    0.834082    3.737125    2.304290    4.304290 ^ rst_n (in)
                                                         rst_n (net)
                      3.737478    0.000000    4.304290 ^ _18598_/RESET_B (sky130_fd_sc_hd__dfrtp_1)
                                              4.304290   data arrival time

                                  0.000000    0.000000   clock clk (rise edge)
                                  0.000000    0.000000   clock source latency
   163    0.547821    1.892577    1.198560    1.198560 ^ clk (in)
                                                         clk (net)
                      1.893059    0.000000    1.198560 ^ _18598_/CLK (sky130_fd_sc_hd__dfrtp_1)
                                  0.250000    1.448560   clock uncertainty
                                  0.000000    1.448560   clock reconvergence pessimism
                                  1.540200    2.988760   library removal time
                                              2.988760   data required time
---------------------------------------------------------------------------------------------
                                              2.988760   data required time
                                             -4.304290   data arrival time
---------------------------------------------------------------------------------------------
                                              1.315531   slack (MET)


Startpoint: rst_n (input port clocked by clk)
Endpoint: _18597_ (removal check against rising-edge clock clk)
Path Group: asynchronous
Path Type: min

Fanout         Cap        Slew       Delay        Time   Description
---------------------------------------------------------------------------------------------
                                  0.000000    0.000000   clock clk (rise edge)
                                  0.000000    0.000000   clock network delay (propagated)
                                  2.000000    2.000000 ^ input external delay
   163    0.834082    3.737125    2.304209    4.304210 ^ rst_n (in)
                                                         rst_n (net)
                      3.737476    0.000000    4.304210 ^ _18597_/RESET_B (sky130_fd_sc_hd__dfrtp_1)
                                              4.304210   data arrival time

                                  0.000000    0.000000   clock clk (rise edge)
                                  0.000000    0.000000   clock source latency
   163    0.547821    1.892577    1.198475    1.198475 ^ clk (in)
                                                         clk (net)
                      1.893056    0.000000    1.198475 ^ _18597_/CLK (sky130_fd_sc_hd__dfrtp_1)
                                  0.250000    1.448475   clock uncertainty
                                  0.000000    1.448475   clock reconvergence pessimism
                                  1.540199    2.988675   library removal time
                                              2.988675   data required time
---------------------------------------------------------------------------------------------
                                              2.988675   data required time
                                             -4.304210   data arrival time
---------------------------------------------------------------------------------------------
                                              1.315535   slack (MET)


Startpoint: rst_n (input port clocked by clk)
Endpoint: _18514_ (removal check against rising-edge clock clk)
Path Group: asynchronous
Path Type: min

Fanout         Cap        Slew       Delay        Time   Description
---------------------------------------------------------------------------------------------
                                  0.000000    0.000000   clock clk (rise edge)
                                  0.000000    0.000000   clock network delay (propagated)
                                  2.000000    2.000000 ^ input external delay
   163    0.834082    3.737125    2.304258    4.304258 ^ rst_n (in)
                                                         rst_n (net)
                      3.737478    0.000000    4.304258 ^ _18514_/RESET_B (sky130_fd_sc_hd__dfrtp_1)
                                              4.304258   data arrival time

                                  0.000000    0.000000   clock clk (rise edge)
                                  0.000000    0.000000   clock source latency
   163    0.547821    1.892577    1.198505    1.198505 ^ clk (in)
                                                         clk (net)
                      1.893057    0.000000    1.198505 ^ _18514_/CLK (sky130_fd_sc_hd__dfrtp_1)
                                  0.250000    1.448505   clock uncertainty
                                  0.000000    1.448505   clock reconvergence pessimism
                                  1.540200    2.988705   library removal time
                                              2.988705   data required time
---------------------------------------------------------------------------------------------
                                              2.988705   data required time
                                             -4.304258   data arrival time
---------------------------------------------------------------------------------------------
                                              1.315554   slack (MET)


Startpoint: rst_n (input port clocked by clk)
Endpoint: _18515_ (removal check against rising-edge clock clk)
Path Group: asynchronous
Path Type: min

Fanout         Cap        Slew       Delay        Time   Description
---------------------------------------------------------------------------------------------
                                  0.000000    0.000000   clock clk (rise edge)
                                  0.000000    0.000000   clock network delay (propagated)
                                  2.000000    2.000000 ^ input external delay
   163    0.834082    3.737125    2.304305    4.304305 ^ rst_n (in)
                                                         rst_n (net)
                      3.737478    0.000000    4.304305 ^ _18515_/RESET_B (sky130_fd_sc_hd__dfrtp_1)
                                              4.304305   data arrival time

                                  0.000000    0.000000   clock clk (rise edge)
                                  0.000000    0.000000   clock source latency
   163    0.547821    1.892577    1.198532    1.198532 ^ clk (in)
                                                         clk (net)
                      1.893058    0.000000    1.198532 ^ _18515_/CLK (sky130_fd_sc_hd__dfrtp_1)
                                  0.250000    1.448532   clock uncertainty
                                  0.000000    1.448532   clock reconvergence pessimism
                                  1.540200    2.988732   library removal time
                                              2.988732   data required time
---------------------------------------------------------------------------------------------
                                              2.988732   data required time
                                             -4.304305   data arrival time
---------------------------------------------------------------------------------------------
                                              1.315573   slack (MET)


Startpoint: rst_n (input port clocked by clk)
Endpoint: _18591_ (removal check against rising-edge clock clk)
Path Group: asynchronous
Path Type: min

Fanout         Cap        Slew       Delay        Time   Description
---------------------------------------------------------------------------------------------
                                  0.000000    0.000000   clock clk (rise edge)
                                  0.000000    0.000000   clock network delay (propagated)
                                  2.000000    2.000000 ^ input external delay
   163    0.834082    3.737125    2.305012    4.305013 ^ rst_n (in)
                                                         rst_n (net)
                      3.737494    0.000000    4.305013 ^ _18591_/RESET_B (sky130_fd_sc_hd__dfrtp_1)
                                              4.305013   data arrival time

                                  0.000000    0.000000   clock clk (rise edge)
                                  0.000000    0.000000   clock source latency
   163    0.547821    1.892577    1.199015    1.199015 ^ clk (in)
                                                         clk (net)
                      1.893076    0.000000    1.199015 ^ _18591_/CLK (sky130_fd_sc_hd__dfrtp_1)
                                  0.250000    1.449015   clock uncertainty
                                  0.000000    1.449015   clock reconvergence pessimism
                                  1.540206    2.989220   library removal time
                                              2.989220   data required time
---------------------------------------------------------------------------------------------
                                              2.989220   data required time
                                             -4.305013   data arrival time
---------------------------------------------------------------------------------------------
                                              1.315792   slack (MET)


Startpoint: rst_n (input port clocked by clk)
Endpoint: _18589_ (removal check against rising-edge clock clk)
Path Group: asynchronous
Path Type: min

Fanout         Cap        Slew       Delay        Time   Description
---------------------------------------------------------------------------------------------
                                  0.000000    0.000000   clock clk (rise edge)
                                  0.000000    0.000000   clock network delay (propagated)
                                  2.000000    2.000000 ^ input external delay
   163    0.834082    3.737125    2.305578    4.305578 ^ rst_n (in)
                                                         rst_n (net)
                      3.737507    0.000000    4.305578 ^ _18589_/RESET_B (sky130_fd_sc_hd__dfrtp_1)
                                              4.305578   data arrival time

                                  0.000000    0.000000   clock clk (rise edge)
                                  0.000000    0.000000   clock source latency
   163    0.547821    1.892577    1.199376    1.199376 ^ clk (in)
                                                         clk (net)
                      1.893090    0.000000    1.199376 ^ _18589_/CLK (sky130_fd_sc_hd__dfrtp_1)
                                  0.250000    1.449376   clock uncertainty
                                  0.000000    1.449376   clock reconvergence pessimism
                                  1.540210    2.989586   library removal time
                                              2.989586   data required time
---------------------------------------------------------------------------------------------
                                              2.989586   data required time
                                             -4.305578   data arrival time
---------------------------------------------------------------------------------------------
                                              1.315992   slack (MET)


Startpoint: rst_n (input port clocked by clk)
Endpoint: _18588_ (removal check against rising-edge clock clk)
Path Group: asynchronous
Path Type: min

Fanout         Cap        Slew       Delay        Time   Description
---------------------------------------------------------------------------------------------
                                  0.000000    0.000000   clock clk (rise edge)
                                  0.000000    0.000000   clock network delay (propagated)
                                  2.000000    2.000000 ^ input external delay
   163    0.834082    3.737125    2.305673    4.305673 ^ rst_n (in)
                                                         rst_n (net)
                      3.737509    0.000000    4.305673 ^ _18588_/RESET_B (sky130_fd_sc_hd__dfrtp_1)
                                              4.305673   data arrival time

                                  0.000000    0.000000   clock clk (rise edge)
                                  0.000000    0.000000   clock source latency
   163    0.547821    1.892577    1.199424    1.199424 ^ clk (in)
                                                         clk (net)
                      1.893091    0.000000    1.199424 ^ _18588_/CLK (sky130_fd_sc_hd__dfrtp_1)
                                  0.250000    1.449424   clock uncertainty
                                  0.000000    1.449424   clock reconvergence pessimism
                                  1.540211    2.989635   library removal time
                                              2.989635   data required time
---------------------------------------------------------------------------------------------
                                              2.989635   data required time
                                             -4.305673   data arrival time
---------------------------------------------------------------------------------------------
                                              1.316039   slack (MET)


Startpoint: rst_n (input port clocked by clk)
Endpoint: _18595_ (removal check against rising-edge clock clk)
Path Group: asynchronous
Path Type: min

Fanout         Cap        Slew       Delay        Time   Description
---------------------------------------------------------------------------------------------
                                  0.000000    0.000000   clock clk (rise edge)
                                  0.000000    0.000000   clock network delay (propagated)
                                  2.000000    2.000000 ^ input external delay
   163    0.834082    3.737125    2.305828    4.305828 ^ rst_n (in)
                                                         rst_n (net)
                      3.737513    0.000000    4.305828 ^ _18595_/RESET_B (sky130_fd_sc_hd__dfrtp_1)
                                              4.305828   data arrival time

                                  0.000000    0.000000   clock clk (rise edge)
                                  0.000000    0.000000   clock source latency
   163    0.547821    1.892577    1.199545    1.199545 ^ clk (in)
                                                         clk (net)
                      1.893096    0.000000    1.199545 ^ _18595_/CLK (sky130_fd_sc_hd__dfrtp_1)
                                  0.250000    1.449545   clock uncertainty
                                  0.000000    1.449545   clock reconvergence pessimism
                                  1.540212    2.989757   library removal time
                                              2.989757   data required time
---------------------------------------------------------------------------------------------
                                              2.989757   data required time
                                             -4.305828   data arrival time
---------------------------------------------------------------------------------------------
                                              1.316071   slack (MET)


Startpoint: rst_n (input port clocked by clk)
Endpoint: _18603_ (removal check against rising-edge clock clk)
Path Group: asynchronous
Path Type: min

Fanout         Cap        Slew       Delay        Time   Description
---------------------------------------------------------------------------------------------
                                  0.000000    0.000000   clock clk (rise edge)
                                  0.000000    0.000000   clock network delay (propagated)
                                  2.000000    2.000000 ^ input external delay
   163    0.834082    3.737125    2.305887    4.305886 ^ rst_n (in)
                                                         rst_n (net)
                      3.737514    0.000000    4.305886 ^ _18603_/RESET_B (sky130_fd_sc_hd__dfrtp_1)
                                              4.305886   data arrival time

                                  0.000000    0.000000   clock clk (rise edge)
                                  0.000000    0.000000   clock source latency
   163    0.547821    1.892577    1.199550    1.199550 ^ clk (in)
                                                         clk (net)
                      1.893096    0.000000    1.199550 ^ _18603_/CLK (sky130_fd_sc_hd__dfrtp_1)
                                  0.250000    1.449550   clock uncertainty
                                  0.000000    1.449550   clock reconvergence pessimism
                                  1.540212    2.989763   library removal time
                                              2.989763   data required time
---------------------------------------------------------------------------------------------
                                              2.989763   data required time
                                             -4.305886   data arrival time
---------------------------------------------------------------------------------------------
                                              1.316124   slack (MET)


Startpoint: rst_n (input port clocked by clk)
Endpoint: _18605_ (removal check against rising-edge clock clk)
Path Group: asynchronous
Path Type: min

Fanout         Cap        Slew       Delay        Time   Description
---------------------------------------------------------------------------------------------
                                  0.000000    0.000000   clock clk (rise edge)
                                  0.000000    0.000000   clock network delay (propagated)
                                  2.000000    2.000000 ^ input external delay
   163    0.834082    3.737125    2.306105    4.306105 ^ rst_n (in)
                                                         rst_n (net)
                      3.737520    0.000000    4.306105 ^ _18605_/RESET_B (sky130_fd_sc_hd__dfrtp_1)
                                              4.306105   data arrival time

                                  0.000000    0.000000   clock clk (rise edge)
                                  0.000000    0.000000   clock source latency
   163    0.547821    1.892577    1.199735    1.199735 ^ clk (in)
                                                         clk (net)
                      1.893103    0.000000    1.199735 ^ _18605_/CLK (sky130_fd_sc_hd__dfrtp_1)
                                  0.250000    1.449735   clock uncertainty
                                  0.000000    1.449735   clock reconvergence pessimism
                                  1.540214    2.989949   library removal time
                                              2.989949   data required time
---------------------------------------------------------------------------------------------
                                              2.989949   data required time
                                             -4.306105   data arrival time
---------------------------------------------------------------------------------------------
                                              1.316156   slack (MET)


Startpoint: rst_n (input port clocked by clk)
Endpoint: _18594_ (removal check against rising-edge clock clk)
Path Group: asynchronous
Path Type: min

Fanout         Cap        Slew       Delay        Time   Description
---------------------------------------------------------------------------------------------
                                  0.000000    0.000000   clock clk (rise edge)
                                  0.000000    0.000000   clock network delay (propagated)
                                  2.000000    2.000000 ^ input external delay
   163    0.834082    3.737125    2.306026    4.306026 ^ rst_n (in)
                                                         rst_n (net)
                      3.737518    0.000000    4.306026 ^ _18594_/RESET_B (sky130_fd_sc_hd__dfrtp_1)
                                              4.306026   data arrival time

                                  0.000000    0.000000   clock clk (rise edge)
                                  0.000000    0.000000   clock source latency
   163    0.547821    1.892577    1.199633    1.199633 ^ clk (in)
                                                         clk (net)
                      1.893099    0.000000    1.199633 ^ _18594_/CLK (sky130_fd_sc_hd__dfrtp_1)
                                  0.250000    1.449633   clock uncertainty
                                  0.000000    1.449633   clock reconvergence pessimism
                                  1.540214    2.989847   library removal time
                                              2.989847   data required time
---------------------------------------------------------------------------------------------
                                              2.989847   data required time
                                             -4.306026   data arrival time
---------------------------------------------------------------------------------------------
                                              1.316180   slack (MET)


Startpoint: rst_n (input port clocked by clk)
Endpoint: _18600_ (removal check against rising-edge clock clk)
Path Group: asynchronous
Path Type: min

Fanout         Cap        Slew       Delay        Time   Description
---------------------------------------------------------------------------------------------
                                  0.000000    0.000000   clock clk (rise edge)
                                  0.000000    0.000000   clock network delay (propagated)
                                  2.000000    2.000000 ^ input external delay
   163    0.834082    3.737125    2.306102    4.306102 ^ rst_n (in)
                                                         rst_n (net)
                      3.737520    0.000000    4.306102 ^ _18600_/RESET_B (sky130_fd_sc_hd__dfrtp_1)
                                              4.306102   data arrival time

                                  0.000000    0.000000   clock clk (rise edge)
                                  0.000000    0.000000   clock source latency
   163    0.547821    1.892577    1.199677    1.199677 ^ clk (in)
                                                         clk (net)
                      1.893101    0.000000    1.199677 ^ _18600_/CLK (sky130_fd_sc_hd__dfrtp_1)
                                  0.250000    1.449677   clock uncertainty
                                  0.000000    1.449677   clock reconvergence pessimism
                                  1.540214    2.989892   library removal time
                                              2.989892   data required time
---------------------------------------------------------------------------------------------
                                              2.989892   data required time
                                             -4.306102   data arrival time
---------------------------------------------------------------------------------------------
                                              1.316210   slack (MET)


Startpoint: rst_n (input port clocked by clk)
Endpoint: _18592_ (removal check against rising-edge clock clk)
Path Group: asynchronous
Path Type: min

Fanout         Cap        Slew       Delay        Time   Description
---------------------------------------------------------------------------------------------
                                  0.000000    0.000000   clock clk (rise edge)
                                  0.000000    0.000000   clock network delay (propagated)
                                  2.000000    2.000000 ^ input external delay
   163    0.834082    3.737125    2.306434    4.306435 ^ rst_n (in)
                                                         rst_n (net)
                      3.737527    0.000000    4.306435 ^ _18592_/RESET_B (sky130_fd_sc_hd__dfrtp_1)
                                              4.306435   data arrival time

                                  0.000000    0.000000   clock clk (rise edge)
                                  0.000000    0.000000   clock source latency
   163    0.547821    1.892577    1.199964    1.199964 ^ clk (in)
                                                         clk (net)
                      1.893112    0.000000    1.199964 ^ _18592_/CLK (sky130_fd_sc_hd__dfrtp_1)
                                  0.250000    1.449964   clock uncertainty
                                  0.000000    1.449964   clock reconvergence pessimism
                                  1.540217    2.990181   library removal time
                                              2.990181   data required time
---------------------------------------------------------------------------------------------
                                              2.990181   data required time
                                             -4.306435   data arrival time
---------------------------------------------------------------------------------------------
                                              1.316253   slack (MET)


Startpoint: rst_n (input port clocked by clk)
Endpoint: _18613_ (removal check against rising-edge clock clk)
Path Group: asynchronous
Path Type: min

Fanout         Cap        Slew       Delay        Time   Description
---------------------------------------------------------------------------------------------
                                  0.000000    0.000000   clock clk (rise edge)
                                  0.000000    0.000000   clock network delay (propagated)
                                  2.000000    2.000000 ^ input external delay
   163    0.834082    3.737125    2.306241    4.306241 ^ rst_n (in)
                                                         rst_n (net)
                      3.737523    0.000000    4.306241 ^ _18613_/RESET_B (sky130_fd_sc_hd__dfrtp_1)
                                              4.306241   data arrival time

                                  0.000000    0.000000   clock clk (rise edge)
                                  0.000000    0.000000   clock source latency
   163    0.547821    1.892577    1.199761    1.199761 ^ clk (in)
                                                         clk (net)
                      1.893104    0.000000    1.199761 ^ _18613_/CLK (sky130_fd_sc_hd__dfrtp_1)
                                  0.250000    1.449761   clock uncertainty
                                  0.000000    1.449761   clock reconvergence pessimism
                                  1.540215    2.989976   library removal time
                                              2.989976   data required time
---------------------------------------------------------------------------------------------
                                              2.989976   data required time
                                             -4.306241   data arrival time
---------------------------------------------------------------------------------------------
                                              1.316265   slack (MET)


Startpoint: rst_n (input port clocked by clk)
Endpoint: _18596_ (removal check against rising-edge clock clk)
Path Group: asynchronous
Path Type: min

Fanout         Cap        Slew       Delay        Time   Description
---------------------------------------------------------------------------------------------
                                  0.000000    0.000000   clock clk (rise edge)
                                  0.000000    0.000000   clock network delay (propagated)
                                  2.000000    2.000000 ^ input external delay
   163    0.834082    3.737125    2.306544    4.306544 ^ rst_n (in)
                                                         rst_n (net)
                      3.737530    0.000000    4.306544 ^ _18596_/RESET_B (sky130_fd_sc_hd__dfrtp_1)
                                              4.306544   data arrival time

                                  0.000000    0.000000   clock clk (rise edge)
                                  0.000000    0.000000   clock source latency
   163    0.547821    1.892577    1.200043    1.200043 ^ clk (in)
                                                         clk (net)
                      1.893115    0.000000    1.200043 ^ _18596_/CLK (sky130_fd_sc_hd__dfrtp_1)
                                  0.250000    1.450043   clock uncertainty
                                  0.000000    1.450043   clock reconvergence pessimism
                                  1.540218    2.990262   library removal time
                                              2.990262   data required time
---------------------------------------------------------------------------------------------
                                              2.990262   data required time
                                             -4.306544   data arrival time
---------------------------------------------------------------------------------------------
                                              1.316283   slack (MET)


Startpoint: rst_n (input port clocked by clk)
Endpoint: _18593_ (removal check against rising-edge clock clk)
Path Group: asynchronous
Path Type: min

Fanout         Cap        Slew       Delay        Time   Description
---------------------------------------------------------------------------------------------
                                  0.000000    0.000000   clock clk (rise edge)
                                  0.000000    0.000000   clock network delay (propagated)
                                  2.000000    2.000000 ^ input external delay
   163    0.834082    3.737125    2.306301    4.306301 ^ rst_n (in)
                                                         rst_n (net)
                      3.737524    0.000000    4.306301 ^ _18593_/RESET_B (sky130_fd_sc_hd__dfrtp_1)
                                              4.306301   data arrival time

                                  0.000000    0.000000   clock clk (rise edge)
                                  0.000000    0.000000   clock source latency
   163    0.547821    1.892577    1.199795    1.199795 ^ clk (in)
                                                         clk (net)
                      1.893106    0.000000    1.199795 ^ _18593_/CLK (sky130_fd_sc_hd__dfrtp_1)
                                  0.250000    1.449795   clock uncertainty
                                  0.000000    1.449795   clock reconvergence pessimism
                                  1.540216    2.990011   library removal time
                                              2.990011   data required time
---------------------------------------------------------------------------------------------
                                              2.990011   data required time
                                             -4.306301   data arrival time
---------------------------------------------------------------------------------------------
                                              1.316290   slack (MET)


Startpoint: rst_n (input port clocked by clk)
Endpoint: _18519_ (removal check against rising-edge clock clk)
Path Group: asynchronous
Path Type: min

Fanout         Cap        Slew       Delay        Time   Description
---------------------------------------------------------------------------------------------
                                  0.000000    0.000000   clock clk (rise edge)
                                  0.000000    0.000000   clock network delay (propagated)
                                  2.000000    2.000000 ^ input external delay
   163    0.834082    3.737125    2.306314    4.306314 ^ rst_n (in)
                                                         rst_n (net)
                      3.737525    0.000000    4.306314 ^ _18519_/RESET_B (sky130_fd_sc_hd__dfrtp_1)
                                              4.306314   data arrival time

                                  0.000000    0.000000   clock clk (rise edge)
                                  0.000000    0.000000   clock source latency
   163    0.547821    1.892577    1.199803    1.199803 ^ clk (in)
                                                         clk (net)
                      1.893106    0.000000    1.199803 ^ _18519_/CLK (sky130_fd_sc_hd__dfrtp_1)
                                  0.250000    1.449803   clock uncertainty
                                  0.000000    1.449803   clock reconvergence pessimism
                                  1.540216    2.990019   library removal time
                                              2.990019   data required time
---------------------------------------------------------------------------------------------
                                              2.990019   data required time
                                             -4.306314   data arrival time
---------------------------------------------------------------------------------------------
                                              1.316295   slack (MET)


Startpoint: rst_n (input port clocked by clk)
Endpoint: _18516_ (removal check against rising-edge clock clk)
Path Group: asynchronous
Path Type: min

Fanout         Cap        Slew       Delay        Time   Description
---------------------------------------------------------------------------------------------
                                  0.000000    0.000000   clock clk (rise edge)
                                  0.000000    0.000000   clock network delay (propagated)
                                  2.000000    2.000000 ^ input external delay
   163    0.834082    3.737125    2.306903    4.306903 ^ rst_n (in)
                                                         rst_n (net)
                      3.737539    0.000000    4.306903 ^ _18516_/RESET_B (sky130_fd_sc_hd__dfrtp_1)
                                              4.306903   data arrival time

                                  0.000000    0.000000   clock clk (rise edge)
                                  0.000000    0.000000   clock source latency
   163    0.547821    1.892577    1.200300    1.200300 ^ clk (in)
                                                         clk (net)
                      1.893125    0.000000    1.200300 ^ _18516_/CLK (sky130_fd_sc_hd__dfrtp_1)
                                  0.250000    1.450300   clock uncertainty
                                  0.000000    1.450300   clock reconvergence pessimism
                                  1.540221    2.990521   library removal time
                                              2.990521   data required time
---------------------------------------------------------------------------------------------
                                              2.990521   data required time
                                             -4.306903   data arrival time
---------------------------------------------------------------------------------------------
                                              1.316383   slack (MET)


Startpoint: rst_n (input port clocked by clk)
Endpoint: _18507_ (removal check against rising-edge clock clk)
Path Group: asynchronous
Path Type: min

Fanout         Cap        Slew       Delay        Time   Description
---------------------------------------------------------------------------------------------
                                  0.000000    0.000000   clock clk (rise edge)
                                  0.000000    0.000000   clock network delay (propagated)
                                  2.000000    2.000000 ^ input external delay
   163    0.834082    3.737125    2.301410    4.301410 ^ rst_n (in)
                                                         rst_n (net)
                      3.737417    0.000000    4.301410 ^ _18507_/RESET_B (sky130_fd_sc_hd__dfrtp_1)
                                              4.301410   data arrival time

                                  0.000000    0.000000   clock clk (rise edge)
                                  0.000000    0.000000   clock source latency
   163    0.547821    1.892577    1.192581    1.192581 ^ clk (in)
                                                         clk (net)
                      1.892865    0.000000    1.192581 ^ _18507_/CLK (sky130_fd_sc_hd__dfrtp_1)
                                  0.250000    1.442581   clock uncertainty
                                  0.000000    1.442581   clock reconvergence pessimism
                                  1.540167    2.982748   library removal time
                                              2.982748   data required time
---------------------------------------------------------------------------------------------
                                              2.982748   data required time
                                             -4.301410   data arrival time
---------------------------------------------------------------------------------------------
                                              1.318663   slack (MET)


Startpoint: rst_n (input port clocked by clk)
Endpoint: _18512_ (removal check against rising-edge clock clk)
Path Group: asynchronous
Path Type: min

Fanout         Cap        Slew       Delay        Time   Description
---------------------------------------------------------------------------------------------
                                  0.000000    0.000000   clock clk (rise edge)
                                  0.000000    0.000000   clock network delay (propagated)
                                  2.000000    2.000000 ^ input external delay
   163    0.834082    3.737125    2.310930    4.310929 ^ rst_n (in)
                                                         rst_n (net)
                      3.737641    0.000000    4.310929 ^ _18512_/RESET_B (sky130_fd_sc_hd__dfrtp_1)
                                              4.310929   data arrival time

                                  0.000000    0.000000   clock clk (rise edge)
                                  0.000000    0.000000   clock source latency
   163    0.547821    1.892577    1.192615    1.192615 ^ clk (in)
                                                         clk (net)
                      1.892865    0.000000    1.192615 ^ _18512_/CLK (sky130_fd_sc_hd__dfrtp_1)
                                  0.250000    1.442615   clock uncertainty
                                  0.000000    1.442615   clock reconvergence pessimism
                                  1.540223    2.982838   library removal time
                                              2.982838   data required time
---------------------------------------------------------------------------------------------
                                              2.982838   data required time
                                             -4.310929   data arrival time
---------------------------------------------------------------------------------------------
                                              1.328091   slack (MET)


Startpoint: rst_n (input port clocked by clk)
Endpoint: _18511_ (removal check against rising-edge clock clk)
Path Group: asynchronous
Path Type: min

Fanout         Cap        Slew       Delay        Time   Description
---------------------------------------------------------------------------------------------
                                  0.000000    0.000000   clock clk (rise edge)
                                  0.000000    0.000000   clock network delay (propagated)
                                  2.000000    2.000000 ^ input external delay
   163    0.834082    3.737125    2.501524    4.501523 ^ rst_n (in)
                                                         rst_n (net)
                      3.757247    0.000000    4.501523 ^ _18511_/RESET_B (sky130_fd_sc_hd__dfrtp_1)
                                              4.501523   data arrival time

                                  0.000000    0.000000   clock clk (rise edge)
                                  0.000000    0.000000   clock source latency
   163    0.547821    1.892577    1.256306    1.256306 ^ clk (in)
                                                         clk (net)
                      1.897704    0.000000    1.256306 ^ _18511_/CLK (sky130_fd_sc_hd__dfrtp_1)
                                  0.250000    1.506306   clock uncertainty
                                  0.000000    1.506306   clock reconvergence pessimism
                                  1.545579    3.051885   library removal time
                                              3.051885   data required time
---------------------------------------------------------------------------------------------
                                              3.051885   data required time
                                             -4.501523   data arrival time
---------------------------------------------------------------------------------------------
                                              1.449639   slack (MET)


Startpoint: rst_n (input port clocked by clk)
Endpoint: _18528_ (removal check against rising-edge clock clk)
Path Group: asynchronous
Path Type: min

Fanout         Cap        Slew       Delay        Time   Description
---------------------------------------------------------------------------------------------
                                  0.000000    0.000000   clock clk (rise edge)
                                  0.000000    0.000000   clock network delay (propagated)
                                  2.000000    2.000000 ^ input external delay
   163    0.834082    3.737125    2.585732    4.585732 ^ rst_n (in)
                                                         rst_n (net)
                      3.776563    0.000000    4.585732 ^ _18528_/RESET_B (sky130_fd_sc_hd__dfrtp_1)
                                              4.585732   data arrival time

                                  0.000000    0.000000   clock clk (rise edge)
                                  0.000000    0.000000   clock source latency
   163    0.547821    1.892577    1.310745    1.310745 ^ clk (in)
                                                         clk (net)
                      1.907341    0.000000    1.310745 ^ _18528_/CLK (sky130_fd_sc_hd__dfrtp_1)
                                  0.250000    1.560745   clock uncertainty
                                  0.000000    1.560745   clock reconvergence pessimism
                                  1.551297    3.112042   library removal time
                                              3.112042   data required time
---------------------------------------------------------------------------------------------
                                              3.112042   data required time
                                             -4.585732   data arrival time
---------------------------------------------------------------------------------------------
                                              1.473690   slack (MET)


Startpoint: rst_n (input port clocked by clk)
Endpoint: _18529_ (removal check against rising-edge clock clk)
Path Group: asynchronous
Path Type: min

Fanout         Cap        Slew       Delay        Time   Description
---------------------------------------------------------------------------------------------
                                  0.000000    0.000000   clock clk (rise edge)
                                  0.000000    0.000000   clock network delay (propagated)
                                  2.000000    2.000000 ^ input external delay
   163    0.834082    3.737125    2.627929    4.627929 ^ rst_n (in)
                                                         rst_n (net)
                      3.788872    0.000000    4.627929 ^ _18529_/RESET_B (sky130_fd_sc_hd__dfrtp_1)
                                              4.627929   data arrival time

                                  0.000000    0.000000   clock clk (rise edge)
                                  0.000000    0.000000   clock source latency
   163    0.547821    1.892577    1.337796    1.337796 ^ clk (in)
                                                         clk (net)
                      1.914268    0.000000    1.337796 ^ _18529_/CLK (sky130_fd_sc_hd__dfrtp_1)
                                  0.250000    1.587796   clock uncertainty
                                  0.000000    1.587796   clock reconvergence pessimism
                                  1.555012    3.142808   library removal time
                                              3.142808   data required time
---------------------------------------------------------------------------------------------
                                              3.142808   data required time
                                             -4.627929   data arrival time
---------------------------------------------------------------------------------------------
                                              1.485121   slack (MET)


Startpoint: rst_n (input port clocked by clk)
Endpoint: _18525_ (removal check against rising-edge clock clk)
Path Group: asynchronous
Path Type: min

Fanout         Cap        Slew       Delay        Time   Description
---------------------------------------------------------------------------------------------
                                  0.000000    0.000000   clock clk (rise edge)
                                  0.000000    0.000000   clock network delay (propagated)
                                  2.000000    2.000000 ^ input external delay
   163    0.834082    3.737125    2.633727    4.633727 ^ rst_n (in)
                                                         rst_n (net)
                      3.790699    0.000000    4.633727 ^ _18525_/RESET_B (sky130_fd_sc_hd__dfrtp_1)
                                              4.633727   data arrival time

                                  0.000000    0.000000   clock clk (rise edge)
                                  0.000000    0.000000   clock source latency
   163    0.547821    1.892577    1.341503    1.341503 ^ clk (in)
                                                         clk (net)
                      1.915329    0.000000    1.341503 ^ _18525_/CLK (sky130_fd_sc_hd__dfrtp_1)
                                  0.250000    1.591503   clock uncertainty
                                  0.000000    1.591503   clock reconvergence pessimism
                                  1.555566    3.147069   library removal time
                                              3.147069   data required time
---------------------------------------------------------------------------------------------
                                              3.147069   data required time
                                             -4.633727   data arrival time
---------------------------------------------------------------------------------------------
                                              1.486658   slack (MET)


Startpoint: rst_n (input port clocked by clk)
Endpoint: _18526_ (removal check against rising-edge clock clk)
Path Group: asynchronous
Path Type: min

Fanout         Cap        Slew       Delay        Time   Description
---------------------------------------------------------------------------------------------
                                  0.000000    0.000000   clock clk (rise edge)
                                  0.000000    0.000000   clock network delay (propagated)
                                  2.000000    2.000000 ^ input external delay
   163    0.834082    3.737125    2.639863    4.639863 ^ rst_n (in)
                                                         rst_n (net)
                      3.792668    0.000000    4.639863 ^ _18526_/RESET_B (sky130_fd_sc_hd__dfrtp_1)
                                              4.639863   data arrival time

                                  0.000000    0.000000   clock clk (rise edge)
                                  0.000000    0.000000   clock source latency
   163    0.547821    1.892577    1.345426    1.345426 ^ clk (in)
                                                         clk (net)
                      1.916482    0.000000    1.345426 ^ _18526_/CLK (sky130_fd_sc_hd__dfrtp_1)
                                  0.250000    1.595426   clock uncertainty
                                  0.000000    1.595426   clock reconvergence pessimism
                                  1.556164    3.151590   library removal time
                                              3.151590   data required time
---------------------------------------------------------------------------------------------
                                              3.151590   data required time
                                             -4.639863   data arrival time
---------------------------------------------------------------------------------------------
                                              1.488273   slack (MET)


Startpoint: rst_n (input port clocked by clk)
Endpoint: _18572_ (removal check against rising-edge clock clk)
Path Group: asynchronous
Path Type: min

Fanout         Cap        Slew       Delay        Time   Description
---------------------------------------------------------------------------------------------
                                  0.000000    0.000000   clock clk (rise edge)
                                  0.000000    0.000000   clock network delay (propagated)
                                  2.000000    2.000000 ^ input external delay
   163    0.834082    3.737125    2.646211    4.646211 ^ rst_n (in)
                                                         rst_n (net)
                      3.794743    0.000000    4.646211 ^ _18572_/RESET_B (sky130_fd_sc_hd__dfrtp_1)
                                              4.646211   data arrival time

                                  0.000000    0.000000   clock clk (rise edge)
                                  0.000000    0.000000   clock source latency
   163    0.547821    1.892577    1.349485    1.349485 ^ clk (in)
                                                         clk (net)
                      1.917706    0.000000    1.349485 ^ _18572_/CLK (sky130_fd_sc_hd__dfrtp_1)
                                  0.250000    1.599486   clock uncertainty
                                  0.000000    1.599486   clock reconvergence pessimism
                                  1.556795    3.156281   library removal time
                                              3.156281   data required time
---------------------------------------------------------------------------------------------
                                              3.156281   data required time
                                             -4.646211   data arrival time
---------------------------------------------------------------------------------------------
                                              1.489930   slack (MET)


Startpoint: rst_n (input port clocked by clk)
Endpoint: _18478_ (removal check against rising-edge clock clk)
Path Group: asynchronous
Path Type: min

Fanout         Cap        Slew       Delay        Time   Description
---------------------------------------------------------------------------------------------
                                  0.000000    0.000000   clock clk (rise edge)
                                  0.000000    0.000000   clock network delay (propagated)
                                  2.000000    2.000000 ^ input external delay
   163    0.834082    3.737125    2.648054    4.648054 ^ rst_n (in)
                                                         rst_n (net)
                      3.795352    0.000000    4.648054 ^ _18478_/RESET_B (sky130_fd_sc_hd__dfrtp_1)
                                              4.648054   data arrival time

                                  0.000000    0.000000   clock clk (rise edge)
                                  0.000000    0.000000   clock source latency
   163    0.547821    1.892577    1.350610    1.350610 ^ clk (in)
                                                         clk (net)
                      1.918052    0.000000    1.350610 ^ _18478_/CLK (sky130_fd_sc_hd__dfrtp_1)
                                  0.250000    1.600610   clock uncertainty
                                  0.000000    1.600610   clock reconvergence pessimism
                                  1.556979    3.157589   library removal time
                                              3.157589   data required time
---------------------------------------------------------------------------------------------
                                              3.157589   data required time
                                             -4.648054   data arrival time
---------------------------------------------------------------------------------------------
                                              1.490464   slack (MET)


Startpoint: rst_n (input port clocked by clk)
Endpoint: _18531_ (removal check against rising-edge clock clk)
Path Group: asynchronous
Path Type: min

Fanout         Cap        Slew       Delay        Time   Description
---------------------------------------------------------------------------------------------
                                  0.000000    0.000000   clock clk (rise edge)
                                  0.000000    0.000000   clock network delay (propagated)
                                  2.000000    2.000000 ^ input external delay
   163    0.834082    3.737125    2.648583    4.648583 ^ rst_n (in)
                                                         rst_n (net)
                      3.795528    0.000000    4.648583 ^ _18531_/RESET_B (sky130_fd_sc_hd__dfrtp_1)
                                              4.648583   data arrival time

                                  0.000000    0.000000   clock clk (rise edge)
                                  0.000000    0.000000   clock source latency
   163    0.547821    1.892577    1.351033    1.351033 ^ clk (in)
                                                         clk (net)
                      1.918182    0.000000    1.351033 ^ _18531_/CLK (sky130_fd_sc_hd__dfrtp_1)
                                  0.250000    1.601033   clock uncertainty
                                  0.000000    1.601033   clock reconvergence pessimism
                                  1.557035    3.158068   library removal time
                                              3.158068   data required time
---------------------------------------------------------------------------------------------
                                              3.158068   data required time
                                             -4.648583   data arrival time
---------------------------------------------------------------------------------------------
                                              1.490515   slack (MET)


Startpoint: rst_n (input port clocked by clk)
Endpoint: _18573_ (removal check against rising-edge clock clk)
Path Group: asynchronous
Path Type: min

Fanout         Cap        Slew       Delay        Time   Description
---------------------------------------------------------------------------------------------
                                  0.000000    0.000000   clock clk (rise edge)
                                  0.000000    0.000000   clock network delay (propagated)
                                  2.000000    2.000000 ^ input external delay
   163    0.834082    3.737125    2.649711    4.649711 ^ rst_n (in)
                                                         rst_n (net)
                      3.795904    0.000000    4.649711 ^ _18573_/RESET_B (sky130_fd_sc_hd__dfrtp_1)
                                              4.649711   data arrival time

                                  0.000000    0.000000   clock clk (rise edge)
                                  0.000000    0.000000   clock source latency
   163    0.547821    1.892577    1.351621    1.351621 ^ clk (in)
                                                         clk (net)
                      1.918364    0.000000    1.351621 ^ _18573_/CLK (sky130_fd_sc_hd__dfrtp_1)
                                  0.250000    1.601621   clock uncertainty
                                  0.000000    1.601621   clock reconvergence pessimism
                                  1.557146    3.158767   library removal time
                                              3.158767   data required time
---------------------------------------------------------------------------------------------
                                              3.158767   data required time
                                             -4.649711   data arrival time
---------------------------------------------------------------------------------------------
                                              1.490944   slack (MET)


Startpoint: rst_n (input port clocked by clk)
Endpoint: _18576_ (removal check against rising-edge clock clk)
Path Group: asynchronous
Path Type: min

Fanout         Cap        Slew       Delay        Time   Description
---------------------------------------------------------------------------------------------
                                  0.000000    0.000000   clock clk (rise edge)
                                  0.000000    0.000000   clock network delay (propagated)
                                  2.000000    2.000000 ^ input external delay
   163    0.834082    3.737125    2.649719    4.649719 ^ rst_n (in)
                                                         rst_n (net)
                      3.795906    0.000000    4.649719 ^ _18576_/RESET_B (sky130_fd_sc_hd__dfrtp_1)
                                              4.649719   data arrival time

                                  0.000000    0.000000   clock clk (rise edge)
                                  0.000000    0.000000   clock source latency
   163    0.547821    1.892577    1.351624    1.351624 ^ clk (in)
                                                         clk (net)
                      1.918365    0.000000    1.351624 ^ _18576_/CLK (sky130_fd_sc_hd__dfrtp_1)
                                  0.250000    1.601624   clock uncertainty
                                  0.000000    1.601624   clock reconvergence pessimism
                                  1.557146    3.158771   library removal time
                                              3.158771   data required time
---------------------------------------------------------------------------------------------
                                              3.158771   data required time
                                             -4.649719   data arrival time
---------------------------------------------------------------------------------------------
                                              1.490949   slack (MET)


Startpoint: rst_n (input port clocked by clk)
Endpoint: _18635_ (removal check against rising-edge clock clk)
Path Group: asynchronous
Path Type: min

Fanout         Cap        Slew       Delay        Time   Description
---------------------------------------------------------------------------------------------
                                  0.000000    0.000000   clock clk (rise edge)
                                  0.000000    0.000000   clock network delay (propagated)
                                  2.000000    2.000000 ^ input external delay
   163    0.834082    3.737125    2.649756    4.649756 ^ rst_n (in)
                                                         rst_n (net)
                      3.795919    0.000000    4.649756 ^ _18635_/RESET_B (sky130_fd_sc_hd__dfrtp_1)
                                              4.649756   data arrival time

                                  0.000000    0.000000   clock clk (rise edge)
                                  0.000000    0.000000   clock source latency
   163    0.547821    1.892577    1.351645    1.351645 ^ clk (in)
                                                         clk (net)
                      1.918371    0.000000    1.351645 ^ _18635_/CLK (sky130_fd_sc_hd__dfrtp_1)
                                  0.250000    1.601645   clock uncertainty
                                  0.000000    1.601645   clock reconvergence pessimism
                                  1.557150    3.158795   library removal time
                                              3.158795   data required time
---------------------------------------------------------------------------------------------
                                              3.158795   data required time
                                             -4.649756   data arrival time
---------------------------------------------------------------------------------------------
                                              1.490961   slack (MET)


Startpoint: rst_n (input port clocked by clk)
Endpoint: _18527_ (removal check against rising-edge clock clk)
Path Group: asynchronous
Path Type: min

Fanout         Cap        Slew       Delay        Time   Description
---------------------------------------------------------------------------------------------
                                  0.000000    0.000000   clock clk (rise edge)
                                  0.000000    0.000000   clock network delay (propagated)
                                  2.000000    2.000000 ^ input external delay
   163    0.834082    3.737125    2.651383    4.651383 ^ rst_n (in)
                                                         rst_n (net)
                      3.796462    0.000000    4.651383 ^ _18527_/RESET_B (sky130_fd_sc_hd__dfrtp_1)
                                              4.651383   data arrival time

                                  0.000000    0.000000   clock clk (rise edge)
                                  0.000000    0.000000   clock source latency
   163    0.547821    1.892577    1.352642    1.352642 ^ clk (in)
                                                         clk (net)
                      1.918681    0.000000    1.352642 ^ _18527_/CLK (sky130_fd_sc_hd__dfrtp_1)
                                  0.250000    1.602642   clock uncertainty
                                  0.000000    1.602642   clock reconvergence pessimism
                                  1.557314    3.159956   library removal time
                                              3.159956   data required time
---------------------------------------------------------------------------------------------
                                              3.159956   data required time
                                             -4.651383   data arrival time
---------------------------------------------------------------------------------------------
                                              1.491427   slack (MET)


Startpoint: rst_n (input port clocked by clk)
Endpoint: _18574_ (removal check against rising-edge clock clk)
Path Group: asynchronous
Path Type: min

Fanout         Cap        Slew       Delay        Time   Description
---------------------------------------------------------------------------------------------
                                  0.000000    0.000000   clock clk (rise edge)
                                  0.000000    0.000000   clock network delay (propagated)
                                  2.000000    2.000000 ^ input external delay
   163    0.834082    3.737125    2.652856    4.652856 ^ rst_n (in)
                                                         rst_n (net)
                      3.796957    0.000000    4.652856 ^ _18574_/RESET_B (sky130_fd_sc_hd__dfrtp_1)
                                              4.652856   data arrival time

                                  0.000000    0.000000   clock clk (rise edge)
                                  0.000000    0.000000   clock source latency
   163    0.547821    1.892577    1.353825    1.353825 ^ clk (in)
                                                         clk (net)
                      1.919052    0.000000    1.353825 ^ _18574_/CLK (sky130_fd_sc_hd__dfrtp_1)
                                  0.250000    1.603825   clock uncertainty
                                  0.000000    1.603825   clock reconvergence pessimism
                                  1.557472    3.161297   library removal time
                                              3.161297   data required time
---------------------------------------------------------------------------------------------
                                              3.161297   data required time
                                             -4.652856   data arrival time
---------------------------------------------------------------------------------------------
                                              1.491559   slack (MET)


Startpoint: rst_n (input port clocked by clk)
Endpoint: _18474_ (removal check against rising-edge clock clk)
Path Group: asynchronous
Path Type: min

Fanout         Cap        Slew       Delay        Time   Description
---------------------------------------------------------------------------------------------
                                  0.000000    0.000000   clock clk (rise edge)
                                  0.000000    0.000000   clock network delay (propagated)
                                  2.000000    2.000000 ^ input external delay
   163    0.834082    3.737125    2.652768    4.652768 ^ rst_n (in)
                                                         rst_n (net)
                      3.796927    0.000000    4.652768 ^ _18474_/RESET_B (sky130_fd_sc_hd__dfrtp_1)
                                              4.652768   data arrival time

                                  0.000000    0.000000   clock clk (rise edge)
                                  0.000000    0.000000   clock source latency
   163    0.547821    1.892577    1.353486    1.353486 ^ clk (in)
                                                         clk (net)
                      1.918945    0.000000    1.353486 ^ _18474_/CLK (sky130_fd_sc_hd__dfrtp_1)
                                  0.250000    1.603486   clock uncertainty
                                  0.000000    1.603486   clock reconvergence pessimism
                                  1.557455    3.160941   library removal time
                                              3.160941   data required time
---------------------------------------------------------------------------------------------
                                              3.160941   data required time
                                             -4.652768   data arrival time
---------------------------------------------------------------------------------------------
                                              1.491827   slack (MET)


Startpoint: rst_n (input port clocked by clk)
Endpoint: _18476_ (removal check against rising-edge clock clk)
Path Group: asynchronous
Path Type: min

Fanout         Cap        Slew       Delay        Time   Description
---------------------------------------------------------------------------------------------
                                  0.000000    0.000000   clock clk (rise edge)
                                  0.000000    0.000000   clock network delay (propagated)
                                  2.000000    2.000000 ^ input external delay
   163    0.834082    3.737125    2.652786    4.652786 ^ rst_n (in)
                                                         rst_n (net)
                      3.796933    0.000000    4.652786 ^ _18476_/RESET_B (sky130_fd_sc_hd__dfrtp_1)
                                              4.652786   data arrival time

                                  0.000000    0.000000   clock clk (rise edge)
                                  0.000000    0.000000   clock source latency
   163    0.547821    1.892577    1.353498    1.353498 ^ clk (in)
                                                         clk (net)
                      1.918949    0.000000    1.353498 ^ _18476_/CLK (sky130_fd_sc_hd__dfrtp_1)
                                  0.250000    1.603498   clock uncertainty
                                  0.000000    1.603498   clock reconvergence pessimism
                                  1.557457    3.160955   library removal time
                                              3.160955   data required time
---------------------------------------------------------------------------------------------
                                              3.160955   data required time
                                             -4.652786   data arrival time
---------------------------------------------------------------------------------------------
                                              1.491831   slack (MET)


Startpoint: rst_n (input port clocked by clk)
Endpoint: _18631_ (removal check against rising-edge clock clk)
Path Group: asynchronous
Path Type: min

Fanout         Cap        Slew       Delay        Time   Description
---------------------------------------------------------------------------------------------
                                  0.000000    0.000000   clock clk (rise edge)
                                  0.000000    0.000000   clock network delay (propagated)
                                  2.000000    2.000000 ^ input external delay
   163    0.834082    3.737125    2.653052    4.653052 ^ rst_n (in)
                                                         rst_n (net)
                      3.797023    0.000000    4.653052 ^ _18631_/RESET_B (sky130_fd_sc_hd__dfrtp_1)
                                              4.653052   data arrival time

                                  0.000000    0.000000   clock clk (rise edge)
                                  0.000000    0.000000   clock source latency
   163    0.547821    1.892577    1.353658    1.353658 ^ clk (in)
                                                         clk (net)
                      1.918999    0.000000    1.353658 ^ _18631_/CLK (sky130_fd_sc_hd__dfrtp_1)
                                  0.250000    1.603658   clock uncertainty
                                  0.000000    1.603658   clock reconvergence pessimism
                                  1.557484    3.161142   library removal time
                                              3.161142   data required time
---------------------------------------------------------------------------------------------
                                              3.161142   data required time
                                             -4.653052   data arrival time
---------------------------------------------------------------------------------------------
                                              1.491911   slack (MET)


Startpoint: rst_n (input port clocked by clk)
Endpoint: _18633_ (removal check against rising-edge clock clk)
Path Group: asynchronous
Path Type: min

Fanout         Cap        Slew       Delay        Time   Description
---------------------------------------------------------------------------------------------
                                  0.000000    0.000000   clock clk (rise edge)
                                  0.000000    0.000000   clock network delay (propagated)
                                  2.000000    2.000000 ^ input external delay
   163    0.834082    3.737125    2.653479    4.653479 ^ rst_n (in)
                                                         rst_n (net)
                      3.797166    0.000000    4.653479 ^ _18633_/RESET_B (sky130_fd_sc_hd__dfrtp_1)
                                              4.653479   data arrival time

                                  0.000000    0.000000   clock clk (rise edge)
                                  0.000000    0.000000   clock source latency
   163    0.547821    1.892577    1.353918    1.353918 ^ clk (in)
                                                         clk (net)
                      1.919081    0.000000    1.353918 ^ _18633_/CLK (sky130_fd_sc_hd__dfrtp_1)
                                  0.250000    1.603918   clock uncertainty
                                  0.000000    1.603918   clock reconvergence pessimism
                                  1.557527    3.161446   library removal time
                                              3.161446   data required time
---------------------------------------------------------------------------------------------
                                              3.161446   data required time
                                             -4.653479   data arrival time
---------------------------------------------------------------------------------------------
                                              1.492033   slack (MET)


Startpoint: rst_n (input port clocked by clk)
Endpoint: _18570_ (removal check against rising-edge clock clk)
Path Group: asynchronous
Path Type: min

Fanout         Cap        Slew       Delay        Time   Description
---------------------------------------------------------------------------------------------
                                  0.000000    0.000000   clock clk (rise edge)
                                  0.000000    0.000000   clock network delay (propagated)
                                  2.000000    2.000000 ^ input external delay
   163    0.834082    3.737125    2.653625    4.653625 ^ rst_n (in)
                                                         rst_n (net)
                      3.797215    0.000000    4.653625 ^ _18570_/RESET_B (sky130_fd_sc_hd__dfrtp_1)
                                              4.653625   data arrival time

                                  0.000000    0.000000   clock clk (rise edge)
                                  0.000000    0.000000   clock source latency
   163    0.547821    1.892577    1.354012    1.354012 ^ clk (in)
                                                         clk (net)
                      1.919110    0.000000    1.354012 ^ _18570_/CLK (sky130_fd_sc_hd__dfrtp_1)
                                  0.250000    1.604012   clock uncertainty
                                  0.000000    1.604012   clock reconvergence pessimism
                                  1.557542    3.161554   library removal time
                                              3.161554   data required time
---------------------------------------------------------------------------------------------
                                              3.161554   data required time
                                             -4.653625   data arrival time
---------------------------------------------------------------------------------------------
                                              1.492071   slack (MET)


Startpoint: rst_n (input port clocked by clk)
Endpoint: _18475_ (removal check against rising-edge clock clk)
Path Group: asynchronous
Path Type: min

Fanout         Cap        Slew       Delay        Time   Description
---------------------------------------------------------------------------------------------
                                  0.000000    0.000000   clock clk (rise edge)
                                  0.000000    0.000000   clock network delay (propagated)
                                  2.000000    2.000000 ^ input external delay
   163    0.834082    3.737125    2.653736    4.653736 ^ rst_n (in)
                                                         rst_n (net)
                      3.797253    0.000000    4.653736 ^ _18475_/RESET_B (sky130_fd_sc_hd__dfrtp_1)
                                              4.653736   data arrival time

                                  0.000000    0.000000   clock clk (rise edge)
                                  0.000000    0.000000   clock source latency
   163    0.547821    1.892577    1.354079    1.354079 ^ clk (in)
                                                         clk (net)
                      1.919131    0.000000    1.354079 ^ _18475_/CLK (sky130_fd_sc_hd__dfrtp_1)
                                  0.250000    1.604079   clock uncertainty
                                  0.000000    1.604079   clock reconvergence pessimism
                                  1.557553    3.161632   library removal time
                                              3.161632   data required time
---------------------------------------------------------------------------------------------
                                              3.161632   data required time
                                             -4.653736   data arrival time
---------------------------------------------------------------------------------------------
                                              1.492104   slack (MET)


Startpoint: rst_n (input port clocked by clk)
Endpoint: _18620_ (removal check against rising-edge clock clk)
Path Group: asynchronous
Path Type: min

Fanout         Cap        Slew       Delay        Time   Description
---------------------------------------------------------------------------------------------
                                  0.000000    0.000000   clock clk (rise edge)
                                  0.000000    0.000000   clock network delay (propagated)
                                  2.000000    2.000000 ^ input external delay
   163    0.834082    3.737125    2.653781    4.653781 ^ rst_n (in)
                                                         rst_n (net)
                      3.797268    0.000000    4.653781 ^ _18620_/RESET_B (sky130_fd_sc_hd__dfrtp_1)
                                              4.653781   data arrival time

                                  0.000000    0.000000   clock clk (rise edge)
                                  0.000000    0.000000   clock source latency
   163    0.547821    1.892577    1.354104    1.354104 ^ clk (in)
                                                         clk (net)
                      1.919139    0.000000    1.354104 ^ _18620_/CLK (sky130_fd_sc_hd__dfrtp_1)
                                  0.250000    1.604104   clock uncertainty
                                  0.000000    1.604104   clock reconvergence pessimism
                                  1.557558    3.161662   library removal time
                                              3.161662   data required time
---------------------------------------------------------------------------------------------
                                              3.161662   data required time
                                             -4.653781   data arrival time
---------------------------------------------------------------------------------------------
                                              1.492119   slack (MET)


Startpoint: rst_n (input port clocked by clk)
Endpoint: _18602_ (removal check against rising-edge clock clk)
Path Group: asynchronous
Path Type: min

Fanout         Cap        Slew       Delay        Time   Description
---------------------------------------------------------------------------------------------
                                  0.000000    0.000000   clock clk (rise edge)
                                  0.000000    0.000000   clock network delay (propagated)
                                  2.000000    2.000000 ^ input external delay
   163    0.834082    3.737125    2.654103    4.654103 ^ rst_n (in)
                                                         rst_n (net)
                      3.797377    0.000000    4.654103 ^ _18602_/RESET_B (sky130_fd_sc_hd__dfrtp_1)
                                              4.654103   data arrival time

                                  0.000000    0.000000   clock clk (rise edge)
                                  0.000000    0.000000   clock source latency
   163    0.547821    1.892577    1.354299    1.354299 ^ clk (in)
                                                         clk (net)
                      1.919201    0.000000    1.354299 ^ _18602_/CLK (sky130_fd_sc_hd__dfrtp_1)
                                  0.250000    1.604299   clock uncertainty
                                  0.000000    1.604299   clock reconvergence pessimism
                                  1.557591    3.161890   library removal time
                                              3.161890   data required time
---------------------------------------------------------------------------------------------
                                              3.161890   data required time
                                             -4.654103   data arrival time
---------------------------------------------------------------------------------------------
                                              1.492213   slack (MET)


Startpoint: rst_n (input port clocked by clk)
Endpoint: _18571_ (removal check against rising-edge clock clk)
Path Group: asynchronous
Path Type: min

Fanout         Cap        Slew       Delay        Time   Description
---------------------------------------------------------------------------------------------
                                  0.000000    0.000000   clock clk (rise edge)
                                  0.000000    0.000000   clock network delay (propagated)
                                  2.000000    2.000000 ^ input external delay
   163    0.834082    3.737125    2.654317    4.654317 ^ rst_n (in)
                                                         rst_n (net)
                      3.797449    0.000000    4.654317 ^ _18571_/RESET_B (sky130_fd_sc_hd__dfrtp_1)
                                              4.654317   data arrival time

                                  0.000000    0.000000   clock clk (rise edge)
                                  0.000000    0.000000   clock source latency
   163    0.547821    1.892577    1.354436    1.354436 ^ clk (in)
                                                         clk (net)
                      1.919244    0.000000    1.354436 ^ _18571_/CLK (sky130_fd_sc_hd__dfrtp_1)
                                  0.250000    1.604436   clock uncertainty
                                  0.000000    1.604436   clock reconvergence pessimism
                                  1.557613    3.162049   library removal time
                                              3.162049   data required time
---------------------------------------------------------------------------------------------
                                              3.162049   data required time
                                             -4.654317   data arrival time
---------------------------------------------------------------------------------------------
                                              1.492269   slack (MET)


Startpoint: rst_n (input port clocked by clk)
Endpoint: _18530_ (removal check against rising-edge clock clk)
Path Group: asynchronous
Path Type: min

Fanout         Cap        Slew       Delay        Time   Description
---------------------------------------------------------------------------------------------
                                  0.000000    0.000000   clock clk (rise edge)
                                  0.000000    0.000000   clock network delay (propagated)
                                  2.000000    2.000000 ^ input external delay
   163    0.834082    3.737125    2.654580    4.654580 ^ rst_n (in)
                                                         rst_n (net)
                      3.797538    0.000000    4.654580 ^ _18530_/RESET_B (sky130_fd_sc_hd__dfrtp_1)
                                              4.654580   data arrival time

                                  0.000000    0.000000   clock clk (rise edge)
                                  0.000000    0.000000   clock source latency
   163    0.547821    1.892577    1.354596    1.354596 ^ clk (in)
                                                         clk (net)
                      1.919295    0.000000    1.354596 ^ _18530_/CLK (sky130_fd_sc_hd__dfrtp_1)
                                  0.250000    1.604596   clock uncertainty
                                  0.000000    1.604596   clock reconvergence pessimism
                                  1.557640    3.162236   library removal time
                                              3.162236   data required time
---------------------------------------------------------------------------------------------
                                              3.162236   data required time
                                             -4.654580   data arrival time
---------------------------------------------------------------------------------------------
                                              1.492344   slack (MET)


Startpoint: rst_n (input port clocked by clk)
Endpoint: _18477_ (removal check against rising-edge clock clk)
Path Group: asynchronous
Path Type: min

Fanout         Cap        Slew       Delay        Time   Description
---------------------------------------------------------------------------------------------
                                  0.000000    0.000000   clock clk (rise edge)
                                  0.000000    0.000000   clock network delay (propagated)
                                  2.000000    2.000000 ^ input external delay
   163    0.834082    3.737125    2.654663    4.654663 ^ rst_n (in)
                                                         rst_n (net)
                      3.797565    0.000000    4.654663 ^ _18477_/RESET_B (sky130_fd_sc_hd__dfrtp_1)
                                              4.654663   data arrival time

                                  0.000000    0.000000   clock clk (rise edge)
                                  0.000000    0.000000   clock source latency
   163    0.547821    1.892577    1.354648    1.354648 ^ clk (in)
                                                         clk (net)
                      1.919311    0.000000    1.354648 ^ _18477_/CLK (sky130_fd_sc_hd__dfrtp_1)
                                  0.250000    1.604648   clock uncertainty
                                  0.000000    1.604648   clock reconvergence pessimism
                                  1.557648    3.162296   library removal time
                                              3.162296   data required time
---------------------------------------------------------------------------------------------
                                              3.162296   data required time
                                             -4.654663   data arrival time
---------------------------------------------------------------------------------------------
                                              1.492366   slack (MET)


Startpoint: rst_n (input port clocked by clk)
Endpoint: _18627_ (removal check against rising-edge clock clk)
Path Group: asynchronous
Path Type: min

Fanout         Cap        Slew       Delay        Time   Description
---------------------------------------------------------------------------------------------
                                  0.000000    0.000000   clock clk (rise edge)
                                  0.000000    0.000000   clock network delay (propagated)
                                  2.000000    2.000000 ^ input external delay
   163    0.834082    3.737125    2.654698    4.654697 ^ rst_n (in)
                                                         rst_n (net)
                      3.797577    0.000000    4.654697 ^ _18627_/RESET_B (sky130_fd_sc_hd__dfrtp_1)
                                              4.654697   data arrival time

                                  0.000000    0.000000   clock clk (rise edge)
                                  0.000000    0.000000   clock source latency
   163    0.547821    1.892577    1.354661    1.354661 ^ clk (in)
                                                         clk (net)
                      1.919315    0.000000    1.354661 ^ _18627_/CLK (sky130_fd_sc_hd__dfrtp_1)
                                  0.250000    1.604661   clock uncertainty
                                  0.000000    1.604661   clock reconvergence pessimism
                                  1.557651    3.162312   library removal time
                                              3.162312   data required time
---------------------------------------------------------------------------------------------
                                              3.162312   data required time
                                             -4.654697   data arrival time
---------------------------------------------------------------------------------------------
                                              1.492385   slack (MET)


Startpoint: rst_n (input port clocked by clk)
Endpoint: _18634_ (removal check against rising-edge clock clk)
Path Group: asynchronous
Path Type: min

Fanout         Cap        Slew       Delay        Time   Description
---------------------------------------------------------------------------------------------
                                  0.000000    0.000000   clock clk (rise edge)
                                  0.000000    0.000000   clock network delay (propagated)
                                  2.000000    2.000000 ^ input external delay
   163    0.834082    3.737125    2.654819    4.654819 ^ rst_n (in)
                                                         rst_n (net)
                      3.797618    0.000000    4.654819 ^ _18634_/RESET_B (sky130_fd_sc_hd__dfrtp_1)
                                              4.654819   data arrival time

                                  0.000000    0.000000   clock clk (rise edge)
                                  0.000000    0.000000   clock source latency
   163    0.547821    1.892577    1.354742    1.354742 ^ clk (in)
                                                         clk (net)
                      1.919340    0.000000    1.354742 ^ _18634_/CLK (sky130_fd_sc_hd__dfrtp_1)
                                  0.250000    1.604742   clock uncertainty
                                  0.000000    1.604742   clock reconvergence pessimism
                                  1.557664    3.162406   library removal time
                                              3.162406   data required time
---------------------------------------------------------------------------------------------
                                              3.162406   data required time
                                             -4.654819   data arrival time
---------------------------------------------------------------------------------------------
                                              1.492412   slack (MET)


Startpoint: rst_n (input port clocked by clk)
Endpoint: _18625_ (removal check against rising-edge clock clk)
Path Group: asynchronous
Path Type: min

Fanout         Cap        Slew       Delay        Time   Description
---------------------------------------------------------------------------------------------
                                  0.000000    0.000000   clock clk (rise edge)
                                  0.000000    0.000000   clock network delay (propagated)
                                  2.000000    2.000000 ^ input external delay
   163    0.834082    3.737125    2.654854    4.654853 ^ rst_n (in)
                                                         rst_n (net)
                      3.797630    0.000000    4.654853 ^ _18625_/RESET_B (sky130_fd_sc_hd__dfrtp_1)
                                              4.654853   data arrival time

                                  0.000000    0.000000   clock clk (rise edge)
                                  0.000000    0.000000   clock source latency
   163    0.547821    1.892577    1.354755    1.354755 ^ clk (in)
                                                         clk (net)
                      1.919345    0.000000    1.354755 ^ _18625_/CLK (sky130_fd_sc_hd__dfrtp_1)
                                  0.250000    1.604755   clock uncertainty
                                  0.000000    1.604755   clock reconvergence pessimism
                                  1.557667    3.162422   library removal time
                                              3.162422   data required time
---------------------------------------------------------------------------------------------
                                              3.162422   data required time
                                             -4.654853   data arrival time
---------------------------------------------------------------------------------------------
                                              1.492431   slack (MET)


Startpoint: rst_n (input port clocked by clk)
Endpoint: _18532_ (removal check against rising-edge clock clk)
Path Group: asynchronous
Path Type: min

Fanout         Cap        Slew       Delay        Time   Description
---------------------------------------------------------------------------------------------
                                  0.000000    0.000000   clock clk (rise edge)
                                  0.000000    0.000000   clock network delay (propagated)
                                  2.000000    2.000000 ^ input external delay
   163    0.834082    3.737125    2.654985    4.654985 ^ rst_n (in)
                                                         rst_n (net)
                      3.797675    0.000000    4.654985 ^ _18532_/RESET_B (sky130_fd_sc_hd__dfrtp_1)
                                              4.654985   data arrival time

                                  0.000000    0.000000   clock clk (rise edge)
                                  0.000000    0.000000   clock source latency
   163    0.547821    1.892577    1.354847    1.354847 ^ clk (in)
                                                         clk (net)
                      1.919374    0.000000    1.354847 ^ _18532_/CLK (sky130_fd_sc_hd__dfrtp_1)
                                  0.250000    1.604847   clock uncertainty
                                  0.000000    1.604847   clock reconvergence pessimism
                                  1.557681    3.162528   library removal time
                                              3.162528   data required time
---------------------------------------------------------------------------------------------
                                              3.162528   data required time
                                             -4.654985   data arrival time
---------------------------------------------------------------------------------------------
                                              1.492457   slack (MET)


Startpoint: rst_n (input port clocked by clk)
Endpoint: _18618_ (removal check against rising-edge clock clk)
Path Group: asynchronous
Path Type: min

Fanout         Cap        Slew       Delay        Time   Description
---------------------------------------------------------------------------------------------
                                  0.000000    0.000000   clock clk (rise edge)
                                  0.000000    0.000000   clock network delay (propagated)
                                  2.000000    2.000000 ^ input external delay
   163    0.834082    3.737125    2.655005    4.655005 ^ rst_n (in)
                                                         rst_n (net)
                      3.797681    0.000000    4.655005 ^ _18618_/RESET_B (sky130_fd_sc_hd__dfrtp_1)
                                              4.655005   data arrival time

                                  0.000000    0.000000   clock clk (rise edge)
                                  0.000000    0.000000   clock source latency
   163    0.547821    1.892577    1.354846    1.354846 ^ clk (in)
                                                         clk (net)
                      1.919373    0.000000    1.354846 ^ _18618_/CLK (sky130_fd_sc_hd__dfrtp_1)
                                  0.250000    1.604846   clock uncertainty
                                  0.000000    1.604846   clock reconvergence pessimism
                                  1.557683    3.162529   library removal time
                                              3.162529   data required time
---------------------------------------------------------------------------------------------
                                              3.162529   data required time
                                             -4.655005   data arrival time
---------------------------------------------------------------------------------------------
                                              1.492476   slack (MET)


Startpoint: rst_n (input port clocked by clk)
Endpoint: _18616_ (removal check against rising-edge clock clk)
Path Group: asynchronous
Path Type: min

Fanout         Cap        Slew       Delay        Time   Description
---------------------------------------------------------------------------------------------
                                  0.000000    0.000000   clock clk (rise edge)
                                  0.000000    0.000000   clock network delay (propagated)
                                  2.000000    2.000000 ^ input external delay
   163    0.834082    3.737125    2.655017    4.655017 ^ rst_n (in)
                                                         rst_n (net)
                      3.797686    0.000000    4.655017 ^ _18616_/RESET_B (sky130_fd_sc_hd__dfrtp_1)
                                              4.655017   data arrival time

                                  0.000000    0.000000   clock clk (rise edge)
                                  0.000000    0.000000   clock source latency
   163    0.547821    1.892577    1.354854    1.354854 ^ clk (in)
                                                         clk (net)
                      1.919376    0.000000    1.354854 ^ _18616_/CLK (sky130_fd_sc_hd__dfrtp_1)
                                  0.250000    1.604854   clock uncertainty
                                  0.000000    1.604854   clock reconvergence pessimism
                                  1.557684    3.162538   library removal time
                                              3.162538   data required time
---------------------------------------------------------------------------------------------
                                              3.162538   data required time
                                             -4.655017   data arrival time
---------------------------------------------------------------------------------------------
                                              1.492479   slack (MET)


Startpoint: rst_n (input port clocked by clk)
Endpoint: _18626_ (removal check against rising-edge clock clk)
Path Group: asynchronous
Path Type: min

Fanout         Cap        Slew       Delay        Time   Description
---------------------------------------------------------------------------------------------
                                  0.000000    0.000000   clock clk (rise edge)
                                  0.000000    0.000000   clock network delay (propagated)
                                  2.000000    2.000000 ^ input external delay
   163    0.834082    3.737125    2.655091    4.655091 ^ rst_n (in)
                                                         rst_n (net)
                      3.797711    0.000000    4.655091 ^ _18626_/RESET_B (sky130_fd_sc_hd__dfrtp_1)
                                              4.655091   data arrival time

                                  0.000000    0.000000   clock clk (rise edge)
                                  0.000000    0.000000   clock source latency
   163    0.547821    1.892577    1.354909    1.354909 ^ clk (in)
                                                         clk (net)
                      1.919393    0.000000    1.354909 ^ _18626_/CLK (sky130_fd_sc_hd__dfrtp_1)
                                  0.250000    1.604909   clock uncertainty
                                  0.000000    1.604909   clock reconvergence pessimism
                                  1.557692    3.162601   library removal time
                                              3.162601   data required time
---------------------------------------------------------------------------------------------
                                              3.162601   data required time
                                             -4.655091   data arrival time
---------------------------------------------------------------------------------------------
                                              1.492489   slack (MET)


Startpoint: rst_n (input port clocked by clk)
Endpoint: _18485_ (removal check against rising-edge clock clk)
Path Group: asynchronous
Path Type: min

Fanout         Cap        Slew       Delay        Time   Description
---------------------------------------------------------------------------------------------
                                  0.000000    0.000000   clock clk (rise edge)
                                  0.000000    0.000000   clock network delay (propagated)
                                  2.000000    2.000000 ^ input external delay
   163    0.834082    3.737125    2.655080    4.655080 ^ rst_n (in)
                                                         rst_n (net)
                      3.797707    0.000000    4.655080 ^ _18485_/RESET_B (sky130_fd_sc_hd__dfrtp_1)
                                              4.655080   data arrival time

                                  0.000000    0.000000   clock clk (rise edge)
                                  0.000000    0.000000   clock source latency
   163    0.547821    1.892577    1.354891    1.354891 ^ clk (in)
                                                         clk (net)
                      1.919388    0.000000    1.354891 ^ _18485_/CLK (sky130_fd_sc_hd__dfrtp_1)
                                  0.250000    1.604891   clock uncertainty
                                  0.000000    1.604891   clock reconvergence pessimism
                                  1.557690    3.162581   library removal time
                                              3.162581   data required time
---------------------------------------------------------------------------------------------
                                              3.162581   data required time
                                             -4.655080   data arrival time
---------------------------------------------------------------------------------------------
                                              1.492499   slack (MET)


Startpoint: rst_n (input port clocked by clk)
Endpoint: _18488_ (removal check against rising-edge clock clk)
Path Group: asynchronous
Path Type: min

Fanout         Cap        Slew       Delay        Time   Description
---------------------------------------------------------------------------------------------
                                  0.000000    0.000000   clock clk (rise edge)
                                  0.000000    0.000000   clock network delay (propagated)
                                  2.000000    2.000000 ^ input external delay
   163    0.834082    3.737125    2.655125    4.655125 ^ rst_n (in)
                                                         rst_n (net)
                      3.797722    0.000000    4.655125 ^ _18488_/RESET_B (sky130_fd_sc_hd__dfrtp_1)
                                              4.655125   data arrival time

                                  0.000000    0.000000   clock clk (rise edge)
                                  0.000000    0.000000   clock source latency
   163    0.547821    1.892577    1.354917    1.354917 ^ clk (in)
                                                         clk (net)
                      1.919396    0.000000    1.354917 ^ _18488_/CLK (sky130_fd_sc_hd__dfrtp_1)
                                  0.250000    1.604917   clock uncertainty
                                  0.000000    1.604917   clock reconvergence pessimism
                                  1.557695    3.162612   library removal time
                                              3.162612   data required time
---------------------------------------------------------------------------------------------
                                              3.162612   data required time
                                             -4.655125   data arrival time
---------------------------------------------------------------------------------------------
                                              1.492513   slack (MET)


Startpoint: rst_n (input port clocked by clk)
Endpoint: _18612_ (removal check against rising-edge clock clk)
Path Group: asynchronous
Path Type: min

Fanout         Cap        Slew       Delay        Time   Description
---------------------------------------------------------------------------------------------
                                  0.000000    0.000000   clock clk (rise edge)
                                  0.000000    0.000000   clock network delay (propagated)
                                  2.000000    2.000000 ^ input external delay
   163    0.834082    3.737125    2.655143    4.655143 ^ rst_n (in)
                                                         rst_n (net)
                      3.797729    0.000000    4.655143 ^ _18612_/RESET_B (sky130_fd_sc_hd__dfrtp_1)
                                              4.655143   data arrival time

                                  0.000000    0.000000   clock clk (rise edge)
                                  0.000000    0.000000   clock source latency
   163    0.547821    1.892577    1.354930    1.354930 ^ clk (in)
                                                         clk (net)
                      1.919400    0.000000    1.354930 ^ _18612_/CLK (sky130_fd_sc_hd__dfrtp_1)
                                  0.250000    1.604930   clock uncertainty
                                  0.000000    1.604930   clock reconvergence pessimism
                                  1.557697    3.162627   library removal time
                                              3.162627   data required time
---------------------------------------------------------------------------------------------
                                              3.162627   data required time
                                             -4.655143   data arrival time
---------------------------------------------------------------------------------------------
                                              1.492517   slack (MET)


Startpoint: rst_n (input port clocked by clk)
Endpoint: _18480_ (removal check against rising-edge clock clk)
Path Group: asynchronous
Path Type: min

Fanout         Cap        Slew       Delay        Time   Description
---------------------------------------------------------------------------------------------
                                  0.000000    0.000000   clock clk (rise edge)
                                  0.000000    0.000000   clock network delay (propagated)
                                  2.000000    2.000000 ^ input external delay
   163    0.834082    3.737125    2.655365    4.655365 ^ rst_n (in)
                                                         rst_n (net)
                      3.797803    0.000000    4.655365 ^ _18480_/RESET_B (sky130_fd_sc_hd__dfrtp_1)
                                              4.655365   data arrival time

                                  0.000000    0.000000   clock clk (rise edge)
                                  0.000000    0.000000   clock source latency
   163    0.547821    1.892577    1.355078    1.355078 ^ clk (in)
                                                         clk (net)
                      1.919447    0.000000    1.355078 ^ _18480_/CLK (sky130_fd_sc_hd__dfrtp_1)
                                  0.250000    1.605078   clock uncertainty
                                  0.000000    1.605078   clock reconvergence pessimism
                                  1.557720    3.162798   library removal time
                                              3.162798   data required time
---------------------------------------------------------------------------------------------
                                              3.162798   data required time
                                             -4.655365   data arrival time
---------------------------------------------------------------------------------------------
                                              1.492567   slack (MET)


Startpoint: rst_n (input port clocked by clk)
Endpoint: _18482_ (removal check against rising-edge clock clk)
Path Group: asynchronous
Path Type: min

Fanout         Cap        Slew       Delay        Time   Description
---------------------------------------------------------------------------------------------
                                  0.000000    0.000000   clock clk (rise edge)
                                  0.000000    0.000000   clock network delay (propagated)
                                  2.000000    2.000000 ^ input external delay
   163    0.834082    3.737125    2.655345    4.655345 ^ rst_n (in)
                                                         rst_n (net)
                      3.797797    0.000000    4.655345 ^ _18482_/RESET_B (sky130_fd_sc_hd__dfrtp_1)
                                              4.655345   data arrival time

                                  0.000000    0.000000   clock clk (rise edge)
                                  0.000000    0.000000   clock source latency
   163    0.547821    1.892577    1.355053    1.355053 ^ clk (in)
                                                         clk (net)
                      1.919439    0.000000    1.355053 ^ _18482_/CLK (sky130_fd_sc_hd__dfrtp_1)
                                  0.250000    1.605053   clock uncertainty
                                  0.000000    1.605053   clock reconvergence pessimism
                                  1.557718    3.162771   library removal time
                                              3.162771   data required time
---------------------------------------------------------------------------------------------
                                              3.162771   data required time
                                             -4.655345   data arrival time
---------------------------------------------------------------------------------------------
                                              1.492575   slack (MET)


Startpoint: rst_n (input port clocked by clk)
Endpoint: _18505_ (removal check against rising-edge clock clk)
Path Group: asynchronous
Path Type: min

Fanout         Cap        Slew       Delay        Time   Description
---------------------------------------------------------------------------------------------
                                  0.000000    0.000000   clock clk (rise edge)
                                  0.000000    0.000000   clock network delay (propagated)
                                  2.000000    2.000000 ^ input external delay
   163    0.834082    3.737125    2.655416    4.655416 ^ rst_n (in)
                                                         rst_n (net)
                      3.797821    0.000000    4.655416 ^ _18505_/RESET_B (sky130_fd_sc_hd__dfrtp_1)
                                              4.655416   data arrival time

                                  0.000000    0.000000   clock clk (rise edge)
                                  0.000000    0.000000   clock source latency
   163    0.547821    1.892577    1.355107    1.355107 ^ clk (in)
                                                         clk (net)
                      1.919456    0.000000    1.355107 ^ _18505_/CLK (sky130_fd_sc_hd__dfrtp_1)
                                  0.250000    1.605107   clock uncertainty
                                  0.000000    1.605107   clock reconvergence pessimism
                                  1.557725    3.162833   library removal time
                                              3.162833   data required time
---------------------------------------------------------------------------------------------
                                              3.162833   data required time
                                             -4.655416   data arrival time
---------------------------------------------------------------------------------------------
                                              1.492583   slack (MET)


Startpoint: rst_n (input port clocked by clk)
Endpoint: _18484_ (removal check against rising-edge clock clk)
Path Group: asynchronous
Path Type: min

Fanout         Cap        Slew       Delay        Time   Description
---------------------------------------------------------------------------------------------
                                  0.000000    0.000000   clock clk (rise edge)
                                  0.000000    0.000000   clock network delay (propagated)
                                  2.000000    2.000000 ^ input external delay
   163    0.834082    3.737125    2.655494    4.655494 ^ rst_n (in)
                                                         rst_n (net)
                      3.797847    0.000000    4.655494 ^ _18484_/RESET_B (sky130_fd_sc_hd__dfrtp_1)
                                              4.655494   data arrival time

                                  0.000000    0.000000   clock clk (rise edge)
                                  0.000000    0.000000   clock source latency
   163    0.547821    1.892577    1.355142    1.355142 ^ clk (in)
                                                         clk (net)
                      1.919467    0.000000    1.355142 ^ _18484_/CLK (sky130_fd_sc_hd__dfrtp_1)
                                  0.250000    1.605142   clock uncertainty
                                  0.000000    1.605142   clock reconvergence pessimism
                                  1.557733    3.162875   library removal time
                                              3.162875   data required time
---------------------------------------------------------------------------------------------
                                              3.162875   data required time
                                             -4.655494   data arrival time
---------------------------------------------------------------------------------------------
                                              1.492619   slack (MET)


Startpoint: rst_n (input port clocked by clk)
Endpoint: _18622_ (removal check against rising-edge clock clk)
Path Group: asynchronous
Path Type: min

Fanout         Cap        Slew       Delay        Time   Description
---------------------------------------------------------------------------------------------
                                  0.000000    0.000000   clock clk (rise edge)
                                  0.000000    0.000000   clock network delay (propagated)
                                  2.000000    2.000000 ^ input external delay
   163    0.834082    3.737125    2.655500    4.655500 ^ rst_n (in)
                                                         rst_n (net)
                      3.797849    0.000000    4.655500 ^ _18622_/RESET_B (sky130_fd_sc_hd__dfrtp_1)
                                              4.655500   data arrival time

                                  0.000000    0.000000   clock clk (rise edge)
                                  0.000000    0.000000   clock source latency
   163    0.547821    1.892577    1.355147    1.355147 ^ clk (in)
                                                         clk (net)
                      1.919469    0.000000    1.355147 ^ _18622_/CLK (sky130_fd_sc_hd__dfrtp_1)
                                  0.250000    1.605147   clock uncertainty
                                  0.000000    1.605147   clock reconvergence pessimism
                                  1.557733    3.162880   library removal time
                                              3.162880   data required time
---------------------------------------------------------------------------------------------
                                              3.162880   data required time
                                             -4.655500   data arrival time
---------------------------------------------------------------------------------------------
                                              1.492620   slack (MET)


Startpoint: rst_n (input port clocked by clk)
Endpoint: _18575_ (removal check against rising-edge clock clk)
Path Group: asynchronous
Path Type: min

Fanout         Cap        Slew       Delay        Time   Description
---------------------------------------------------------------------------------------------
                                  0.000000    0.000000   clock clk (rise edge)
                                  0.000000    0.000000   clock network delay (propagated)
                                  2.000000    2.000000 ^ input external delay
   163    0.834082    3.737125    2.657246    4.657246 ^ rst_n (in)
                                                         rst_n (net)
                      3.798442    0.000000    4.657246 ^ _18575_/RESET_B (sky130_fd_sc_hd__dfrtp_1)
                                              4.657246   data arrival time

                                  0.000000    0.000000   clock clk (rise edge)
                                  0.000000    0.000000   clock source latency
   163    0.547821    1.892577    1.356695    1.356695 ^ clk (in)
                                                         clk (net)
                      1.919961    0.000000    1.356695 ^ _18575_/CLK (sky130_fd_sc_hd__dfrtp_1)
                                  0.250000    1.606695   clock uncertainty
                                  0.000000    1.606695   clock reconvergence pessimism
                                  1.557927    3.164621   library removal time
                                              3.164621   data required time
---------------------------------------------------------------------------------------------
                                              3.164621   data required time
                                             -4.657246   data arrival time
---------------------------------------------------------------------------------------------
                                              1.492625   slack (MET)


Startpoint: rst_n (input port clocked by clk)
Endpoint: _18630_ (removal check against rising-edge clock clk)
Path Group: asynchronous
Path Type: min

Fanout         Cap        Slew       Delay        Time   Description
---------------------------------------------------------------------------------------------
                                  0.000000    0.000000   clock clk (rise edge)
                                  0.000000    0.000000   clock network delay (propagated)
                                  2.000000    2.000000 ^ input external delay
   163    0.834082    3.737125    2.655537    4.655537 ^ rst_n (in)
                                                         rst_n (net)
                      3.797862    0.000000    4.655537 ^ _18630_/RESET_B (sky130_fd_sc_hd__dfrtp_1)
                                              4.655537   data arrival time

                                  0.000000    0.000000   clock clk (rise edge)
                                  0.000000    0.000000   clock source latency
   163    0.547821    1.892577    1.355166    1.355166 ^ clk (in)
                                                         clk (net)
                      1.919475    0.000000    1.355166 ^ _18630_/CLK (sky130_fd_sc_hd__dfrtp_1)
                                  0.250000    1.605166   clock uncertainty
                                  0.000000    1.605166   clock reconvergence pessimism
                                  1.557737    3.162903   library removal time
                                              3.162903   data required time
---------------------------------------------------------------------------------------------
                                              3.162903   data required time
                                             -4.655537   data arrival time
---------------------------------------------------------------------------------------------
                                              1.492633   slack (MET)


Startpoint: rst_n (input port clocked by clk)
Endpoint: _18567_ (removal check against rising-edge clock clk)
Path Group: asynchronous
Path Type: min

Fanout         Cap        Slew       Delay        Time   Description
---------------------------------------------------------------------------------------------
                                  0.000000    0.000000   clock clk (rise edge)
                                  0.000000    0.000000   clock network delay (propagated)
                                  2.000000    2.000000 ^ input external delay
   163    0.834082    3.737125    2.655610    4.655610 ^ rst_n (in)
                                                         rst_n (net)
                      3.797887    0.000000    4.655610 ^ _18567_/RESET_B (sky130_fd_sc_hd__dfrtp_1)
                                              4.655610   data arrival time

                                  0.000000    0.000000   clock clk (rise edge)
                                  0.000000    0.000000   clock source latency
   163    0.547821    1.892577    1.355224    1.355224 ^ clk (in)
                                                         clk (net)
                      1.919493    0.000000    1.355224 ^ _18567_/CLK (sky130_fd_sc_hd__dfrtp_1)
                                  0.250000    1.605224   clock uncertainty
                                  0.000000    1.605224   clock reconvergence pessimism
                                  1.557745    3.162970   library removal time
                                              3.162970   data required time
---------------------------------------------------------------------------------------------
                                              3.162970   data required time
                                             -4.655610   data arrival time
---------------------------------------------------------------------------------------------
                                              1.492641   slack (MET)


Startpoint: rst_n (input port clocked by clk)
Endpoint: _18628_ (removal check against rising-edge clock clk)
Path Group: asynchronous
Path Type: min

Fanout         Cap        Slew       Delay        Time   Description
---------------------------------------------------------------------------------------------
                                  0.000000    0.000000   clock clk (rise edge)
                                  0.000000    0.000000   clock network delay (propagated)
                                  2.000000    2.000000 ^ input external delay
   163    0.834082    3.737125    2.655600    4.655600 ^ rst_n (in)
                                                         rst_n (net)
                      3.797883    0.000000    4.655600 ^ _18628_/RESET_B (sky130_fd_sc_hd__dfrtp_1)
                                              4.655600   data arrival time

                                  0.000000    0.000000   clock clk (rise edge)
                                  0.000000    0.000000   clock source latency
   163    0.547821    1.892577    1.355207    1.355207 ^ clk (in)
                                                         clk (net)
                      1.919487    0.000000    1.355207 ^ _18628_/CLK (sky130_fd_sc_hd__dfrtp_1)
                                  0.250000    1.605207   clock uncertainty
                                  0.000000    1.605207   clock reconvergence pessimism
                                  1.557744    3.162951   library removal time
                                              3.162951   data required time
---------------------------------------------------------------------------------------------
                                              3.162951   data required time
                                             -4.655600   data arrival time
---------------------------------------------------------------------------------------------
                                              1.492650   slack (MET)


Startpoint: rst_n (input port clocked by clk)
Endpoint: _18563_ (removal check against rising-edge clock clk)
Path Group: asynchronous
Path Type: min

Fanout         Cap        Slew       Delay        Time   Description
---------------------------------------------------------------------------------------------
                                  0.000000    0.000000   clock clk (rise edge)
                                  0.000000    0.000000   clock network delay (propagated)
                                  2.000000    2.000000 ^ input external delay
   163    0.834082    3.737125    2.655678    4.655678 ^ rst_n (in)
                                                         rst_n (net)
                      3.797910    0.000000    4.655678 ^ _18563_/RESET_B (sky130_fd_sc_hd__dfrtp_1)
                                              4.655678   data arrival time

                                  0.000000    0.000000   clock clk (rise edge)
                                  0.000000    0.000000   clock source latency
   163    0.547821    1.892577    1.355264    1.355264 ^ clk (in)
                                                         clk (net)
                      1.919506    0.000000    1.355264 ^ _18563_/CLK (sky130_fd_sc_hd__dfrtp_1)
                                  0.250000    1.605264   clock uncertainty
                                  0.000000    1.605264   clock reconvergence pessimism
                                  1.557752    3.163016   library removal time
                                              3.163016   data required time
---------------------------------------------------------------------------------------------
                                              3.163016   data required time
                                             -4.655678   data arrival time
---------------------------------------------------------------------------------------------
                                              1.492662   slack (MET)


Startpoint: rst_n (input port clocked by clk)
Endpoint: _18564_ (removal check against rising-edge clock clk)
Path Group: asynchronous
Path Type: min

Fanout         Cap        Slew       Delay        Time   Description
---------------------------------------------------------------------------------------------
                                  0.000000    0.000000   clock clk (rise edge)
                                  0.000000    0.000000   clock network delay (propagated)
                                  2.000000    2.000000 ^ input external delay
   163    0.834082    3.737125    2.655679    4.655680 ^ rst_n (in)
                                                         rst_n (net)
                      3.797910    0.000000    4.655680 ^ _18564_/RESET_B (sky130_fd_sc_hd__dfrtp_1)
                                              4.655680   data arrival time

                                  0.000000    0.000000   clock clk (rise edge)
                                  0.000000    0.000000   clock source latency
   163    0.547821    1.892577    1.355265    1.355265 ^ clk (in)
                                                         clk (net)
                      1.919506    0.000000    1.355265 ^ _18564_/CLK (sky130_fd_sc_hd__dfrtp_1)
                                  0.250000    1.605265   clock uncertainty
                                  0.000000    1.605265   clock reconvergence pessimism
                                  1.557752    3.163017   library removal time
                                              3.163017   data required time
---------------------------------------------------------------------------------------------
                                              3.163017   data required time
                                             -4.655680   data arrival time
---------------------------------------------------------------------------------------------
                                              1.492663   slack (MET)


Startpoint: rst_n (input port clocked by clk)
Endpoint: _18568_ (removal check against rising-edge clock clk)
Path Group: asynchronous
Path Type: min

Fanout         Cap        Slew       Delay        Time   Description
---------------------------------------------------------------------------------------------
                                  0.000000    0.000000   clock clk (rise edge)
                                  0.000000    0.000000   clock network delay (propagated)
                                  2.000000    2.000000 ^ input external delay
   163    0.834082    3.737125    2.655679    4.655680 ^ rst_n (in)
                                                         rst_n (net)
                      3.797910    0.000000    4.655680 ^ _18568_/RESET_B (sky130_fd_sc_hd__dfrtp_1)
                                              4.655680   data arrival time

                                  0.000000    0.000000   clock clk (rise edge)
                                  0.000000    0.000000   clock source latency
   163    0.547821    1.892577    1.355264    1.355264 ^ clk (in)
                                                         clk (net)
                      1.919506    0.000000    1.355264 ^ _18568_/CLK (sky130_fd_sc_hd__dfrtp_1)
                                  0.250000    1.605264   clock uncertainty
                                  0.000000    1.605264   clock reconvergence pessimism
                                  1.557752    3.163016   library removal time
                                              3.163016   data required time
---------------------------------------------------------------------------------------------
                                              3.163016   data required time
                                             -4.655680   data arrival time
---------------------------------------------------------------------------------------------
                                              1.492663   slack (MET)


Startpoint: rst_n (input port clocked by clk)
Endpoint: _18490_ (removal check against rising-edge clock clk)
Path Group: asynchronous
Path Type: min

Fanout         Cap        Slew       Delay        Time   Description
---------------------------------------------------------------------------------------------
                                  0.000000    0.000000   clock clk (rise edge)
                                  0.000000    0.000000   clock network delay (propagated)
                                  2.000000    2.000000 ^ input external delay
   163    0.834082    3.737125    2.655647    4.655647 ^ rst_n (in)
                                                         rst_n (net)
                      3.797899    0.000000    4.655647 ^ _18490_/RESET_B (sky130_fd_sc_hd__dfrtp_1)
                                              4.655647   data arrival time

                                  0.000000    0.000000   clock clk (rise edge)
                                  0.000000    0.000000   clock source latency
   163    0.547821    1.892577    1.355234    1.355234 ^ clk (in)
                                                         clk (net)
                      1.919496    0.000000    1.355234 ^ _18490_/CLK (sky130_fd_sc_hd__dfrtp_1)
                                  0.250000    1.605234   clock uncertainty
                                  0.000000    1.605234   clock reconvergence pessimism
                                  1.557748    3.162982   library removal time
                                              3.162982   data required time
---------------------------------------------------------------------------------------------
                                              3.162982   data required time
                                             -4.655647   data arrival time
---------------------------------------------------------------------------------------------
                                              1.492665   slack (MET)


Startpoint: rst_n (input port clocked by clk)
Endpoint: _18566_ (removal check against rising-edge clock clk)
Path Group: asynchronous
Path Type: min

Fanout         Cap        Slew       Delay        Time   Description
---------------------------------------------------------------------------------------------
                                  0.000000    0.000000   clock clk (rise edge)
                                  0.000000    0.000000   clock network delay (propagated)
                                  2.000000    2.000000 ^ input external delay
   163    0.834082    3.737125    2.655719    4.655719 ^ rst_n (in)
                                                         rst_n (net)
                      3.797923    0.000000    4.655719 ^ _18566_/RESET_B (sky130_fd_sc_hd__dfrtp_1)
                                              4.655719   data arrival time

                                  0.000000    0.000000   clock clk (rise edge)
                                  0.000000    0.000000   clock source latency
   163    0.547821    1.892577    1.355287    1.355287 ^ clk (in)
                                                         clk (net)
                      1.919513    0.000000    1.355287 ^ _18566_/CLK (sky130_fd_sc_hd__dfrtp_1)
                                  0.250000    1.605287   clock uncertainty
                                  0.000000    1.605287   clock reconvergence pessimism
                                  1.557756    3.163043   library removal time
                                              3.163043   data required time
---------------------------------------------------------------------------------------------
                                              3.163043   data required time
                                             -4.655719   data arrival time
---------------------------------------------------------------------------------------------
                                              1.492676   slack (MET)


Startpoint: rst_n (input port clocked by clk)
Endpoint: _18483_ (removal check against rising-edge clock clk)
Path Group: asynchronous
Path Type: min

Fanout         Cap        Slew       Delay        Time   Description
---------------------------------------------------------------------------------------------
                                  0.000000    0.000000   clock clk (rise edge)
                                  0.000000    0.000000   clock network delay (propagated)
                                  2.000000    2.000000 ^ input external delay
   163    0.834082    3.737125    2.655737    4.655737 ^ rst_n (in)
                                                         rst_n (net)
                      3.797930    0.000000    4.655737 ^ _18483_/RESET_B (sky130_fd_sc_hd__dfrtp_1)
                                              4.655737   data arrival time

                                  0.000000    0.000000   clock clk (rise edge)
                                  0.000000    0.000000   clock source latency
   163    0.547821    1.892577    1.355299    1.355299 ^ clk (in)
                                                         clk (net)
                      1.919517    0.000000    1.355299 ^ _18483_/CLK (sky130_fd_sc_hd__dfrtp_1)
                                  0.250000    1.605299   clock uncertainty
                                  0.000000    1.605299   clock reconvergence pessimism
                                  1.557758    3.163057   library removal time
                                              3.163057   data required time
---------------------------------------------------------------------------------------------
                                              3.163057   data required time
                                             -4.655737   data arrival time
---------------------------------------------------------------------------------------------
                                              1.492681   slack (MET)


Startpoint: rst_n (input port clocked by clk)
Endpoint: _18569_ (removal check against rising-edge clock clk)
Path Group: asynchronous
Path Type: min

Fanout         Cap        Slew       Delay        Time   Description
---------------------------------------------------------------------------------------------
                                  0.000000    0.000000   clock clk (rise edge)
                                  0.000000    0.000000   clock network delay (propagated)
                                  2.000000    2.000000 ^ input external delay
   163    0.834082    3.737125    2.655742    4.655742 ^ rst_n (in)
                                                         rst_n (net)
                      3.797931    0.000000    4.655742 ^ _18569_/RESET_B (sky130_fd_sc_hd__dfrtp_1)
                                              4.655742   data arrival time

                                  0.000000    0.000000   clock clk (rise edge)
                                  0.000000    0.000000   clock source latency
   163    0.547821    1.892577    1.355300    1.355300 ^ clk (in)
                                                         clk (net)
                      1.919517    0.000000    1.355300 ^ _18569_/CLK (sky130_fd_sc_hd__dfrtp_1)
                                  0.250000    1.605300   clock uncertainty
                                  0.000000    1.605300   clock reconvergence pessimism
                                  1.557758    3.163058   library removal time
                                              3.163058   data required time
---------------------------------------------------------------------------------------------
                                              3.163058   data required time
                                             -4.655742   data arrival time
---------------------------------------------------------------------------------------------
                                              1.492684   slack (MET)


Startpoint: rst_n (input port clocked by clk)
Endpoint: _18565_ (removal check against rising-edge clock clk)
Path Group: asynchronous
Path Type: min

Fanout         Cap        Slew       Delay        Time   Description
---------------------------------------------------------------------------------------------
                                  0.000000    0.000000   clock clk (rise edge)
                                  0.000000    0.000000   clock network delay (propagated)
                                  2.000000    2.000000 ^ input external delay
   163    0.834082    3.737125    2.655768    4.655768 ^ rst_n (in)
                                                         rst_n (net)
                      3.797940    0.000000    4.655768 ^ _18565_/RESET_B (sky130_fd_sc_hd__dfrtp_1)
                                              4.655768   data arrival time

                                  0.000000    0.000000   clock clk (rise edge)
                                  0.000000    0.000000   clock source latency
   163    0.547821    1.892577    1.355316    1.355316 ^ clk (in)
                                                         clk (net)
                      1.919522    0.000000    1.355316 ^ _18565_/CLK (sky130_fd_sc_hd__dfrtp_1)
                                  0.250000    1.605316   clock uncertainty
                                  0.000000    1.605316   clock reconvergence pessimism
                                  1.557761    3.163077   library removal time
                                              3.163077   data required time
---------------------------------------------------------------------------------------------
                                              3.163077   data required time
                                             -4.655768   data arrival time
---------------------------------------------------------------------------------------------
                                              1.492691   slack (MET)


Startpoint: rst_n (input port clocked by clk)
Endpoint: _18481_ (removal check against rising-edge clock clk)
Path Group: asynchronous
Path Type: min

Fanout         Cap        Slew       Delay        Time   Description
---------------------------------------------------------------------------------------------
                                  0.000000    0.000000   clock clk (rise edge)
                                  0.000000    0.000000   clock network delay (propagated)
                                  2.000000    2.000000 ^ input external delay
   163    0.834082    3.737125    2.659178    4.659178 ^ rst_n (in)
                                                         rst_n (net)
                      3.799102    0.000000    4.659178 ^ _18481_/RESET_B (sky130_fd_sc_hd__dfrtp_1)
                                              4.659178   data arrival time

                                  0.000000    0.000000   clock clk (rise edge)
                                  0.000000    0.000000   clock source latency
   163    0.547821    1.892577    1.357940    1.357940 ^ clk (in)
                                                         clk (net)
                      1.920361    0.000000    1.357940 ^ _18481_/CLK (sky130_fd_sc_hd__dfrtp_1)
                                  0.250000    1.607940   clock uncertainty
                                  0.000000    1.607940   clock reconvergence pessimism
                                  1.558128    3.166069   library removal time
                                              3.166069   data required time
---------------------------------------------------------------------------------------------
                                              3.166069   data required time
                                             -4.659178   data arrival time
---------------------------------------------------------------------------------------------
                                              1.493109   slack (MET)


Startpoint: rst_n (input port clocked by clk)
Endpoint: _18577_ (removal check against rising-edge clock clk)
Path Group: asynchronous
Path Type: min

Fanout         Cap        Slew       Delay        Time   Description
---------------------------------------------------------------------------------------------
                                  0.000000    0.000000   clock clk (rise edge)
                                  0.000000    0.000000   clock network delay (propagated)
                                  2.000000    2.000000 ^ input external delay
   163    0.834082    3.737125    2.659243    4.659243 ^ rst_n (in)
                                                         rst_n (net)
                      3.799124    0.000000    4.659243 ^ _18577_/RESET_B (sky130_fd_sc_hd__dfrtp_1)
                                              4.659243   data arrival time

                                  0.000000    0.000000   clock clk (rise edge)
                                  0.000000    0.000000   clock source latency
   163    0.547821    1.892577    1.357979    1.357979 ^ clk (in)
                                                         clk (net)
                      1.920373    0.000000    1.357979 ^ _18577_/CLK (sky130_fd_sc_hd__dfrtp_1)
                                  0.250000    1.607979   clock uncertainty
                                  0.000000    1.607979   clock reconvergence pessimism
                                  1.558135    3.166114   library removal time
                                              3.166114   data required time
---------------------------------------------------------------------------------------------
                                              3.166114   data required time
                                             -4.659243   data arrival time
---------------------------------------------------------------------------------------------
                                              1.493129   slack (MET)


Startpoint: rst_n (input port clocked by clk)
Endpoint: _18578_ (removal check against rising-edge clock clk)
Path Group: asynchronous
Path Type: min

Fanout         Cap        Slew       Delay        Time   Description
---------------------------------------------------------------------------------------------
                                  0.000000    0.000000   clock clk (rise edge)
                                  0.000000    0.000000   clock network delay (propagated)
                                  2.000000    2.000000 ^ input external delay
   163    0.834082    3.737125    2.659593    4.659593 ^ rst_n (in)
                                                         rst_n (net)
                      3.799244    0.000000    4.659593 ^ _18578_/RESET_B (sky130_fd_sc_hd__dfrtp_1)
                                              4.659593   data arrival time

                                  0.000000    0.000000   clock clk (rise edge)
                                  0.000000    0.000000   clock source latency
   163    0.547821    1.892577    1.358193    1.358193 ^ clk (in)
                                                         clk (net)
                      1.920443    0.000000    1.358193 ^ _18578_/CLK (sky130_fd_sc_hd__dfrtp_1)
                                  0.250000    1.608193   clock uncertainty
                                  0.000000    1.608193   clock reconvergence pessimism
                                  1.558171    3.166364   library removal time
                                              3.166364   data required time
---------------------------------------------------------------------------------------------
                                              3.166364   data required time
                                             -4.659593   data arrival time
---------------------------------------------------------------------------------------------
                                              1.493228   slack (MET)


Startpoint: rst_n (input port clocked by clk)
Endpoint: _18584_ (removal check against rising-edge clock clk)
Path Group: asynchronous
Path Type: min

Fanout         Cap        Slew       Delay        Time   Description
---------------------------------------------------------------------------------------------
                                  0.000000    0.000000   clock clk (rise edge)
                                  0.000000    0.000000   clock network delay (propagated)
                                  2.000000    2.000000 ^ input external delay
   163    0.834082    3.737125    2.659707    4.659708 ^ rst_n (in)
                                                         rst_n (net)
                      3.799283    0.000000    4.659708 ^ _18584_/RESET_B (sky130_fd_sc_hd__dfrtp_1)
                                              4.659708   data arrival time

                                  0.000000    0.000000   clock clk (rise edge)
                                  0.000000    0.000000   clock source latency
   163    0.547821    1.892577    1.358262    1.358262 ^ clk (in)
                                                         clk (net)
                      1.920465    0.000000    1.358262 ^ _18584_/CLK (sky130_fd_sc_hd__dfrtp_1)
                                  0.250000    1.608262   clock uncertainty
                                  0.000000    1.608262   clock reconvergence pessimism
                                  1.558183    3.166445   library removal time
                                              3.166445   data required time
---------------------------------------------------------------------------------------------
                                              3.166445   data required time
                                             -4.659708   data arrival time
---------------------------------------------------------------------------------------------
                                              1.493262   slack (MET)


Startpoint: rst_n (input port clocked by clk)
Endpoint: _18586_ (removal check against rising-edge clock clk)
Path Group: asynchronous
Path Type: min

Fanout         Cap        Slew       Delay        Time   Description
---------------------------------------------------------------------------------------------
                                  0.000000    0.000000   clock clk (rise edge)
                                  0.000000    0.000000   clock network delay (propagated)
                                  2.000000    2.000000 ^ input external delay
   163    0.834082    3.737125    2.659750    4.659750 ^ rst_n (in)
                                                         rst_n (net)
                      3.799298    0.000000    4.659750 ^ _18586_/RESET_B (sky130_fd_sc_hd__dfrtp_1)
                                              4.659750   data arrival time

                                  0.000000    0.000000   clock clk (rise edge)
                                  0.000000    0.000000   clock source latency
   163    0.547821    1.892577    1.358286    1.358286 ^ clk (in)
                                                         clk (net)
                      1.920473    0.000000    1.358286 ^ _18586_/CLK (sky130_fd_sc_hd__dfrtp_1)
                                  0.250000    1.608286   clock uncertainty
                                  0.000000    1.608286   clock reconvergence pessimism
                                  1.558188    3.166474   library removal time
                                              3.166474   data required time
---------------------------------------------------------------------------------------------
                                              3.166474   data required time
                                             -4.659750   data arrival time
---------------------------------------------------------------------------------------------
                                              1.493276   slack (MET)


Startpoint: rst_n (input port clocked by clk)
Endpoint: _18533_ (removal check against rising-edge clock clk)
Path Group: asynchronous
Path Type: min

Fanout         Cap        Slew       Delay        Time   Description
---------------------------------------------------------------------------------------------
                                  0.000000    0.000000   clock clk (rise edge)
                                  0.000000    0.000000   clock network delay (propagated)
                                  2.000000    2.000000 ^ input external delay
   163    0.834082    3.737125    2.659893    4.659893 ^ rst_n (in)
                                                         rst_n (net)
                      3.799347    0.000000    4.659893 ^ _18533_/RESET_B (sky130_fd_sc_hd__dfrtp_1)
                                              4.659893   data arrival time

                                  0.000000    0.000000   clock clk (rise edge)
                                  0.000000    0.000000   clock source latency
   163    0.547821    1.892577    1.358376    1.358376 ^ clk (in)
                                                         clk (net)
                      1.920502    0.000000    1.358376 ^ _18533_/CLK (sky130_fd_sc_hd__dfrtp_1)
                                  0.250000    1.608376   clock uncertainty
                                  0.000000    1.608376   clock reconvergence pessimism
                                  1.558203    3.166579   library removal time
                                              3.166579   data required time
---------------------------------------------------------------------------------------------
                                              3.166579   data required time
                                             -4.659893   data arrival time
---------------------------------------------------------------------------------------------
                                              1.493314   slack (MET)


Startpoint: rst_n (input port clocked by clk)
Endpoint: _18486_ (removal check against rising-edge clock clk)
Path Group: asynchronous
Path Type: min

Fanout         Cap        Slew       Delay        Time   Description
---------------------------------------------------------------------------------------------
                                  0.000000    0.000000   clock clk (rise edge)
                                  0.000000    0.000000   clock network delay (propagated)
                                  2.000000    2.000000 ^ input external delay
   163    0.834082    3.737125    2.660041    4.660041 ^ rst_n (in)
                                                         rst_n (net)
                      3.799398    0.000000    4.660041 ^ _18486_/RESET_B (sky130_fd_sc_hd__dfrtp_1)
                                              4.660041   data arrival time

                                  0.000000    0.000000   clock clk (rise edge)
                                  0.000000    0.000000   clock source latency
   163    0.547821    1.892577    1.358466    1.358466 ^ clk (in)
                                                         clk (net)
                      1.920531    0.000000    1.358466 ^ _18486_/CLK (sky130_fd_sc_hd__dfrtp_1)
                                  0.250000    1.608466   clock uncertainty
                                  0.000000    1.608466   clock reconvergence pessimism
                                  1.558218    3.166684   library removal time
                                              3.166684   data required time
---------------------------------------------------------------------------------------------
                                              3.166684   data required time
                                             -4.660041   data arrival time
---------------------------------------------------------------------------------------------
                                              1.493358   slack (MET)


Startpoint: rst_n (input port clocked by clk)
Endpoint: _18581_ (removal check against rising-edge clock clk)
Path Group: asynchronous
Path Type: min

Fanout         Cap        Slew       Delay        Time   Description
---------------------------------------------------------------------------------------------
                                  0.000000    0.000000   clock clk (rise edge)
                                  0.000000    0.000000   clock network delay (propagated)
                                  2.000000    2.000000 ^ input external delay
   163    0.834082    3.737125    2.660180    4.660180 ^ rst_n (in)
                                                         rst_n (net)
                      3.799445    0.000000    4.660180 ^ _18581_/RESET_B (sky130_fd_sc_hd__dfrtp_1)
                                              4.660180   data arrival time

                                  0.000000    0.000000   clock clk (rise edge)
                                  0.000000    0.000000   clock source latency
   163    0.547821    1.892577    1.358551    1.358551 ^ clk (in)
                                                         clk (net)
                      1.920558    0.000000    1.358551 ^ _18581_/CLK (sky130_fd_sc_hd__dfrtp_1)
                                  0.250000    1.608551   clock uncertainty
                                  0.000000    1.608551   clock reconvergence pessimism
                                  1.558232    3.166784   library removal time
                                              3.166784   data required time
---------------------------------------------------------------------------------------------
                                              3.166784   data required time
                                             -4.660180   data arrival time
---------------------------------------------------------------------------------------------
                                              1.493396   slack (MET)


Startpoint: rst_n (input port clocked by clk)
Endpoint: _18537_ (removal check against rising-edge clock clk)
Path Group: asynchronous
Path Type: min

Fanout         Cap        Slew       Delay        Time   Description
---------------------------------------------------------------------------------------------
                                  0.000000    0.000000   clock clk (rise edge)
                                  0.000000    0.000000   clock network delay (propagated)
                                  2.000000    2.000000 ^ input external delay
   163    0.834082    3.737125    2.660228    4.660228 ^ rst_n (in)
                                                         rst_n (net)
                      3.799462    0.000000    4.660228 ^ _18537_/RESET_B (sky130_fd_sc_hd__dfrtp_1)
                                              4.660228   data arrival time

                                  0.000000    0.000000   clock clk (rise edge)
                                  0.000000    0.000000   clock source latency
   163    0.547821    1.892577    1.358579    1.358579 ^ clk (in)
                                                         clk (net)
                      1.920567    0.000000    1.358579 ^ _18537_/CLK (sky130_fd_sc_hd__dfrtp_1)
                                  0.250000    1.608579   clock uncertainty
                                  0.000000    1.608579   clock reconvergence pessimism
                                  1.558237    3.166816   library removal time
                                              3.166816   data required time
---------------------------------------------------------------------------------------------
                                              3.166816   data required time
                                             -4.660228   data arrival time
---------------------------------------------------------------------------------------------
                                              1.493412   slack (MET)


Startpoint: rst_n (input port clocked by clk)
Endpoint: _18479_ (removal check against rising-edge clock clk)
Path Group: asynchronous
Path Type: min

Fanout         Cap        Slew       Delay        Time   Description
---------------------------------------------------------------------------------------------
                                  0.000000    0.000000   clock clk (rise edge)
                                  0.000000    0.000000   clock network delay (propagated)
                                  2.000000    2.000000 ^ input external delay
   163    0.834082    3.737125    2.660625    4.660625 ^ rst_n (in)
                                                         rst_n (net)
                      3.799598    0.000000    4.660625 ^ _18479_/RESET_B (sky130_fd_sc_hd__dfrtp_1)
                                              4.660625   data arrival time

                                  0.000000    0.000000   clock clk (rise edge)
                                  0.000000    0.000000   clock source latency
   163    0.547821    1.892577    1.358915    1.358915 ^ clk (in)
                                                         clk (net)
                      1.920676    0.000000    1.358915 ^ _18479_/CLK (sky130_fd_sc_hd__dfrtp_1)
                                  0.250000    1.608915   clock uncertainty
                                  0.000000    1.608915   clock reconvergence pessimism
                                  1.558281    3.167196   library removal time
                                              3.167196   data required time
---------------------------------------------------------------------------------------------
                                              3.167196   data required time
                                             -4.660625   data arrival time
---------------------------------------------------------------------------------------------
                                              1.493429   slack (MET)


Startpoint: rst_n (input port clocked by clk)
Endpoint: _18487_ (removal check against rising-edge clock clk)
Path Group: asynchronous
Path Type: min

Fanout         Cap        Slew       Delay        Time   Description
---------------------------------------------------------------------------------------------
                                  0.000000    0.000000   clock clk (rise edge)
                                  0.000000    0.000000   clock network delay (propagated)
                                  2.000000    2.000000 ^ input external delay
   163    0.834082    3.737125    2.660293    4.660293 ^ rst_n (in)
                                                         rst_n (net)
                      3.799484    0.000000    4.660293 ^ _18487_/RESET_B (sky130_fd_sc_hd__dfrtp_1)
                                              4.660293   data arrival time

                                  0.000000    0.000000   clock clk (rise edge)
                                  0.000000    0.000000   clock source latency
   163    0.547821    1.892577    1.358619    1.358619 ^ clk (in)
                                                         clk (net)
                      1.920581    0.000000    1.358619 ^ _18487_/CLK (sky130_fd_sc_hd__dfrtp_1)
                                  0.250000    1.608619   clock uncertainty
                                  0.000000    1.608619   clock reconvergence pessimism
                                  1.558244    3.166863   library removal time
                                              3.166863   data required time
---------------------------------------------------------------------------------------------
                                              3.166863   data required time
                                             -4.660293   data arrival time
---------------------------------------------------------------------------------------------
                                              1.493429   slack (MET)


Startpoint: rst_n (input port clocked by clk)
Endpoint: _18623_ (removal check against rising-edge clock clk)
Path Group: asynchronous
Path Type: min

Fanout         Cap        Slew       Delay        Time   Description
---------------------------------------------------------------------------------------------
                                  0.000000    0.000000   clock clk (rise edge)
                                  0.000000    0.000000   clock network delay (propagated)
                                  2.000000    2.000000 ^ input external delay
   163    0.834082    3.737125    2.660342    4.660342 ^ rst_n (in)
                                                         rst_n (net)
                      3.799501    0.000000    4.660342 ^ _18623_/RESET_B (sky130_fd_sc_hd__dfrtp_1)
                                              4.660342   data arrival time

                                  0.000000    0.000000   clock clk (rise edge)
                                  0.000000    0.000000   clock source latency
   163    0.547821    1.892577    1.358648    1.358648 ^ clk (in)
                                                         clk (net)
                      1.920590    0.000000    1.358648 ^ _18623_/CLK (sky130_fd_sc_hd__dfrtp_1)
                                  0.250000    1.608648   clock uncertainty
                                  0.000000    1.608648   clock reconvergence pessimism
                                  1.558249    3.166897   library removal time
                                              3.166897   data required time
---------------------------------------------------------------------------------------------
                                              3.166897   data required time
                                             -4.660342   data arrival time
---------------------------------------------------------------------------------------------
                                              1.493444   slack (MET)


Startpoint: rst_n (input port clocked by clk)
Endpoint: _18587_ (removal check against rising-edge clock clk)
Path Group: asynchronous
Path Type: min

Fanout         Cap        Slew       Delay        Time   Description
---------------------------------------------------------------------------------------------
                                  0.000000    0.000000   clock clk (rise edge)
                                  0.000000    0.000000   clock network delay (propagated)
                                  2.000000    2.000000 ^ input external delay
   163    0.834082    3.737125    2.663797    4.663797 ^ rst_n (in)
                                                         rst_n (net)
                      3.800694    0.000000    4.663797 ^ _18587_/RESET_B (sky130_fd_sc_hd__dfrtp_1)
                                              4.663797   data arrival time

                                  0.000000    0.000000   clock clk (rise edge)
                                  0.000000    0.000000   clock source latency
   163    0.547821    1.892577    1.361012    1.361012 ^ clk (in)
                                                         clk (net)
                      1.921360    0.000000    1.361012 ^ _18587_/CLK (sky130_fd_sc_hd__dfrtp_1)
                                  0.250000    1.611012   clock uncertainty
                                  0.000000    1.611012   clock reconvergence pessimism
                                  1.558618    3.169630   library removal time
                                              3.169630   data required time
---------------------------------------------------------------------------------------------
                                              3.169630   data required time
                                             -4.663797   data arrival time
---------------------------------------------------------------------------------------------
                                              1.494167   slack (MET)


Startpoint: rst_n (input port clocked by clk)
Endpoint: _18582_ (removal check against rising-edge clock clk)
Path Group: asynchronous
Path Type: min

Fanout         Cap        Slew       Delay        Time   Description
---------------------------------------------------------------------------------------------
                                  0.000000    0.000000   clock clk (rise edge)
                                  0.000000    0.000000   clock network delay (propagated)
                                  2.000000    2.000000 ^ input external delay
   163    0.834082    3.737125    2.667721    4.667721 ^ rst_n (in)
                                                         rst_n (net)
                      3.802062    0.000000    4.667721 ^ _18582_/RESET_B (sky130_fd_sc_hd__dfrtp_1)
                                              4.667721   data arrival time

                                  0.000000    0.000000   clock clk (rise edge)
                                  0.000000    0.000000   clock source latency
   163    0.547821    1.892577    1.363605    1.363605 ^ clk (in)
                                                         clk (net)
                      1.922218    0.000000    1.363605 ^ _18582_/CLK (sky130_fd_sc_hd__dfrtp_1)
                                  0.250000    1.613605   clock uncertainty
                                  0.000000    1.613605   clock reconvergence pessimism
                                  1.559038    3.172644   library removal time
                                              3.172644   data required time
---------------------------------------------------------------------------------------------
                                              3.172644   data required time
                                             -4.667721   data arrival time
---------------------------------------------------------------------------------------------
                                              1.495077   slack (MET)


Startpoint: rst_n (input port clocked by clk)
Endpoint: _18580_ (removal check against rising-edge clock clk)
Path Group: asynchronous
Path Type: min

Fanout         Cap        Slew       Delay        Time   Description
---------------------------------------------------------------------------------------------
                                  0.000000    0.000000   clock clk (rise edge)
                                  0.000000    0.000000   clock network delay (propagated)
                                  2.000000    2.000000 ^ input external delay
   163    0.834082    3.737125    2.671033    4.671033 ^ rst_n (in)
                                                         rst_n (net)
                      3.803228    0.000000    4.671033 ^ _18580_/RESET_B (sky130_fd_sc_hd__dfrtp_1)
                                              4.671033   data arrival time

                                  0.000000    0.000000   clock clk (rise edge)
                                  0.000000    0.000000   clock source latency
   163    0.547821    1.892577    1.365798    1.365798 ^ clk (in)
                                                         clk (net)
                      1.922954    0.000000    1.365798 ^ _18580_/CLK (sky130_fd_sc_hd__dfrtp_1)
                                  0.250000    1.615798   clock uncertainty
                                  0.000000    1.615798   clock reconvergence pessimism
                                  1.559397    3.175195   library removal time
                                              3.175195   data required time
---------------------------------------------------------------------------------------------
                                              3.175195   data required time
                                             -4.671033   data arrival time
---------------------------------------------------------------------------------------------
                                              1.495838   slack (MET)


Startpoint: rst_n (input port clocked by clk)
Endpoint: _18534_ (removal check against rising-edge clock clk)
Path Group: asynchronous
Path Type: min

Fanout         Cap        Slew       Delay        Time   Description
---------------------------------------------------------------------------------------------
                                  0.000000    0.000000   clock clk (rise edge)
                                  0.000000    0.000000   clock network delay (propagated)
                                  2.000000    2.000000 ^ input external delay
   163    0.834082    3.737125    2.671422    4.671422 ^ rst_n (in)
                                                         rst_n (net)
                      3.803366    0.000000    4.671422 ^ _18534_/RESET_B (sky130_fd_sc_hd__dfrtp_1)
                                              4.671422   data arrival time

                                  0.000000    0.000000   clock clk (rise edge)
                                  0.000000    0.000000   clock source latency
   163    0.547821    1.892577    1.366050    1.366050 ^ clk (in)
                                                         clk (net)
                      1.923039    0.000000    1.366050 ^ _18534_/CLK (sky130_fd_sc_hd__dfrtp_1)
                                  0.250000    1.616051   clock uncertainty
                                  0.000000    1.616051   clock reconvergence pessimism
                                  1.559440    3.175490   library removal time
                                              3.175490   data required time
---------------------------------------------------------------------------------------------
                                              3.175490   data required time
                                             -4.671422   data arrival time
---------------------------------------------------------------------------------------------
                                              1.495932   slack (MET)


Startpoint: rst_n (input port clocked by clk)
Endpoint: _18579_ (removal check against rising-edge clock clk)
Path Group: asynchronous
Path Type: min

Fanout         Cap        Slew       Delay        Time   Description
---------------------------------------------------------------------------------------------
                                  0.000000    0.000000   clock clk (rise edge)
                                  0.000000    0.000000   clock network delay (propagated)
                                  2.000000    2.000000 ^ input external delay
   163    0.834082    3.737125    2.671454    4.671454 ^ rst_n (in)
                                                         rst_n (net)
                      3.803377    0.000000    4.671454 ^ _18579_/RESET_B (sky130_fd_sc_hd__dfrtp_1)
                                              4.671454   data arrival time

                                  0.000000    0.000000   clock clk (rise edge)
                                  0.000000    0.000000   clock source latency
   163    0.547821    1.892577    1.366069    1.366069 ^ clk (in)
                                                         clk (net)
                      1.923046    0.000000    1.366069 ^ _18579_/CLK (sky130_fd_sc_hd__dfrtp_1)
                                  0.250000    1.616069   clock uncertainty
                                  0.000000    1.616069   clock reconvergence pessimism
                                  1.559443    3.175512   library removal time
                                              3.175512   data required time
---------------------------------------------------------------------------------------------
                                              3.175512   data required time
                                             -4.671454   data arrival time
---------------------------------------------------------------------------------------------
                                              1.495942   slack (MET)


Startpoint: rst_n (input port clocked by clk)
Endpoint: _18583_ (removal check against rising-edge clock clk)
Path Group: asynchronous
Path Type: min

Fanout         Cap        Slew       Delay        Time   Description
---------------------------------------------------------------------------------------------
                                  0.000000    0.000000   clock clk (rise edge)
                                  0.000000    0.000000   clock network delay (propagated)
                                  2.000000    2.000000 ^ input external delay
   163    0.834082    3.737125    2.674081    4.674081 ^ rst_n (in)
                                                         rst_n (net)
                      3.804310    0.000000    4.674081 ^ _18583_/RESET_B (sky130_fd_sc_hd__dfrtp_1)
                                              4.674081   data arrival time

                                  0.000000    0.000000   clock clk (rise edge)
                                  0.000000    0.000000   clock source latency
   163    0.547821    1.892577    1.367820    1.367820 ^ clk (in)
                                                         clk (net)
                      1.923641    0.000000    1.367820 ^ _18583_/CLK (sky130_fd_sc_hd__dfrtp_1)
                                  0.250000    1.617820   clock uncertainty
                                  0.000000    1.617820   clock reconvergence pessimism
                                  1.559731    3.177551   library removal time
                                              3.177551   data required time
---------------------------------------------------------------------------------------------
                                              3.177551   data required time
                                             -4.674081   data arrival time
---------------------------------------------------------------------------------------------
                                              1.496530   slack (MET)


Startpoint: rst_n (input port clocked by clk)
Endpoint: _18489_ (removal check against rising-edge clock clk)
Path Group: asynchronous
Path Type: min

Fanout         Cap        Slew       Delay        Time   Description
---------------------------------------------------------------------------------------------
                                  0.000000    0.000000   clock clk (rise edge)
                                  0.000000    0.000000   clock network delay (propagated)
                                  2.000000    2.000000 ^ input external delay
   163    0.834082    3.737125    2.677072    4.677072 ^ rst_n (in)
                                                         rst_n (net)
                      3.805381    0.000000    4.677072 ^ _18489_/RESET_B (sky130_fd_sc_hd__dfrtp_1)
                                              4.677072   data arrival time

                                  0.000000    0.000000   clock clk (rise edge)
                                  0.000000    0.000000   clock source latency
   163    0.547821    1.892577    1.369807    1.369807 ^ clk (in)
                                                         clk (net)
                      1.924323    0.000000    1.369807 ^ _18489_/CLK (sky130_fd_sc_hd__dfrtp_1)
                                  0.250000    1.619807   clock uncertainty
                                  0.000000    1.619807   clock reconvergence pessimism
                                  1.560061    3.179868   library removal time
                                              3.179868   data required time
---------------------------------------------------------------------------------------------
                                              3.179868   data required time
                                             -4.677072   data arrival time
---------------------------------------------------------------------------------------------
                                              1.497204   slack (MET)


Startpoint: rst_n (input port clocked by clk)
Endpoint: _18585_ (removal check against rising-edge clock clk)
Path Group: asynchronous
Path Type: min

Fanout         Cap        Slew       Delay        Time   Description
---------------------------------------------------------------------------------------------
                                  0.000000    0.000000   clock clk (rise edge)
                                  0.000000    0.000000   clock network delay (propagated)
                                  2.000000    2.000000 ^ input external delay
   163    0.834082    3.737125    2.680004    4.680004 ^ rst_n (in)
                                                         rst_n (net)
                      3.806438    0.000000    4.680004 ^ _18585_/RESET_B (sky130_fd_sc_hd__dfrtp_1)
                                              4.680004   data arrival time

                                  0.000000    0.000000   clock clk (rise edge)
                                  0.000000    0.000000   clock source latency
   163    0.547821    1.892577    1.371758    1.371758 ^ clk (in)
                                                         clk (net)
                      1.925000    0.000000    1.371758 ^ _18585_/CLK (sky130_fd_sc_hd__dfrtp_1)
                                  0.250000    1.621758   clock uncertainty
                                  0.000000    1.621758   clock reconvergence pessimism
                                  1.560387    3.182145   library removal time
                                              3.182145   data required time
---------------------------------------------------------------------------------------------
                                              3.182145   data required time
                                             -4.680004   data arrival time
---------------------------------------------------------------------------------------------
                                              1.497859   slack (MET)


Startpoint: rst_n (input port clocked by clk)
Endpoint: _18493_ (removal check against rising-edge clock clk)
Path Group: asynchronous
Path Type: min

Fanout         Cap        Slew       Delay        Time   Description
---------------------------------------------------------------------------------------------
                                  0.000000    0.000000   clock clk (rise edge)
                                  0.000000    0.000000   clock network delay (propagated)
                                  2.000000    2.000000 ^ input external delay
   163    0.834082    3.737125    2.681790    4.681790 ^ rst_n (in)
                                                         rst_n (net)
                      3.807087    0.000000    4.681790 ^ _18493_/RESET_B (sky130_fd_sc_hd__dfrtp_1)
                                              4.681790   data arrival time

                                  0.000000    0.000000   clock clk (rise edge)
                                  0.000000    0.000000   clock source latency
   163    0.547821    1.892577    1.372941    1.372941 ^ clk (in)
                                                         clk (net)
                      1.925415    0.000000    1.372941 ^ _18493_/CLK (sky130_fd_sc_hd__dfrtp_1)
                                  0.250000    1.622941   clock uncertainty
                                  0.000000    1.622941   clock reconvergence pessimism
                                  1.560588    3.183529   library removal time
                                              3.183529   data required time
---------------------------------------------------------------------------------------------
                                              3.183529   data required time
                                             -4.681790   data arrival time
---------------------------------------------------------------------------------------------
                                              1.498261   slack (MET)


Startpoint: rst_n (input port clocked by clk)
Endpoint: _18492_ (removal check against rising-edge clock clk)
Path Group: asynchronous
Path Type: min

Fanout         Cap        Slew       Delay        Time   Description
---------------------------------------------------------------------------------------------
                                  0.000000    0.000000   clock clk (rise edge)
                                  0.000000    0.000000   clock network delay (propagated)
                                  2.000000    2.000000 ^ input external delay
   163    0.834082    3.737125    2.681832    4.681832 ^ rst_n (in)
                                                         rst_n (net)
                      3.807102    0.000000    4.681832 ^ _18492_/RESET_B (sky130_fd_sc_hd__dfrtp_1)
                                              4.681832   data arrival time

                                  0.000000    0.000000   clock clk (rise edge)
                                  0.000000    0.000000   clock source latency
   163    0.547821    1.892577    1.372966    1.372966 ^ clk (in)
                                                         clk (net)
                      1.925424    0.000000    1.372966 ^ _18492_/CLK (sky130_fd_sc_hd__dfrtp_1)
                                  0.250000    1.622966   clock uncertainty
                                  0.000000    1.622966   clock reconvergence pessimism
                                  1.560592    3.183558   library removal time
                                              3.183558   data required time
---------------------------------------------------------------------------------------------
                                              3.183558   data required time
                                             -4.681832   data arrival time
---------------------------------------------------------------------------------------------
                                              1.498274   slack (MET)


Startpoint: rst_n (input port clocked by clk)
Endpoint: _18535_ (removal check against rising-edge clock clk)
Path Group: asynchronous
Path Type: min

Fanout         Cap        Slew       Delay        Time   Description
---------------------------------------------------------------------------------------------
                                  0.000000    0.000000   clock clk (rise edge)
                                  0.000000    0.000000   clock network delay (propagated)
                                  2.000000    2.000000 ^ input external delay
   163    0.834082    3.737125    2.681853    4.681853 ^ rst_n (in)
                                                         rst_n (net)
                      3.807110    0.000000    4.681853 ^ _18535_/RESET_B (sky130_fd_sc_hd__dfrtp_1)
                                              4.681853   data arrival time

                                  0.000000    0.000000   clock clk (rise edge)
                                  0.000000    0.000000   clock source latency
   163    0.547821    1.892577    1.372978    1.372978 ^ clk (in)
                                                         clk (net)
                      1.925428    0.000000    1.372978 ^ _18535_/CLK (sky130_fd_sc_hd__dfrtp_1)
                                  0.250000    1.622978   clock uncertainty
                                  0.000000    1.622978   clock reconvergence pessimism
                                  1.560594    3.183573   library removal time
                                              3.183573   data required time
---------------------------------------------------------------------------------------------
                                              3.183573   data required time
                                             -4.681853   data arrival time
---------------------------------------------------------------------------------------------
                                              1.498280   slack (MET)


Startpoint: rst_n (input port clocked by clk)
Endpoint: _18491_ (removal check against rising-edge clock clk)
Path Group: asynchronous
Path Type: min

Fanout         Cap        Slew       Delay        Time   Description
---------------------------------------------------------------------------------------------
                                  0.000000    0.000000   clock clk (rise edge)
                                  0.000000    0.000000   clock network delay (propagated)
                                  2.000000    2.000000 ^ input external delay
   163    0.834082    3.737125    2.683336    4.683336 ^ rst_n (in)
                                                         rst_n (net)
                      3.807650    0.000000    4.683336 ^ _18491_/RESET_B (sky130_fd_sc_hd__dfrtp_1)
                                              4.683336   data arrival time

                                  0.000000    0.000000   clock clk (rise edge)
                                  0.000000    0.000000   clock source latency
   163    0.547821    1.892577    1.373980    1.373980 ^ clk (in)
                                                         clk (net)
                      1.925781    0.000000    1.373980 ^ _18491_/CLK (sky130_fd_sc_hd__dfrtp_1)
                                  0.250000    1.623980   clock uncertainty
                                  0.000000    1.623980   clock reconvergence pessimism
                                  1.560762    3.184742   library removal time
                                              3.184742   data required time
---------------------------------------------------------------------------------------------
                                              3.184742   data required time
                                             -4.683336   data arrival time
---------------------------------------------------------------------------------------------
                                              1.498593   slack (MET)


Startpoint: rst_n (input port clocked by clk)
Endpoint: _18619_ (removal check against rising-edge clock clk)
Path Group: asynchronous
Path Type: min

Fanout         Cap        Slew       Delay        Time   Description
---------------------------------------------------------------------------------------------
                                  0.000000    0.000000   clock clk (rise edge)
                                  0.000000    0.000000   clock network delay (propagated)
                                  2.000000    2.000000 ^ input external delay
   163    0.834082    3.737125    2.686141    4.686141 ^ rst_n (in)
                                                         rst_n (net)
                      3.808678    0.000000    4.686141 ^ _18619_/RESET_B (sky130_fd_sc_hd__dfrtp_1)
                                              4.686141   data arrival time

                                  0.000000    0.000000   clock clk (rise edge)
                                  0.000000    0.000000   clock source latency
   163    0.547821    1.892577    1.375858    1.375858 ^ clk (in)
                                                         clk (net)
                      1.926449    0.000000    1.375858 ^ _18619_/CLK (sky130_fd_sc_hd__dfrtp_1)
                                  0.250000    1.625858   clock uncertainty
                                  0.000000    1.625858   clock reconvergence pessimism
                                  1.561080    3.186938   library removal time
                                              3.186938   data required time
---------------------------------------------------------------------------------------------
                                              3.186938   data required time
                                             -4.686141   data arrival time
---------------------------------------------------------------------------------------------
                                              1.499203   slack (MET)


Startpoint: rst_n (input port clocked by clk)
Endpoint: _18629_ (removal check against rising-edge clock clk)
Path Group: asynchronous
Path Type: min

Fanout         Cap        Slew       Delay        Time   Description
---------------------------------------------------------------------------------------------
                                  0.000000    0.000000   clock clk (rise edge)
                                  0.000000    0.000000   clock network delay (propagated)
                                  2.000000    2.000000 ^ input external delay
   163    0.834082    3.737125    2.688657    4.688657 ^ rst_n (in)
                                                         rst_n (net)
                      3.809607    0.000000    4.688657 ^ _18629_/RESET_B (sky130_fd_sc_hd__dfrtp_1)
                                              4.688657   data arrival time

                                  0.000000    0.000000   clock clk (rise edge)
                                  0.000000    0.000000   clock source latency
   163    0.547821    1.892577    1.377544    1.377544 ^ clk (in)
                                                         clk (net)
                      1.927053    0.000000    1.377544 ^ _18629_/CLK (sky130_fd_sc_hd__dfrtp_1)
                                  0.250000    1.627544   clock uncertainty
                                  0.000000    1.627544   clock reconvergence pessimism
                                  1.561367    3.188912   library removal time
                                              3.188912   data required time
---------------------------------------------------------------------------------------------
                                              3.188912   data required time
                                             -4.688657   data arrival time
---------------------------------------------------------------------------------------------
                                              1.499745   slack (MET)


Startpoint: rst_n (input port clocked by clk)
Endpoint: _18536_ (removal check against rising-edge clock clk)
Path Group: asynchronous
Path Type: min

Fanout         Cap        Slew       Delay        Time   Description
---------------------------------------------------------------------------------------------
                                  0.000000    0.000000   clock clk (rise edge)
                                  0.000000    0.000000   clock network delay (propagated)
                                  2.000000    2.000000 ^ input external delay
   163    0.834082    3.737125    2.693197    4.693198 ^ rst_n (in)
                                                         rst_n (net)
                      3.811298    0.000000    4.693198 ^ _18536_/RESET_B (sky130_fd_sc_hd__dfrtp_1)
                                              4.693198   data arrival time

                                  0.000000    0.000000   clock clk (rise edge)
                                  0.000000    0.000000   clock source latency
   163    0.547821    1.892577    1.380590    1.380590 ^ clk (in)
                                                         clk (net)
                      1.928160    0.000000    1.380590 ^ _18536_/CLK (sky130_fd_sc_hd__dfrtp_1)
                                  0.250000    1.630590   clock uncertainty
                                  0.000000    1.630590   clock reconvergence pessimism
                                  1.561891    3.192482   library removal time
                                              3.192482   data required time
---------------------------------------------------------------------------------------------
                                              3.192482   data required time
                                             -4.693198   data arrival time
---------------------------------------------------------------------------------------------
                                              1.500716   slack (MET)


Startpoint: rst_n (input port clocked by clk)
Endpoint: _18624_ (removal check against rising-edge clock clk)
Path Group: asynchronous
Path Type: min

Fanout         Cap        Slew       Delay        Time   Description
---------------------------------------------------------------------------------------------
                                  0.000000    0.000000   clock clk (rise edge)
                                  0.000000    0.000000   clock network delay (propagated)
                                  2.000000    2.000000 ^ input external delay
   163    0.834082    3.737125    2.696371    4.696371 ^ rst_n (in)
                                                         rst_n (net)
                      3.812491    0.000000    4.696371 ^ _18624_/RESET_B (sky130_fd_sc_hd__dfrtp_1)
                                              4.696371   data arrival time

                                  0.000000    0.000000   clock clk (rise edge)
                                  0.000000    0.000000   clock source latency
   163    0.547821    1.892577    1.382719    1.382719 ^ clk (in)
                                                         clk (net)
                      1.928944    0.000000    1.382719 ^ _18624_/CLK (sky130_fd_sc_hd__dfrtp_1)
                                  0.250000    1.632719   clock uncertainty
                                  0.000000    1.632719   clock reconvergence pessimism
                                  1.562261    3.194981   library removal time
                                              3.194981   data required time
---------------------------------------------------------------------------------------------
                                              3.194981   data required time
                                             -4.696371   data arrival time
---------------------------------------------------------------------------------------------
                                              1.501390   slack (MET)


Startpoint: rst_n (input port clocked by clk)
Endpoint: _18632_ (removal check against rising-edge clock clk)
Path Group: asynchronous
Path Type: min

Fanout         Cap        Slew       Delay        Time   Description
---------------------------------------------------------------------------------------------
                                  0.000000    0.000000   clock clk (rise edge)
                                  0.000000    0.000000   clock network delay (propagated)
                                  2.000000    2.000000 ^ input external delay
   163    0.834082    3.737125    2.699725    4.699725 ^ rst_n (in)
                                                         rst_n (net)
                      3.813763    0.000000    4.699725 ^ _18632_/RESET_B (sky130_fd_sc_hd__dfrtp_1)
                                              4.699725   data arrival time

                                  0.000000    0.000000   clock clk (rise edge)
                                  0.000000    0.000000   clock source latency
   163    0.547821    1.892577    1.384974    1.384974 ^ clk (in)
                                                         clk (net)
                      1.929783    0.000000    1.384974 ^ _18632_/CLK (sky130_fd_sc_hd__dfrtp_1)
                                  0.250000    1.634974   clock uncertainty
                                  0.000000    1.634974   clock reconvergence pessimism
                                  1.562656    3.197630   library removal time
                                              3.197630   data required time
---------------------------------------------------------------------------------------------
                                              3.197630   data required time
                                             -4.699725   data arrival time
---------------------------------------------------------------------------------------------
                                              1.502095   slack (MET)


Startpoint: rst_n (input port clocked by clk)
Endpoint: _18538_ (removal check against rising-edge clock clk)
Path Group: asynchronous
Path Type: min

Fanout         Cap        Slew       Delay        Time   Description
---------------------------------------------------------------------------------------------
                                  0.000000    0.000000   clock clk (rise edge)
                                  0.000000    0.000000   clock network delay (propagated)
                                  2.000000    2.000000 ^ input external delay
   163    0.834082    3.737125    2.705350    4.705350 ^ rst_n (in)
                                                         rst_n (net)
                      3.815918    0.000000    4.705350 ^ _18538_/RESET_B (sky130_fd_sc_hd__dfrtp_1)
                                              4.705350   data arrival time

                                  0.000000    0.000000   clock clk (rise edge)
                                  0.000000    0.000000   clock source latency
   163    0.547821    1.892577    1.388750    1.388750 ^ clk (in)
                                                         clk (net)
                      1.931211    0.000000    1.388750 ^ _18538_/CLK (sky130_fd_sc_hd__dfrtp_1)
                                  0.250000    1.638750   clock uncertainty
                                  0.000000    1.638750   clock reconvergence pessimism
                                  1.563325    3.202075   library removal time
                                              3.202075   data required time
---------------------------------------------------------------------------------------------
                                              3.202075   data required time
                                             -4.705350   data arrival time
---------------------------------------------------------------------------------------------
                                              1.503274   slack (MET)


Startpoint: rst_n (input port clocked by clk)
Endpoint: _18539_ (removal check against rising-edge clock clk)
Path Group: asynchronous
Path Type: min

Fanout         Cap        Slew       Delay        Time   Description
---------------------------------------------------------------------------------------------
                                  0.000000    0.000000   clock clk (rise edge)
                                  0.000000    0.000000   clock network delay (propagated)
                                  2.000000    2.000000 ^ input external delay
   163    0.834082    3.737125    2.713938    4.713938 ^ rst_n (in)
                                                         rst_n (net)
                      3.819265    0.000000    4.713938 ^ _18539_/RESET_B (sky130_fd_sc_hd__dfrtp_1)
                                              4.713938   data arrival time

                                  0.000000    0.000000   clock clk (rise edge)
                                  0.000000    0.000000   clock source latency
   163    0.547821    1.892577    1.394508    1.394508 ^ clk (in)
                                                         clk (net)
                      1.933441    0.000000    1.394508 ^ _18539_/CLK (sky130_fd_sc_hd__dfrtp_1)
                                  0.250000    1.644508   clock uncertainty
                                  0.000000    1.644508   clock reconvergence pessimism
                                  1.564366    3.208874   library removal time
                                              3.208874   data required time
---------------------------------------------------------------------------------------------
                                              3.208874   data required time
                                             -4.713938   data arrival time
---------------------------------------------------------------------------------------------
                                              1.505064   slack (MET)


Startpoint: rst_n (input port clocked by clk)
Endpoint: _18540_ (removal check against rising-edge clock clk)
Path Group: asynchronous
Path Type: min

Fanout         Cap        Slew       Delay        Time   Description
---------------------------------------------------------------------------------------------
                                  0.000000    0.000000   clock clk (rise edge)
                                  0.000000    0.000000   clock network delay (propagated)
                                  2.000000    2.000000 ^ input external delay
   163    0.834082    3.737125    2.733347    4.733347 ^ rst_n (in)
                                                         rst_n (net)
                      3.827081    0.000000    4.733347 ^ _18540_/RESET_B (sky130_fd_sc_hd__dfrtp_1)
                                              4.733347   data arrival time

                                  0.000000    0.000000   clock clk (rise edge)
                                  0.000000    0.000000   clock source latency
   163    0.547821    1.892577    1.407428    1.407428 ^ clk (in)
                                                         clk (net)
                      1.938671    0.000000    1.407428 ^ _18540_/CLK (sky130_fd_sc_hd__dfrtp_1)
                                  0.250000    1.657428   clock uncertainty
                                  0.000000    1.657428   clock reconvergence pessimism
                                  1.566797    3.224225   library removal time
                                              3.224225   data required time
---------------------------------------------------------------------------------------------
                                              3.224225   data required time
                                             -4.733347   data arrival time
---------------------------------------------------------------------------------------------
                                              1.509122   slack (MET)


Startpoint: rst_n (input port clocked by clk)
Endpoint: _18614_ (removal check against rising-edge clock clk)
Path Group: asynchronous
Path Type: min

Fanout         Cap        Slew       Delay        Time   Description
---------------------------------------------------------------------------------------------
                                  0.000000    0.000000   clock clk (rise edge)
                                  0.000000    0.000000   clock network delay (propagated)
                                  2.000000    2.000000 ^ input external delay
   163    0.834082    3.737125    2.753018    4.753018 ^ rst_n (in)
                                                         rst_n (net)
                      3.835352    0.000000    4.753018 ^ _18614_/RESET_B (sky130_fd_sc_hd__dfrtp_1)
                                              4.753018   data arrival time

                                  0.000000    0.000000   clock clk (rise edge)
                                  0.000000    0.000000   clock source latency
   163    0.547821    1.892577    1.420360    1.420360 ^ clk (in)
                                                         clk (net)
                      1.944216    0.000000    1.420360 ^ _18614_/CLK (sky130_fd_sc_hd__dfrtp_1)
                                  0.250000    1.670360   clock uncertainty
                                  0.000000    1.670360   clock reconvergence pessimism
                                  1.569370    3.239730   library removal time
                                              3.239730   data required time
---------------------------------------------------------------------------------------------
                                              3.239730   data required time
                                             -4.753018   data arrival time
---------------------------------------------------------------------------------------------
                                              1.513287   slack (MET)


Startpoint: rst_n (input port clocked by clk)
Endpoint: _18615_ (removal check against rising-edge clock clk)
Path Group: asynchronous
Path Type: min

Fanout         Cap        Slew       Delay        Time   Description
---------------------------------------------------------------------------------------------
                                  0.000000    0.000000   clock clk (rise edge)
                                  0.000000    0.000000   clock network delay (propagated)
                                  2.000000    2.000000 ^ input external delay
   163    0.834082    3.737125    2.753021    4.753021 ^ rst_n (in)
                                                         rst_n (net)
                      3.835353    0.000000    4.753021 ^ _18615_/RESET_B (sky130_fd_sc_hd__dfrtp_1)
                                              4.753021   data arrival time

                                  0.000000    0.000000   clock clk (rise edge)
                                  0.000000    0.000000   clock source latency
   163    0.547821    1.892577    1.420361    1.420361 ^ clk (in)
                                                         clk (net)
                      1.944216    0.000000    1.420361 ^ _18615_/CLK (sky130_fd_sc_hd__dfrtp_1)
                                  0.250000    1.670361   clock uncertainty
                                  0.000000    1.670361   clock reconvergence pessimism
                                  1.569371    3.239732   library removal time
                                              3.239732   data required time
---------------------------------------------------------------------------------------------
                                              3.239732   data required time
                                             -4.753021   data arrival time
---------------------------------------------------------------------------------------------
                                              1.513290   slack (MET)


Startpoint: rst_n (input port clocked by clk)
Endpoint: _18617_ (removal check against rising-edge clock clk)
Path Group: asynchronous
Path Type: min

Fanout         Cap        Slew       Delay        Time   Description
---------------------------------------------------------------------------------------------
                                  0.000000    0.000000   clock clk (rise edge)
                                  0.000000    0.000000   clock network delay (propagated)
                                  2.000000    2.000000 ^ input external delay
   163    0.834082    3.737125    2.753111    4.753111 ^ rst_n (in)
                                                         rst_n (net)
                      3.835392    0.000000    4.753111 ^ _18617_/RESET_B (sky130_fd_sc_hd__dfrtp_1)
                                              4.753111   data arrival time

                                  0.000000    0.000000   clock clk (rise edge)
                                  0.000000    0.000000   clock source latency
   163    0.547821    1.892577    1.420417    1.420417 ^ clk (in)
                                                         clk (net)
                      1.944241    0.000000    1.420417 ^ _18617_/CLK (sky130_fd_sc_hd__dfrtp_1)
                                  0.250000    1.670417   clock uncertainty
                                  0.000000    1.670417   clock reconvergence pessimism
                                  1.569383    3.239800   library removal time
                                              3.239800   data required time
---------------------------------------------------------------------------------------------
                                              3.239800   data required time
                                             -4.753111   data arrival time
---------------------------------------------------------------------------------------------
                                              1.513311   slack (MET)


Startpoint: rst_n (input port clocked by clk)
Endpoint: _18607_ (removal check against rising-edge clock clk)
Path Group: asynchronous
Path Type: min

Fanout         Cap        Slew       Delay        Time   Description
---------------------------------------------------------------------------------------------
                                  0.000000    0.000000   clock clk (rise edge)
                                  0.000000    0.000000   clock network delay (propagated)
                                  2.000000    2.000000 ^ input external delay
   163    0.834082    3.737125    2.754579    4.754579 ^ rst_n (in)
                                                         rst_n (net)
                      3.836024    0.000000    4.754579 ^ _18607_/RESET_B (sky130_fd_sc_hd__dfrtp_1)
                                              4.754579   data arrival time

                                  0.000000    0.000000   clock clk (rise edge)
                                  0.000000    0.000000   clock source latency
   163    0.547821    1.892577    1.421384    1.421384 ^ clk (in)
                                                         clk (net)
                      1.944668    0.000000    1.421384 ^ _18607_/CLK (sky130_fd_sc_hd__dfrtp_1)
                                  0.250000    1.671384   clock uncertainty
                                  0.000000    1.671384   clock reconvergence pessimism
                                  1.569579    3.240963   library removal time
                                              3.240963   data required time
---------------------------------------------------------------------------------------------
                                              3.240963   data required time
                                             -4.754579   data arrival time
---------------------------------------------------------------------------------------------
                                              1.513616   slack (MET)


Startpoint: rst_n (input port clocked by clk)
Endpoint: _18601_ (removal check against rising-edge clock clk)
Path Group: asynchronous
Path Type: min

Fanout         Cap        Slew       Delay        Time   Description
---------------------------------------------------------------------------------------------
                                  0.000000    0.000000   clock clk (rise edge)
                                  0.000000    0.000000   clock network delay (propagated)
                                  2.000000    2.000000 ^ input external delay
   163    0.834082    3.737125    2.756533    4.756533 ^ rst_n (in)
                                                         rst_n (net)
                      3.836867    0.000000    4.756533 ^ _18601_/RESET_B (sky130_fd_sc_hd__dfrtp_1)
                                              4.756533   data arrival time

                                  0.000000    0.000000   clock clk (rise edge)
                                  0.000000    0.000000   clock source latency
   163    0.547821    1.892577    1.422659    1.422659 ^ clk (in)
                                                         clk (net)
                      1.945234    0.000000    1.422659 ^ _18601_/CLK (sky130_fd_sc_hd__dfrtp_1)
                                  0.250000    1.672659   clock uncertainty
                                  0.000000    1.672659   clock reconvergence pessimism
                                  1.569842    3.242501   library removal time
                                              3.242501   data required time
---------------------------------------------------------------------------------------------
                                              3.242501   data required time
                                             -4.756533   data arrival time
---------------------------------------------------------------------------------------------
                                              1.514032   slack (MET)


Startpoint: rst_n (input port clocked by clk)
Endpoint: _18590_ (removal check against rising-edge clock clk)
Path Group: asynchronous
Path Type: min

Fanout         Cap        Slew       Delay        Time   Description
---------------------------------------------------------------------------------------------
                                  0.000000    0.000000   clock clk (rise edge)
                                  0.000000    0.000000   clock network delay (propagated)
                                  2.000000    2.000000 ^ input external delay
   163    0.834082    3.737125    2.758270    4.758270 ^ rst_n (in)
                                                         rst_n (net)
                      3.837620    0.000000    4.758270 ^ _18590_/RESET_B (sky130_fd_sc_hd__dfrtp_1)
                                              4.758270   data arrival time

                                  0.000000    0.000000   clock clk (rise edge)
                                  0.000000    0.000000   clock source latency
   163    0.547821    1.892577    1.423795    1.423795 ^ clk (in)
                                                         clk (net)
                      1.945740    0.000000    1.423795 ^ _18590_/CLK (sky130_fd_sc_hd__dfrtp_1)
                                  0.250000    1.673795   clock uncertainty
                                  0.000000    1.673795   clock reconvergence pessimism
                                  1.570076    3.243870   library removal time
                                              3.243870   data required time
---------------------------------------------------------------------------------------------
                                              3.243870   data required time
                                             -4.758270   data arrival time
---------------------------------------------------------------------------------------------
                                              1.514400   slack (MET)


Startpoint: rst_n (input port clocked by clk)
Endpoint: _18606_ (removal check against rising-edge clock clk)
Path Group: asynchronous
Path Type: min

Fanout         Cap        Slew       Delay        Time   Description
---------------------------------------------------------------------------------------------
                                  0.000000    0.000000   clock clk (rise edge)
                                  0.000000    0.000000   clock network delay (propagated)
                                  2.000000    2.000000 ^ input external delay
   163    0.834082    3.737125    2.759235    4.759235 ^ rst_n (in)
                                                         rst_n (net)
                      3.838038    0.000000    4.759235 ^ _18606_/RESET_B (sky130_fd_sc_hd__dfrtp_1)
                                              4.759235   data arrival time

                                  0.000000    0.000000   clock clk (rise edge)
                                  0.000000    0.000000   clock source latency
   163    0.547821    1.892577    1.424425    1.424425 ^ clk (in)
                                                         clk (net)
                      1.946023    0.000000    1.424425 ^ _18606_/CLK (sky130_fd_sc_hd__dfrtp_1)
                                  0.250000    1.674425   clock uncertainty
                                  0.000000    1.674425   clock reconvergence pessimism
                                  1.570206    3.244631   library removal time
                                              3.244631   data required time
---------------------------------------------------------------------------------------------
                                              3.244631   data required time
                                             -4.759235   data arrival time
---------------------------------------------------------------------------------------------
                                              1.514604   slack (MET)


Startpoint: rst_n (input port clocked by clk)
Endpoint: _18621_ (removal check against rising-edge clock clk)
Path Group: asynchronous
Path Type: min

Fanout         Cap        Slew       Delay        Time   Description
---------------------------------------------------------------------------------------------
                                  0.000000    0.000000   clock clk (rise edge)
                                  0.000000    0.000000   clock network delay (propagated)
                                  2.000000    2.000000 ^ input external delay
   163    0.834082    3.737125    2.763088    4.763087 ^ rst_n (in)
                                                         rst_n (net)
                      3.839721    0.000000    4.763087 ^ _18621_/RESET_B (sky130_fd_sc_hd__dfrtp_1)
                                              4.763087   data arrival time

                                  0.000000    0.000000   clock clk (rise edge)
                                  0.000000    0.000000   clock source latency
   163    0.547821    1.892577    1.426951    1.426951 ^ clk (in)
                                                         clk (net)
                      1.947160    0.000000    1.426951 ^ _18621_/CLK (sky130_fd_sc_hd__dfrtp_1)
                                  0.250000    1.676951   clock uncertainty
                                  0.000000    1.676951   clock reconvergence pessimism
                                  1.570731    3.247681   library removal time
                                              3.247681   data required time
---------------------------------------------------------------------------------------------
                                              3.247681   data required time
                                             -4.763087   data arrival time
---------------------------------------------------------------------------------------------
                                              1.515406   slack (MET)


Startpoint: rst_n (input port clocked by clk)
Endpoint: _18610_ (removal check against rising-edge clock clk)
Path Group: asynchronous
Path Type: min

Fanout         Cap        Slew       Delay        Time   Description
---------------------------------------------------------------------------------------------
                                  0.000000    0.000000   clock clk (rise edge)
                                  0.000000    0.000000   clock network delay (propagated)
                                  2.000000    2.000000 ^ input external delay
   163    0.834082    3.737125    2.765089    4.765090 ^ rst_n (in)
                                                         rst_n (net)
                      3.840600    0.000000    4.765090 ^ _18610_/RESET_B (sky130_fd_sc_hd__dfrtp_1)
                                              4.765090   data arrival time

                                  0.000000    0.000000   clock clk (rise edge)
                                  0.000000    0.000000   clock source latency
   163    0.547821    1.892577    1.428263    1.428263 ^ clk (in)
                                                         clk (net)
                      1.947756    0.000000    1.428263 ^ _18610_/CLK (sky130_fd_sc_hd__dfrtp_1)
                                  0.250000    1.678263   clock uncertainty
                                  0.000000    1.678263   clock reconvergence pessimism
                                  1.571005    3.249268   library removal time
                                              3.249268   data required time
---------------------------------------------------------------------------------------------
                                              3.249268   data required time
                                             -4.765090   data arrival time
---------------------------------------------------------------------------------------------
                                              1.515821   slack (MET)


Startpoint: rst_n (input port clocked by clk)
Endpoint: _18609_ (removal check against rising-edge clock clk)
Path Group: asynchronous
Path Type: min

Fanout         Cap        Slew       Delay        Time   Description
---------------------------------------------------------------------------------------------
                                  0.000000    0.000000   clock clk (rise edge)
                                  0.000000    0.000000   clock network delay (propagated)
                                  2.000000    2.000000 ^ input external delay
   163    0.834082    3.737125    2.766910    4.766910 ^ rst_n (in)
                                                         rst_n (net)
                      3.841403    0.000000    4.766910 ^ _18609_/RESET_B (sky130_fd_sc_hd__dfrtp_1)
                                              4.766910   data arrival time

                                  0.000000    0.000000   clock clk (rise edge)
                                  0.000000    0.000000   clock source latency
   163    0.547821    1.892577    1.429455    1.429455 ^ clk (in)
                                                         clk (net)
                      1.948300    0.000000    1.429455 ^ _18609_/CLK (sky130_fd_sc_hd__dfrtp_1)
                                  0.250000    1.679455   clock uncertainty
                                  0.000000    1.679455   clock reconvergence pessimism
                                  1.571255    3.250710   library removal time
                                              3.250710   data required time
---------------------------------------------------------------------------------------------
                                              3.250710   data required time
                                             -4.766910   data arrival time
---------------------------------------------------------------------------------------------
                                              1.516200   slack (MET)


Startpoint: rst_n (input port clocked by clk)
Endpoint: _18561_ (removal check against rising-edge clock clk)
Path Group: asynchronous
Path Type: min

Fanout         Cap        Slew       Delay        Time   Description
---------------------------------------------------------------------------------------------
                                  0.000000    0.000000   clock clk (rise edge)
                                  0.000000    0.000000   clock network delay (propagated)
                                  2.000000    2.000000 ^ input external delay
   163    0.834082    3.737125    2.805393    4.805393 ^ rst_n (in)
                                                         rst_n (net)
                      3.859057    0.000000    4.805393 ^ _18561_/RESET_B (sky130_fd_sc_hd__dfrtp_1)
                                              4.805393   data arrival time

                                  0.000000    0.000000   clock clk (rise edge)
                                  0.000000    0.000000   clock source latency
   163    0.547821    1.892577    1.454065    1.454065 ^ clk (in)
                                                         clk (net)
                      1.960094    0.000000    1.454065 ^ _18561_/CLK (sky130_fd_sc_hd__dfrtp_1)
                                  0.250000    1.704065   clock uncertainty
                                  0.000000    1.704065   clock reconvergence pessimism
                                  1.576740    3.280805   library removal time
                                              3.280805   data required time
---------------------------------------------------------------------------------------------
                                              3.280805   data required time
                                             -4.805393   data arrival time
---------------------------------------------------------------------------------------------
                                              1.524588   slack (MET)


Startpoint: rst_n (input port clocked by clk)
Endpoint: _18560_ (removal check against rising-edge clock clk)
Path Group: asynchronous
Path Type: min

Fanout         Cap        Slew       Delay        Time   Description
---------------------------------------------------------------------------------------------
                                  0.000000    0.000000   clock clk (rise edge)
                                  0.000000    0.000000   clock network delay (propagated)
                                  2.000000    2.000000 ^ input external delay
   163    0.834082    3.737125    2.805462    4.805462 ^ rst_n (in)
                                                         rst_n (net)
                      3.859090    0.000000    4.805462 ^ _18560_/RESET_B (sky130_fd_sc_hd__dfrtp_1)
                                              4.805462   data arrival time

                                  0.000000    0.000000   clock clk (rise edge)
                                  0.000000    0.000000   clock source latency
   163    0.547821    1.892577    1.454111    1.454111 ^ clk (in)
                                                         clk (net)
                      1.960117    0.000000    1.454111 ^ _18560_/CLK (sky130_fd_sc_hd__dfrtp_1)
                                  0.250000    1.704111   clock uncertainty
                                  0.000000    1.704111   clock reconvergence pessimism
                                  1.576751    3.280862   library removal time
                                              3.280862   data required time
---------------------------------------------------------------------------------------------
                                              3.280862   data required time
                                             -4.805462   data arrival time
---------------------------------------------------------------------------------------------
                                              1.524601   slack (MET)


Startpoint: rst_n (input port clocked by clk)
Endpoint: _18562_ (removal check against rising-edge clock clk)
Path Group: asynchronous
Path Type: min

Fanout         Cap        Slew       Delay        Time   Description
---------------------------------------------------------------------------------------------
                                  0.000000    0.000000   clock clk (rise edge)
                                  0.000000    0.000000   clock network delay (propagated)
                                  2.000000    2.000000 ^ input external delay
   163    0.834082    3.737125    2.805631    4.805631 ^ rst_n (in)
                                                         rst_n (net)
                      3.859170    0.000000    4.805631 ^ _18562_/RESET_B (sky130_fd_sc_hd__dfrtp_1)
                                              4.805631   data arrival time

                                  0.000000    0.000000   clock clk (rise edge)
                                  0.000000    0.000000   clock source latency
   163    0.547821    1.892577    1.454222    1.454222 ^ clk (in)
                                                         clk (net)
                      1.960173    0.000000    1.454222 ^ _18562_/CLK (sky130_fd_sc_hd__dfrtp_1)
                                  0.250000    1.704222   clock uncertainty
                                  0.000000    1.704222   clock reconvergence pessimism
                                  1.576776    3.280998   library removal time
                                              3.280998   data required time
---------------------------------------------------------------------------------------------
                                              3.280998   data required time
                                             -4.805631   data arrival time
---------------------------------------------------------------------------------------------
                                              1.524633   slack (MET)


Startpoint: rst_n (input port clocked by clk)
Endpoint: _18559_ (removal check against rising-edge clock clk)
Path Group: asynchronous
Path Type: min

Fanout         Cap        Slew       Delay        Time   Description
---------------------------------------------------------------------------------------------
                                  0.000000    0.000000   clock clk (rise edge)
                                  0.000000    0.000000   clock network delay (propagated)
                                  2.000000    2.000000 ^ input external delay
   163    0.834082    3.737125    2.815648    4.815648 ^ rst_n (in)
                                                         rst_n (net)
                      3.863980    0.000000    4.815648 ^ _18559_/RESET_B (sky130_fd_sc_hd__dfrtp_1)
                                              4.815648   data arrival time

                                  0.000000    0.000000   clock clk (rise edge)
                                  0.000000    0.000000   clock source latency
   163    0.547821    1.892577    1.460312    1.460312 ^ clk (in)
                                                         clk (net)
                      1.963258    0.000000    1.460312 ^ _18559_/CLK (sky130_fd_sc_hd__dfrtp_1)
                                  0.250000    1.710312   clock uncertainty
                                  0.000000    1.710312   clock reconvergence pessimism
                                  1.578258    3.288570   library removal time
                                              3.288570   data required time
---------------------------------------------------------------------------------------------
                                              3.288570   data required time
                                             -4.815648   data arrival time
---------------------------------------------------------------------------------------------
                                              1.527078   slack (MET)


Startpoint: rst_n (input port clocked by clk)
Endpoint: _18497_ (removal check against rising-edge clock clk)
Path Group: asynchronous
Path Type: min

Fanout         Cap        Slew       Delay        Time   Description
---------------------------------------------------------------------------------------------
                                  0.000000    0.000000   clock clk (rise edge)
                                  0.000000    0.000000   clock network delay (propagated)
                                  2.000000    2.000000 ^ input external delay
   163    0.834082    3.737125    2.819705    4.819705 ^ rst_n (in)
                                                         rst_n (net)
                      3.865952    0.000000    4.819705 ^ _18497_/RESET_B (sky130_fd_sc_hd__dfrtp_1)
                                              4.819705   data arrival time

                                  0.000000    0.000000   clock clk (rise edge)
                                  0.000000    0.000000   clock source latency
   163    0.547821    1.892577    1.462750    1.462750 ^ clk (in)
                                                         clk (net)
                      1.964512    0.000000    1.462750 ^ _18497_/CLK (sky130_fd_sc_hd__dfrtp_1)
                                  0.250000    1.712750   clock uncertainty
                                  0.000000    1.712750   clock reconvergence pessimism
                                  1.578865    3.291615   library removal time
                                              3.291615   data required time
---------------------------------------------------------------------------------------------
                                              3.291615   data required time
                                             -4.819705   data arrival time
---------------------------------------------------------------------------------------------
                                              1.528090   slack (MET)


Startpoint: rst_n (input port clocked by clk)
Endpoint: _18494_ (removal check against rising-edge clock clk)
Path Group: asynchronous
Path Type: min

Fanout         Cap        Slew       Delay        Time   Description
---------------------------------------------------------------------------------------------
                                  0.000000    0.000000   clock clk (rise edge)
                                  0.000000    0.000000   clock network delay (propagated)
                                  2.000000    2.000000 ^ input external delay
   163    0.834082    3.737125    2.819878    4.819878 ^ rst_n (in)
                                                         rst_n (net)
                      3.866037    0.000000    4.819878 ^ _18494_/RESET_B (sky130_fd_sc_hd__dfrtp_1)
                                              4.819878   data arrival time

                                  0.000000    0.000000   clock clk (rise edge)
                                  0.000000    0.000000   clock source latency
   163    0.547821    1.892577    1.462853    1.462853 ^ clk (in)
                                                         clk (net)
                      1.964565    0.000000    1.462853 ^ _18494_/CLK (sky130_fd_sc_hd__dfrtp_1)
                                  0.250000    1.712853   clock uncertainty
                                  0.000000    1.712853   clock reconvergence pessimism
                                  1.578891    3.291744   library removal time
                                              3.291744   data required time
---------------------------------------------------------------------------------------------
                                              3.291744   data required time
                                             -4.819878   data arrival time
---------------------------------------------------------------------------------------------
                                              1.528135   slack (MET)


Startpoint: rst_n (input port clocked by clk)
Endpoint: _18541_ (removal check against rising-edge clock clk)
Path Group: asynchronous
Path Type: min

Fanout         Cap        Slew       Delay        Time   Description
---------------------------------------------------------------------------------------------
                                  0.000000    0.000000   clock clk (rise edge)
                                  0.000000    0.000000   clock network delay (propagated)
                                  2.000000    2.000000 ^ input external delay
   163    0.834082    3.737125    2.819955    4.819955 ^ rst_n (in)
                                                         rst_n (net)
                      3.866075    0.000000    4.819955 ^ _18541_/RESET_B (sky130_fd_sc_hd__dfrtp_1)
                                              4.819955   data arrival time

                                  0.000000    0.000000   clock clk (rise edge)
                                  0.000000    0.000000   clock source latency
   163    0.547821    1.892577    1.462898    1.462898 ^ clk (in)
                                                         clk (net)
                      1.964588    0.000000    1.462898 ^ _18541_/CLK (sky130_fd_sc_hd__dfrtp_1)
                                  0.250000    1.712898   clock uncertainty
                                  0.000000    1.712898   clock reconvergence pessimism
                                  1.578902    3.291800   library removal time
                                              3.291800   data required time
---------------------------------------------------------------------------------------------
                                              3.291800   data required time
                                             -4.819955   data arrival time
---------------------------------------------------------------------------------------------
                                              1.528155   slack (MET)


Startpoint: rst_n (input port clocked by clk)
Endpoint: _18542_ (removal check against rising-edge clock clk)
Path Group: asynchronous
Path Type: min

Fanout         Cap        Slew       Delay        Time   Description
---------------------------------------------------------------------------------------------
                                  0.000000    0.000000   clock clk (rise edge)
                                  0.000000    0.000000   clock network delay (propagated)
                                  2.000000    2.000000 ^ input external delay
   163    0.834082    3.737125    2.819996    4.819996 ^ rst_n (in)
                                                         rst_n (net)
                      3.866095    0.000000    4.819996 ^ _18542_/RESET_B (sky130_fd_sc_hd__dfrtp_1)
                                              4.819996   data arrival time

                                  0.000000    0.000000   clock clk (rise edge)
                                  0.000000    0.000000   clock source latency
   163    0.547821    1.892577    1.462921    1.462921 ^ clk (in)
                                                         clk (net)
                      1.964600    0.000000    1.462921 ^ _18542_/CLK (sky130_fd_sc_hd__dfrtp_1)
                                  0.250000    1.712921   clock uncertainty
                                  0.000000    1.712921   clock reconvergence pessimism
                                  1.578908    3.291830   library removal time
                                              3.291830   data required time
---------------------------------------------------------------------------------------------
                                              3.291830   data required time
                                             -4.819996   data arrival time
---------------------------------------------------------------------------------------------
                                              1.528167   slack (MET)


Startpoint: rst_n (input port clocked by clk)
Endpoint: _18495_ (removal check against rising-edge clock clk)
Path Group: asynchronous
Path Type: min

Fanout         Cap        Slew       Delay        Time   Description
---------------------------------------------------------------------------------------------
                                  0.000000    0.000000   clock clk (rise edge)
                                  0.000000    0.000000   clock network delay (propagated)
                                  2.000000    2.000000 ^ input external delay
   163    0.834082    3.737125    2.820635    4.820635 ^ rst_n (in)
                                                         rst_n (net)
                      3.866407    0.000000    4.820635 ^ _18495_/RESET_B (sky130_fd_sc_hd__dfrtp_1)
                                              4.820635   data arrival time

                                  0.000000    0.000000   clock clk (rise edge)
                                  0.000000    0.000000   clock source latency
   163    0.547821    1.892577    1.463306    1.463306 ^ clk (in)
                                                         clk (net)
                      1.964799    0.000000    1.463306 ^ _18495_/CLK (sky130_fd_sc_hd__dfrtp_1)
                                  0.250000    1.713306   clock uncertainty
                                  0.000000    1.713306   clock reconvergence pessimism
                                  1.579004    3.292311   library removal time
                                              3.292311   data required time
---------------------------------------------------------------------------------------------
                                              3.292311   data required time
                                             -4.820635   data arrival time
---------------------------------------------------------------------------------------------
                                              1.528324   slack (MET)


Startpoint: rst_n (input port clocked by clk)
Endpoint: _18549_ (removal check against rising-edge clock clk)
Path Group: asynchronous
Path Type: min

Fanout         Cap        Slew       Delay        Time   Description
---------------------------------------------------------------------------------------------
                                  0.000000    0.000000   clock clk (rise edge)
                                  0.000000    0.000000   clock network delay (propagated)
                                  2.000000    2.000000 ^ input external delay
   163    0.834082    3.737125    2.820730    4.820730 ^ rst_n (in)
                                                         rst_n (net)
                      3.866453    0.000000    4.820730 ^ _18549_/RESET_B (sky130_fd_sc_hd__dfrtp_1)
                                              4.820730   data arrival time

                                  0.000000    0.000000   clock clk (rise edge)
                                  0.000000    0.000000   clock source latency
   163    0.547821    1.892577    1.463362    1.463362 ^ clk (in)
                                                         clk (net)
                      1.964828    0.000000    1.463362 ^ _18549_/CLK (sky130_fd_sc_hd__dfrtp_1)
                                  0.250000    1.713362   clock uncertainty
                                  0.000000    1.713362   clock reconvergence pessimism
                                  1.579019    3.292381   library removal time
                                              3.292381   data required time
---------------------------------------------------------------------------------------------
                                              3.292381   data required time
                                             -4.820730   data arrival time
---------------------------------------------------------------------------------------------
                                              1.528349   slack (MET)


Startpoint: rst_n (input port clocked by clk)
Endpoint: _18546_ (removal check against rising-edge clock clk)
Path Group: asynchronous
Path Type: min

Fanout         Cap        Slew       Delay        Time   Description
---------------------------------------------------------------------------------------------
                                  0.000000    0.000000   clock clk (rise edge)
                                  0.000000    0.000000   clock network delay (propagated)
                                  2.000000    2.000000 ^ input external delay
   163    0.834082    3.737125    2.820769    4.820769 ^ rst_n (in)
                                                         rst_n (net)
                      3.866472    0.000000    4.820769 ^ _18546_/RESET_B (sky130_fd_sc_hd__dfrtp_1)
                                              4.820769   data arrival time

                                  0.000000    0.000000   clock clk (rise edge)
                                  0.000000    0.000000   clock source latency
   163    0.547821    1.892577    1.463384    1.463384 ^ clk (in)
                                                         clk (net)
                      1.964839    0.000000    1.463384 ^ _18546_/CLK (sky130_fd_sc_hd__dfrtp_1)
                                  0.250000    1.713384   clock uncertainty
                                  0.000000    1.713384   clock reconvergence pessimism
                                  1.579024    3.292409   library removal time
                                              3.292409   data required time
---------------------------------------------------------------------------------------------
                                              3.292409   data required time
                                             -4.820769   data arrival time
---------------------------------------------------------------------------------------------
                                              1.528360   slack (MET)


Startpoint: rst_n (input port clocked by clk)
Endpoint: _18558_ (removal check against rising-edge clock clk)
Path Group: asynchronous
Path Type: min

Fanout         Cap        Slew       Delay        Time   Description
---------------------------------------------------------------------------------------------
                                  0.000000    0.000000   clock clk (rise edge)
                                  0.000000    0.000000   clock network delay (propagated)
                                  2.000000    2.000000 ^ input external delay
   163    0.834082    3.737125    2.821199    4.821199 ^ rst_n (in)
                                                         rst_n (net)
                      3.866683    0.000000    4.821199 ^ _18558_/RESET_B (sky130_fd_sc_hd__dfrtp_1)
                                              4.821199   data arrival time

                                  0.000000    0.000000   clock clk (rise edge)
                                  0.000000    0.000000   clock source latency
   163    0.547821    1.892577    1.463644    1.463644 ^ clk (in)
                                                         clk (net)
                      1.964974    0.000000    1.463644 ^ _18558_/CLK (sky130_fd_sc_hd__dfrtp_1)
                                  0.250000    1.713644   clock uncertainty
                                  0.000000    1.713644   clock reconvergence pessimism
                                  1.579089    3.292733   library removal time
                                              3.292733   data required time
---------------------------------------------------------------------------------------------
                                              3.292733   data required time
                                             -4.821199   data arrival time
---------------------------------------------------------------------------------------------
                                              1.528466   slack (MET)


Startpoint: rst_n (input port clocked by clk)
Endpoint: _18552_ (removal check against rising-edge clock clk)
Path Group: asynchronous
Path Type: min

Fanout         Cap        Slew       Delay        Time   Description
---------------------------------------------------------------------------------------------
                                  0.000000    0.000000   clock clk (rise edge)
                                  0.000000    0.000000   clock network delay (propagated)
                                  2.000000    2.000000 ^ input external delay
   163    0.834082    3.737125    2.821422    4.821422 ^ rst_n (in)
                                                         rst_n (net)
                      3.866791    0.000000    4.821422 ^ _18552_/RESET_B (sky130_fd_sc_hd__dfrtp_1)
                                              4.821422   data arrival time

                                  0.000000    0.000000   clock clk (rise edge)
                                  0.000000    0.000000   clock source latency
   163    0.547821    1.892577    1.463776    1.463776 ^ clk (in)
                                                         clk (net)
                      1.965042    0.000000    1.463776 ^ _18552_/CLK (sky130_fd_sc_hd__dfrtp_1)
                                  0.250000    1.713776   clock uncertainty
                                  0.000000    1.713776   clock reconvergence pessimism
                                  1.579123    3.292899   library removal time
                                              3.292899   data required time
---------------------------------------------------------------------------------------------
                                              3.292899   data required time
                                             -4.821422   data arrival time
---------------------------------------------------------------------------------------------
                                              1.528522   slack (MET)


Startpoint: rst_n (input port clocked by clk)
Endpoint: _18503_ (removal check against rising-edge clock clk)
Path Group: asynchronous
Path Type: min

Fanout         Cap        Slew       Delay        Time   Description
---------------------------------------------------------------------------------------------
                                  0.000000    0.000000   clock clk (rise edge)
                                  0.000000    0.000000   clock network delay (propagated)
                                  2.000000    2.000000 ^ input external delay
   163    0.834082    3.737125    2.821467    4.821467 ^ rst_n (in)
                                                         rst_n (net)
                      3.866814    0.000000    4.821467 ^ _18503_/RESET_B (sky130_fd_sc_hd__dfrtp_1)
                                              4.821467   data arrival time

                                  0.000000    0.000000   clock clk (rise edge)
                                  0.000000    0.000000   clock source latency
   163    0.547821    1.892577    1.463802    1.463802 ^ clk (in)
                                                         clk (net)
                      1.965056    0.000000    1.463802 ^ _18503_/CLK (sky130_fd_sc_hd__dfrtp_1)
                                  0.250000    1.713802   clock uncertainty
                                  0.000000    1.713802   clock reconvergence pessimism
                                  1.579129    3.292932   library removal time
                                              3.292932   data required time
---------------------------------------------------------------------------------------------
                                              3.292932   data required time
                                             -4.821467   data arrival time
---------------------------------------------------------------------------------------------
                                              1.528535   slack (MET)


Startpoint: rst_n (input port clocked by clk)
Endpoint: _18500_ (removal check against rising-edge clock clk)
Path Group: asynchronous
Path Type: min

Fanout         Cap        Slew       Delay        Time   Description
---------------------------------------------------------------------------------------------
                                  0.000000    0.000000   clock clk (rise edge)
                                  0.000000    0.000000   clock network delay (propagated)
                                  2.000000    2.000000 ^ input external delay
   163    0.834082    3.737125    2.822122    4.822123 ^ rst_n (in)
                                                         rst_n (net)
                      3.867135    0.000000    4.822123 ^ _18500_/RESET_B (sky130_fd_sc_hd__dfrtp_1)
                                              4.822123   data arrival time

                                  0.000000    0.000000   clock clk (rise edge)
                                  0.000000    0.000000   clock source latency
   163    0.547821    1.892577    1.464195    1.464195 ^ clk (in)
                                                         clk (net)
                      1.965259    0.000000    1.464195 ^ _18500_/CLK (sky130_fd_sc_hd__dfrtp_1)
                                  0.250000    1.714195   clock uncertainty
                                  0.000000    1.714195   clock reconvergence pessimism
                                  1.579228    3.293423   library removal time
                                              3.293423   data required time
---------------------------------------------------------------------------------------------
                                              3.293423   data required time
                                             -4.822123   data arrival time
---------------------------------------------------------------------------------------------
                                              1.528699   slack (MET)


Startpoint: rst_n (input port clocked by clk)
Endpoint: _18545_ (removal check against rising-edge clock clk)
Path Group: asynchronous
Path Type: min

Fanout         Cap        Slew       Delay        Time   Description
---------------------------------------------------------------------------------------------
                                  0.000000    0.000000   clock clk (rise edge)
                                  0.000000    0.000000   clock network delay (propagated)
                                  2.000000    2.000000 ^ input external delay
   163    0.834082    3.737125    2.822759    4.822759 ^ rst_n (in)
                                                         rst_n (net)
                      3.867447    0.000000    4.822759 ^ _18545_/RESET_B (sky130_fd_sc_hd__dfrtp_1)
                                              4.822759   data arrival time

                                  0.000000    0.000000   clock clk (rise edge)
                                  0.000000    0.000000   clock source latency
   163    0.547821    1.892577    1.464575    1.464575 ^ clk (in)
                                                         clk (net)
                      1.965456    0.000000    1.464575 ^ _18545_/CLK (sky130_fd_sc_hd__dfrtp_1)
                                  0.250000    1.714575   clock uncertainty
                                  0.000000    1.714575   clock reconvergence pessimism
                                  1.579324    3.293899   library removal time
                                              3.293899   data required time
---------------------------------------------------------------------------------------------
                                              3.293899   data required time
                                             -4.822759   data arrival time
---------------------------------------------------------------------------------------------
                                              1.528860   slack (MET)


Startpoint: rst_n (input port clocked by clk)
Endpoint: _18473_ (removal check against rising-edge clock clk)
Path Group: asynchronous
Path Type: min

Fanout         Cap        Slew       Delay        Time   Description
---------------------------------------------------------------------------------------------
                                  0.000000    0.000000   clock clk (rise edge)
                                  0.000000    0.000000   clock network delay (propagated)
                                  2.000000    2.000000 ^ input external delay
   163    0.834082    3.737125    2.823054    4.823054 ^ rst_n (in)
                                                         rst_n (net)
                      3.867592    0.000000    4.823054 ^ _18473_/RESET_B (sky130_fd_sc_hd__dfrtp_1)
                                              4.823054   data arrival time

                                  0.000000    0.000000   clock clk (rise edge)
                                  0.000000    0.000000   clock source latency
   163    0.547821    1.892577    1.464750    1.464750 ^ clk (in)
                                                         clk (net)
                      1.965547    0.000000    1.464750 ^ _18473_/CLK (sky130_fd_sc_hd__dfrtp_1)
                                  0.250000    1.714750   clock uncertainty
                                  0.000000    1.714750   clock reconvergence pessimism
                                  1.579368    3.294118   library removal time
                                              3.294118   data required time
---------------------------------------------------------------------------------------------
                                              3.294118   data required time
                                             -4.823054   data arrival time
---------------------------------------------------------------------------------------------
                                              1.528936   slack (MET)


Startpoint: rst_n (input port clocked by clk)
Endpoint: _18496_ (removal check against rising-edge clock clk)
Path Group: asynchronous
Path Type: min

Fanout         Cap        Slew       Delay        Time   Description
---------------------------------------------------------------------------------------------
                                  0.000000    0.000000   clock clk (rise edge)
                                  0.000000    0.000000   clock network delay (propagated)
                                  2.000000    2.000000 ^ input external delay
   163    0.834082    3.737125    2.823474    4.823474 ^ rst_n (in)
                                                         rst_n (net)
                      3.867798    0.000000    4.823474 ^ _18496_/RESET_B (sky130_fd_sc_hd__dfrtp_1)
                                              4.823474   data arrival time

                                  0.000000    0.000000   clock clk (rise edge)
                                  0.000000    0.000000   clock source latency
   163    0.547821    1.892577    1.465002    1.465002 ^ clk (in)
                                                         clk (net)
                      1.965679    0.000000    1.465002 ^ _18496_/CLK (sky130_fd_sc_hd__dfrtp_1)
                                  0.250000    1.715002   clock uncertainty
                                  0.000000    1.715002   clock reconvergence pessimism
                                  1.579432    3.294434   library removal time
                                              3.294434   data required time
---------------------------------------------------------------------------------------------
                                              3.294434   data required time
                                             -4.823474   data arrival time
---------------------------------------------------------------------------------------------
                                              1.529040   slack (MET)


Startpoint: rst_n (input port clocked by clk)
Endpoint: _18608_ (removal check against rising-edge clock clk)
Path Group: asynchronous
Path Type: min

Fanout         Cap        Slew       Delay        Time   Description
---------------------------------------------------------------------------------------------
                                  0.000000    0.000000   clock clk (rise edge)
                                  0.000000    0.000000   clock network delay (propagated)
                                  2.000000    2.000000 ^ input external delay
   163    0.834082    3.737125    2.823545    4.823545 ^ rst_n (in)
                                                         rst_n (net)
                      3.867833    0.000000    4.823545 ^ _18608_/RESET_B (sky130_fd_sc_hd__dfrtp_1)
                                              4.823545   data arrival time

                                  0.000000    0.000000   clock clk (rise edge)
                                  0.000000    0.000000   clock source latency
   163    0.547821    1.892577    1.465042    1.465042 ^ clk (in)
                                                         clk (net)
                      1.965699    0.000000    1.465042 ^ _18608_/CLK (sky130_fd_sc_hd__dfrtp_1)
                                  0.250000    1.715042   clock uncertainty
                                  0.000000    1.715042   clock reconvergence pessimism
                                  1.579443    3.294485   library removal time
                                              3.294485   data required time
---------------------------------------------------------------------------------------------
                                              3.294485   data required time
                                             -4.823545   data arrival time
---------------------------------------------------------------------------------------------
                                              1.529060   slack (MET)


Startpoint: rst_n (input port clocked by clk)
Endpoint: _18611_ (removal check against rising-edge clock clk)
Path Group: asynchronous
Path Type: min

Fanout         Cap        Slew       Delay        Time   Description
---------------------------------------------------------------------------------------------
                                  0.000000    0.000000   clock clk (rise edge)
                                  0.000000    0.000000   clock network delay (propagated)
                                  2.000000    2.000000 ^ input external delay
   163    0.834082    3.737125    2.823618    4.823617 ^ rst_n (in)
                                                         rst_n (net)
                      3.867868    0.000000    4.823617 ^ _18611_/RESET_B (sky130_fd_sc_hd__dfrtp_1)
                                              4.823617   data arrival time

                                  0.000000    0.000000   clock clk (rise edge)
                                  0.000000    0.000000   clock source latency
   163    0.547821    1.892577    1.465083    1.465083 ^ clk (in)
                                                         clk (net)
                      1.965721    0.000000    1.465083 ^ _18611_/CLK (sky130_fd_sc_hd__dfrtp_1)
                                  0.250000    1.715083   clock uncertainty
                                  0.000000    1.715083   clock reconvergence pessimism
                                  1.579453    3.294537   library removal time
                                              3.294537   data required time
---------------------------------------------------------------------------------------------
                                              3.294537   data required time
                                             -4.823617   data arrival time
---------------------------------------------------------------------------------------------
                                              1.529081   slack (MET)


Startpoint: rst_n (input port clocked by clk)
Endpoint: _18547_ (removal check against rising-edge clock clk)
Path Group: asynchronous
Path Type: min

Fanout         Cap        Slew       Delay        Time   Description
---------------------------------------------------------------------------------------------
                                  0.000000    0.000000   clock clk (rise edge)
                                  0.000000    0.000000   clock network delay (propagated)
                                  2.000000    2.000000 ^ input external delay
   163    0.834082    3.737125    2.823636    4.823636 ^ rst_n (in)
                                                         rst_n (net)
                      3.867878    0.000000    4.823636 ^ _18547_/RESET_B (sky130_fd_sc_hd__dfrtp_1)
                                              4.823636   data arrival time

                                  0.000000    0.000000   clock clk (rise edge)
                                  0.000000    0.000000   clock source latency
   163    0.547821    1.892577    1.465093    1.465093 ^ clk (in)
                                                         clk (net)
                      1.965726    0.000000    1.465093 ^ _18547_/CLK (sky130_fd_sc_hd__dfrtp_1)
                                  0.250000    1.715093   clock uncertainty
                                  0.000000    1.715093   clock reconvergence pessimism
                                  1.579456    3.294549   library removal time
                                              3.294549   data required time
---------------------------------------------------------------------------------------------
                                              3.294549   data required time
                                             -4.823636   data arrival time
---------------------------------------------------------------------------------------------
                                              1.529087   slack (MET)


Startpoint: rst_n (input port clocked by clk)
Endpoint: _18555_ (removal check against rising-edge clock clk)
Path Group: asynchronous
Path Type: min

Fanout         Cap        Slew       Delay        Time   Description
---------------------------------------------------------------------------------------------
                                  0.000000    0.000000   clock clk (rise edge)
                                  0.000000    0.000000   clock network delay (propagated)
                                  2.000000    2.000000 ^ input external delay
   163    0.834082    3.737125    2.824001    4.824001 ^ rst_n (in)
                                                         rst_n (net)
                      3.868057    0.000000    4.824001 ^ _18555_/RESET_B (sky130_fd_sc_hd__dfrtp_1)
                                              4.824001   data arrival time

                                  0.000000    0.000000   clock clk (rise edge)
                                  0.000000    0.000000   clock source latency
   163    0.547821    1.892577    1.465319    1.465319 ^ clk (in)
                                                         clk (net)
                      1.965843    0.000000    1.465319 ^ _18555_/CLK (sky130_fd_sc_hd__dfrtp_1)
                                  0.250000    1.715319   clock uncertainty
                                  0.000000    1.715319   clock reconvergence pessimism
                                  1.579512    3.294830   library removal time
                                              3.294830   data required time
---------------------------------------------------------------------------------------------
                                              3.294830   data required time
                                             -4.824001   data arrival time
---------------------------------------------------------------------------------------------
                                              1.529171   slack (MET)


Startpoint: rst_n (input port clocked by clk)
Endpoint: _18604_ (removal check against rising-edge clock clk)
Path Group: asynchronous
Path Type: min

Fanout         Cap        Slew       Delay        Time   Description
---------------------------------------------------------------------------------------------
                                  0.000000    0.000000   clock clk (rise edge)
                                  0.000000    0.000000   clock network delay (propagated)
                                  2.000000    2.000000 ^ input external delay
   163    0.834082    3.737125    2.824247    4.824247 ^ rst_n (in)
                                                         rst_n (net)
                      3.868178    0.000000    4.824247 ^ _18604_/RESET_B (sky130_fd_sc_hd__dfrtp_1)
                                              4.824247   data arrival time

                                  0.000000    0.000000   clock clk (rise edge)
                                  0.000000    0.000000   clock source latency
   163    0.547821    1.892577    1.465467    1.465467 ^ clk (in)
                                                         clk (net)
                      1.965921    0.000000    1.465467 ^ _18604_/CLK (sky130_fd_sc_hd__dfrtp_1)
                                  0.250000    1.715467   clock uncertainty
                                  0.000000    1.715467   clock reconvergence pessimism
                                  1.579549    3.295016   library removal time
                                              3.295016   data required time
---------------------------------------------------------------------------------------------
                                              3.295016   data required time
                                             -4.824247   data arrival time
---------------------------------------------------------------------------------------------
                                              1.529231   slack (MET)


Startpoint: rst_n (input port clocked by clk)
Endpoint: _18504_ (removal check against rising-edge clock clk)
Path Group: asynchronous
Path Type: min

Fanout         Cap        Slew       Delay        Time   Description
---------------------------------------------------------------------------------------------
                                  0.000000    0.000000   clock clk (rise edge)
                                  0.000000    0.000000   clock network delay (propagated)
                                  2.000000    2.000000 ^ input external delay
   163    0.834082    3.737125    2.824332    4.824332 ^ rst_n (in)
                                                         rst_n (net)
                      3.868220    0.000000    4.824332 ^ _18504_/RESET_B (sky130_fd_sc_hd__dfrtp_1)
                                              4.824332   data arrival time

                                  0.000000    0.000000   clock clk (rise edge)
                                  0.000000    0.000000   clock source latency
   163    0.547821    1.892577    1.465514    1.465514 ^ clk (in)
                                                         clk (net)
                      1.965945    0.000000    1.465514 ^ _18504_/CLK (sky130_fd_sc_hd__dfrtp_1)
                                  0.250000    1.715514   clock uncertainty
                                  0.000000    1.715514   clock reconvergence pessimism
                                  1.579561    3.295076   library removal time
                                              3.295076   data required time
---------------------------------------------------------------------------------------------
                                              3.295076   data required time
                                             -4.824332   data arrival time
---------------------------------------------------------------------------------------------
                                              1.529256   slack (MET)


Startpoint: rst_n (input port clocked by clk)
Endpoint: _18550_ (removal check against rising-edge clock clk)
Path Group: asynchronous
Path Type: min

Fanout         Cap        Slew       Delay        Time   Description
---------------------------------------------------------------------------------------------
                                  0.000000    0.000000   clock clk (rise edge)
                                  0.000000    0.000000   clock network delay (propagated)
                                  2.000000    2.000000 ^ input external delay
   163    0.834082    3.737125    2.824423    4.824423 ^ rst_n (in)
                                                         rst_n (net)
                      3.868264    0.000000    4.824423 ^ _18550_/RESET_B (sky130_fd_sc_hd__dfrtp_1)
                                              4.824423   data arrival time

                                  0.000000    0.000000   clock clk (rise edge)
                                  0.000000    0.000000   clock source latency
   163    0.547821    1.892577    1.465574    1.465574 ^ clk (in)
                                                         clk (net)
                      1.965976    0.000000    1.465574 ^ _18550_/CLK (sky130_fd_sc_hd__dfrtp_1)
                                  0.250000    1.715574   clock uncertainty
                                  0.000000    1.715574   clock reconvergence pessimism
                                  1.579575    3.295150   library removal time
                                              3.295150   data required time
---------------------------------------------------------------------------------------------
                                              3.295150   data required time
                                             -4.824423   data arrival time
---------------------------------------------------------------------------------------------
                                              1.529273   slack (MET)


Startpoint: rst_n (input port clocked by clk)
Endpoint: _18599_ (removal check against rising-edge clock clk)
Path Group: asynchronous
Path Type: min

Fanout         Cap        Slew       Delay        Time   Description
---------------------------------------------------------------------------------------------
                                  0.000000    0.000000   clock clk (rise edge)
                                  0.000000    0.000000   clock network delay (propagated)
                                  2.000000    2.000000 ^ input external delay
   163    0.834082    3.737125    2.824621    4.824621 ^ rst_n (in)
                                                         rst_n (net)
                      3.868362    0.000000    4.824621 ^ _18599_/RESET_B (sky130_fd_sc_hd__dfrtp_1)
                                              4.824621   data arrival time

                                  0.000000    0.000000   clock clk (rise edge)
                                  0.000000    0.000000   clock source latency
   163    0.547821    1.892577    1.465696    1.465696 ^ clk (in)
                                                         clk (net)
                      1.966040    0.000000    1.465696 ^ _18599_/CLK (sky130_fd_sc_hd__dfrtp_1)
                                  0.250000    1.715696   clock uncertainty
                                  0.000000    1.715696   clock reconvergence pessimism
                                  1.579606    3.295301   library removal time
                                              3.295301   data required time
---------------------------------------------------------------------------------------------
                                              3.295301   data required time
                                             -4.824621   data arrival time
---------------------------------------------------------------------------------------------
                                              1.529320   slack (MET)


Startpoint: rst_n (input port clocked by clk)
Endpoint: _18501_ (removal check against rising-edge clock clk)
Path Group: asynchronous
Path Type: min

Fanout         Cap        Slew       Delay        Time   Description
---------------------------------------------------------------------------------------------
                                  0.000000    0.000000   clock clk (rise edge)
                                  0.000000    0.000000   clock network delay (propagated)
                                  2.000000    2.000000 ^ input external delay
   163    0.834082    3.737125    2.824583    4.824583 ^ rst_n (in)
                                                         rst_n (net)
                      3.868343    0.000000    4.824583 ^ _18501_/RESET_B (sky130_fd_sc_hd__dfrtp_1)
                                              4.824583   data arrival time

                                  0.000000    0.000000   clock clk (rise edge)
                                  0.000000    0.000000   clock source latency
   163    0.547821    1.892577    1.465662    1.465662 ^ clk (in)
                                                         clk (net)
                      1.966022    0.000000    1.465662 ^ _18501_/CLK (sky130_fd_sc_hd__dfrtp_1)
                                  0.250000    1.715662   clock uncertainty
                                  0.000000    1.715662   clock reconvergence pessimism
                                  1.579599    3.295261   library removal time
                                              3.295261   data required time
---------------------------------------------------------------------------------------------
                                              3.295261   data required time
                                             -4.824583   data arrival time
---------------------------------------------------------------------------------------------
                                              1.529321   slack (MET)


Startpoint: rst_n (input port clocked by clk)
Endpoint: _18557_ (removal check against rising-edge clock clk)
Path Group: asynchronous
Path Type: min

Fanout         Cap        Slew       Delay        Time   Description
---------------------------------------------------------------------------------------------
                                  0.000000    0.000000   clock clk (rise edge)
                                  0.000000    0.000000   clock network delay (propagated)
                                  2.000000    2.000000 ^ input external delay
   163    0.834082    3.737125    2.824777    4.824777 ^ rst_n (in)
                                                         rst_n (net)
                      3.868438    0.000000    4.824777 ^ _18557_/RESET_B (sky130_fd_sc_hd__dfrtp_1)
                                              4.824777   data arrival time

                                  0.000000    0.000000   clock clk (rise edge)
                                  0.000000    0.000000   clock source latency
   163    0.547821    1.892577    1.465790    1.465790 ^ clk (in)
                                                         clk (net)
                      1.966089    0.000000    1.465790 ^ _18557_/CLK (sky130_fd_sc_hd__dfrtp_1)
                                  0.250000    1.715790   clock uncertainty
                                  0.000000    1.715790   clock reconvergence pessimism
                                  1.579629    3.295420   library removal time
                                              3.295420   data required time
---------------------------------------------------------------------------------------------
                                              3.295420   data required time
                                             -4.824777   data arrival time
---------------------------------------------------------------------------------------------
                                              1.529358   slack (MET)


Startpoint: rst_n (input port clocked by clk)
Endpoint: _18554_ (removal check against rising-edge clock clk)
Path Group: asynchronous
Path Type: min

Fanout         Cap        Slew       Delay        Time   Description
---------------------------------------------------------------------------------------------
                                  0.000000    0.000000   clock clk (rise edge)
                                  0.000000    0.000000   clock network delay (propagated)
                                  2.000000    2.000000 ^ input external delay
   163    0.834082    3.737125    2.824762    4.824762 ^ rst_n (in)
                                                         rst_n (net)
                      3.868432    0.000000    4.824762 ^ _18554_/RESET_B (sky130_fd_sc_hd__dfrtp_1)
                                              4.824762   data arrival time

                                  0.000000    0.000000   clock clk (rise edge)
                                  0.000000    0.000000   clock source latency
   163    0.547821    1.892577    1.465768    1.465768 ^ clk (in)
                                                         clk (net)
                      1.966077    0.000000    1.465768 ^ _18554_/CLK (sky130_fd_sc_hd__dfrtp_1)
                                  0.250000    1.715768   clock uncertainty
                                  0.000000    1.715768   clock reconvergence pessimism
                                  1.579626    3.295394   library removal time
                                              3.295394   data required time
---------------------------------------------------------------------------------------------
                                              3.295394   data required time
                                             -4.824762   data arrival time
---------------------------------------------------------------------------------------------
                                              1.529368   slack (MET)


Startpoint: rst_n (input port clocked by clk)
Endpoint: _18548_ (removal check against rising-edge clock clk)
Path Group: asynchronous
Path Type: min

Fanout         Cap        Slew       Delay        Time   Description
---------------------------------------------------------------------------------------------
                                  0.000000    0.000000   clock clk (rise edge)
                                  0.000000    0.000000   clock network delay (propagated)
                                  2.000000    2.000000 ^ input external delay
   163    0.834082    3.737125    2.824862    4.824862 ^ rst_n (in)
                                                         rst_n (net)
                      3.868480    0.000000    4.824862 ^ _18548_/RESET_B (sky130_fd_sc_hd__dfrtp_1)
                                              4.824862   data arrival time

                                  0.000000    0.000000   clock clk (rise edge)
                                  0.000000    0.000000   clock source latency
   163    0.547821    1.892577    1.465844    1.465844 ^ clk (in)
                                                         clk (net)
                      1.966117    0.000000    1.465844 ^ _18548_/CLK (sky130_fd_sc_hd__dfrtp_1)
                                  0.250000    1.715844   clock uncertainty
                                  0.000000    1.715844   clock reconvergence pessimism
                                  1.579642    3.295486   library removal time
                                              3.295486   data required time
---------------------------------------------------------------------------------------------
                                              3.295486   data required time
                                             -4.824862   data arrival time
---------------------------------------------------------------------------------------------
                                              1.529375   slack (MET)


Startpoint: rst_n (input port clocked by clk)
Endpoint: _18543_ (removal check against rising-edge clock clk)
Path Group: asynchronous
Path Type: min

Fanout         Cap        Slew       Delay        Time   Description
---------------------------------------------------------------------------------------------
                                  0.000000    0.000000   clock clk (rise edge)
                                  0.000000    0.000000   clock network delay (propagated)
                                  2.000000    2.000000 ^ input external delay
   163    0.834082    3.737125    2.824886    4.824885 ^ rst_n (in)
                                                         rst_n (net)
                      3.868492    0.000000    4.824885 ^ _18543_/RESET_B (sky130_fd_sc_hd__dfrtp_1)
                                              4.824885   data arrival time

                                  0.000000    0.000000   clock clk (rise edge)
                                  0.000000    0.000000   clock source latency
   163    0.547821    1.892577    1.465841    1.465841 ^ clk (in)
                                                         clk (net)
                      1.966115    0.000000    1.465841 ^ _18543_/CLK (sky130_fd_sc_hd__dfrtp_1)
                                  0.250000    1.715841   clock uncertainty
                                  0.000000    1.715841   clock reconvergence pessimism
                                  1.579645    3.295486   library removal time
                                              3.295486   data required time
---------------------------------------------------------------------------------------------
                                              3.295486   data required time
                                             -4.824885   data arrival time
---------------------------------------------------------------------------------------------
                                              1.529399   slack (MET)


Startpoint: rst_n (input port clocked by clk)
Endpoint: _18499_ (removal check against rising-edge clock clk)
Path Group: asynchronous
Path Type: min

Fanout         Cap        Slew       Delay        Time   Description
---------------------------------------------------------------------------------------------
                                  0.000000    0.000000   clock clk (rise edge)
                                  0.000000    0.000000   clock network delay (propagated)
                                  2.000000    2.000000 ^ input external delay
   163    0.834082    3.737125    2.824999    4.824999 ^ rst_n (in)
                                                         rst_n (net)
                      3.868548    0.000000    4.824999 ^ _18499_/RESET_B (sky130_fd_sc_hd__dfrtp_1)
                                              4.824999   data arrival time

                                  0.000000    0.000000   clock clk (rise edge)
                                  0.000000    0.000000   clock source latency
   163    0.547821    1.892577    1.465908    1.465908 ^ clk (in)
                                                         clk (net)
                      1.966150    0.000000    1.465908 ^ _18499_/CLK (sky130_fd_sc_hd__dfrtp_1)
                                  0.250000    1.715908   clock uncertainty
                                  0.000000    1.715908   clock reconvergence pessimism
                                  1.579662    3.295571   library removal time
                                              3.295571   data required time
---------------------------------------------------------------------------------------------
                                              3.295571   data required time
                                             -4.824999   data arrival time
---------------------------------------------------------------------------------------------
                                              1.529429   slack (MET)


Startpoint: rst_n (input port clocked by clk)
Endpoint: _18544_ (removal check against rising-edge clock clk)
Path Group: asynchronous
Path Type: min

Fanout         Cap        Slew       Delay        Time   Description
---------------------------------------------------------------------------------------------
                                  0.000000    0.000000   clock clk (rise edge)
                                  0.000000    0.000000   clock network delay (propagated)
                                  2.000000    2.000000 ^ input external delay
   163    0.834082    3.737125    2.825127    4.825127 ^ rst_n (in)
                                                         rst_n (net)
                      3.868611    0.000000    4.825127 ^ _18544_/RESET_B (sky130_fd_sc_hd__dfrtp_1)
                                              4.825127   data arrival time

                                  0.000000    0.000000   clock clk (rise edge)
                                  0.000000    0.000000   clock source latency
   163    0.547821    1.892577    1.466005    1.466005 ^ clk (in)
                                                         clk (net)
                      1.966201    0.000000    1.466005 ^ _18544_/CLK (sky130_fd_sc_hd__dfrtp_1)
                                  0.250000    1.716005   clock uncertainty
                                  0.000000    1.716005   clock reconvergence pessimism
                                  1.579682    3.295687   library removal time
                                              3.295687   data required time
---------------------------------------------------------------------------------------------
                                              3.295687   data required time
                                             -4.825127   data arrival time
---------------------------------------------------------------------------------------------
                                              1.529440   slack (MET)


Startpoint: rst_n (input port clocked by clk)
Endpoint: _18556_ (removal check against rising-edge clock clk)
Path Group: asynchronous
Path Type: min

Fanout         Cap        Slew       Delay        Time   Description
---------------------------------------------------------------------------------------------
                                  0.000000    0.000000   clock clk (rise edge)
                                  0.000000    0.000000   clock network delay (propagated)
                                  2.000000    2.000000 ^ input external delay
   163    0.834082    3.737125    2.825122    4.825122 ^ rst_n (in)
                                                         rst_n (net)
                      3.868609    0.000000    4.825122 ^ _18556_/RESET_B (sky130_fd_sc_hd__dfrtp_1)
                                              4.825122   data arrival time

                                  0.000000    0.000000   clock clk (rise edge)
                                  0.000000    0.000000   clock source latency
   163    0.547821    1.892577    1.465982    1.465982 ^ clk (in)
                                                         clk (net)
                      1.966189    0.000000    1.465982 ^ _18556_/CLK (sky130_fd_sc_hd__dfrtp_1)
                                  0.250000    1.715982   clock uncertainty
                                  0.000000    1.715982   clock reconvergence pessimism
                                  1.579681    3.295662   library removal time
                                              3.295662   data required time
---------------------------------------------------------------------------------------------
                                              3.295662   data required time
                                             -4.825122   data arrival time
---------------------------------------------------------------------------------------------
                                              1.529459   slack (MET)


Startpoint: rst_n (input port clocked by clk)
Endpoint: _18553_ (removal check against rising-edge clock clk)
Path Group: asynchronous
Path Type: min

Fanout         Cap        Slew       Delay        Time   Description
---------------------------------------------------------------------------------------------
                                  0.000000    0.000000   clock clk (rise edge)
                                  0.000000    0.000000   clock network delay (propagated)
                                  2.000000    2.000000 ^ input external delay
   163    0.834082    3.737125    2.825206    4.825206 ^ rst_n (in)
                                                         rst_n (net)
                      3.868650    0.000000    4.825206 ^ _18553_/RESET_B (sky130_fd_sc_hd__dfrtp_1)
                                              4.825206   data arrival time

                                  0.000000    0.000000   clock clk (rise edge)
                                  0.000000    0.000000   clock source latency
   163    0.547821    1.892577    1.466050    1.466050 ^ clk (in)
                                                         clk (net)
                      1.966225    0.000000    1.466050 ^ _18553_/CLK (sky130_fd_sc_hd__dfrtp_1)
                                  0.250000    1.716051   clock uncertainty
                                  0.000000    1.716051   clock reconvergence pessimism
                                  1.579694    3.295745   library removal time
                                              3.295745   data required time
---------------------------------------------------------------------------------------------
                                              3.295745   data required time
                                             -4.825206   data arrival time
---------------------------------------------------------------------------------------------
                                              1.529461   slack (MET)


Startpoint: rst_n (input port clocked by clk)
Endpoint: _18551_ (removal check against rising-edge clock clk)
Path Group: asynchronous
Path Type: min

Fanout         Cap        Slew       Delay        Time   Description
---------------------------------------------------------------------------------------------
                                  0.000000    0.000000   clock clk (rise edge)
                                  0.000000    0.000000   clock network delay (propagated)
                                  2.000000    2.000000 ^ input external delay
   163    0.834082    3.737125    2.825237    4.825237 ^ rst_n (in)
                                                         rst_n (net)
                      3.868665    0.000000    4.825237 ^ _18551_/RESET_B (sky130_fd_sc_hd__dfrtp_1)
                                              4.825237   data arrival time

                                  0.000000    0.000000   clock clk (rise edge)
                                  0.000000    0.000000   clock source latency
   163    0.547821    1.892577    1.466068    1.466068 ^ clk (in)
                                                         clk (net)
                      1.966234    0.000000    1.466068 ^ _18551_/CLK (sky130_fd_sc_hd__dfrtp_1)
                                  0.250000    1.716068   clock uncertainty
                                  0.000000    1.716068   clock reconvergence pessimism
                                  1.579699    3.295767   library removal time
                                              3.295767   data required time
---------------------------------------------------------------------------------------------
                                              3.295767   data required time
                                             -4.825237   data arrival time
---------------------------------------------------------------------------------------------
                                              1.529470   slack (MET)


Startpoint: rst_n (input port clocked by clk)
Endpoint: _18502_ (removal check against rising-edge clock clk)
Path Group: asynchronous
Path Type: min

Fanout         Cap        Slew       Delay        Time   Description
---------------------------------------------------------------------------------------------
                                  0.000000    0.000000   clock clk (rise edge)
                                  0.000000    0.000000   clock network delay (propagated)
                                  2.000000    2.000000 ^ input external delay
   163    0.834082    3.737125    2.825184    4.825184 ^ rst_n (in)
                                                         rst_n (net)
                      3.868639    0.000000    4.825184 ^ _18502_/RESET_B (sky130_fd_sc_hd__dfrtp_1)
                                              4.825184   data arrival time

                                  0.000000    0.000000   clock clk (rise edge)
                                  0.000000    0.000000   clock source latency
   163    0.547821    1.892577    1.466018    1.466018 ^ clk (in)
                                                         clk (net)
                      1.966208    0.000000    1.466018 ^ _18502_/CLK (sky130_fd_sc_hd__dfrtp_1)
                                  0.250000    1.716018   clock uncertainty
                                  0.000000    1.716018   clock reconvergence pessimism
                                  1.579690    3.295708   library removal time
                                              3.295708   data required time
---------------------------------------------------------------------------------------------
                                              3.295708   data required time
                                             -4.825184   data arrival time
---------------------------------------------------------------------------------------------
                                              1.529476   slack (MET)


Startpoint: rst_n (input port clocked by clk)
Endpoint: _18498_ (removal check against rising-edge clock clk)
Path Group: asynchronous
Path Type: min

Fanout         Cap        Slew       Delay        Time   Description
---------------------------------------------------------------------------------------------
                                  0.000000    0.000000   clock clk (rise edge)
                                  0.000000    0.000000   clock network delay (propagated)
                                  2.000000    2.000000 ^ input external delay
   163    0.834082    3.737125    2.825237    4.825237 ^ rst_n (in)
                                                         rst_n (net)
                      3.868665    0.000000    4.825237 ^ _18498_/RESET_B (sky130_fd_sc_hd__dfrtp_1)
                                              4.825237   data arrival time

                                  0.000000    0.000000   clock clk (rise edge)
                                  0.000000    0.000000   clock source latency
   163    0.547821    1.892577    1.466049    1.466049 ^ clk (in)
                                                         clk (net)
                      1.966224    0.000000    1.466049 ^ _18498_/CLK (sky130_fd_sc_hd__dfrtp_1)
                                  0.250000    1.716049   clock uncertainty
                                  0.000000    1.716049   clock reconvergence pessimism
                                  1.579698    3.295747   library removal time
                                              3.295747   data required time
---------------------------------------------------------------------------------------------
                                              3.295747   data required time
                                             -4.825237   data arrival time
---------------------------------------------------------------------------------------------
                                              1.529490   slack (MET)


Startpoint: _18567_ (rising edge-triggered flip-flop clocked by clk)
Endpoint: _18614_ (rising edge-triggered flip-flop clocked by clk)
Path Group: clk
Path Type: min

Fanout         Cap        Slew       Delay        Time   Description
---------------------------------------------------------------------------------------------
                                  0.000000    0.000000   clock clk (rise edge)
                                  0.000000    0.000000   clock source latency
   163    0.547821    1.892577    1.355224    1.355224 ^ clk (in)
                                                         clk (net)
                      1.919493    0.000000    1.355224 ^ _18567_/CLK (sky130_fd_sc_hd__dfrtp_1)
    35    0.146274    0.690623    1.114772    2.469996 v _18567_/Q (sky130_fd_sc_hd__dfrtp_1)
                                                         b_r[61] (net)
                      0.695206    0.046230    2.516226 v _11150_/A (sky130_fd_sc_hd__nand4_1)
     2    0.007927    0.216158    0.331412    2.847638 ^ _11150_/Y (sky130_fd_sc_hd__nand4_1)
                                                         _01157_ (net)
                      0.216158    0.000022    2.847660 ^ _17132_/A (sky130_fd_sc_hd__maj3_1)
     2    0.007597    0.090912    0.228524    3.076185 ^ _17132_/X (sky130_fd_sc_hd__maj3_1)
                                                         _07738_ (net)
                      0.090912    0.000071    3.076255 ^ _17135_/B (sky130_fd_sc_hd__or3_1)
     2    0.004995    0.056211    0.123545    3.199800 ^ _17135_/X (sky130_fd_sc_hd__or3_1)
                                                         _07741_ (net)
                      0.056211    0.000040    3.199840 ^ _17136_/C (sky130_fd_sc_hd__nand3b_1)
     2    0.005761    0.077087    0.095873    3.295713 v _17136_/Y (sky130_fd_sc_hd__nand3b_1)
                                                         _07742_ (net)
                      0.077087    0.000067    3.295780 v _17139_/A (sky130_fd_sc_hd__nand2_1)
     3    0.011633    0.113651    0.123112    3.418892 ^ _17139_/Y (sky130_fd_sc_hd__nand2_1)
                                                         _07745_ (net)
                      0.113652    0.000167    3.419059 ^ _18043_/A (sky130_fd_sc_hd__xnor2_1)
     2    0.006394    0.060000    0.103934    3.522994 v _18043_/Y (sky130_fd_sc_hd__xnor2_1)
                                                         _08739_ (net)
                      0.060000    0.000058    3.523052 v _18044_/A_N (sky130_fd_sc_hd__nand2b_1)
     2    0.005294    0.057008    0.157369    3.680421 v _18044_/Y (sky130_fd_sc_hd__nand2b_1)
                                                         _08740_ (net)
                      0.057008    0.000063    3.680484 v _18314_/B1 (sky130_fd_sc_hd__o21ai_0)
     1    0.005009    0.099808    0.095558    3.776042 ^ _18314_/Y (sky130_fd_sc_hd__o21ai_0)
                                                         _09037_ (net)
                      0.099808    0.000020    3.776061 ^ _18315_/B (sky130_fd_sc_hd__xnor2_1)
     2    0.010594    0.088241    0.113819    3.889880 v _18315_/Y (sky130_fd_sc_hd__xnor2_1)
                                                         _09038_ (net)
                      0.088274    0.000487    3.890368 v _18316_/A (sky130_fd_sc_hd__inv_1)
     1    0.002299    0.038295    0.061462    3.951830 ^ _18316_/Y (sky130_fd_sc_hd__inv_1)
                                                         _09039_ (net)
                      0.038295    0.000012    3.951841 ^ _18445_/A1 (sky130_fd_sc_hd__o21ai_0)
     1    0.002333    0.052942    0.071332    4.023173 v _18445_/Y (sky130_fd_sc_hd__o21ai_0)
                                                         fixed_pkg::s_narrow48$func$/headless/otolith/hdl/rtl/fixed_pkg.sv:130$9.$unnamed_block$1.v[42] (net)
                      0.052942    0.000009    4.023183 v _18614_/D (sky130_fd_sc_hd__dfrtp_1)
                                              4.023183   data arrival time

                                  0.000000    0.000000   clock clk (rise edge)
                                  0.000000    0.000000   clock source latency
   163    0.547821    1.892577    1.420360    1.420360 ^ clk (in)
                                                         clk (net)
                      1.944216    0.000000    1.420360 ^ _18614_/CLK (sky130_fd_sc_hd__dfrtp_1)
                                  0.250000    1.670360   clock uncertainty
                                  0.000000    1.670360   clock reconvergence pessimism
                                  0.168834    1.839194   library hold time
                                              1.839194   data required time
---------------------------------------------------------------------------------------------
                                              1.839194   data required time
                                             -4.023183   data arrival time
---------------------------------------------------------------------------------------------
                                              2.183989   slack (MET)


Startpoint: _18565_ (rising edge-triggered flip-flop clocked by clk)
Endpoint: _18609_ (rising edge-triggered flip-flop clocked by clk)
Path Group: clk
Path Type: min

Fanout         Cap        Slew       Delay        Time   Description
---------------------------------------------------------------------------------------------
                                  0.000000    0.000000   clock clk (rise edge)
                                  0.000000    0.000000   clock source latency
   163    0.547821    1.892577    1.355316    1.355316 ^ clk (in)
                                                         clk (net)
                      1.919522    0.000000    1.355316 ^ _18565_/CLK (sky130_fd_sc_hd__dfrtp_1)
    34    0.158160    0.747342    1.145550    2.500866 v _18565_/Q (sky130_fd_sc_hd__dfrtp_1)
                                                         b_r[59] (net)
                      0.755301    0.062823    2.563689 v _11548_/A (sky130_fd_sc_hd__nand4_1)
     3    0.010968    0.247459    0.379427    2.943116 ^ _11548_/Y (sky130_fd_sc_hd__nand4_1)
                                                         _01595_ (net)
                      0.247459    0.000066    2.943182 ^ _11969_/A (sky130_fd_sc_hd__maj3_1)
     2    0.007876    0.093368    0.238693    3.181875 ^ _11969_/X (sky130_fd_sc_hd__maj3_1)
                                                         _02058_ (net)
                      0.093368    0.000054    3.181929 ^ _11976_/A (sky130_fd_sc_hd__xor2_1)
     2    0.008641    0.059071    0.102281    3.284210 v _11976_/X (sky130_fd_sc_hd__xor2_1)
                                                         _02066_ (net)
                      0.059072    0.000338    3.284548 v _12028_/B1 (sky130_fd_sc_hd__o21ai_0)
     3    0.006609    0.118077    0.112342    3.396890 ^ _12028_/Y (sky130_fd_sc_hd__o21ai_0)
                                                         _02123_ (net)
                      0.118077    0.000059    3.396949 ^ _12031_/A (sky130_fd_sc_hd__nand2_1)
     1    0.004536    0.040440    0.074962    3.471911 v _12031_/Y (sky130_fd_sc_hd__nand2_1)
                                                         _02126_ (net)
                      0.040440    0.000016    3.471927 v _18085_/A (sky130_fd_sc_hd__xor2_1)
     3    0.014919    0.082684    0.201110    3.673037 v _18085_/X (sky130_fd_sc_hd__xor2_1)
                                                         _08785_ (net)
                      0.082690    0.000758    3.673795 v _18087_/B (sky130_fd_sc_hd__nand2_1)
     1    0.002621    0.047581    0.076476    3.750271 ^ _18087_/Y (sky130_fd_sc_hd__nand2_1)
                                                         _08787_ (net)
                      0.047581    0.000006    3.750277 ^ _18089_/B (sky130_fd_sc_hd__nand2_1)
     2    0.006447    0.053613    0.067670    3.817947 v _18089_/Y (sky130_fd_sc_hd__nand2_1)
                                                         _08789_ (net)
                      0.053613    0.000027    3.817974 v _18342_/A (sky130_fd_sc_hd__xnor2_1)
     2    0.005280    0.076476    0.185558    4.003532 ^ _18342_/Y (sky130_fd_sc_hd__xnor2_1)
                                                         _09068_ (net)
                      0.076476    0.000017    4.003549 ^ _18439_/A1 (sky130_fd_sc_hd__o21ai_0)
     1    0.002415    0.055140    0.083939    4.087488 v _18439_/Y (sky130_fd_sc_hd__o21ai_0)
                                                         fixed_pkg::s_narrow48$func$/headless/otolith/hdl/rtl/fixed_pkg.sv:130$9.$unnamed_block$1.v[37] (net)
                      0.055140    0.000012    4.087499 v _18609_/D (sky130_fd_sc_hd__dfrtp_1)
                                              4.087499   data arrival time

                                  0.000000    0.000000   clock clk (rise edge)
                                  0.000000    0.000000   clock source latency
   163    0.547821    1.892577    1.429455    1.429455 ^ clk (in)
                                                         clk (net)
                      1.948300    0.000000    1.429455 ^ _18609_/CLK (sky130_fd_sc_hd__dfrtp_1)
                                  0.250000    1.679455   clock uncertainty
                                  0.000000    1.679455   clock reconvergence pessimism
                                  0.168298    1.847754   library hold time
                                              1.847754   data required time
---------------------------------------------------------------------------------------------
                                              1.847754   data required time
                                             -4.087499   data arrival time
---------------------------------------------------------------------------------------------
                                              2.239746   slack (MET)


Startpoint: _18528_ (rising edge-triggered flip-flop clocked by clk)
Endpoint: _18572_ (rising edge-triggered flip-flop clocked by clk)
Path Group: clk
Path Type: min

Fanout         Cap        Slew       Delay        Time   Description
---------------------------------------------------------------------------------------------
                                  0.000000    0.000000   clock clk (rise edge)
                                  0.000000    0.000000   clock source latency
   163    0.547821    1.892577    1.310745    1.310745 ^ clk (in)
                                                         clk (net)
                      1.907341    0.000000    1.310745 ^ _18528_/CLK (sky130_fd_sc_hd__dfrtp_1)
    35    0.174578    0.823707    1.196042    2.506787 v _18528_/Q (sky130_fd_sc_hd__dfrtp_1)
                                                         b_r[22] (net)
                      0.823710    0.001293    2.508079 v _15036_/C (sky130_fd_sc_hd__nand4_1)
     2    0.008133    0.247015    0.423226    2.931305 ^ _15036_/Y (sky130_fd_sc_hd__nand4_1)
                                                         _05432_ (net)
                      0.247015    0.000051    2.931357 ^ _15524_/A (sky130_fd_sc_hd__maj3_1)
     2    0.007829    0.092989    0.238211    3.169568 ^ _15524_/X (sky130_fd_sc_hd__maj3_1)
                                                         _05969_ (net)
                      0.092989    0.000100    3.169668 ^ _15528_/A (sky130_fd_sc_hd__xnor2_1)
     2    0.011059    0.134554    0.181977    3.351645 ^ _15528_/Y (sky130_fd_sc_hd__xnor2_1)
                                                         _05973_ (net)
                      0.134554    0.000413    3.352058 ^ _15531_/A (sky130_fd_sc_hd__xor2_1)
     3    0.015124    0.083434    0.146541    3.498599 v _15531_/X (sky130_fd_sc_hd__xor2_1)
                                                         _05976_ (net)
                      0.083436    0.000583    3.499182 v _17931_/B (sky130_fd_sc_hd__xnor2_1)
     1    0.002392    0.038937    0.131331    3.630513 v _17931_/Y (sky130_fd_sc_hd__xnor2_1)
                                                         _08615_ (net)
                      0.038937    0.000005    3.630517 v _17932_/A (sky130_fd_sc_hd__inv_1)
     2    0.007704    0.073200    0.074280    3.704797 ^ _17932_/Y (sky130_fd_sc_hd__inv_1)
                                                         _08617_ (net)
                      0.073200    0.000026    3.704824 ^ _17933_/B (sky130_fd_sc_hd__xnor2_1)
     1    0.004488    0.047514    0.072691    3.777515 v _17933_/Y (sky130_fd_sc_hd__xnor2_1)
                                                         _08618_ (net)
                      0.047514    0.000008    3.777522 v _18264_/A (sky130_fd_sc_hd__xnor2_1)
     2    0.007028    0.064244    0.144335    3.921858 v _18264_/Y (sky130_fd_sc_hd__xnor2_1)
                                                         _08982_ (net)
                      0.064244    0.000147    3.922004 v _18398_/B (sky130_fd_sc_hd__nand2b_1)
     1    0.002586    0.049180    0.071446    3.993450 ^ _18398_/Y (sky130_fd_sc_hd__nand2b_1)
                                                         _09128_ (net)
                      0.049180    0.000004    3.993454 ^ _18399_/B (sky130_fd_sc_hd__nand2_1)
     1    0.003205    0.032269    0.051313    4.044767 v _18399_/Y (sky130_fd_sc_hd__nand2_1)
                                                         fixed_pkg::s_narrow48$func$/headless/otolith/hdl/rtl/fixed_pkg.sv:130$9.$unnamed_block$1.v[0] (net)
                      0.032269    0.000037    4.044804 v _18572_/D (sky130_fd_sc_hd__dfrtp_1)
                                              4.044804   data arrival time

                                  0.000000    0.000000   clock clk (rise edge)
                                  0.000000    0.000000   clock source latency
   163    0.547821    1.892577    1.349485    1.349485 ^ clk (in)
                                                         clk (net)
                      1.917706    0.000000    1.349485 ^ _18572_/CLK (sky130_fd_sc_hd__dfrtp_1)
                                  0.250000    1.599486   clock uncertainty
                                  0.000000    1.599486   clock reconvergence pessimism
                                  0.174817    1.774303   library hold time
                                              1.774303   data required time
---------------------------------------------------------------------------------------------
                                              1.774303   data required time
                                             -4.044804   data arrival time
---------------------------------------------------------------------------------------------
                                              2.270501   slack (MET)


Startpoint: _18561_ (rising edge-triggered flip-flop clocked by clk)
Endpoint: _18606_ (rising edge-triggered flip-flop clocked by clk)
Path Group: clk
Path Type: min

Fanout         Cap        Slew       Delay        Time   Description
---------------------------------------------------------------------------------------------
                                  0.000000    0.000000   clock clk (rise edge)
                                  0.000000    0.000000   clock source latency
   163    0.547821    1.892577    1.454065    1.454065 ^ clk (in)
                                                         clk (net)
                      1.960094    0.000000    1.454065 ^ _18561_/CLK (sky130_fd_sc_hd__dfrtp_1)
    34    0.146490    0.689673    1.124426    2.578490 v _18561_/Q (sky130_fd_sc_hd__dfrtp_1)
                                                         b_r[55] (net)
                      0.690245    0.012488    2.590978 v _12006_/D (sky130_fd_sc_hd__nand4_1)
     3    0.011251    0.234851    0.400567    2.991546 ^ _12006_/Y (sky130_fd_sc_hd__nand4_1)
                                                         _02099_ (net)
                      0.234851    0.000091    2.991637 ^ _12090_/A (sky130_fd_sc_hd__maj3_1)
     2    0.010194    0.114035    0.251624    3.243260 ^ _12090_/X (sky130_fd_sc_hd__maj3_1)
                                                         _02191_ (net)
                      0.114035    0.000308    3.243568 ^ _12097_/A (sky130_fd_sc_hd__xor2_1)
     2    0.007027    0.052914    0.100683    3.344251 v _12097_/X (sky130_fd_sc_hd__xor2_1)
                                                         _02199_ (net)
                      0.052914    0.000029    3.344280 v _12110_/A (sky130_fd_sc_hd__xnor2_1)
     3    0.009515    0.081057    0.160097    3.504377 v _12110_/Y (sky130_fd_sc_hd__xnor2_1)
                                                         _02213_ (net)
                      0.081057    0.000072    3.504449 v _18099_/A (sky130_fd_sc_hd__xnor2_1)
     2    0.013892    0.110655    0.196128    3.700578 v _18099_/Y (sky130_fd_sc_hd__xnor2_1)
                                                         _08800_ (net)
                      0.110659    0.000826    3.701404 v _18100_/B (sky130_fd_sc_hd__xnor2_1)
     2    0.007426    0.100042    0.222335    3.923739 ^ _18100_/Y (sky130_fd_sc_hd__xnor2_1)
                                                         _08801_ (net)
                      0.100042    0.000014    3.923753 ^ _18324_/A (sky130_fd_sc_hd__xnor2_1)
     2    0.005452    0.053903    0.094517    4.018270 v _18324_/Y (sky130_fd_sc_hd__xnor2_1)
                                                         _09048_ (net)
                      0.053903    0.000048    4.018318 v _18435_/B (sky130_fd_sc_hd__nand2b_1)
     1    0.002761    0.049316    0.068024    4.086342 ^ _18435_/Y (sky130_fd_sc_hd__nand2b_1)
                                                         _09135_ (net)
                      0.049316    0.000010    4.086352 ^ _18436_/B (sky130_fd_sc_hd__nand2_1)
     1    0.002555    0.028395    0.047831    4.134182 v _18436_/Y (sky130_fd_sc_hd__nand2_1)
                                                         fixed_pkg::s_narrow48$func$/headless/otolith/hdl/rtl/fixed_pkg.sv:130$9.$unnamed_block$1.v[34] (net)
                      0.028395    0.000016    4.134198 v _18606_/D (sky130_fd_sc_hd__dfrtp_1)
                                              4.134198   data arrival time

                                  0.000000    0.000000   clock clk (rise edge)
                                  0.000000    0.000000   clock source latency
   163    0.547821    1.892577    1.424425    1.424425 ^ clk (in)
                                                         clk (net)
                      1.946023    0.000000    1.424425 ^ _18606_/CLK (sky130_fd_sc_hd__dfrtp_1)
                                  0.250000    1.674425   clock uncertainty
                                  0.000000    1.674425   clock reconvergence pessimism
                                  0.178560    1.852985   library hold time
                                              1.852985   data required time
---------------------------------------------------------------------------------------------
                                              1.852985   data required time
                                             -4.134198   data arrival time
---------------------------------------------------------------------------------------------
                                              2.281213   slack (MET)


Startpoint: _18528_ (rising edge-triggered flip-flop clocked by clk)
Endpoint: _18574_ (rising edge-triggered flip-flop clocked by clk)
Path Group: clk
Path Type: min

Fanout         Cap        Slew       Delay        Time   Description
---------------------------------------------------------------------------------------------
                                  0.000000    0.000000   clock clk (rise edge)
                                  0.000000    0.000000   clock source latency
   163    0.547821    1.892577    1.310745    1.310745 ^ clk (in)
                                                         clk (net)
                      1.907341    0.000000    1.310745 ^ _18528_/CLK (sky130_fd_sc_hd__dfrtp_1)
    35    0.174578    0.823707    1.196042    2.506787 v _18528_/Q (sky130_fd_sc_hd__dfrtp_1)
                                                         b_r[22] (net)
                      0.823709    0.001060    2.507847 v _15183_/D (sky130_fd_sc_hd__nand4_1)
     3    0.010881    0.263062    0.432818    2.940665 ^ _15183_/Y (sky130_fd_sc_hd__nand4_1)
                                                         _05594_ (net)
                      0.263062    0.000072    2.940737 ^ _15513_/A (sky130_fd_sc_hd__maj3_1)
     2    0.007109    0.086514    0.237088    3.177825 ^ _15513_/X (sky130_fd_sc_hd__maj3_1)
                                                         _05957_ (net)
                      0.086514    0.000067    3.177892 ^ _15520_/A (sky130_fd_sc_hd__xnor2_1)
     2    0.008787    0.075935    0.109317    3.287210 v _15520_/Y (sky130_fd_sc_hd__xnor2_1)
                                                         _05964_ (net)
                      0.075935    0.000157    3.287366 v _15527_/A (sky130_fd_sc_hd__xnor2_1)
     2    0.006958    0.063771    0.156991    3.444357 v _15527_/Y (sky130_fd_sc_hd__xnor2_1)
                                                         _05972_ (net)
                      0.063771    0.000065    3.444422 v _17939_/A (sky130_fd_sc_hd__xnor2_1)
     3    0.015594    0.122523    0.196932    3.641354 v _17939_/Y (sky130_fd_sc_hd__xnor2_1)
                                                         _08624_ (net)
                      0.122528    0.000941    3.642295 v _17940_/B (sky130_fd_sc_hd__nor2_1)
     1    0.002625    0.081960    0.109372    3.751666 ^ _17940_/Y (sky130_fd_sc_hd__nor2_1)
                                                         _08625_ (net)
                      0.081960    0.000004    3.751671 ^ _18260_/B1 (sky130_fd_sc_hd__a21oi_1)
     1    0.004627    0.041257    0.053804    3.805474 v _18260_/Y (sky130_fd_sc_hd__a21oi_1)
                                                         _08977_ (net)
                      0.041257    0.000008    3.805482 v _18261_/B (sky130_fd_sc_hd__xnor2_1)
     2    0.005472    0.054036    0.131100    3.936582 v _18261_/Y (sky130_fd_sc_hd__xnor2_1)
                                                         _08978_ (net)
                      0.054036    0.000046    3.936628 v _18262_/A (sky130_fd_sc_hd__inv_1)
     1    0.002019    0.030356    0.047882    3.984509 ^ _18262_/Y (sky130_fd_sc_hd__inv_1)
                                                         _08980_ (net)
                      0.030356    0.000004    3.984514 ^ _18402_/A1 (sky130_fd_sc_hd__o21ai_0)
     1    0.002687    0.055525    0.072081    4.056594 v _18402_/Y (sky130_fd_sc_hd__o21ai_0)
                                                         fixed_pkg::s_narrow48$func$/headless/otolith/hdl/rtl/fixed_pkg.sv:130$9.$unnamed_block$1.v[2] (net)
                      0.055525    0.000020    4.056614 v _18574_/D (sky130_fd_sc_hd__dfrtp_1)
                                              4.056614   data arrival time

                                  0.000000    0.000000   clock clk (rise edge)
                                  0.000000    0.000000   clock source latency
   163    0.547821    1.892577    1.353825    1.353825 ^ clk (in)
                                                         clk (net)
                      1.919052    0.000000    1.353825 ^ _18574_/CLK (sky130_fd_sc_hd__dfrtp_1)
                                  0.250000    1.603825   clock uncertainty
                                  0.000000    1.603825   clock reconvergence pessimism
                                  0.165838    1.769663   library hold time
                                              1.769663   data required time
---------------------------------------------------------------------------------------------
                                              1.769663   data required time
                                             -4.056614   data arrival time
---------------------------------------------------------------------------------------------
                                              2.286951   slack (MET)


Startpoint: _18566_ (rising edge-triggered flip-flop clocked by clk)
Endpoint: _18610_ (rising edge-triggered flip-flop clocked by clk)
Path Group: clk
Path Type: min

Fanout         Cap        Slew       Delay        Time   Description
---------------------------------------------------------------------------------------------
                                  0.000000    0.000000   clock clk (rise edge)
                                  0.000000    0.000000   clock source latency
   163    0.547821    1.892577    1.355287    1.355287 ^ clk (in)
                                                         clk (net)
                      1.919513    0.000000    1.355287 ^ _18566_/CLK (sky130_fd_sc_hd__dfrtp_1)
    34    0.151985    0.717496    1.131889    2.487176 v _18566_/Q (sky130_fd_sc_hd__dfrtp_1)
                                                         b_r[60] (net)
                      0.723173    0.052264    2.539440 v _11507_/A (sky130_fd_sc_hd__nand4_1)
     3    0.011135    0.235233    0.373555    2.912996 ^ _11507_/Y (sky130_fd_sc_hd__nand4_1)
                                                         _01550_ (net)
                      0.235233    0.000094    2.913090 ^ _11887_/A (sky130_fd_sc_hd__maj3_1)
     2    0.008398    0.097761    0.239325    3.152415 ^ _11887_/X (sky130_fd_sc_hd__maj3_1)
                                                         _01968_ (net)
                      0.097761    0.000108    3.152523 ^ _11893_/A (sky130_fd_sc_hd__xor2_1)
     2    0.012693    0.075401    0.123451    3.275974 v _11893_/X (sky130_fd_sc_hd__xor2_1)
                                                         _01975_ (net)
                      0.075406    0.000673    3.276647 v _11974_/A (sky130_fd_sc_hd__xnor2_1)
     4    0.013591    0.108485    0.192199    3.468846 v _11974_/Y (sky130_fd_sc_hd__xnor2_1)
                                                         _02064_ (net)
                      0.108485    0.000284    3.469130 v _18081_/A (sky130_fd_sc_hd__xnor2_1)
     2    0.009283    0.079488    0.184372    3.653502 v _18081_/Y (sky130_fd_sc_hd__xnor2_1)
                                                         _08780_ (net)
                      0.079488    0.000276    3.653778 v _18083_/B (sky130_fd_sc_hd__xnor2_1)
     3    0.012100    0.098891    0.183757    3.837535 v _18083_/Y (sky130_fd_sc_hd__xnor2_1)
                                                         _08783_ (net)
                      0.098891    0.000192    3.837727 v _18311_/A (sky130_fd_sc_hd__xor2_1)
     2    0.007509    0.054722    0.196459    4.034186 v _18311_/X (sky130_fd_sc_hd__xor2_1)
                                                         _09033_ (net)
                      0.054722    0.000076    4.034262 v _18312_/A (sky130_fd_sc_hd__inv_1)
     1    0.001883    0.029606    0.047308    4.081570 ^ _18312_/Y (sky130_fd_sc_hd__inv_1)
                                                         _09035_ (net)
                      0.029606    0.000001    4.081572 ^ _18440_/A1 (sky130_fd_sc_hd__o21ai_0)
     1    0.002294    0.052471    0.068098    4.149670 v _18440_/Y (sky130_fd_sc_hd__o21ai_0)
                                                         fixed_pkg::s_narrow48$func$/headless/otolith/hdl/rtl/fixed_pkg.sv:130$9.$unnamed_block$1.v[38] (net)
                      0.052471    0.000008    4.149679 v _18610_/D (sky130_fd_sc_hd__dfrtp_1)
                                              4.149679   data arrival time

                                  0.000000    0.000000   clock clk (rise edge)
                                  0.000000    0.000000   clock source latency
   163    0.547821    1.892577    1.428263    1.428263 ^ clk (in)
                                                         clk (net)
                      1.947756    0.000000    1.428263 ^ _18610_/CLK (sky130_fd_sc_hd__dfrtp_1)
                                  0.250000    1.678263   clock uncertainty
                                  0.000000    1.678263   clock reconvergence pessimism
                                  0.169298    1.847561   library hold time
                                              1.847561   data required time
---------------------------------------------------------------------------------------------
                                              1.847561   data required time
                                             -4.149679   data arrival time
---------------------------------------------------------------------------------------------
                                              2.302118   slack (MET)


Startpoint: _18531_ (rising edge-triggered flip-flop clocked by clk)
Endpoint: _18577_ (rising edge-triggered flip-flop clocked by clk)
Path Group: clk
Path Type: min

Fanout         Cap        Slew       Delay        Time   Description
---------------------------------------------------------------------------------------------
                                  0.000000    0.000000   clock clk (rise edge)
                                  0.000000    0.000000   clock source latency
   163    0.547821    1.892577    1.351033    1.351033 ^ clk (in)
                                                         clk (net)
                      1.918182    0.000000    1.351033 ^ _18531_/CLK (sky130_fd_sc_hd__dfrtp_1)
    37    0.181407    0.855879    1.217489    2.568522 v _18531_/Q (sky130_fd_sc_hd__dfrtp_1)
                                                         b_r[25] (net)
                      0.855909    0.004479    2.573001 v _15286_/D (sky130_fd_sc_hd__nand4_1)
     2    0.007669    0.243992    0.406921    2.979922 ^ _15286_/Y (sky130_fd_sc_hd__nand4_1)
                                                         _05707_ (net)
                      0.243992    0.000011    2.979933 ^ _15441_/A (sky130_fd_sc_hd__maj3_1)
     2    0.007960    0.094748    0.238395    3.218327 ^ _15441_/X (sky130_fd_sc_hd__maj3_1)
                                                         _05877_ (net)
                      0.094748    0.000086    3.218413 ^ _15448_/A (sky130_fd_sc_hd__xnor2_1)
     2    0.008194    0.104228    0.160867    3.379280 ^ _15448_/Y (sky130_fd_sc_hd__xnor2_1)
                                                         _05885_ (net)
                      0.104228    0.000091    3.379371 ^ _15480_/A (sky130_fd_sc_hd__nand2_1)
     2    0.004623    0.051082    0.071412    3.450783 v _15480_/Y (sky130_fd_sc_hd__nand2_1)
                                                         _05920_ (net)
                      0.051082    0.000030    3.450814 v _17952_/B1 (sky130_fd_sc_hd__o21ai_0)
     1    0.004910    0.098176    0.091921    3.542734 ^ _17952_/Y (sky130_fd_sc_hd__o21ai_0)
                                                         _08639_ (net)
                      0.098176    0.000014    3.542748 ^ _17953_/B (sky130_fd_sc_hd__xnor2_1)
     2    0.006994    0.063781    0.094154    3.636903 v _17953_/Y (sky130_fd_sc_hd__xnor2_1)
                                                         _08640_ (net)
                      0.063781    0.000070    3.636973 v _17955_/B (sky130_fd_sc_hd__xnor2_1)
     2    0.005443    0.053563    0.140419    3.777392 v _17955_/Y (sky130_fd_sc_hd__xnor2_1)
                                                         _08642_ (net)
                      0.053563    0.000039    3.777431 v _17956_/A (sky130_fd_sc_hd__inv_1)
     2    0.007876    0.072729    0.081177    3.858609 ^ _17956_/Y (sky130_fd_sc_hd__inv_1)
                                                         _08643_ (net)
                      0.072729    0.000048    3.858657 ^ _18256_/B (sky130_fd_sc_hd__xnor2_1)
     2    0.006420    0.085572    0.140522    3.999178 ^ _18256_/Y (sky130_fd_sc_hd__xnor2_1)
                                                         _08973_ (net)
                      0.085572    0.000081    3.999260 ^ _18405_/A1 (sky130_fd_sc_hd__o21ai_0)
     1    0.002721    0.057438    0.089586    4.088845 v _18405_/Y (sky130_fd_sc_hd__o21ai_0)
                                                         fixed_pkg::s_narrow48$func$/headless/otolith/hdl/rtl/fixed_pkg.sv:130$9.$unnamed_block$1.v[5] (net)
                      0.057438    0.000021    4.088866 v _18577_/D (sky130_fd_sc_hd__dfrtp_1)
                                              4.088866   data arrival time

                                  0.000000    0.000000   clock clk (rise edge)
                                  0.000000    0.000000   clock source latency
   163    0.547821    1.892577    1.357979    1.357979 ^ clk (in)
                                                         clk (net)
                      1.920373    0.000000    1.357979 ^ _18577_/CLK (sky130_fd_sc_hd__dfrtp_1)
                                  0.250000    1.607979   clock uncertainty
                                  0.000000    1.607979   clock reconvergence pessimism
                                  0.165195    1.773174   library hold time
                                              1.773174   data required time
---------------------------------------------------------------------------------------------
                                              1.773174   data required time
                                             -4.088866   data arrival time
---------------------------------------------------------------------------------------------
                                              2.315693   slack (MET)


Startpoint: _18529_ (rising edge-triggered flip-flop clocked by clk)
Endpoint: _18576_ (rising edge-triggered flip-flop clocked by clk)
Path Group: clk
Path Type: min

Fanout         Cap        Slew       Delay        Time   Description
---------------------------------------------------------------------------------------------
                                  0.000000    0.000000   clock clk (rise edge)
                                  0.000000    0.000000   clock source latency
   163    0.547821    1.892577    1.337796    1.337796 ^ clk (in)
                                                         clk (net)
                      1.914268    0.000000    1.337796 ^ _18529_/CLK (sky130_fd_sc_hd__dfrtp_1)
    36    0.175267    0.826159    1.201477    2.539273 v _18529_/Q (sky130_fd_sc_hd__dfrtp_1)
                                                         b_r[23] (net)
                      0.826177    0.003463    2.542736 v _15424_/D (sky130_fd_sc_hd__nand4_1)
     2    0.007902    0.241590    0.402868    2.945605 ^ _15424_/Y (sky130_fd_sc_hd__nand4_1)
                                                         _05859_ (net)
                      0.241590    0.000018    2.945622 ^ _15499_/A (sky130_fd_sc_hd__maj3_1)
     2    0.009447    0.107085    0.248355    3.193977 ^ _15499_/X (sky130_fd_sc_hd__maj3_1)
                                                         _05941_ (net)
                      0.107085    0.000124    3.194102 ^ _15505_/A (sky130_fd_sc_hd__xnor2_1)
     2    0.008575    0.108174    0.167066    3.361167 ^ _15505_/Y (sky130_fd_sc_hd__xnor2_1)
                                                         _05948_ (net)
                      0.108174    0.000133    3.361300 ^ _15517_/A (sky130_fd_sc_hd__nand2_1)
     2    0.006364    0.058113    0.082703    3.444003 v _15517_/Y (sky130_fd_sc_hd__nand2_1)
                                                         _05961_ (net)
                      0.058113    0.000101    3.444103 v _17926_/B1 (sky130_fd_sc_hd__o21ai_0)
     1    0.004718    0.095666    0.093100    3.537203 ^ _17926_/Y (sky130_fd_sc_hd__o21ai_0)
                                                         _08610_ (net)
                      0.095666    0.000011    3.537215 ^ _17927_/B (sky130_fd_sc_hd__xor2_1)
     3    0.012457    0.074367    0.118880    3.656095 v _17927_/X (sky130_fd_sc_hd__xor2_1)
                                                         _08611_ (net)
                      0.074368    0.000415    3.656509 v _18257_/A2 (sky130_fd_sc_hd__a21oi_1)
     1    0.004957    0.148352    0.177789    3.834298 ^ _18257_/Y (sky130_fd_sc_hd__a21oi_1)
                                                         _08974_ (net)
                      0.148352    0.000017    3.834315 ^ _18258_/B (sky130_fd_sc_hd__xnor2_1)
     2    0.005392    0.075069    0.152289    3.986604 ^ _18258_/Y (sky130_fd_sc_hd__xnor2_1)
                                                         _08975_ (net)
                      0.075069    0.000052    3.986656 ^ _18404_/A1 (sky130_fd_sc_hd__o21ai_0)
     1    0.004345    0.075843    0.101991    4.088647 v _18404_/Y (sky130_fd_sc_hd__o21ai_0)
                                                         fixed_pkg::s_narrow48$func$/headless/otolith/hdl/rtl/fixed_pkg.sv:130$9.$unnamed_block$1.v[4] (net)
                      0.075843    0.000087    4.088734 v _18576_/D (sky130_fd_sc_hd__dfrtp_1)
                                              4.088734   data arrival time

                                  0.000000    0.000000   clock clk (rise edge)
                                  0.000000    0.000000   clock source latency
   163    0.547821    1.892577    1.351624    1.351624 ^ clk (in)
                                                         clk (net)
                      1.918365    0.000000    1.351624 ^ _18576_/CLK (sky130_fd_sc_hd__dfrtp_1)
                                  0.250000    1.601624   clock uncertainty
                                  0.000000    1.601624   clock reconvergence pessimism
                                  0.157846    1.759470   library hold time
                                              1.759470   data required time
---------------------------------------------------------------------------------------------
                                              1.759470   data required time
                                             -4.088734   data arrival time
---------------------------------------------------------------------------------------------
                                              2.329263   slack (MET)


Startpoint: _18528_ (rising edge-triggered flip-flop clocked by clk)
Endpoint: _18573_ (rising edge-triggered flip-flop clocked by clk)
Path Group: clk
Path Type: min

Fanout         Cap        Slew       Delay        Time   Description
---------------------------------------------------------------------------------------------
                                  0.000000    0.000000   clock clk (rise edge)
                                  0.000000    0.000000   clock source latency
   163    0.547821    1.892577    1.310745    1.310745 ^ clk (in)
                                                         clk (net)
                      1.907341    0.000000    1.310745 ^ _18528_/CLK (sky130_fd_sc_hd__dfrtp_1)
    35    0.174578    0.823707    1.196042    2.506787 v _18528_/Q (sky130_fd_sc_hd__dfrtp_1)
                                                         b_r[22] (net)
                      0.823709    0.001060    2.507847 v _15183_/D (sky130_fd_sc_hd__nand4_1)
     3    0.010881    0.263062    0.432818    2.940665 ^ _15183_/Y (sky130_fd_sc_hd__nand4_1)
                                                         _05594_ (net)
                      0.263062    0.000072    2.940737 ^ _15513_/A (sky130_fd_sc_hd__maj3_1)
     2    0.007109    0.086514    0.237088    3.177825 ^ _15513_/X (sky130_fd_sc_hd__maj3_1)
                                                         _05957_ (net)
                      0.086514    0.000067    3.177892 ^ _15520_/A (sky130_fd_sc_hd__xnor2_1)
     2    0.008787    0.075935    0.109317    3.287210 v _15520_/Y (sky130_fd_sc_hd__xnor2_1)
                                                         _05964_ (net)
                      0.075935    0.000157    3.287366 v _15527_/A (sky130_fd_sc_hd__xnor2_1)
     2    0.006958    0.063771    0.156991    3.444357 v _15527_/Y (sky130_fd_sc_hd__xnor2_1)
                                                         _05972_ (net)
                      0.063771    0.000065    3.444422 v _17939_/A (sky130_fd_sc_hd__xnor2_1)
     3    0.015594    0.122523    0.196932    3.641354 v _17939_/Y (sky130_fd_sc_hd__xnor2_1)
                                                         _08624_ (net)
                      0.122528    0.000913    3.642266 v _17941_/B (sky130_fd_sc_hd__xnor2_1)
     3    0.009695    0.091588    0.189632    3.831898 v _17941_/Y (sky130_fd_sc_hd__xnor2_1)
                                                         _08626_ (net)
                      0.091588    0.000078    3.831976 v _18263_/B (sky130_fd_sc_hd__xor2_1)
     2    0.005786    0.048144    0.167906    3.999882 v _18263_/X (sky130_fd_sc_hd__xor2_1)
                                                         _08981_ (net)
                      0.048144    0.000054    3.999936 v _18400_/B (sky130_fd_sc_hd__nand2b_1)
     1    0.002850    0.048710    0.066113    4.066050 ^ _18400_/Y (sky130_fd_sc_hd__nand2b_1)
                                                         _09129_ (net)
                      0.048710    0.000013    4.066062 ^ _18401_/B (sky130_fd_sc_hd__nand2_1)
     1    0.004015    0.037421    0.055419    4.121481 v _18401_/Y (sky130_fd_sc_hd__nand2_1)
                                                         fixed_pkg::s_narrow48$func$/headless/otolith/hdl/rtl/fixed_pkg.sv:130$9.$unnamed_block$1.v[1] (net)
                      0.037421    0.000071    4.121552 v _18573_/D (sky130_fd_sc_hd__dfrtp_1)
                                              4.121552   data arrival time

                                  0.000000    0.000000   clock clk (rise edge)
                                  0.000000    0.000000   clock source latency
   163    0.547821    1.892577    1.351621    1.351621 ^ clk (in)
                                                         clk (net)
                      1.918364    0.000000    1.351621 ^ _18573_/CLK (sky130_fd_sc_hd__dfrtp_1)
                                  0.250000    1.601621   clock uncertainty
                                  0.000000    1.601621   clock reconvergence pessimism
                                  0.172856    1.774477   library hold time
                                              1.774477   data required time
---------------------------------------------------------------------------------------------
                                              1.774477   data required time
                                             -4.121552   data arrival time
---------------------------------------------------------------------------------------------
                                              2.347074   slack (MET)


Startpoint: _18529_ (rising edge-triggered flip-flop clocked by clk)
Endpoint: _18575_ (rising edge-triggered flip-flop clocked by clk)
Path Group: clk
Path Type: min

Fanout         Cap        Slew       Delay        Time   Description
---------------------------------------------------------------------------------------------
                                  0.000000    0.000000   clock clk (rise edge)
                                  0.000000    0.000000   clock source latency
   163    0.547821    1.892577    1.337796    1.337796 ^ clk (in)
                                                         clk (net)
                      1.914268    0.000000    1.337796 ^ _18529_/CLK (sky130_fd_sc_hd__dfrtp_1)
    36    0.175267    0.826159    1.201477    2.539273 v _18529_/Q (sky130_fd_sc_hd__dfrtp_1)
                                                         b_r[23] (net)
                      0.826177    0.003463    2.542736 v _15424_/D (sky130_fd_sc_hd__nand4_1)
     2    0.007902    0.241590    0.402868    2.945605 ^ _15424_/Y (sky130_fd_sc_hd__nand4_1)
                                                         _05859_ (net)
                      0.241590    0.000018    2.945622 ^ _15499_/A (sky130_fd_sc_hd__maj3_1)
     2    0.009447    0.107085    0.248355    3.193977 ^ _15499_/X (sky130_fd_sc_hd__maj3_1)
                                                         _05941_ (net)
                      0.107085    0.000124    3.194102 ^ _15505_/A (sky130_fd_sc_hd__xnor2_1)
     2    0.008575    0.108174    0.167066    3.361167 ^ _15505_/Y (sky130_fd_sc_hd__xnor2_1)
                                                         _05948_ (net)
                      0.108174    0.000133    3.361300 ^ _15517_/A (sky130_fd_sc_hd__nand2_1)
     2    0.006364    0.058113    0.082703    3.444003 v _15517_/Y (sky130_fd_sc_hd__nand2_1)
                                                         _05961_ (net)
                      0.058113    0.000101    3.444103 v _17926_/B1 (sky130_fd_sc_hd__o21ai_0)
     1    0.004718    0.095666    0.093100    3.537203 ^ _17926_/Y (sky130_fd_sc_hd__o21ai_0)
                                                         _08610_ (net)
                      0.095666    0.000011    3.537215 ^ _17927_/B (sky130_fd_sc_hd__xor2_1)
     3    0.012457    0.074367    0.118880    3.656095 v _17927_/X (sky130_fd_sc_hd__xor2_1)
                                                         _08611_ (net)
                      0.074368    0.000375    3.656469 v _17928_/B (sky130_fd_sc_hd__xnor2_1)
     3    0.010393    0.096642    0.172193    3.828662 v _17928_/Y (sky130_fd_sc_hd__xnor2_1)
                                                         _08612_ (net)
                      0.096642    0.000113    3.828775 v _18259_/A (sky130_fd_sc_hd__xnor2_1)
     2    0.005728    0.078676    0.209659    4.038434 ^ _18259_/Y (sky130_fd_sc_hd__xnor2_1)
                                                         _08976_ (net)
                      0.078676    0.000056    4.038489 ^ _18403_/A1 (sky130_fd_sc_hd__o21ai_0)
     1    0.003080    0.061168    0.090968    4.129457 v _18403_/Y (sky130_fd_sc_hd__o21ai_0)
                                                         fixed_pkg::s_narrow48$func$/headless/otolith/hdl/rtl/fixed_pkg.sv:130$9.$unnamed_block$1.v[3] (net)
                      0.061168    0.000032    4.129489 v _18575_/D (sky130_fd_sc_hd__dfrtp_1)
                                              4.129489   data arrival time

                                  0.000000    0.000000   clock clk (rise edge)
                                  0.000000    0.000000   clock source latency
   163    0.547821    1.892577    1.356695    1.356695 ^ clk (in)
                                                         clk (net)
                      1.919961    0.000000    1.356695 ^ _18575_/CLK (sky130_fd_sc_hd__dfrtp_1)
                                  0.250000    1.606695   clock uncertainty
                                  0.000000    1.606695   clock reconvergence pessimism
                                  0.163705    1.770400   library hold time
                                              1.770400   data required time
---------------------------------------------------------------------------------------------
                                              1.770400   data required time
                                             -4.129489   data arrival time
---------------------------------------------------------------------------------------------
                                              2.359089   slack (MET)


Startpoint: _18567_ (rising edge-triggered flip-flop clocked by clk)
Endpoint: _18615_ (rising edge-triggered flip-flop clocked by clk)
Path Group: clk
Path Type: min

Fanout         Cap        Slew       Delay        Time   Description
---------------------------------------------------------------------------------------------
                                  0.000000    0.000000   clock clk (rise edge)
                                  0.000000    0.000000   clock source latency
   163    0.547821    1.892577    1.355224    1.355224 ^ clk (in)
                                                         clk (net)
                      1.919493    0.000000    1.355224 ^ _18567_/CLK (sky130_fd_sc_hd__dfrtp_1)
    35    0.146274    0.690623    1.114772    2.469996 v _18567_/Q (sky130_fd_sc_hd__dfrtp_1)
                                                         b_r[61] (net)
                      0.695206    0.046230    2.516226 v _11150_/A (sky130_fd_sc_hd__nand4_1)
     2    0.007927    0.216158    0.331412    2.847638 ^ _11150_/Y (sky130_fd_sc_hd__nand4_1)
                                                         _01157_ (net)
                      0.216158    0.000022    2.847660 ^ _17132_/A (sky130_fd_sc_hd__maj3_1)
     2    0.007597    0.090912    0.228524    3.076185 ^ _17132_/X (sky130_fd_sc_hd__maj3_1)
                                                         _07738_ (net)
                      0.090912    0.000071    3.076255 ^ _17135_/B (sky130_fd_sc_hd__or3_1)
     2    0.004995    0.056211    0.123545    3.199800 ^ _17135_/X (sky130_fd_sc_hd__or3_1)
                                                         _07741_ (net)
                      0.056211    0.000040    3.199840 ^ _17136_/C (sky130_fd_sc_hd__nand3b_1)
     2    0.005761    0.077087    0.095873    3.295713 v _17136_/Y (sky130_fd_sc_hd__nand3b_1)
                                                         _07742_ (net)
                      0.077087    0.000067    3.295780 v _17139_/A (sky130_fd_sc_hd__nand2_1)
     3    0.011633    0.113651    0.123112    3.418892 ^ _17139_/Y (sky130_fd_sc_hd__nand2_1)
                                                         _07745_ (net)
                      0.113652    0.000167    3.419059 ^ _18043_/A (sky130_fd_sc_hd__xnor2_1)
     2    0.006394    0.060000    0.103934    3.522994 v _18043_/Y (sky130_fd_sc_hd__xnor2_1)
                                                         _08739_ (net)
                      0.060000    0.000058    3.523052 v _18044_/A_N (sky130_fd_sc_hd__nand2b_1)
     2    0.005294    0.057008    0.157369    3.680421 v _18044_/Y (sky130_fd_sc_hd__nand2b_1)
                                                         _08740_ (net)
                      0.057008    0.000051    3.680472 v _18127_/C1 (sky130_fd_sc_hd__o221ai_1)
     2    0.007770    0.118550    0.102435    3.782907 ^ _18127_/Y (sky130_fd_sc_hd__o221ai_1)
                                                         _08831_ (net)
                      0.118550    0.000129    3.783036 ^ _18192_/B1 (sky130_fd_sc_hd__a21o_1)
     2    0.007111    0.069839    0.122041    3.905076 ^ _18192_/X (sky130_fd_sc_hd__a21o_1)
                                                         _08903_ (net)
                      0.069839    0.000039    3.905115 ^ _18306_/B (sky130_fd_sc_hd__xnor2_1)
     2    0.013154    0.156472    0.190089    4.095204 ^ _18306_/Y (sky130_fd_sc_hd__xnor2_1)
                                                         _09028_ (net)
                      0.156477    0.000743    4.095947 ^ _18446_/A1 (sky130_fd_sc_hd__o21ai_0)
     1    0.002040    0.057516    0.101147    4.197094 v _18446_/Y (sky130_fd_sc_hd__o21ai_0)
                                                         fixed_pkg::s_narrow48$func$/headless/otolith/hdl/rtl/fixed_pkg.sv:130$9.$unnamed_block$1.v[43] (net)
                      0.057516    0.000002    4.197096 v _18615_/D (sky130_fd_sc_hd__dfrtp_1)
                                              4.197096   data arrival time

                                  0.000000    0.000000   clock clk (rise edge)
                                  0.000000    0.000000   clock source latency
   163    0.547821    1.892577    1.420361    1.420361 ^ clk (in)
                                                         clk (net)
                      1.944216    0.000000    1.420361 ^ _18615_/CLK (sky130_fd_sc_hd__dfrtp_1)
                                  0.250000    1.670361   clock uncertainty
                                  0.000000    1.670361   clock reconvergence pessimism
                                  0.167048    1.837409   library hold time
                                              1.837409   data required time
---------------------------------------------------------------------------------------------
                                              1.837409   data required time
                                             -4.197096   data arrival time
---------------------------------------------------------------------------------------------
                                              2.359687   slack (MET)


Startpoint: _18544_ (rising edge-triggered flip-flop clocked by clk)
Endpoint: _18590_ (rising edge-triggered flip-flop clocked by clk)
Path Group: clk
Path Type: min

Fanout         Cap        Slew       Delay        Time   Description
---------------------------------------------------------------------------------------------
                                  0.000000    0.000000   clock clk (rise edge)
                                  0.000000    0.000000   clock source latency
   163    0.547821    1.892577    1.466005    1.466005 ^ clk (in)
                                                         clk (net)
                      1.966201    0.000000    1.466005 ^ _18544_/CLK (sky130_fd_sc_hd__dfrtp_1)
    35    0.168103    0.788130    1.201273    2.667277 v _18544_/Q (sky130_fd_sc_hd__dfrtp_1)
                                                         b_r[38] (net)
                      0.789553    0.029315    2.696592 v _13622_/D (sky130_fd_sc_hd__nand4_1)
     2    0.007988    0.236264    0.394663    3.091255 ^ _13622_/Y (sky130_fd_sc_hd__nand4_1)
                                                         _03877_ (net)
                      0.236264    0.000017    3.091272 ^ _14020_/A (sky130_fd_sc_hd__maj3_1)
     2    0.007298    0.088215    0.231549    3.322821 ^ _14020_/X (sky130_fd_sc_hd__maj3_1)
                                                         _04314_ (net)
                      0.088215    0.000056    3.322876 ^ _14036_/A (sky130_fd_sc_hd__xnor2_1)
     3    0.009530    0.081143    0.113993    3.436869 v _14036_/Y (sky130_fd_sc_hd__xnor2_1)
                                                         _04332_ (net)
                      0.081143    0.000062    3.436931 v _14040_/A (sky130_fd_sc_hd__xnor2_1)
     3    0.010413    0.087163    0.177919    3.614850 v _14040_/Y (sky130_fd_sc_hd__xnor2_1)
                                                         _04336_ (net)
                      0.087163    0.000126    3.614976 v _18019_/A (sky130_fd_sc_hd__xnor2_1)
     2    0.007640    0.067622    0.165782    3.780758 v _18019_/Y (sky130_fd_sc_hd__xnor2_1)
                                                         _08712_ (net)
                      0.067622    0.000158    3.780916 v _18020_/A_N (sky130_fd_sc_hd__nand2b_1)
     2    0.004192    0.050149    0.154316    3.935231 v _18020_/Y (sky130_fd_sc_hd__nand2b_1)
                                                         _08713_ (net)
                      0.050149    0.000031    3.935262 v _18245_/B1 (sky130_fd_sc_hd__o21ai_0)
     1    0.005030    0.099924    0.092741    4.028003 ^ _18245_/Y (sky130_fd_sc_hd__o21ai_0)
                                                         _08961_ (net)
                      0.099924    0.000021    4.028024 ^ _18246_/B (sky130_fd_sc_hd__xnor2_1)
     2    0.005194    0.052281    0.084533    4.112557 v _18246_/Y (sky130_fd_sc_hd__xnor2_1)
                                                         _08962_ (net)
                      0.052281    0.000034    4.112591 v _18418_/B (sky130_fd_sc_hd__nand2b_1)
     1    0.002874    0.048920    0.068084    4.180675 ^ _18418_/Y (sky130_fd_sc_hd__nand2b_1)
                                                         _09132_ (net)
                      0.048920    0.000013    4.180688 ^ _18419_/B (sky130_fd_sc_hd__nand2_1)
     1    0.002428    0.027636    0.047026    4.227714 v _18419_/Y (sky130_fd_sc_hd__nand2_1)
                                                         fixed_pkg::s_narrow48$func$/headless/otolith/hdl/rtl/fixed_pkg.sv:130$9.$unnamed_block$1.v[18] (net)
                      0.027636    0.000012    4.227726 v _18590_/D (sky130_fd_sc_hd__dfrtp_1)
                                              4.227726   data arrival time

                                  0.000000    0.000000   clock clk (rise edge)
                                  0.000000    0.000000   clock source latency
   163    0.547821    1.892577    1.423795    1.423795 ^ clk (in)
                                                         clk (net)
                      1.945740    0.000000    1.423795 ^ _18590_/CLK (sky130_fd_sc_hd__dfrtp_1)
                                  0.250000    1.673795   clock uncertainty
                                  0.000000    1.673795   clock reconvergence pessimism
                                  0.178834    1.852629   library hold time
                                              1.852629   data required time
---------------------------------------------------------------------------------------------
                                              1.852629   data required time
                                             -4.227726   data arrival time
---------------------------------------------------------------------------------------------
                                              2.375098   slack (MET)


Startpoint: _18531_ (rising edge-triggered flip-flop clocked by clk)
Endpoint: _18578_ (rising edge-triggered flip-flop clocked by clk)
Path Group: clk
Path Type: min

Fanout         Cap        Slew       Delay        Time   Description
---------------------------------------------------------------------------------------------
                                  0.000000    0.000000   clock clk (rise edge)
                                  0.000000    0.000000   clock source latency
   163    0.547821    1.892577    1.351033    1.351033 ^ clk (in)
                                                         clk (net)
                      1.918182    0.000000    1.351033 ^ _18531_/CLK (sky130_fd_sc_hd__dfrtp_1)
    37    0.181407    0.855879    1.217489    2.568522 v _18531_/Q (sky130_fd_sc_hd__dfrtp_1)
                                                         b_r[25] (net)
                      0.855909    0.004479    2.573001 v _15286_/D (sky130_fd_sc_hd__nand4_1)
     2    0.007669    0.243992    0.406921    2.979922 ^ _15286_/Y (sky130_fd_sc_hd__nand4_1)
                                                         _05707_ (net)
                      0.243992    0.000011    2.979933 ^ _15441_/A (sky130_fd_sc_hd__maj3_1)
     2    0.007960    0.094748    0.238395    3.218327 ^ _15441_/X (sky130_fd_sc_hd__maj3_1)
                                                         _05877_ (net)
                      0.094748    0.000086    3.218413 ^ _15448_/A (sky130_fd_sc_hd__xnor2_1)
     2    0.008194    0.104228    0.160867    3.379280 ^ _15448_/Y (sky130_fd_sc_hd__xnor2_1)
                                                         _05885_ (net)
                      0.104228    0.000091    3.379371 ^ _15480_/A (sky130_fd_sc_hd__nand2_1)
     2    0.004623    0.051082    0.071412    3.450783 v _15480_/Y (sky130_fd_sc_hd__nand2_1)
                                                         _05920_ (net)
                      0.051082    0.000030    3.450814 v _17952_/B1 (sky130_fd_sc_hd__o21ai_0)
     1    0.004910    0.098176    0.091921    3.542734 ^ _17952_/Y (sky130_fd_sc_hd__o21ai_0)
                                                         _08639_ (net)
                      0.098176    0.000014    3.542748 ^ _17953_/B (sky130_fd_sc_hd__xnor2_1)
     2    0.007304    0.094961    0.154914    3.697663 ^ _17953_/Y (sky130_fd_sc_hd__xnor2_1)
                                                         _08640_ (net)
                      0.094961    0.000072    3.697734 ^ _17954_/B (sky130_fd_sc_hd__and2_0)
     2    0.006196    0.098706    0.163255    3.860989 ^ _17954_/X (sky130_fd_sc_hd__and2_0)
                                                         _08641_ (net)
                      0.098706    0.000048    3.861037 ^ _18253_/B1 (sky130_fd_sc_hd__a21o_1)
     1    0.005073    0.053286    0.104480    3.965517 ^ _18253_/X (sky130_fd_sc_hd__a21o_1)
                                                         _08970_ (net)
                      0.053286    0.000024    3.965540 ^ _18254_/B (sky130_fd_sc_hd__xnor2_1)
     2    0.004881    0.048650    0.069211    4.034751 v _18254_/Y (sky130_fd_sc_hd__xnor2_1)
                                                         _08971_ (net)
                      0.048650    0.000017    4.034768 v _18255_/A (sky130_fd_sc_hd__inv_1)
     1    0.002099    0.030212    0.046129    4.080897 ^ _18255_/Y (sky130_fd_sc_hd__inv_1)
                                                         _08972_ (net)
                      0.030212    0.000006    4.080903 ^ _18406_/A1 (sky130_fd_sc_hd__o21ai_0)
     1    0.003147    0.060895    0.076398    4.157301 v _18406_/Y (sky130_fd_sc_hd__o21ai_0)
                                                         fixed_pkg::s_narrow48$func$/headless/otolith/hdl/rtl/fixed_pkg.sv:130$9.$unnamed_block$1.v[6] (net)
                      0.060895    0.000035    4.157336 v _18578_/D (sky130_fd_sc_hd__dfrtp_1)
                                              4.157336   data arrival time

                                  0.000000    0.000000   clock clk (rise edge)
                                  0.000000    0.000000   clock source latency
   163    0.547821    1.892577    1.358193    1.358193 ^ clk (in)
                                                         clk (net)
                      1.920443    0.000000    1.358193 ^ _18578_/CLK (sky130_fd_sc_hd__dfrtp_1)
                                  0.250000    1.608193   clock uncertainty
                                  0.000000    1.608193   clock reconvergence pessimism
                                  0.163850    1.772043   library hold time
                                              1.772043   data required time
---------------------------------------------------------------------------------------------
                                              1.772043   data required time
                                             -4.157336   data arrival time
---------------------------------------------------------------------------------------------
                                              2.385293   slack (MET)


Startpoint: _18561_ (rising edge-triggered flip-flop clocked by clk)
Endpoint: _18607_ (rising edge-triggered flip-flop clocked by clk)
Path Group: clk
Path Type: min

Fanout         Cap        Slew       Delay        Time   Description
---------------------------------------------------------------------------------------------
                                  0.000000    0.000000   clock clk (rise edge)
                                  0.000000    0.000000   clock source latency
   163    0.547821    1.892577    1.454065    1.454065 ^ clk (in)
                                                         clk (net)
                      1.960094    0.000000    1.454065 ^ _18561_/CLK (sky130_fd_sc_hd__dfrtp_1)
    34    0.146490    0.689673    1.124426    2.578490 v _18561_/Q (sky130_fd_sc_hd__dfrtp_1)
                                                         b_r[55] (net)
                      0.690245    0.012488    2.590978 v _12006_/D (sky130_fd_sc_hd__nand4_1)
     3    0.011251    0.234851    0.400567    2.991546 ^ _12006_/Y (sky130_fd_sc_hd__nand4_1)
                                                         _02099_ (net)
                      0.234851    0.000091    2.991637 ^ _12090_/A (sky130_fd_sc_hd__maj3_1)
     2    0.010194    0.114035    0.251624    3.243260 ^ _12090_/X (sky130_fd_sc_hd__maj3_1)
                                                         _02191_ (net)
                      0.114035    0.000308    3.243568 ^ _12097_/A (sky130_fd_sc_hd__xor2_1)
     2    0.007027    0.052914    0.100683    3.344251 v _12097_/X (sky130_fd_sc_hd__xor2_1)
                                                         _02199_ (net)
                      0.052914    0.000022    3.344273 v _12109_/A (sky130_fd_sc_hd__nand2_1)
     2    0.004832    0.054211    0.069759    3.414032 ^ _12109_/Y (sky130_fd_sc_hd__nand2_1)
                                                         _02212_ (net)
                      0.054211    0.000049    3.414081 ^ _18094_/B1 (sky130_fd_sc_hd__o21ai_0)
     1    0.004685    0.082043    0.092462    3.506542 v _18094_/Y (sky130_fd_sc_hd__o21ai_0)
                                                         _08795_ (net)
                      0.082043    0.000011    3.506554 v _18095_/B (sky130_fd_sc_hd__xnor2_1)
     3    0.013354    0.106625    0.191531    3.698085 v _18095_/Y (sky130_fd_sc_hd__xnor2_1)
                                                         _08796_ (net)
                      0.106662    0.000531    3.698616 v _18096_/B (sky130_fd_sc_hd__xnor2_1)
     3    0.008834    0.111484    0.241865    3.940480 ^ _18096_/Y (sky130_fd_sc_hd__xnor2_1)
                                                         _08797_ (net)
                      0.111484    0.000112    3.940592 ^ _18242_/A (sky130_fd_sc_hd__nand3_1)
     1    0.002380    0.047951    0.075037    4.015629 v _18242_/Y (sky130_fd_sc_hd__nand3_1)
                                                         _08958_ (net)
                      0.047951    0.000002    4.015632 v _18243_/B (sky130_fd_sc_hd__nand2b_1)
     2    0.010404    0.117097    0.116862    4.132493 ^ _18243_/Y (sky130_fd_sc_hd__nand2b_1)
                                                         _08959_ (net)
                      0.117100    0.000477    4.132970 ^ _18437_/A1 (sky130_fd_sc_hd__o21ai_0)
     1    0.002309    0.056001    0.094990    4.227960 v _18437_/Y (sky130_fd_sc_hd__o21ai_0)
                                                         fixed_pkg::s_narrow48$func$/headless/otolith/hdl/rtl/fixed_pkg.sv:130$9.$unnamed_block$1.v[35] (net)
                      0.056001    0.000009    4.227969 v _18607_/D (sky130_fd_sc_hd__dfrtp_1)
                                              4.227969   data arrival time

                                  0.000000    0.000000   clock clk (rise edge)
                                  0.000000    0.000000   clock source latency
   163    0.547821    1.892577    1.421384    1.421384 ^ clk (in)
                                                         clk (net)
                      1.944668    0.000000    1.421384 ^ _18607_/CLK (sky130_fd_sc_hd__dfrtp_1)
                                  0.250000    1.671384   clock uncertainty
                                  0.000000    1.671384   clock reconvergence pessimism
                                  0.167676    1.839059   library hold time
                                              1.839059   data required time
---------------------------------------------------------------------------------------------
                                              1.839059   data required time
                                             -4.227969   data arrival time
---------------------------------------------------------------------------------------------
                                              2.388910   slack (MET)


Startpoint: _18561_ (rising edge-triggered flip-flop clocked by clk)
Endpoint: _18608_ (rising edge-triggered flip-flop clocked by clk)
Path Group: clk
Path Type: min

Fanout         Cap        Slew       Delay        Time   Description
---------------------------------------------------------------------------------------------
                                  0.000000    0.000000   clock clk (rise edge)
                                  0.000000    0.000000   clock source latency
   163    0.547821    1.892577    1.454065    1.454065 ^ clk (in)
                                                         clk (net)
                      1.960094    0.000000    1.454065 ^ _18561_/CLK (sky130_fd_sc_hd__dfrtp_1)
    34    0.146490    0.689673    1.124426    2.578490 v _18561_/Q (sky130_fd_sc_hd__dfrtp_1)
                                                         b_r[55] (net)
                      0.690245    0.012488    2.590978 v _12006_/D (sky130_fd_sc_hd__nand4_1)
     3    0.011251    0.234851    0.400567    2.991546 ^ _12006_/Y (sky130_fd_sc_hd__nand4_1)
                                                         _02099_ (net)
                      0.234851    0.000091    2.991637 ^ _12090_/A (sky130_fd_sc_hd__maj3_1)
     2    0.010194    0.114035    0.251624    3.243260 ^ _12090_/X (sky130_fd_sc_hd__maj3_1)
                                                         _02191_ (net)
                      0.114035    0.000308    3.243568 ^ _12097_/A (sky130_fd_sc_hd__xor2_1)
     2    0.007027    0.052914    0.100683    3.344251 v _12097_/X (sky130_fd_sc_hd__xor2_1)
                                                         _02199_ (net)
                      0.052914    0.000022    3.344273 v _12109_/A (sky130_fd_sc_hd__nand2_1)
     2    0.004832    0.054211    0.069759    3.414032 ^ _12109_/Y (sky130_fd_sc_hd__nand2_1)
                                                         _02212_ (net)
                      0.054211    0.000049    3.414081 ^ _18094_/B1 (sky130_fd_sc_hd__o21ai_0)
     1    0.004685    0.082043    0.092462    3.506542 v _18094_/Y (sky130_fd_sc_hd__o21ai_0)
                                                         _08795_ (net)
                      0.082043    0.000011    3.506554 v _18095_/B (sky130_fd_sc_hd__xnor2_1)
     3    0.013354    0.106625    0.191531    3.698085 v _18095_/Y (sky130_fd_sc_hd__xnor2_1)
                                                         _08796_ (net)
                      0.106662    0.000528    3.698612 v _18290_/A2 (sky130_fd_sc_hd__a21oi_1)
     1    0.004709    0.143548    0.187012    3.885624 ^ _18290_/Y (sky130_fd_sc_hd__a21oi_1)
                                                         _09010_ (net)
                      0.143548    0.000003    3.885627 ^ _18291_/B (sky130_fd_sc_hd__xnor2_1)
     2    0.007053    0.064416    0.106574    3.992201 v _18291_/Y (sky130_fd_sc_hd__xnor2_1)
                                                         _09011_ (net)
                      0.064416    0.000044    3.992245 v _18438_/A1 (sky130_fd_sc_hd__a21bo_1)
     1    0.025832    0.124231    0.259527    4.251772 v _18438_/X (sky130_fd_sc_hd__a21bo_1)
                                                         fixed_pkg::s_narrow48$func$/headless/otolith/hdl/rtl/fixed_pkg.sv:130$9.$unnamed_block$1.v[36] (net)
                      0.124403    0.003790    4.255562 v _18608_/D (sky130_fd_sc_hd__dfrtp_1)
                                              4.255562   data arrival time

                                  0.000000    0.000000   clock clk (rise edge)
                                  0.000000    0.000000   clock source latency
   163    0.547821    1.892577    1.465042    1.465042 ^ clk (in)
                                                         clk (net)
                      1.965699    0.000000    1.465042 ^ _18608_/CLK (sky130_fd_sc_hd__dfrtp_1)
                                  0.250000    1.715042   clock uncertainty
                                  0.000000    1.715042   clock reconvergence pessimism
                                  0.142646    1.857689   library hold time
                                              1.857689   data required time
---------------------------------------------------------------------------------------------
                                              1.857689   data required time
                                             -4.255562   data arrival time
---------------------------------------------------------------------------------------------
                                              2.397874   slack (MET)


Startpoint: _18566_ (rising edge-triggered flip-flop clocked by clk)
Endpoint: _18611_ (rising edge-triggered flip-flop clocked by clk)
Path Group: clk
Path Type: min

Fanout         Cap        Slew       Delay        Time   Description
---------------------------------------------------------------------------------------------
                                  0.000000    0.000000   clock clk (rise edge)
                                  0.000000    0.000000   clock source latency
   163    0.547821    1.892577    1.355287    1.355287 ^ clk (in)
                                                         clk (net)
                      1.919513    0.000000    1.355287 ^ _18566_/CLK (sky130_fd_sc_hd__dfrtp_1)
    34    0.151985    0.717496    1.131889    2.487176 v _18566_/Q (sky130_fd_sc_hd__dfrtp_1)
                                                         b_r[60] (net)
                      0.723173    0.052264    2.539440 v _11507_/A (sky130_fd_sc_hd__nand4_1)
     3    0.011135    0.235233    0.373555    2.912996 ^ _11507_/Y (sky130_fd_sc_hd__nand4_1)
                                                         _01550_ (net)
                      0.235233    0.000094    2.913090 ^ _11887_/A (sky130_fd_sc_hd__maj3_1)
     2    0.008398    0.097761    0.239325    3.152415 ^ _11887_/X (sky130_fd_sc_hd__maj3_1)
                                                         _01968_ (net)
                      0.097761    0.000108    3.152523 ^ _11893_/A (sky130_fd_sc_hd__xor2_1)
     2    0.012693    0.075401    0.123451    3.275974 v _11893_/X (sky130_fd_sc_hd__xor2_1)
                                                         _01975_ (net)
                      0.075406    0.000670    3.276645 v _11973_/A (sky130_fd_sc_hd__nand2_1)
     2    0.005375    0.061441    0.083061    3.359705 ^ _11973_/Y (sky130_fd_sc_hd__nand2_1)
                                                         _02063_ (net)
                      0.061441    0.000049    3.359755 ^ _18053_/B1 (sky130_fd_sc_hd__o21ai_0)
     1    0.004604    0.079990    0.094250    3.454005 v _18053_/Y (sky130_fd_sc_hd__o21ai_0)
                                                         _08750_ (net)
                      0.079990    0.000007    3.454011 v _18054_/B (sky130_fd_sc_hd__xnor2_1)
     3    0.010833    0.089725    0.177017    3.631028 v _18054_/Y (sky130_fd_sc_hd__xnor2_1)
                                                         _08751_ (net)
                      0.089725    0.000209    3.631237 v _18055_/B (sky130_fd_sc_hd__xor2_1)
     3    0.009950    0.064213    0.183703    3.814940 v _18055_/X (sky130_fd_sc_hd__xor2_1)
                                                         _08752_ (net)
                      0.064213    0.000042    3.814982 v _18295_/A (sky130_fd_sc_hd__xor2_1)
     2    0.007840    0.055887    0.183848    3.998830 v _18295_/X (sky130_fd_sc_hd__xor2_1)
                                                         _09016_ (net)
                      0.055887    0.000141    3.998971 v _18441_/B (sky130_fd_sc_hd__nand2b_1)
     1    0.002633    0.048440    0.068020    4.066991 ^ _18441_/Y (sky130_fd_sc_hd__nand2b_1)
                                                         _09136_ (net)
                      0.048440    0.000006    4.066997 ^ _18442_/B (sky130_fd_sc_hd__nand2_1)
     1    0.025609    0.184746    0.164304    4.231301 v _18442_/Y (sky130_fd_sc_hd__nand2_1)
                                                         fixed_pkg::s_narrow48$func$/headless/otolith/hdl/rtl/fixed_pkg.sv:130$9.$unnamed_block$1.v[39] (net)
                      0.184854    0.003729    4.235029 v _18611_/D (sky130_fd_sc_hd__dfrtp_1)
                                              4.235029   data arrival time

                                  0.000000    0.000000   clock clk (rise edge)
                                  0.000000    0.000000   clock source latency
   163    0.547821    1.892577    1.465083    1.465083 ^ clk (in)
                                                         clk (net)
                      1.965721    0.000000    1.465083 ^ _18611_/CLK (sky130_fd_sc_hd__dfrtp_1)
                                  0.250000    1.715083   clock uncertainty
                                  0.000000    1.715083   clock reconvergence pessimism
                                  0.119060    1.834143   library hold time
                                              1.834143   data required time
---------------------------------------------------------------------------------------------
                                              1.834143   data required time
                                             -4.235029   data arrival time
---------------------------------------------------------------------------------------------
                                              2.400887   slack (MET)


Startpoint: _18555_ (rising edge-triggered flip-flop clocked by clk)
Endpoint: _18601_ (rising edge-triggered flip-flop clocked by clk)
Path Group: clk
Path Type: min

Fanout         Cap        Slew       Delay        Time   Description
---------------------------------------------------------------------------------------------
                                  0.000000    0.000000   clock clk (rise edge)
                                  0.000000    0.000000   clock source latency
   163    0.547821    1.892577    1.465319    1.465319 ^ clk (in)
                                                         clk (net)
                      1.965843    0.000000    1.465319 ^ _18555_/CLK (sky130_fd_sc_hd__dfrtp_1)
    34    0.157943    0.744512    1.156748    2.622067 v _18555_/Q (sky130_fd_sc_hd__dfrtp_1)
                                                         b_r[49] (net)
                      0.745852    0.023980    2.646047 v _10296_/D (sky130_fd_sc_hd__nand4_1)
     2    0.008111    0.230021    0.385019    3.031065 ^ _10296_/Y (sky130_fd_sc_hd__nand4_1)
                                                         _00254_ (net)
                      0.230021    0.000038    3.031104 ^ _10437_/A (sky130_fd_sc_hd__maj3_1)
     2    0.008040    0.094768    0.235360    3.266464 ^ _10437_/X (sky130_fd_sc_hd__maj3_1)
                                                         _00395_ (net)
                      0.094768    0.000085    3.266549 ^ _10554_/A (sky130_fd_sc_hd__xor2_1)
     2    0.008706    0.059306    0.103074    3.369623 v _10554_/X (sky130_fd_sc_hd__xor2_1)
                                                         _00512_ (net)
                      0.059306    0.000183    3.369807 v _10669_/A (sky130_fd_sc_hd__nand2_1)
     2    0.004897    0.055546    0.072969    3.442775 ^ _10669_/Y (sky130_fd_sc_hd__nand2_1)
                                                         _00628_ (net)
                      0.055546    0.000045    3.442821 ^ _17871_/B1 (sky130_fd_sc_hd__o21ai_0)
     1    0.005011    0.086180    0.096082    3.538902 v _17871_/Y (sky130_fd_sc_hd__o21ai_0)
                                                         _08549_ (net)
                      0.086180    0.000029    3.538931 v _17872_/B (sky130_fd_sc_hd__xnor2_1)
     2    0.010139    0.085206    0.175908    3.714839 v _17872_/Y (sky130_fd_sc_hd__xnor2_1)
                                                         _08551_ (net)
                      0.085207    0.000349    3.715189 v _17874_/B (sky130_fd_sc_hd__xor2_1)
     3    0.009852    0.230472    0.235084    3.950273 ^ _17874_/X (sky130_fd_sc_hd__xor2_1)
                                                         _08553_ (net)
                      0.230472    0.000029    3.950302 ^ _18229_/A (sky130_fd_sc_hd__xnor2_1)
     2    0.010289    0.126750    0.203334    4.153636 ^ _18229_/Y (sky130_fd_sc_hd__xnor2_1)
                                                         _08943_ (net)
                      0.126750    0.000523    4.154160 ^ _18430_/A1 (sky130_fd_sc_hd__o21ai_0)
     1    0.002494    0.058956    0.099367    4.253527 v _18430_/Y (sky130_fd_sc_hd__o21ai_0)
                                                         fixed_pkg::s_narrow48$func$/headless/otolith/hdl/rtl/fixed_pkg.sv:130$9.$unnamed_block$1.v[29] (net)
                      0.058956    0.000014    4.253541 v _18601_/D (sky130_fd_sc_hd__dfrtp_1)
                                              4.253541   data arrival time

                                  0.000000    0.000000   clock clk (rise edge)
                                  0.000000    0.000000   clock source latency
   163    0.547821    1.892577    1.422659    1.422659 ^ clk (in)
                                                         clk (net)
                      1.945234    0.000000    1.422659 ^ _18601_/CLK (sky130_fd_sc_hd__dfrtp_1)
                                  0.250000    1.672659   clock uncertainty
                                  0.000000    1.672659   clock reconvergence pessimism
                                  0.166567    1.839226   library hold time
                                              1.839226   data required time
---------------------------------------------------------------------------------------------
                                              1.839226   data required time
                                             -4.253541   data arrival time
---------------------------------------------------------------------------------------------
                                              2.414315   slack (MET)


Startpoint: _18535_ (rising edge-triggered flip-flop clocked by clk)
Endpoint: _18580_ (rising edge-triggered flip-flop clocked by clk)
Path Group: clk
Path Type: min

Fanout         Cap        Slew       Delay        Time   Description
---------------------------------------------------------------------------------------------
                                  0.000000    0.000000   clock clk (rise edge)
                                  0.000000    0.000000   clock source latency
   163    0.547821    1.892577    1.372978    1.372978 ^ clk (in)
                                                         clk (net)
                      1.925428    0.000000    1.372978 ^ _18535_/CLK (sky130_fd_sc_hd__dfrtp_1)
    38    0.177696    0.841194    1.198197    2.571176 v _18535_/Q (sky130_fd_sc_hd__dfrtp_1)
                                                         b_r[29] (net)
                      0.841386    0.011090    2.582266 v _12843_/D (sky130_fd_sc_hd__nand4_1)
     3    0.010727    0.265004    0.435946    3.018212 ^ _12843_/Y (sky130_fd_sc_hd__nand4_1)
                                                         _03020_ (net)
                      0.265004    0.000045    3.018257 ^ _13080_/A (sky130_fd_sc_hd__maj3_1)
     2    0.011757    0.128590    0.270044    3.288300 ^ _13080_/X (sky130_fd_sc_hd__maj3_1)
                                                         _03280_ (net)
                      0.128590    0.000480    3.288780 ^ _13085_/A (sky130_fd_sc_hd__xor2_1)
     2    0.006258    0.050121    0.100795    3.389576 v _13085_/X (sky130_fd_sc_hd__xor2_1)
                                                         _03286_ (net)
                      0.050121    0.000017    3.389593 v _15546_/A (sky130_fd_sc_hd__xnor2_1)
     3    0.012523    0.101575    0.174915    3.564508 v _15546_/Y (sky130_fd_sc_hd__xnor2_1)
                                                         _05993_ (net)
                      0.101575    0.000097    3.564605 v _17981_/B (sky130_fd_sc_hd__xnor2_1)
     2    0.007676    0.099274    0.222467    3.787072 ^ _17981_/Y (sky130_fd_sc_hd__xnor2_1)
                                                         _08670_ (net)
                      0.099274    0.000048    3.787120 ^ _17982_/B (sky130_fd_sc_hd__xor2_1)
     3    0.015416    0.084797    0.134352    3.921472 v _17982_/X (sky130_fd_sc_hd__xor2_1)
                                                         _08672_ (net)
                      0.084798    0.000425    3.921897 v _18251_/A (sky130_fd_sc_hd__xnor2_1)
     2    0.004854    0.069597    0.191574    4.113471 ^ _18251_/Y (sky130_fd_sc_hd__xnor2_1)
                                                         _08967_ (net)
                      0.069597    0.000042    4.113513 ^ _18408_/A1 (sky130_fd_sc_hd__o21ai_0)
     1    0.003139    0.061448    0.088806    4.202319 v _18408_/Y (sky130_fd_sc_hd__o21ai_0)
                                                         fixed_pkg::s_narrow48$func$/headless/otolith/hdl/rtl/fixed_pkg.sv:130$9.$unnamed_block$1.v[8] (net)
                      0.061448    0.000035    4.202353 v _18580_/D (sky130_fd_sc_hd__dfrtp_1)
                                              4.202353   data arrival time

                                  0.000000    0.000000   clock clk (rise edge)
                                  0.000000    0.000000   clock source latency
   163    0.547821    1.892577    1.365798    1.365798 ^ clk (in)
                                                         clk (net)
                      1.922954    0.000000    1.365798 ^ _18580_/CLK (sky130_fd_sc_hd__dfrtp_1)
                                  0.250000    1.615798   clock uncertainty
                                  0.000000    1.615798   clock reconvergence pessimism
                                  0.163833    1.779630   library hold time
                                              1.779630   data required time
---------------------------------------------------------------------------------------------
                                              1.779630   data required time
                                             -4.202353   data arrival time
---------------------------------------------------------------------------------------------
                                              2.422723   slack (MET)


Startpoint: _18534_ (rising edge-triggered flip-flop clocked by clk)
Endpoint: _18579_ (rising edge-triggered flip-flop clocked by clk)
Path Group: clk
Path Type: min

Fanout         Cap        Slew       Delay        Time   Description
---------------------------------------------------------------------------------------------
                                  0.000000    0.000000   clock clk (rise edge)
                                  0.000000    0.000000   clock source latency
   163    0.547821    1.892577    1.366050    1.366050 ^ clk (in)
                                                         clk (net)
                      1.923039    0.000000    1.366050 ^ _18534_/CLK (sky130_fd_sc_hd__dfrtp_1)
    38    0.179898    0.851306    1.205034    2.571084 v _18534_/Q (sky130_fd_sc_hd__dfrtp_1)
                                                         b_r[28] (net)
                      0.851306    0.000322    2.571406 v _13053_/C (sky130_fd_sc_hd__and4_1)
     3    0.009852    0.075934    0.554095    3.125501 v _13053_/X (sky130_fd_sc_hd__and4_1)
                                                         _03251_ (net)
                      0.075934    0.000107    3.125607 v _15310_/A1 (sky130_fd_sc_hd__a21oi_1)
     2    0.006702    0.163899    0.185320    3.310928 ^ _15310_/Y (sky130_fd_sc_hd__a21oi_1)
                                                         _05733_ (net)
                      0.163899    0.000027    3.310955 ^ _15316_/A (sky130_fd_sc_hd__xnor2_1)
     3    0.010037    0.084580    0.137390    3.448345 v _15316_/Y (sky130_fd_sc_hd__xnor2_1)
                                                         _05740_ (net)
                      0.084580    0.000096    3.448441 v _17983_/A1 (sky130_fd_sc_hd__a21oi_1)
     1    0.005165    0.134762    0.166982    3.615422 ^ _17983_/Y (sky130_fd_sc_hd__a21oi_1)
                                                         _08673_ (net)
                      0.134762    0.000029    3.615451 ^ _17984_/B (sky130_fd_sc_hd__xnor2_1)
     3    0.015188    0.119586    0.149053    3.764504 v _17984_/Y (sky130_fd_sc_hd__xnor2_1)
                                                         _08674_ (net)
                      0.119586    0.000192    3.764696 v _17985_/B (sky130_fd_sc_hd__xor2_1)
     3    0.015258    0.084010    0.215600    3.980295 v _17985_/X (sky130_fd_sc_hd__xor2_1)
                                                         _08675_ (net)
                      0.084010    0.000050    3.980345 v _18252_/B (sky130_fd_sc_hd__xnor2_1)
     2    0.004522    0.069173    0.167661    4.148006 ^ _18252_/Y (sky130_fd_sc_hd__xnor2_1)
                                                         _08969_ (net)
                      0.069173    0.000035    4.148041 ^ _18407_/A1 (sky130_fd_sc_hd__o21ai_0)
     1    0.002473    0.055479    0.082323    4.230364 v _18407_/Y (sky130_fd_sc_hd__o21ai_0)
                                                         fixed_pkg::s_narrow48$func$/headless/otolith/hdl/rtl/fixed_pkg.sv:130$9.$unnamed_block$1.v[7] (net)
                      0.055479    0.000013    4.230378 v _18579_/D (sky130_fd_sc_hd__dfrtp_1)
                                              4.230378   data arrival time

                                  0.000000    0.000000   clock clk (rise edge)
                                  0.000000    0.000000   clock source latency
   163    0.547821    1.892577    1.366069    1.366069 ^ clk (in)
                                                         clk (net)
                      1.923046    0.000000    1.366069 ^ _18579_/CLK (sky130_fd_sc_hd__dfrtp_1)
                                  0.250000    1.616069   clock uncertainty
                                  0.000000    1.616069   clock reconvergence pessimism
                                  0.166172    1.782241   library hold time
                                              1.782241   data required time
---------------------------------------------------------------------------------------------
                                              1.782241   data required time
                                             -4.230378   data arrival time
---------------------------------------------------------------------------------------------
                                              2.448137   slack (MET)


Startpoint: _18569_ (rising edge-triggered flip-flop clocked by clk)
Endpoint: _18617_ (rising edge-triggered flip-flop clocked by clk)
Path Group: clk
Path Type: min

Fanout         Cap        Slew       Delay        Time   Description
---------------------------------------------------------------------------------------------
                                  0.000000    0.000000   clock clk (rise edge)
                                  0.000000    0.000000   clock source latency
   163    0.547821    1.892577    1.355300    1.355300 ^ clk (in)
                                                         clk (net)
                      1.919517    0.000000    1.355300 ^ _18569_/CLK (sky130_fd_sc_hd__dfrtp_1)
    47    0.150375    0.707795    1.133309    2.488609 v _18569_/Q (sky130_fd_sc_hd__dfrtp_1)
                                                         b_r[63] (net)
                      0.711407    0.040094    2.528703 v _09208_/A (sky130_fd_sc_hd__nand3_1)
     7    0.029906    0.365058    0.532971    3.061674 ^ _09208_/Y (sky130_fd_sc_hd__nand3_1)
                                                         _00664_ (net)
                      0.365058    0.001263    3.062937 ^ _17042_/A (sky130_fd_sc_hd__maj3_1)
     2    0.011140    0.123061    0.284390    3.347327 ^ _17042_/X (sky130_fd_sc_hd__maj3_1)
                                                         _07639_ (net)
                      0.123061    0.000339    3.347666 ^ _17046_/A (sky130_fd_sc_hd__xnor2_1)
     2    0.011444    0.093462    0.134665    3.482330 v _17046_/Y (sky130_fd_sc_hd__xnor2_1)
                                                         _07643_ (net)
                      0.093468    0.000630    3.482960 v _17082_/A (sky130_fd_sc_hd__nor2_1)
     1    0.003165    0.082870    0.118864    3.601823 ^ _17082_/Y (sky130_fd_sc_hd__nor2_1)
                                                         _07683_ (net)
                      0.082870    0.000025    3.601848 ^ _17083_/A (sky130_fd_sc_hd__inv_1)
     3    0.008636    0.049891    0.068937    3.670785 v _17083_/Y (sky130_fd_sc_hd__inv_1)
                                                         _07684_ (net)
                      0.049891    0.000085    3.670870 v _18065_/B1 (sky130_fd_sc_hd__o21ai_0)
     1    0.004858    0.097416    0.090882    3.761752 ^ _18065_/Y (sky130_fd_sc_hd__o21ai_0)
                                                         _08763_ (net)
                      0.097416    0.000011    3.761763 ^ _18066_/B (sky130_fd_sc_hd__xnor2_1)
     2    0.007690    0.068429    0.097591    3.859354 v _18066_/Y (sky130_fd_sc_hd__xnor2_1)
                                                         _08764_ (net)
                      0.068429    0.000243    3.859598 v _18067_/A (sky130_fd_sc_hd__inv_1)
     2    0.008267    0.077047    0.089856    3.949453 ^ _18067_/Y (sky130_fd_sc_hd__inv_1)
                                                         _08765_ (net)
                      0.077047    0.000062    3.949515 ^ _18068_/B (sky130_fd_sc_hd__xnor2_1)
     2    0.007398    0.065486    0.089949    4.039464 v _18068_/Y (sky130_fd_sc_hd__xnor2_1)
                                                         _08766_ (net)
                      0.065486    0.000033    4.039497 v _18317_/A (sky130_fd_sc_hd__xnor2_1)
     2    0.007664    0.068539    0.155907    4.195405 v _18317_/Y (sky130_fd_sc_hd__xnor2_1)
                                                         _09040_ (net)
                      0.068539    0.000196    4.195601 v _18448_/B (sky130_fd_sc_hd__nand2b_1)
     1    0.003358    0.054822    0.078899    4.274499 ^ _18448_/Y (sky130_fd_sc_hd__nand2b_1)
                                                         _09138_ (net)
                      0.054822    0.000031    4.274530 ^ _18449_/B (sky130_fd_sc_hd__nand2_1)
     1    0.003921    0.037120    0.056746    4.331276 v _18449_/Y (sky130_fd_sc_hd__nand2_1)
                                                         fixed_pkg::s_narrow48$func$/headless/otolith/hdl/rtl/fixed_pkg.sv:130$9.$unnamed_block$1.v[45] (net)
                      0.037120    0.000066    4.331343 v _18617_/D (sky130_fd_sc_hd__dfrtp_1)
                                              4.331343   data arrival time

                                  0.000000    0.000000   clock clk (rise edge)
                                  0.000000    0.000000   clock source latency
   163    0.547821    1.892577    1.420417    1.420417 ^ clk (in)
                                                         clk (net)
                      1.944241    0.000000    1.420417 ^ _18617_/CLK (sky130_fd_sc_hd__dfrtp_1)
                                  0.250000    1.670417   clock uncertainty
                                  0.000000    1.670417   clock reconvergence pessimism
                                  0.175013    1.845430   library hold time
                                              1.845430   data required time
---------------------------------------------------------------------------------------------
                                              1.845430   data required time
                                             -4.331343   data arrival time
---------------------------------------------------------------------------------------------
                                              2.485912   slack (MET)


Startpoint: _18567_ (rising edge-triggered flip-flop clocked by clk)
Endpoint: _18612_ (rising edge-triggered flip-flop clocked by clk)
Path Group: clk
Path Type: min

Fanout         Cap        Slew       Delay        Time   Description
---------------------------------------------------------------------------------------------
                                  0.000000    0.000000   clock clk (rise edge)
                                  0.000000    0.000000   clock source latency
   163    0.547821    1.892577    1.355224    1.355224 ^ clk (in)
                                                         clk (net)
                      1.919493    0.000000    1.355224 ^ _18567_/CLK (sky130_fd_sc_hd__dfrtp_1)
    35    0.146274    0.690623    1.114772    2.469996 v _18567_/Q (sky130_fd_sc_hd__dfrtp_1)
                                                         b_r[61] (net)
                      0.695206    0.046230    2.516226 v _11150_/A (sky130_fd_sc_hd__nand4_1)
     2    0.007927    0.216158    0.331412    2.847638 ^ _11150_/Y (sky130_fd_sc_hd__nand4_1)
                                                         _01157_ (net)
                      0.216158    0.000022    2.847660 ^ _17132_/A (sky130_fd_sc_hd__maj3_1)
     2    0.007597    0.090912    0.228524    3.076185 ^ _17132_/X (sky130_fd_sc_hd__maj3_1)
                                                         _07738_ (net)
                      0.090912    0.000061    3.076246 ^ _17140_/A (sky130_fd_sc_hd__xnor2_1)
     2    0.007017    0.091814    0.150914    3.227159 ^ _17140_/Y (sky130_fd_sc_hd__xnor2_1)
                                                         _07746_ (net)
                      0.091814    0.000069    3.227228 ^ _17143_/A (sky130_fd_sc_hd__xor2_1)
     4    0.012235    0.073367    0.119557    3.346785 v _17143_/X (sky130_fd_sc_hd__xor2_1)
                                                         _07750_ (net)
                      0.073367    0.000210    3.346996 v _18056_/B (sky130_fd_sc_hd__xor2_1)
     2    0.006714    0.051771    0.164667    3.511663 v _18056_/X (sky130_fd_sc_hd__xor2_1)
                                                         _08753_ (net)
                      0.051771    0.000065    3.511728 v _18057_/B (sky130_fd_sc_hd__xor2_1)
     3    0.011291    0.250265    0.241780    3.753508 ^ _18057_/X (sky130_fd_sc_hd__xor2_1)
                                                         _08754_ (net)
                      0.250265    0.000120    3.753628 ^ _18303_/A (sky130_fd_sc_hd__xnor2_1)
     2    0.036061    0.401991    0.398579    4.152207 ^ _18303_/Y (sky130_fd_sc_hd__xnor2_1)
                                                         _09025_ (net)
                      0.402154    0.006711    4.158918 ^ _18443_/A1 (sky130_fd_sc_hd__o21ai_0)
     1    0.002214    0.088876    0.146413    4.305331 v _18443_/Y (sky130_fd_sc_hd__o21ai_0)
                                                         fixed_pkg::s_narrow48$func$/headless/otolith/hdl/rtl/fixed_pkg.sv:130$9.$unnamed_block$1.v[40] (net)
                      0.088876    0.000006    4.305337 v _18612_/D (sky130_fd_sc_hd__dfrtp_1)
                                              4.305337   data arrival time

                                  0.000000    0.000000   clock clk (rise edge)
                                  0.000000    0.000000   clock source latency
   163    0.547821    1.892577    1.354930    1.354930 ^ clk (in)
                                                         clk (net)
                      1.919400    0.000000    1.354930 ^ _18612_/CLK (sky130_fd_sc_hd__dfrtp_1)
                                  0.250000    1.604930   clock uncertainty
                                  0.000000    1.604930   clock reconvergence pessimism
                                  0.152836    1.757766   library hold time
                                              1.757766   data required time
---------------------------------------------------------------------------------------------
                                              1.757766   data required time
                                             -4.305337   data arrival time
---------------------------------------------------------------------------------------------
                                              2.547571   slack (MET)


Startpoint: _18555_ (rising edge-triggered flip-flop clocked by clk)
Endpoint: _18602_ (rising edge-triggered flip-flop clocked by clk)
Path Group: clk
Path Type: min

Fanout         Cap        Slew       Delay        Time   Description
---------------------------------------------------------------------------------------------
                                  0.000000    0.000000   clock clk (rise edge)
                                  0.000000    0.000000   clock source latency
   163    0.547821    1.892577    1.465319    1.465319 ^ clk (in)
                                                         clk (net)
                      1.965843    0.000000    1.465319 ^ _18555_/CLK (sky130_fd_sc_hd__dfrtp_1)
    34    0.157943    0.744512    1.156748    2.622067 v _18555_/Q (sky130_fd_sc_hd__dfrtp_1)
                                                         b_r[49] (net)
                      0.745852    0.023980    2.646047 v _10296_/D (sky130_fd_sc_hd__nand4_1)
     2    0.008111    0.230021    0.385019    3.031065 ^ _10296_/Y (sky130_fd_sc_hd__nand4_1)
                                                         _00254_ (net)
                      0.230021    0.000038    3.031104 ^ _10437_/A (sky130_fd_sc_hd__maj3_1)
     2    0.008040    0.094768    0.235360    3.266464 ^ _10437_/X (sky130_fd_sc_hd__maj3_1)
                                                         _00395_ (net)
                      0.094768    0.000085    3.266549 ^ _10554_/A (sky130_fd_sc_hd__xor2_1)
     2    0.008706    0.059306    0.103074    3.369623 v _10554_/X (sky130_fd_sc_hd__xor2_1)
                                                         _00512_ (net)
                      0.059306    0.000183    3.369807 v _10669_/A (sky130_fd_sc_hd__nand2_1)
     2    0.004897    0.055546    0.072969    3.442775 ^ _10669_/Y (sky130_fd_sc_hd__nand2_1)
                                                         _00628_ (net)
                      0.055546    0.000045    3.442821 ^ _17871_/B1 (sky130_fd_sc_hd__o21ai_0)
     1    0.005011    0.086180    0.096082    3.538902 v _17871_/Y (sky130_fd_sc_hd__o21ai_0)
                                                         _08549_ (net)
                      0.086180    0.000029    3.538931 v _17872_/B (sky130_fd_sc_hd__xnor2_1)
     2    0.010139    0.085206    0.175908    3.714839 v _17872_/Y (sky130_fd_sc_hd__xnor2_1)
                                                         _08551_ (net)
                      0.085207    0.000346    3.715186 v _17873_/B (sky130_fd_sc_hd__nand2_1)
     2    0.005322    0.066874    0.094964    3.810150 ^ _17873_/Y (sky130_fd_sc_hd__nand2_1)
                                                         _08552_ (net)
                      0.066874    0.000019    3.810169 ^ _18216_/A (sky130_fd_sc_hd__nand2_1)
     1    0.005459    0.046750    0.064925    3.875094 v _18216_/Y (sky130_fd_sc_hd__nand2_1)
                                                         _08929_ (net)
                      0.046750    0.000056    3.875150 v _18217_/B (sky130_fd_sc_hd__xnor2_1)
     2    0.036215    0.267401    0.296095    4.171246 v _18217_/Y (sky130_fd_sc_hd__xnor2_1)
                                                         _08930_ (net)
                      0.267660    0.006945    4.178191 v _18218_/A (sky130_fd_sc_hd__inv_1)
     1    0.002078    0.071712    0.103640    4.281831 ^ _18218_/Y (sky130_fd_sc_hd__inv_1)
                                                         _08931_ (net)
                      0.071712    0.000006    4.281837 ^ _18431_/A1 (sky130_fd_sc_hd__o21ai_0)
     1    0.002475    0.055624    0.083092    4.364928 v _18431_/Y (sky130_fd_sc_hd__o21ai_0)
                                                         fixed_pkg::s_narrow48$func$/headless/otolith/hdl/rtl/fixed_pkg.sv:130$9.$unnamed_block$1.v[30] (net)
                      0.055624    0.000013    4.364942 v _18602_/D (sky130_fd_sc_hd__dfrtp_1)
                                              4.364942   data arrival time

                                  0.000000    0.000000   clock clk (rise edge)
                                  0.000000    0.000000   clock source latency
   163    0.547821    1.892577    1.354299    1.354299 ^ clk (in)
                                                         clk (net)
                      1.919201    0.000000    1.354299 ^ _18602_/CLK (sky130_fd_sc_hd__dfrtp_1)
                                  0.250000    1.604299   clock uncertainty
                                  0.000000    1.604299   clock reconvergence pessimism
                                  0.165811    1.770110   library hold time
                                              1.770110   data required time
---------------------------------------------------------------------------------------------
                                              1.770110   data required time
                                             -4.364942   data arrival time
---------------------------------------------------------------------------------------------
                                              2.594831   slack (MET)


Startpoint: _18560_ (rising edge-triggered flip-flop clocked by clk)
Endpoint: _18604_ (rising edge-triggered flip-flop clocked by clk)
Path Group: clk
Path Type: min

Fanout         Cap        Slew       Delay        Time   Description
---------------------------------------------------------------------------------------------
                                  0.000000    0.000000   clock clk (rise edge)
                                  0.000000    0.000000   clock source latency
   163    0.547821    1.892577    1.454111    1.454111 ^ clk (in)
                                                         clk (net)
                      1.960117    0.000000    1.454111 ^ _18560_/CLK (sky130_fd_sc_hd__dfrtp_1)
    34    0.148121    0.696604    1.132350    2.586461 v _18560_/Q (sky130_fd_sc_hd__dfrtp_1)
                                                         b_r[54] (net)
                      0.696712    0.007461    2.593922 v _09576_/C (sky130_fd_sc_hd__nand4_1)
     2    0.007976    0.223043    0.387410    2.981332 ^ _09576_/Y (sky130_fd_sc_hd__nand4_1)
                                                         _04712_ (net)
                      0.223043    0.000034    2.981365 ^ _12117_/A (sky130_fd_sc_hd__maj3_1)
     2    0.007286    0.088093    0.228015    3.209380 ^ _12117_/X (sky130_fd_sc_hd__maj3_1)
                                                         _02221_ (net)
                      0.088093    0.000078    3.209459 ^ _12124_/A (sky130_fd_sc_hd__xor2_1)
     2    0.012467    0.074457    0.119364    3.328823 v _12124_/X (sky130_fd_sc_hd__xor2_1)
                                                         _02229_ (net)
                      0.074461    0.000637    3.329460 v _12127_/A (sky130_fd_sc_hd__xnor2_1)
     1    0.002612    0.035871    0.131216    3.460676 v _12127_/Y (sky130_fd_sc_hd__xnor2_1)
                                                         _02232_ (net)
                      0.035871    0.000011    3.460687 v _12128_/A (sky130_fd_sc_hd__inv_1)
     3    0.011903    0.104776    0.096773    3.557460 ^ _12128_/Y (sky130_fd_sc_hd__inv_1)
                                                         _02233_ (net)
                      0.104777    0.000246    3.557705 ^ _18108_/A (sky130_fd_sc_hd__xnor2_1)
     2    0.010913    0.133074    0.184098    3.741803 ^ _18108_/Y (sky130_fd_sc_hd__xnor2_1)
                                                         _08810_ (net)
                      0.133074    0.000391    3.742194 ^ _18109_/B (sky130_fd_sc_hd__xor2_1)
     3    0.010611    0.066871    0.122255    3.864448 v _18109_/X (sky130_fd_sc_hd__xor2_1)
                                                         _08811_ (net)
                      0.066871    0.000020    3.864469 v _18297_/A (sky130_fd_sc_hd__xor2_1)
     2    0.006206    0.156953    0.196987    4.061456 ^ _18297_/X (sky130_fd_sc_hd__xor2_1)
                                                         _09018_ (net)
                      0.156953    0.000119    4.061575 ^ _18433_/A1 (sky130_fd_sc_hd__o21ai_0)
     1    0.024711    0.328871    0.315056    4.376630 v _18433_/Y (sky130_fd_sc_hd__o21ai_0)
                                                         fixed_pkg::s_narrow48$func$/headless/otolith/hdl/rtl/fixed_pkg.sv:130$9.$unnamed_block$1.v[32] (net)
                      0.328923    0.003474    4.380105 v _18604_/D (sky130_fd_sc_hd__dfrtp_1)
                                              4.380105   data arrival time

                                  0.000000    0.000000   clock clk (rise edge)
                                  0.000000    0.000000   clock source latency
   163    0.547821    1.892577    1.465467    1.465467 ^ clk (in)
                                                         clk (net)
                      1.965921    0.000000    1.465467 ^ _18604_/CLK (sky130_fd_sc_hd__dfrtp_1)
                                  0.250000    1.715467   clock uncertainty
                                  0.000000    1.715467   clock reconvergence pessimism
                                  0.062860    1.778327   library hold time
                                              1.778327   data required time
---------------------------------------------------------------------------------------------
                                              1.778327   data required time
                                             -4.380105   data arrival time
---------------------------------------------------------------------------------------------
                                              2.601778   slack (MET)


Startpoint: _18540_ (rising edge-triggered flip-flop clocked by clk)
Endpoint: _18586_ (rising edge-triggered flip-flop clocked by clk)
Path Group: clk
Path Type: min

Fanout         Cap        Slew       Delay        Time   Description
---------------------------------------------------------------------------------------------
                                  0.000000    0.000000   clock clk (rise edge)
                                  0.000000    0.000000   clock source latency
   163    0.547821    1.892577    1.407428    1.407428 ^ clk (in)
                                                         clk (net)
                      1.938671    0.000000    1.407428 ^ _18540_/CLK (sky130_fd_sc_hd__dfrtp_1)
    38    0.176317    0.831239    1.206273    2.613701 v _18540_/Q (sky130_fd_sc_hd__dfrtp_1)
                                                         b_r[34] (net)
                      0.831242    0.001488    2.615189 v _12739_/D (sky130_fd_sc_hd__nand4_1)
     2    0.007752    0.240887    0.402038    3.017227 ^ _12739_/Y (sky130_fd_sc_hd__nand4_1)
                                                         _02905_ (net)
                      0.240887    0.000018    3.017245 ^ _13681_/A (sky130_fd_sc_hd__maj3_1)
     2    0.010863    0.120271    0.257674    3.274919 ^ _13681_/X (sky130_fd_sc_hd__maj3_1)
                                                         _03941_ (net)
                      0.120271    0.000572    3.275491 ^ _13684_/A1 (sky130_fd_sc_hd__o21ai_0)
     2    0.007730    0.102864    0.147641    3.423133 v _13684_/Y (sky130_fd_sc_hd__o21ai_0)
                                                         _03945_ (net)
                      0.102864    0.000080    3.423213 v _13686_/B (sky130_fd_sc_hd__xnor2_1)
     3    0.010369    0.127379    0.263495    3.686708 ^ _13686_/Y (sky130_fd_sc_hd__xnor2_1)
                                                         _03947_ (net)
                      0.127379    0.000081    3.686790 ^ _17959_/A (sky130_fd_sc_hd__xor2_1)
     2    0.006893    0.054359    0.103700    3.790489 v _17959_/X (sky130_fd_sc_hd__xor2_1)
                                                         _08646_ (net)
                      0.054359    0.000012    3.790502 v _17961_/B (sky130_fd_sc_hd__xnor2_1)
     3    0.009915    0.092233    0.160779    3.951281 v _17961_/Y (sky130_fd_sc_hd__xnor2_1)
                                                         _08648_ (net)
                      0.092233    0.000021    3.951302 v _18332_/A (sky130_fd_sc_hd__xor2_1)
     2    0.033057    0.152944    0.281204    4.232506 v _18332_/X (sky130_fd_sc_hd__xor2_1)
                                                         _09057_ (net)
                      0.152990    0.002555    4.235060 v _18333_/A (sky130_fd_sc_hd__inv_1)
     1    0.002133    0.051338    0.078731    4.313791 ^ _18333_/Y (sky130_fd_sc_hd__inv_1)
                                                         _09058_ (net)
                      0.051338    0.000007    4.313798 ^ _18414_/A1 (sky130_fd_sc_hd__o21ai_0)
     1    0.002886    0.057784    0.080877    4.394675 v _18414_/Y (sky130_fd_sc_hd__o21ai_0)
                                                         fixed_pkg::s_narrow48$func$/headless/otolith/hdl/rtl/fixed_pkg.sv:130$9.$unnamed_block$1.v[14] (net)
                      0.057784    0.000026    4.394701 v _18586_/D (sky130_fd_sc_hd__dfrtp_1)
                                              4.394701   data arrival time

                                  0.000000    0.000000   clock clk (rise edge)
                                  0.000000    0.000000   clock source latency
   163    0.547821    1.892577    1.358286    1.358286 ^ clk (in)
                                                         clk (net)
                      1.920473    0.000000    1.358286 ^ _18586_/CLK (sky130_fd_sc_hd__dfrtp_1)
                                  0.250000    1.608286   clock uncertainty
                                  0.000000    1.608286   clock reconvergence pessimism
                                  0.165068    1.773354   library hold time
                                              1.773354   data required time
---------------------------------------------------------------------------------------------
                                              1.773354   data required time
                                             -4.394701   data arrival time
---------------------------------------------------------------------------------------------
                                              2.621347   slack (MET)


Startpoint: _18537_ (rising edge-triggered flip-flop clocked by clk)
Endpoint: _18582_ (rising edge-triggered flip-flop clocked by clk)
Path Group: clk
Path Type: min

Fanout         Cap        Slew       Delay        Time   Description
---------------------------------------------------------------------------------------------
                                  0.000000    0.000000   clock clk (rise edge)
                                  0.000000    0.000000   clock source latency
   163    0.547821    1.892577    1.358579    1.358579 ^ clk (in)
                                                         clk (net)
                      1.920567    0.000000    1.358579 ^ _18537_/CLK (sky130_fd_sc_hd__dfrtp_1)
    38    0.185478    0.880364    1.212993    2.571572 v _18537_/Q (sky130_fd_sc_hd__dfrtp_1)
                                                         b_r[31] (net)
                      0.881062    0.021497    2.593068 v _12502_/D (sky130_fd_sc_hd__nand4_1)
     3    0.010958    0.273650    0.448972    3.042040 ^ _12502_/Y (sky130_fd_sc_hd__nand4_1)
                                                         _02645_ (net)
                      0.273650    0.000063    3.042103 ^ _12866_/A (sky130_fd_sc_hd__maj3_1)
     2    0.012918    0.139434    0.280140    3.322243 ^ _12866_/X (sky130_fd_sc_hd__maj3_1)
                                                         _03045_ (net)
                      0.139435    0.000670    3.322913 ^ _12871_/A (sky130_fd_sc_hd__xor2_1)
     2    0.007019    0.052881    0.107086    3.429999 v _12871_/X (sky130_fd_sc_hd__xor2_1)
                                                         _03050_ (net)
                      0.052881    0.000031    3.430030 v _12976_/A (sky130_fd_sc_hd__xnor2_1)
     3    0.009273    0.078755    0.158799    3.588828 v _12976_/Y (sky130_fd_sc_hd__xnor2_1)
                                                         _03166_ (net)
                      0.078755    0.000071    3.588900 v _17975_/A (sky130_fd_sc_hd__xor2_1)
     2    0.006774    0.052009    0.185579    3.774479 v _17975_/X (sky130_fd_sc_hd__xor2_1)
                                                         _08664_ (net)
                      0.052009    0.000037    3.774515 v _17976_/B (sky130_fd_sc_hd__xnor2_1)
     3    0.010497    0.095663    0.162938    3.937453 v _17976_/Y (sky130_fd_sc_hd__xnor2_1)
                                                         _08665_ (net)
                      0.095663    0.000082    3.937535 v _18286_/A (sky130_fd_sc_hd__xnor2_1)
     1    0.002320    0.032406    0.139052    4.076587 v _18286_/Y (sky130_fd_sc_hd__xnor2_1)
                                                         _09006_ (net)
                      0.032406    0.000003    4.076590 v _18287_/A (sky130_fd_sc_hd__inv_1)
     2    0.030209    0.252084    0.198488    4.275078 ^ _18287_/Y (sky130_fd_sc_hd__inv_1)
                                                         _09007_ (net)
                      0.252090    0.001033    4.276111 ^ _18410_/A1 (sky130_fd_sc_hd__o21ai_0)
     1    0.002475    0.074305    0.127645    4.403756 v _18410_/Y (sky130_fd_sc_hd__o21ai_0)
                                                         fixed_pkg::s_narrow48$func$/headless/otolith/hdl/rtl/fixed_pkg.sv:130$9.$unnamed_block$1.v[10] (net)
                      0.074305    0.000013    4.403769 v _18582_/D (sky130_fd_sc_hd__dfrtp_1)
                                              4.403769   data arrival time

                                  0.000000    0.000000   clock clk (rise edge)
                                  0.000000    0.000000   clock source latency
   163    0.547821    1.892577    1.363605    1.363605 ^ clk (in)
                                                         clk (net)
                      1.922218    0.000000    1.363605 ^ _18582_/CLK (sky130_fd_sc_hd__dfrtp_1)
                                  0.250000    1.613605   clock uncertainty
                                  0.000000    1.613605   clock reconvergence pessimism
                                  0.158752    1.772357   library hold time
                                              1.772357   data required time
---------------------------------------------------------------------------------------------
                                              1.772357   data required time
                                             -4.403769   data arrival time
---------------------------------------------------------------------------------------------
                                              2.631412   slack (MET)


Startpoint: _18567_ (rising edge-triggered flip-flop clocked by clk)
Endpoint: _18621_ (rising edge-triggered flip-flop clocked by clk)
Path Group: clk
Path Type: min

Fanout         Cap        Slew       Delay        Time   Description
---------------------------------------------------------------------------------------------
                                  0.000000    0.000000   clock clk (rise edge)
                                  0.000000    0.000000   clock source latency
   163    0.547821    1.892577    1.355224    1.355224 ^ clk (in)
                                                         clk (net)
                      1.919493    0.000000    1.355224 ^ _18567_/CLK (sky130_fd_sc_hd__dfrtp_1)
    35    0.146274    0.690623    1.114772    2.469996 v _18567_/Q (sky130_fd_sc_hd__dfrtp_1)
                                                         b_r[61] (net)
                      0.695206    0.046230    2.516226 v _11150_/A (sky130_fd_sc_hd__nand4_1)
     2    0.007927    0.216158    0.331412    2.847638 ^ _11150_/Y (sky130_fd_sc_hd__nand4_1)
                                                         _01157_ (net)
                      0.216158    0.000022    2.847660 ^ _17132_/A (sky130_fd_sc_hd__maj3_1)
     2    0.007597    0.090912    0.228524    3.076185 ^ _17132_/X (sky130_fd_sc_hd__maj3_1)
                                                         _07738_ (net)
                      0.090912    0.000061    3.076246 ^ _17140_/A (sky130_fd_sc_hd__xnor2_1)
     2    0.007017    0.091814    0.150914    3.227159 ^ _17140_/Y (sky130_fd_sc_hd__xnor2_1)
                                                         _07746_ (net)
                      0.091814    0.000069    3.227228 ^ _17143_/A (sky130_fd_sc_hd__xor2_1)
     4    0.012235    0.073367    0.119557    3.346785 v _17143_/X (sky130_fd_sc_hd__xor2_1)
                                                         _07750_ (net)
                      0.073367    0.000200    3.346985 v _17144_/B (sky130_fd_sc_hd__nor2_1)
     1    0.002926    0.078898    0.093587    3.440572 ^ _17144_/Y (sky130_fd_sc_hd__nor2_1)
                                                         _07751_ (net)
                      0.078898    0.000034    3.440606 ^ _17145_/C (sky130_fd_sc_hd__and3_1)
     2    0.005459    0.071789    0.174624    3.615230 ^ _17145_/X (sky130_fd_sc_hd__and3_1)
                                                         _07752_ (net)
                      0.071789    0.000032    3.615263 ^ _17841_/A3 (sky130_fd_sc_hd__a31oi_1)
     3    0.012899    0.066937    0.151704    3.766967 v _17841_/Y (sky130_fd_sc_hd__a31oi_1)
                                                         _08516_ (net)
                      0.066941    0.000452    3.767419 v _18156_/B (sky130_fd_sc_hd__xnor2_1)
     2    0.008807    0.076240    0.160228    3.927647 v _18156_/Y (sky130_fd_sc_hd__xnor2_1)
                                                         _08863_ (net)
                      0.076240    0.000181    3.927828 v _18168_/A2 (sky130_fd_sc_hd__o21a_1)
     2    0.004500    0.037553    0.183922    4.111750 v _18168_/X (sky130_fd_sc_hd__o21a_1)
                                                         _08876_ (net)
                      0.037553    0.000031    4.111780 v _18318_/B1 (sky130_fd_sc_hd__o21ai_0)
     2    0.008267    0.140849    0.119682    4.231463 ^ _18318_/Y (sky130_fd_sc_hd__o21ai_0)
                                                         _09041_ (net)
                      0.140849    0.000100    4.231563 ^ _18341_/B (sky130_fd_sc_hd__xnor2_1)
     2    0.006475    0.086181    0.159317    4.390880 ^ _18341_/Y (sky130_fd_sc_hd__xnor2_1)
                                                         _09066_ (net)
                      0.086181    0.000014    4.390894 ^ _18453_/A1 (sky130_fd_sc_hd__o21ai_0)
     1    0.002395    0.055398    0.086635    4.477530 v _18453_/Y (sky130_fd_sc_hd__o21ai_0)
                                                         fixed_pkg::s_narrow48$func$/headless/otolith/hdl/rtl/fixed_pkg.sv:130$9.$unnamed_block$1.v[49] (net)
                      0.055398    0.000011    4.477540 v _18621_/D (sky130_fd_sc_hd__dfrtp_1)
                                              4.477540   data arrival time

                                  0.000000    0.000000   clock clk (rise edge)
                                  0.000000    0.000000   clock source latency
   163    0.547821    1.892577    1.426951    1.426951 ^ clk (in)
                                                         clk (net)
                      1.947160    0.000000    1.426951 ^ _18621_/CLK (sky130_fd_sc_hd__dfrtp_1)
                                  0.250000    1.676951   clock uncertainty
                                  0.000000    1.676951   clock reconvergence pessimism
                                  0.168108    1.845059   library hold time
                                              1.845059   data required time
---------------------------------------------------------------------------------------------
                                              1.845059   data required time
                                             -4.477540   data arrival time
---------------------------------------------------------------------------------------------
                                              2.632482   slack (MET)


Startpoint: _18539_ (rising edge-triggered flip-flop clocked by clk)
Endpoint: _18585_ (rising edge-triggered flip-flop clocked by clk)
Path Group: clk
Path Type: min

Fanout         Cap        Slew       Delay        Time   Description
---------------------------------------------------------------------------------------------
                                  0.000000    0.000000   clock clk (rise edge)
                                  0.000000    0.000000   clock source latency
   163    0.547821    1.892577    1.394508    1.394508 ^ clk (in)
                                                         clk (net)
                      1.933441    0.000000    1.394508 ^ _18539_/CLK (sky130_fd_sc_hd__dfrtp_1)
    36    0.171815    0.813991    1.179396    2.573904 v _18539_/Q (sky130_fd_sc_hd__dfrtp_1)
                                                         b_r[33] (net)
                      0.814206    0.011561    2.585465 v _12142_/D (sky130_fd_sc_hd__nand4_1)
     2    0.008077    0.240923    0.401686    2.987151 ^ _12142_/Y (sky130_fd_sc_hd__nand4_1)
                                                         _02249_ (net)
                      0.240923    0.000015    2.987166 ^ _13692_/A (sky130_fd_sc_hd__maj3_1)
     2    0.012480    0.135342    0.268657    3.255823 ^ _13692_/X (sky130_fd_sc_hd__maj3_1)
                                                         _03954_ (net)
                      0.135342    0.000639    3.256463 ^ _13697_/A (sky130_fd_sc_hd__xor2_1)
     2    0.006523    0.051065    0.103632    3.360095 v _13697_/X (sky130_fd_sc_hd__xor2_1)
                                                         _03959_ (net)
                      0.051065    0.000041    3.360136 v _13700_/A (sky130_fd_sc_hd__xnor2_1)
     3    0.010656    0.088812    0.165415    3.525551 v _13700_/Y (sky130_fd_sc_hd__xnor2_1)
                                                         _03962_ (net)
                      0.088812    0.000058    3.525609 v _17967_/A (sky130_fd_sc_hd__xnor2_1)
     2    0.007097    0.064690    0.163683    3.689292 v _17967_/Y (sky130_fd_sc_hd__xnor2_1)
                                                         _08655_ (net)
                      0.064690    0.000045    3.689337 v _17991_/A1 (sky130_fd_sc_hd__a21o_1)
     2    0.004855    0.040014    0.168082    3.857419 v _17991_/X (sky130_fd_sc_hd__a21o_1)
                                                         _08681_ (net)
                      0.040014    0.000040    3.857459 v _18330_/B1 (sky130_fd_sc_hd__o31ai_1)
     2    0.008026    0.102880    0.093423    3.950883 ^ _18330_/Y (sky130_fd_sc_hd__o31ai_1)
                                                         _09054_ (net)
                      0.102880    0.000123    3.951006 ^ _18335_/B (sky130_fd_sc_hd__xnor2_1)
     2    0.027770    0.312858    0.309281    4.260286 ^ _18335_/Y (sky130_fd_sc_hd__xnor2_1)
                                                         _09060_ (net)
                      0.312864    0.001069    4.261355 ^ _18413_/A1 (sky130_fd_sc_hd__o21ai_0)
     1    0.004043    0.095380    0.158348    4.419704 v _18413_/Y (sky130_fd_sc_hd__o21ai_0)
                                                         fixed_pkg::s_narrow48$func$/headless/otolith/hdl/rtl/fixed_pkg.sv:130$9.$unnamed_block$1.v[13] (net)
                      0.095380    0.000072    4.419776 v _18585_/D (sky130_fd_sc_hd__dfrtp_1)
                                              4.419776   data arrival time

                                  0.000000    0.000000   clock clk (rise edge)
                                  0.000000    0.000000   clock source latency
   163    0.547821    1.892577    1.371758    1.371758 ^ clk (in)
                                                         clk (net)
                      1.925000    0.000000    1.371758 ^ _18585_/CLK (sky130_fd_sc_hd__dfrtp_1)
                                  0.250000    1.621758   clock uncertainty
                                  0.000000    1.621758   clock reconvergence pessimism
                                  0.150740    1.772498   library hold time
                                              1.772498   data required time
---------------------------------------------------------------------------------------------
                                              1.772498   data required time
                                             -4.419776   data arrival time
---------------------------------------------------------------------------------------------
                                              2.647278   slack (MET)


Startpoint: _18568_ (rising edge-triggered flip-flop clocked by clk)
Endpoint: _18616_ (rising edge-triggered flip-flop clocked by clk)
Path Group: clk
Path Type: min

Fanout         Cap        Slew       Delay        Time   Description
---------------------------------------------------------------------------------------------
                                  0.000000    0.000000   clock clk (rise edge)
                                  0.000000    0.000000   clock source latency
   163    0.547821    1.892577    1.355264    1.355264 ^ clk (in)
                                                         clk (net)
                      1.919506    0.000000    1.355264 ^ _18568_/CLK (sky130_fd_sc_hd__dfrtp_1)
    37    0.148215    0.698600    1.124405    2.479669 v _18568_/Q (sky130_fd_sc_hd__dfrtp_1)
                                                         b_r[62] (net)
                      0.702549    0.043257    2.522926 v _11688_/A (sky130_fd_sc_hd__nand2_1)
     2    0.009741    0.102800    0.323039    2.845966 ^ _11688_/Y (sky130_fd_sc_hd__nand2_1)
                                                         _01749_ (net)
                      0.102800    0.000191    2.846157 ^ _17122_/A (sky130_fd_sc_hd__maj3_1)
     2    0.009071    0.103594    0.209029    3.055186 ^ _17122_/X (sky130_fd_sc_hd__maj3_1)
                                                         _07727_ (net)
                      0.103594    0.000106    3.055292 ^ _17124_/C (sky130_fd_sc_hd__maj3_1)
     2    0.013738    0.147099    0.249579    3.304871 ^ _17124_/X (sky130_fd_sc_hd__maj3_1)
                                                         _07729_ (net)
                      0.147101    0.000799    3.305670 ^ _17125_/A (sky130_fd_sc_hd__nor2b_1)
     2    0.004925    0.040903    0.075135    3.380805 v _17125_/Y (sky130_fd_sc_hd__nor2b_1)
                                                         _07730_ (net)
                      0.040903    0.000040    3.380844 v _18073_/B1_N (sky130_fd_sc_hd__o21bai_1)
     1    0.004790    0.063449    0.157437    3.538281 v _18073_/Y (sky130_fd_sc_hd__o21bai_1)
                                                         _08772_ (net)
                      0.063449    0.000017    3.538298 v _18074_/B (sky130_fd_sc_hd__xnor2_1)
     2    0.006893    0.062216    0.148265    3.686563 v _18074_/Y (sky130_fd_sc_hd__xnor2_1)
                                                         _08773_ (net)
                      0.062216    0.000186    3.686749 v _18075_/B (sky130_fd_sc_hd__and2_0)
     3    0.008399    0.077105    0.190781    3.877530 v _18075_/X (sky130_fd_sc_hd__and2_0)
                                                         _08774_ (net)
                      0.077105    0.000064    3.877595 v _18219_/A (sky130_fd_sc_hd__nor2_1)
     1    0.005172    0.117883    0.137555    4.015150 ^ _18219_/Y (sky130_fd_sc_hd__nor2_1)
                                                         _08932_ (net)
                      0.117883    0.000029    4.015179 ^ _18220_/B (sky130_fd_sc_hd__xnor2_1)
     2    0.033022    0.244889    0.234600    4.249779 v _18220_/Y (sky130_fd_sc_hd__xnor2_1)
                                                         _08933_ (net)
                      0.245094    0.005898    4.255677 v _18221_/A (sky130_fd_sc_hd__inv_1)
     1    0.002259    0.069174    0.100989    4.356666 ^ _18221_/Y (sky130_fd_sc_hd__inv_1)
                                                         _08934_ (net)
                      0.069174    0.000010    4.356676 ^ _18447_/A1 (sky130_fd_sc_hd__o21ai_0)
     1    0.003051    0.060418    0.087843    4.444519 v _18447_/Y (sky130_fd_sc_hd__o21ai_0)
                                                         fixed_pkg::s_narrow48$func$/headless/otolith/hdl/rtl/fixed_pkg.sv:130$9.$unnamed_block$1.v[44] (net)
                      0.060418    0.000032    4.444551 v _18616_/D (sky130_fd_sc_hd__dfrtp_1)
                                              4.444551   data arrival time

                                  0.000000    0.000000   clock clk (rise edge)
                                  0.000000    0.000000   clock source latency
   163    0.547821    1.892577    1.354854    1.354854 ^ clk (in)
                                                         clk (net)
                      1.919376    0.000000    1.354854 ^ _18616_/CLK (sky130_fd_sc_hd__dfrtp_1)
                                  0.250000    1.604854   clock uncertainty
                                  0.000000    1.604854   clock reconvergence pessimism
                                  0.163952    1.768806   library hold time
                                              1.768806   data required time
---------------------------------------------------------------------------------------------
                                              1.768806   data required time
                                             -4.444551   data arrival time
---------------------------------------------------------------------------------------------
                                              2.675745   slack (MET)


Startpoint: _18554_ (rising edge-triggered flip-flop clocked by clk)
Endpoint: _18599_ (rising edge-triggered flip-flop clocked by clk)
Path Group: clk
Path Type: min

Fanout         Cap        Slew       Delay        Time   Description
---------------------------------------------------------------------------------------------
                                  0.000000    0.000000   clock clk (rise edge)
                                  0.000000    0.000000   clock source latency
   163    0.547821    1.892577    1.465768    1.465768 ^ clk (in)
                                                         clk (net)
                      1.966077    0.000000    1.465768 ^ _18554_/CLK (sky130_fd_sc_hd__dfrtp_1)
    37    0.158834    0.748456    1.160125    2.625893 v _18554_/Q (sky130_fd_sc_hd__dfrtp_1)
                                                         b_r[48] (net)
                      0.749566    0.021194    2.647087 v _10406_/D (sky130_fd_sc_hd__nand4_1)
     2    0.008324    0.232125    0.388021    3.035108 ^ _10406_/Y (sky130_fd_sc_hd__nand4_1)
                                                         _00364_ (net)
                      0.232125    0.000045    3.035152 ^ _10665_/A (sky130_fd_sc_hd__maj3_1)
     2    0.009169    0.104516    0.243955    3.279108 ^ _10665_/X (sky130_fd_sc_hd__maj3_1)
                                                         _00624_ (net)
                      0.104516    0.000234    3.279341 ^ _10677_/A (sky130_fd_sc_hd__xnor2_1)
     3    0.012594    0.102088    0.135673    3.415014 v _10677_/Y (sky130_fd_sc_hd__xnor2_1)
                                                         _00637_ (net)
                      0.102088    0.000433    3.415447 v _10790_/A (sky130_fd_sc_hd__xnor2_1)
     3    0.010447    0.087389    0.187766    3.603213 v _10790_/Y (sky130_fd_sc_hd__xnor2_1)
                                                         _00761_ (net)
                      0.087389    0.000119    3.603331 v _17883_/A (sky130_fd_sc_hd__xnor2_1)
     2    0.007704    0.068497    0.166269    3.769601 v _17883_/Y (sky130_fd_sc_hd__xnor2_1)
                                                         _08563_ (net)
                      0.068497    0.000081    3.769681 v _17885_/B (sky130_fd_sc_hd__xnor2_1)
     4    0.011421    0.093893    0.175210    3.944891 v _17885_/Y (sky130_fd_sc_hd__xnor2_1)
                                                         _08565_ (net)
                      0.093893    0.000121    3.945012 v _18278_/A (sky130_fd_sc_hd__xnor2_1)
     2    0.006915    0.091103    0.226406    4.171419 ^ _18278_/Y (sky130_fd_sc_hd__xnor2_1)
                                                         _08997_ (net)
                      0.091103    0.000050    4.171469 ^ _18428_/A1 (sky130_fd_sc_hd__o21ai_0)
     1    0.024840    0.330226    0.295953    4.467422 v _18428_/Y (sky130_fd_sc_hd__o21ai_0)
                                                         fixed_pkg::s_narrow48$func$/headless/otolith/hdl/rtl/fixed_pkg.sv:130$9.$unnamed_block$1.v[27] (net)
                      0.330279    0.003511    4.470933 v _18599_/D (sky130_fd_sc_hd__dfrtp_1)
                                              4.470933   data arrival time

                                  0.000000    0.000000   clock clk (rise edge)
                                  0.000000    0.000000   clock source latency
   163    0.547821    1.892577    1.465696    1.465696 ^ clk (in)
                                                         clk (net)
                      1.966040    0.000000    1.465696 ^ _18599_/CLK (sky130_fd_sc_hd__dfrtp_1)
                                  0.250000    1.715696   clock uncertainty
                                  0.000000    1.715696   clock reconvergence pessimism
                                  0.062340    1.778036   library hold time
                                              1.778036   data required time
---------------------------------------------------------------------------------------------
                                              1.778036   data required time
                                             -4.470933   data arrival time
---------------------------------------------------------------------------------------------
                                              2.692897   slack (MET)


Startpoint: _18539_ (rising edge-triggered flip-flop clocked by clk)
Endpoint: _18584_ (rising edge-triggered flip-flop clocked by clk)
Path Group: clk
Path Type: min

Fanout         Cap        Slew       Delay        Time   Description
---------------------------------------------------------------------------------------------
                                  0.000000    0.000000   clock clk (rise edge)
                                  0.000000    0.000000   clock source latency
   163    0.547821    1.892577    1.394508    1.394508 ^ clk (in)
                                                         clk (net)
                      1.933441    0.000000    1.394508 ^ _18539_/CLK (sky130_fd_sc_hd__dfrtp_1)
    36    0.171815    0.813991    1.179396    2.573904 v _18539_/Q (sky130_fd_sc_hd__dfrtp_1)
                                                         b_r[33] (net)
                      0.814206    0.011561    2.585465 v _12142_/D (sky130_fd_sc_hd__nand4_1)
     2    0.008077    0.240923    0.401686    2.987151 ^ _12142_/Y (sky130_fd_sc_hd__nand4_1)
                                                         _02249_ (net)
                      0.240923    0.000015    2.987166 ^ _13692_/A (sky130_fd_sc_hd__maj3_1)
     2    0.012480    0.135342    0.268657    3.255823 ^ _13692_/X (sky130_fd_sc_hd__maj3_1)
                                                         _03954_ (net)
                      0.135342    0.000639    3.256463 ^ _13697_/A (sky130_fd_sc_hd__xor2_1)
     2    0.006523    0.051065    0.103632    3.360095 v _13697_/X (sky130_fd_sc_hd__xor2_1)
                                                         _03959_ (net)
                      0.051065    0.000041    3.360136 v _13700_/A (sky130_fd_sc_hd__xnor2_1)
     3    0.010656    0.088812    0.165415    3.525551 v _13700_/Y (sky130_fd_sc_hd__xnor2_1)
                                                         _03962_ (net)
                      0.088812    0.000058    3.525609 v _17967_/A (sky130_fd_sc_hd__xnor2_1)
     2    0.007097    0.064690    0.163683    3.689292 v _17967_/Y (sky130_fd_sc_hd__xnor2_1)
                                                         _08655_ (net)
                      0.064690    0.000043    3.689335 v _17968_/B (sky130_fd_sc_hd__xor2_1)
     3    0.011141    0.254445    0.244796    3.934131 ^ _17968_/X (sky130_fd_sc_hd__xor2_1)
                                                         _08656_ (net)
                      0.254445    0.000108    3.934239 ^ _18237_/A (sky130_fd_sc_hd__xnor2_1)
     2    0.032018    0.358163    0.370858    4.305097 ^ _18237_/Y (sky130_fd_sc_hd__xnor2_1)
                                                         _08952_ (net)
                      0.358183    0.002258    4.307355 ^ _18412_/A1 (sky130_fd_sc_hd__o21ai_0)
     1    0.003077    0.090797    0.152631    4.459987 v _18412_/Y (sky130_fd_sc_hd__o21ai_0)
                                                         fixed_pkg::s_narrow48$func$/headless/otolith/hdl/rtl/fixed_pkg.sv:130$9.$unnamed_block$1.v[12] (net)
                      0.090797    0.000032    4.460019 v _18584_/D (sky130_fd_sc_hd__dfrtp_1)
                                              4.460019   data arrival time

                                  0.000000    0.000000   clock clk (rise edge)
                                  0.000000    0.000000   clock source latency
   163    0.547821    1.892577    1.358262    1.358262 ^ clk (in)
                                                         clk (net)
                      1.920465    0.000000    1.358262 ^ _18584_/CLK (sky130_fd_sc_hd__dfrtp_1)
                                  0.250000    1.608262   clock uncertainty
                                  0.000000    1.608262   clock reconvergence pessimism
                                  0.152170    1.760432   library hold time
                                              1.760432   data required time
---------------------------------------------------------------------------------------------
                                              1.760432   data required time
                                             -4.460019   data arrival time
---------------------------------------------------------------------------------------------
                                              2.699587   slack (MET)


Startpoint: _18535_ (rising edge-triggered flip-flop clocked by clk)
Endpoint: _18581_ (rising edge-triggered flip-flop clocked by clk)
Path Group: clk
Path Type: min

Fanout         Cap        Slew       Delay        Time   Description
---------------------------------------------------------------------------------------------
                                  0.000000    0.000000   clock clk (rise edge)
                                  0.000000    0.000000   clock source latency
   163    0.547821    1.892577    1.372978    1.372978 ^ clk (in)
                                                         clk (net)
                      1.925428    0.000000    1.372978 ^ _18535_/CLK (sky130_fd_sc_hd__dfrtp_1)
    38    0.177696    0.841194    1.198197    2.571176 v _18535_/Q (sky130_fd_sc_hd__dfrtp_1)
                                                         b_r[29] (net)
                      0.841386    0.011090    2.582266 v _12843_/D (sky130_fd_sc_hd__nand4_1)
     3    0.010727    0.265004    0.435946    3.018212 ^ _12843_/Y (sky130_fd_sc_hd__nand4_1)
                                                         _03020_ (net)
                      0.265004    0.000045    3.018257 ^ _13080_/A (sky130_fd_sc_hd__maj3_1)
     2    0.011757    0.128590    0.270044    3.288300 ^ _13080_/X (sky130_fd_sc_hd__maj3_1)
                                                         _03280_ (net)
                      0.128590    0.000480    3.288780 ^ _13085_/A (sky130_fd_sc_hd__xor2_1)
     2    0.006258    0.050121    0.100795    3.389576 v _13085_/X (sky130_fd_sc_hd__xor2_1)
                                                         _03286_ (net)
                      0.050121    0.000016    3.389592 v _13190_/B1 (sky130_fd_sc_hd__o21ai_0)
     2    0.008546    0.144582    0.127552    3.517143 ^ _13190_/Y (sky130_fd_sc_hd__o21ai_0)
                                                         _03401_ (net)
                      0.144583    0.000298    3.517442 ^ _17977_/A (sky130_fd_sc_hd__nand2_1)
     1    0.004324    0.040384    0.078669    3.596111 v _17977_/Y (sky130_fd_sc_hd__nand2_1)
                                                         _08666_ (net)
                      0.040384    0.000008    3.596118 v _17978_/B (sky130_fd_sc_hd__xor2_1)
     3    0.011021    0.068454    0.168945    3.765064 v _17978_/X (sky130_fd_sc_hd__xor2_1)
                                                         _08667_ (net)
                      0.068454    0.000214    3.765278 v _17979_/B (sky130_fd_sc_hd__xnor2_1)
     3    0.009546    0.090710    0.164980    3.930258 v _17979_/Y (sky130_fd_sc_hd__xnor2_1)
                                                         _08668_ (net)
                      0.090710    0.000068    3.930326 v _18248_/A (sky130_fd_sc_hd__xor2_1)
     2    0.028407    0.135877    0.265871    4.196197 v _18248_/X (sky130_fd_sc_hd__xor2_1)
                                                         _08964_ (net)
                      0.135885    0.001180    4.197376 v _18409_/A1 (sky130_fd_sc_hd__o21ai_0)
     1    0.002698    0.133900    0.183980    4.381357 ^ _18409_/Y (sky130_fd_sc_hd__o21ai_0)
                                                         fixed_pkg::s_narrow48$func$/headless/otolith/hdl/rtl/fixed_pkg.sv:130$9.$unnamed_block$1.v[9] (net)
                      0.133900    0.000019    4.381375 ^ _18581_/D (sky130_fd_sc_hd__dfrtp_1)
                                              4.381375   data arrival time

                                  0.000000    0.000000   clock clk (rise edge)
                                  0.000000    0.000000   clock source latency
   163    0.547821    1.892577    1.358551    1.358551 ^ clk (in)
                                                         clk (net)
                      1.920558    0.000000    1.358551 ^ _18581_/CLK (sky130_fd_sc_hd__dfrtp_1)
                                  0.250000    1.608551   clock uncertainty
                                  0.000000    1.608551   clock reconvergence pessimism
                                  0.048113    1.656664   library hold time
                                              1.656664   data required time
---------------------------------------------------------------------------------------------
                                              1.656664   data required time
                                             -4.381375   data arrival time
---------------------------------------------------------------------------------------------
                                              2.724711   slack (MET)


Startpoint: _18569_ (rising edge-triggered flip-flop clocked by clk)
Endpoint: _18630_ (rising edge-triggered flip-flop clocked by clk)
Path Group: clk
Path Type: min

Fanout         Cap        Slew       Delay        Time   Description
---------------------------------------------------------------------------------------------
                                  0.000000    0.000000   clock clk (rise edge)
                                  0.000000    0.000000   clock source latency
   163    0.547821    1.892577    1.355300    1.355300 ^ clk (in)
                                                         clk (net)
                      1.919517    0.000000    1.355300 ^ _18569_/CLK (sky130_fd_sc_hd__dfrtp_1)
    47    0.150375    0.707795    1.133309    2.488609 v _18569_/Q (sky130_fd_sc_hd__dfrtp_1)
                                                         b_r[63] (net)
                      0.710496    0.034397    2.523006 v _09234_/A (sky130_fd_sc_hd__and3_1)
     5    0.013790    0.091754    0.437473    2.960479 v _09234_/X (sky130_fd_sc_hd__and3_1)
                                                         _00950_ (net)
                      0.091754    0.000031    2.960510 v _09259_/B (sky130_fd_sc_hd__nand3b_1)
     2    0.004932    0.069699    0.111205    3.071716 ^ _09259_/Y (sky130_fd_sc_hd__nand3b_1)
                                                         _01225_ (net)
                      0.069699    0.000035    3.071750 ^ _16679_/B1 (sky130_fd_sc_hd__o21ai_0)
     2    0.007695    0.102664    0.126207    3.197957 v _16679_/Y (sky130_fd_sc_hd__o21ai_0)
                                                         _07239_ (net)
                      0.102664    0.000098    3.198056 v _17426_/A2 (sky130_fd_sc_hd__a21oi_1)
     2    0.008734    0.202099    0.242618    3.440673 ^ _17426_/Y (sky130_fd_sc_hd__a21oi_1)
                                                         _08061_ (net)
                      0.202099    0.000049    3.440722 ^ _17436_/A (sky130_fd_sc_hd__xor2_1)
     2    0.007018    0.052933    0.121452    3.562174 v _17436_/X (sky130_fd_sc_hd__xor2_1)
                                                         _08072_ (net)
                      0.052933    0.000068    3.562243 v _17438_/B1 (sky130_fd_sc_hd__o21ai_0)
     2    0.005623    0.104398    0.099793    3.662036 ^ _17438_/Y (sky130_fd_sc_hd__o21ai_0)
                                                         _08074_ (net)
                      0.104398    0.000043    3.662079 ^ _17441_/B (sky130_fd_sc_hd__nand3_1)
     3    0.006913    0.086627    0.113155    3.775234 v _17441_/Y (sky130_fd_sc_hd__nand3_1)
                                                         _08077_ (net)
                      0.086627    0.000058    3.775292 v _17444_/A (sky130_fd_sc_hd__nand2_1)
     1    0.004826    0.060642    0.084488    3.859779 ^ _17444_/Y (sky130_fd_sc_hd__nand2_1)
                                                         _08081_ (net)
                      0.060642    0.000015    3.859794 ^ _17857_/A (sky130_fd_sc_hd__xor2_1)
     2    0.007537    0.054866    0.087018    3.946812 v _17857_/X (sky130_fd_sc_hd__xor2_1)
                                                         _08534_ (net)
                      0.054866    0.000059    3.946871 v _17858_/B (sky130_fd_sc_hd__nand2_1)
     2    0.005403    0.064697    0.081752    4.028623 ^ _17858_/Y (sky130_fd_sc_hd__nand2_1)
                                                         _08535_ (net)
                      0.064697    0.000037    4.028660 ^ _18205_/B1 (sky130_fd_sc_hd__o21ai_0)
     1    0.005172    0.073608    0.100827    4.129488 v _18205_/Y (sky130_fd_sc_hd__o21ai_0)
                                                         _08917_ (net)
                      0.073608    0.000039    4.129526 v _18206_/B (sky130_fd_sc_hd__xnor2_1)
     2    0.019301    0.148411    0.219391    4.348917 v _18206_/Y (sky130_fd_sc_hd__xnor2_1)
                                                         _08918_ (net)
                      0.148430    0.001723    4.350640 v _18464_/B (sky130_fd_sc_hd__nand2b_1)
     1    0.002708    0.063390    0.107667    4.458307 ^ _18464_/Y (sky130_fd_sc_hd__nand2b_1)
                                                         _09143_ (net)
                      0.063390    0.000008    4.458316 ^ _18465_/B (sky130_fd_sc_hd__nand2_1)
     1    0.002792    0.031258    0.052765    4.511081 v _18465_/Y (sky130_fd_sc_hd__nand2_1)
                                                         fixed_pkg::s_narrow48$func$/headless/otolith/hdl/rtl/fixed_pkg.sv:130$9.$unnamed_block$1.v[58] (net)
                      0.031258    0.000023    4.511104 v _18630_/D (sky130_fd_sc_hd__dfrtp_1)
                                              4.511104   data arrival time

                                  0.000000    0.000000   clock clk (rise edge)
                                  0.000000    0.000000   clock source latency
   163    0.547821    1.892577    1.355166    1.355166 ^ clk (in)
                                                         clk (net)
                      1.919475    0.000000    1.355166 ^ _18630_/CLK (sky130_fd_sc_hd__dfrtp_1)
                                  0.250000    1.605166   clock uncertainty
                                  0.000000    1.605166   clock reconvergence pessimism
                                  0.175352    1.780518   library hold time
                                              1.780518   data required time
---------------------------------------------------------------------------------------------
                                              1.780518   data required time
                                             -4.511104   data arrival time
---------------------------------------------------------------------------------------------
                                              2.730586   slack (MET)


Startpoint: _18539_ (rising edge-triggered flip-flop clocked by clk)
Endpoint: _18583_ (rising edge-triggered flip-flop clocked by clk)
Path Group: clk
Path Type: min

Fanout         Cap        Slew       Delay        Time   Description
---------------------------------------------------------------------------------------------
                                  0.000000    0.000000   clock clk (rise edge)
                                  0.000000    0.000000   clock source latency
   163    0.547821    1.892577    1.394508    1.394508 ^ clk (in)
                                                         clk (net)
                      1.933441    0.000000    1.394508 ^ _18539_/CLK (sky130_fd_sc_hd__dfrtp_1)
    36    0.171815    0.813991    1.179396    2.573904 v _18539_/Q (sky130_fd_sc_hd__dfrtp_1)
                                                         b_r[33] (net)
                      0.814074    0.007262    2.581166 v _12164_/C (sky130_fd_sc_hd__nand4_1)
     3    0.010678    0.266131    0.448367    3.029534 ^ _12164_/Y (sky130_fd_sc_hd__nand4_1)
                                                         _02273_ (net)
                      0.266131    0.000010    3.029544 ^ _12169_/B (sky130_fd_sc_hd__maj3_1)
     2    0.012955    0.139778    0.280439    3.309982 ^ _12169_/X (sky130_fd_sc_hd__maj3_1)
                                                         _02278_ (net)
                      0.139779    0.000688    3.310671 ^ _12765_/A (sky130_fd_sc_hd__xnor2_1)
     2    0.007588    0.098093    0.166793    3.477463 ^ _12765_/Y (sky130_fd_sc_hd__xnor2_1)
                                                         _02934_ (net)
                      0.098093    0.000047    3.477511 ^ _12870_/A (sky130_fd_sc_hd__xor2_1)
     2    0.007311    0.053991    0.097264    3.574774 v _12870_/X (sky130_fd_sc_hd__xor2_1)
                                                         _03049_ (net)
                      0.053991    0.000026    3.574801 v _17971_/A (sky130_fd_sc_hd__xor2_1)
     3    0.010130    0.064852    0.188668    3.763468 v _17971_/X (sky130_fd_sc_hd__xor2_1)
                                                         _08659_ (net)
                      0.064852    0.000073    3.763542 v _17972_/B (sky130_fd_sc_hd__xor2_1)
     3    0.011134    0.254316    0.244763    4.008305 ^ _17972_/X (sky130_fd_sc_hd__xor2_1)
                                                         _08661_ (net)
                      0.254316    0.000068    4.008372 ^ _18281_/A (sky130_fd_sc_hd__xnor2_1)
     2    0.027848    0.313611    0.340087    4.348459 ^ _18281_/Y (sky130_fd_sc_hd__xnor2_1)
                                                         _09000_ (net)
                      0.313616    0.000997    4.349456 ^ _18411_/A1 (sky130_fd_sc_hd__o21ai_0)
     1    0.003616    0.090959    0.153073    4.502529 v _18411_/Y (sky130_fd_sc_hd__o21ai_0)
                                                         fixed_pkg::s_narrow48$func$/headless/otolith/hdl/rtl/fixed_pkg.sv:130$9.$unnamed_block$1.v[11] (net)
                      0.090959    0.000053    4.502583 v _18583_/D (sky130_fd_sc_hd__dfrtp_1)
                                              4.502583   data arrival time

                                  0.000000    0.000000   clock clk (rise edge)
                                  0.000000    0.000000   clock source latency
   163    0.547821    1.892577    1.367820    1.367820 ^ clk (in)
                                                         clk (net)
                      1.923641    0.000000    1.367820 ^ _18583_/CLK (sky130_fd_sc_hd__dfrtp_1)
                                  0.250000    1.617820   clock uncertainty
                                  0.000000    1.617820   clock reconvergence pessimism
                                  0.152359    1.770179   library hold time
                                              1.770179   data required time
---------------------------------------------------------------------------------------------
                                              1.770179   data required time
                                             -4.502583   data arrival time
---------------------------------------------------------------------------------------------
                                              2.732403   slack (MET)


Startpoint: _18569_ (rising edge-triggered flip-flop clocked by clk)
Endpoint: _18618_ (rising edge-triggered flip-flop clocked by clk)
Path Group: clk
Path Type: min

Fanout         Cap        Slew       Delay        Time   Description
---------------------------------------------------------------------------------------------
                                  0.000000    0.000000   clock clk (rise edge)
                                  0.000000    0.000000   clock source latency
   163    0.547821    1.892577    1.355300    1.355300 ^ clk (in)
                                                         clk (net)
                      1.919517    0.000000    1.355300 ^ _18569_/CLK (sky130_fd_sc_hd__dfrtp_1)
    47    0.150375    0.707795    1.133309    2.488609 v _18569_/Q (sky130_fd_sc_hd__dfrtp_1)
                                                         b_r[63] (net)
                      0.711407    0.040094    2.528703 v _09208_/A (sky130_fd_sc_hd__nand3_1)
     7    0.029906    0.365058    0.532971    3.061674 ^ _09208_/Y (sky130_fd_sc_hd__nand3_1)
                                                         _00664_ (net)
                      0.365058    0.001263    3.062937 ^ _17042_/A (sky130_fd_sc_hd__maj3_1)
     2    0.011140    0.123061    0.284390    3.347327 ^ _17042_/X (sky130_fd_sc_hd__maj3_1)
                                                         _07639_ (net)
                      0.123061    0.000339    3.347666 ^ _17046_/A (sky130_fd_sc_hd__xnor2_1)
     2    0.011444    0.093462    0.134665    3.482330 v _17046_/Y (sky130_fd_sc_hd__xnor2_1)
                                                         _07643_ (net)
                      0.093468    0.000630    3.482960 v _17082_/A (sky130_fd_sc_hd__nor2_1)
     1    0.003165    0.082870    0.118864    3.601823 ^ _17082_/Y (sky130_fd_sc_hd__nor2_1)
                                                         _07683_ (net)
                      0.082870    0.000025    3.601848 ^ _17083_/A (sky130_fd_sc_hd__inv_1)
     3    0.008636    0.049891    0.068937    3.670785 v _17083_/Y (sky130_fd_sc_hd__inv_1)
                                                         _07684_ (net)
                      0.049891    0.000085    3.670870 v _18065_/B1 (sky130_fd_sc_hd__o21ai_0)
     1    0.004858    0.097416    0.090882    3.761752 ^ _18065_/Y (sky130_fd_sc_hd__o21ai_0)
                                                         _08763_ (net)
                      0.097416    0.000011    3.761763 ^ _18066_/B (sky130_fd_sc_hd__xnor2_1)
     2    0.007690    0.068429    0.097591    3.859354 v _18066_/Y (sky130_fd_sc_hd__xnor2_1)
                                                         _08764_ (net)
                      0.068429    0.000243    3.859598 v _18067_/A (sky130_fd_sc_hd__inv_1)
     2    0.008267    0.077047    0.089856    3.949453 ^ _18067_/Y (sky130_fd_sc_hd__inv_1)
                                                         _08765_ (net)
                      0.077047    0.000071    3.949524 ^ _18195_/B (sky130_fd_sc_hd__maj3_1)
     1    0.004920    0.070589    0.167709    4.117233 ^ _18195_/X (sky130_fd_sc_hd__maj3_1)
                                                         _08906_ (net)
                      0.070589    0.000015    4.117248 ^ _18196_/B (sky130_fd_sc_hd__xnor2_1)
     2    0.032893    0.243705    0.218780    4.336028 v _18196_/Y (sky130_fd_sc_hd__xnor2_1)
                                                         _08907_ (net)
                      0.243898    0.005727    4.341754 v _18197_/A (sky130_fd_sc_hd__inv_1)
     1    0.002266    0.069019    0.100816    4.442570 ^ _18197_/Y (sky130_fd_sc_hd__inv_1)
                                                         _08908_ (net)
                      0.069019    0.000011    4.442581 ^ _18450_/A1 (sky130_fd_sc_hd__o21ai_0)
     1    0.002950    0.059244    0.086828    4.529409 v _18450_/Y (sky130_fd_sc_hd__o21ai_0)
                                                         fixed_pkg::s_narrow48$func$/headless/otolith/hdl/rtl/fixed_pkg.sv:130$9.$unnamed_block$1.v[46] (net)
                      0.059244    0.000028    4.529437 v _18618_/D (sky130_fd_sc_hd__dfrtp_1)
                                              4.529437   data arrival time

                                  0.000000    0.000000   clock clk (rise edge)
                                  0.000000    0.000000   clock source latency
   163    0.547821    1.892577    1.354846    1.354846 ^ clk (in)
                                                         clk (net)
                      1.919373    0.000000    1.354846 ^ _18618_/CLK (sky130_fd_sc_hd__dfrtp_1)
                                  0.250000    1.604846   clock uncertainty
                                  0.000000    1.604846   clock reconvergence pessimism
                                  0.164411    1.769257   library hold time
                                              1.769257   data required time
---------------------------------------------------------------------------------------------
                                              1.769257   data required time
                                             -4.529437   data arrival time
---------------------------------------------------------------------------------------------
                                              2.760180   slack (MET)


Startpoint: _18540_ (rising edge-triggered flip-flop clocked by clk)
Endpoint: _18587_ (rising edge-triggered flip-flop clocked by clk)
Path Group: clk
Path Type: min

Fanout         Cap        Slew       Delay        Time   Description
---------------------------------------------------------------------------------------------
                                  0.000000    0.000000   clock clk (rise edge)
                                  0.000000    0.000000   clock source latency
   163    0.547821    1.892577    1.407428    1.407428 ^ clk (in)
                                                         clk (net)
                      1.938671    0.000000    1.407428 ^ _18540_/CLK (sky130_fd_sc_hd__dfrtp_1)
    38    0.176317    0.831239    1.206273    2.613701 v _18540_/Q (sky130_fd_sc_hd__dfrtp_1)
                                                         b_r[34] (net)
                      0.831242    0.001488    2.615189 v _12739_/D (sky130_fd_sc_hd__nand4_1)
     2    0.007752    0.240887    0.402038    3.017227 ^ _12739_/Y (sky130_fd_sc_hd__nand4_1)
                                                         _02905_ (net)
                      0.240887    0.000018    3.017245 ^ _13681_/A (sky130_fd_sc_hd__maj3_1)
     2    0.010863    0.120271    0.257674    3.274919 ^ _13681_/X (sky130_fd_sc_hd__maj3_1)
                                                         _03941_ (net)
                      0.120271    0.000572    3.275491 ^ _13684_/A1 (sky130_fd_sc_hd__o21ai_0)
     2    0.007730    0.102864    0.147641    3.423133 v _13684_/Y (sky130_fd_sc_hd__o21ai_0)
                                                         _03945_ (net)
                      0.102864    0.000077    3.423210 v _13685_/B (sky130_fd_sc_hd__nand2_1)
     2    0.004990    0.055778    0.100883    3.524093 ^ _13685_/Y (sky130_fd_sc_hd__nand2_1)
                                                         _03946_ (net)
                      0.055778    0.000020    3.524113 ^ _18011_/B1 (sky130_fd_sc_hd__o21ai_0)
     1    0.004620    0.079779    0.092400    3.616513 v _18011_/Y (sky130_fd_sc_hd__o21ai_0)
                                                         _08703_ (net)
                      0.079779    0.000008    3.616520 v _18012_/B (sky130_fd_sc_hd__xnor2_1)
     2    0.014818    0.116868    0.198236    3.814756 v _18012_/Y (sky130_fd_sc_hd__xnor2_1)
                                                         _08705_ (net)
                      0.116880    0.000990    3.815746 v _18014_/B (sky130_fd_sc_hd__xnor2_1)
     4    0.011424    0.101780    0.196561    4.012307 v _18014_/Y (sky130_fd_sc_hd__xnor2_1)
                                                         _08707_ (net)
                      0.101780    0.000121    4.012427 v _18015_/A (sky130_fd_sc_hd__inv_1)
     2    0.008091    0.078620    0.103366    4.115793 ^ _18015_/Y (sky130_fd_sc_hd__inv_1)
                                                         _08708_ (net)
                      0.078620    0.000033    4.115827 ^ _18249_/B (sky130_fd_sc_hd__xnor2_1)
     2    0.028534    0.321052    0.306005    4.421832 ^ _18249_/Y (sky130_fd_sc_hd__xnor2_1)
                                                         _08965_ (net)
                      0.321145    0.004520    4.426352 ^ _18415_/A1 (sky130_fd_sc_hd__o21ai_0)
     1    0.002283    0.080424    0.137109    4.563461 v _18415_/Y (sky130_fd_sc_hd__o21ai_0)
                                                         fixed_pkg::s_narrow48$func$/headless/otolith/hdl/rtl/fixed_pkg.sv:130$9.$unnamed_block$1.v[15] (net)
                      0.080424    0.000008    4.563469 v _18587_/D (sky130_fd_sc_hd__dfrtp_1)
                                              4.563469   data arrival time

                                  0.000000    0.000000   clock clk (rise edge)
                                  0.000000    0.000000   clock source latency
   163    0.547821    1.892577    1.361012    1.361012 ^ clk (in)
                                                         clk (net)
                      1.921360    0.000000    1.361012 ^ _18587_/CLK (sky130_fd_sc_hd__dfrtp_1)
                                  0.250000    1.611012   clock uncertainty
                                  0.000000    1.611012   clock reconvergence pessimism
                                  0.156294    1.767306   library hold time
                                              1.767306   data required time
---------------------------------------------------------------------------------------------
                                              1.767306   data required time
                                             -4.563469   data arrival time
---------------------------------------------------------------------------------------------
                                              2.796163   slack (MET)


Startpoint: _18567_ (rising edge-triggered flip-flop clocked by clk)
Endpoint: _18613_ (rising edge-triggered flip-flop clocked by clk)
Path Group: clk
Path Type: min

Fanout         Cap        Slew       Delay        Time   Description
---------------------------------------------------------------------------------------------
                                  0.000000    0.000000   clock clk (rise edge)
                                  0.000000    0.000000   clock source latency
   163    0.547821    1.892577    1.355224    1.355224 ^ clk (in)
                                                         clk (net)
                      1.919493    0.000000    1.355224 ^ _18567_/CLK (sky130_fd_sc_hd__dfrtp_1)
    35    0.146274    0.690623    1.114772    2.469996 v _18567_/Q (sky130_fd_sc_hd__dfrtp_1)
                                                         b_r[61] (net)
                      0.695206    0.046230    2.516226 v _11150_/A (sky130_fd_sc_hd__nand4_1)
     2    0.007927    0.216158    0.331412    2.847638 ^ _11150_/Y (sky130_fd_sc_hd__nand4_1)
                                                         _01157_ (net)
                      0.216158    0.000022    2.847660 ^ _17132_/A (sky130_fd_sc_hd__maj3_1)
     2    0.007597    0.090912    0.228524    3.076185 ^ _17132_/X (sky130_fd_sc_hd__maj3_1)
                                                         _07738_ (net)
                      0.090912    0.000071    3.076255 ^ _17135_/B (sky130_fd_sc_hd__or3_1)
     2    0.004995    0.056211    0.123545    3.199800 ^ _17135_/X (sky130_fd_sc_hd__or3_1)
                                                         _07741_ (net)
                      0.056211    0.000040    3.199840 ^ _17136_/C (sky130_fd_sc_hd__nand3b_1)
     2    0.005761    0.077087    0.095873    3.295713 v _17136_/Y (sky130_fd_sc_hd__nand3b_1)
                                                         _07742_ (net)
                      0.077087    0.000067    3.295780 v _17139_/A (sky130_fd_sc_hd__nand2_1)
     3    0.011633    0.113651    0.123112    3.418892 ^ _17139_/Y (sky130_fd_sc_hd__nand2_1)
                                                         _07745_ (net)
                      0.113652    0.000167    3.419059 ^ _18043_/A (sky130_fd_sc_hd__xnor2_1)
     2    0.006834    0.089996    0.155610    3.574669 ^ _18043_/Y (sky130_fd_sc_hd__xnor2_1)
                                                         _08739_ (net)
                      0.089996    0.000062    3.574731 ^ _18045_/B (sky130_fd_sc_hd__xor2_1)
     3    0.009461    0.062394    0.102668    3.677399 v _18045_/X (sky130_fd_sc_hd__xor2_1)
                                                         _08741_ (net)
                      0.062394    0.000173    3.677572 v _18329_/A (sky130_fd_sc_hd__xnor2_1)
     2    0.009138    0.114860    0.246926    3.924499 ^ _18329_/Y (sky130_fd_sc_hd__xnor2_1)
                                                         _09053_ (net)
                      0.114860    0.000349    3.924848 ^ _18444_/A1 (sky130_fd_sc_hd__o21ai_0)
     1    0.030021    0.395227    0.350375    4.275223 v _18444_/Y (sky130_fd_sc_hd__o21ai_0)
                                                         fixed_pkg::s_narrow48$func$/headless/otolith/hdl/rtl/fixed_pkg.sv:130$9.$unnamed_block$1.v[41] (net)
                      0.395321    0.005136    4.280359 v _18613_/D (sky130_fd_sc_hd__dfrtp_1)
                                              4.280359   data arrival time

                                  0.000000    0.000000   clock clk (rise edge)
                                  0.000000    0.000000   clock source latency
   163    0.547821    1.892577    1.199761    1.199761 ^ clk (in)
                                                         clk (net)
                      1.893104    0.000000    1.199761 ^ _18613_/CLK (sky130_fd_sc_hd__dfrtp_1)
                                  0.250000    1.449761   clock uncertainty
                                  0.000000    1.449761   clock reconvergence pessimism
                                  0.030953    1.480714   library hold time
                                              1.480714   data required time
---------------------------------------------------------------------------------------------
                                              1.480714   data required time
                                             -4.280359   data arrival time
---------------------------------------------------------------------------------------------
                                              2.799645   slack (MET)


Startpoint: _18567_ (rising edge-triggered flip-flop clocked by clk)
Endpoint: _18623_ (rising edge-triggered flip-flop clocked by clk)
Path Group: clk
Path Type: min

Fanout         Cap        Slew       Delay        Time   Description
---------------------------------------------------------------------------------------------
                                  0.000000    0.000000   clock clk (rise edge)
                                  0.000000    0.000000   clock source latency
   163    0.547821    1.892577    1.355224    1.355224 ^ clk (in)
                                                         clk (net)
                      1.919493    0.000000    1.355224 ^ _18567_/CLK (sky130_fd_sc_hd__dfrtp_1)
    35    0.146274    0.690623    1.114772    2.469996 v _18567_/Q (sky130_fd_sc_hd__dfrtp_1)
                                                         b_r[61] (net)
                      0.695206    0.046230    2.516226 v _11150_/A (sky130_fd_sc_hd__nand4_1)
     2    0.007927    0.216158    0.331412    2.847638 ^ _11150_/Y (sky130_fd_sc_hd__nand4_1)
                                                         _01157_ (net)
                      0.216158    0.000022    2.847660 ^ _17132_/A (sky130_fd_sc_hd__maj3_1)
     2    0.007597    0.090912    0.228524    3.076185 ^ _17132_/X (sky130_fd_sc_hd__maj3_1)
                                                         _07738_ (net)
                      0.090912    0.000061    3.076246 ^ _17140_/A (sky130_fd_sc_hd__xnor2_1)
     2    0.007017    0.091814    0.150914    3.227159 ^ _17140_/Y (sky130_fd_sc_hd__xnor2_1)
                                                         _07746_ (net)
                      0.091814    0.000069    3.227228 ^ _17143_/A (sky130_fd_sc_hd__xor2_1)
     4    0.012235    0.073367    0.119557    3.346785 v _17143_/X (sky130_fd_sc_hd__xor2_1)
                                                         _07750_ (net)
                      0.073367    0.000210    3.346996 v _18056_/B (sky130_fd_sc_hd__xor2_1)
     2    0.007258    0.176208    0.195105    3.542101 ^ _18056_/X (sky130_fd_sc_hd__xor2_1)
                                                         _08753_ (net)
                      0.176208    0.000071    3.542172 ^ _18057_/B (sky130_fd_sc_hd__xor2_1)
     3    0.010563    0.066796    0.134308    3.676480 v _18057_/X (sky130_fd_sc_hd__xor2_1)
                                                         _08754_ (net)
                      0.066796    0.000129    3.676609 v _18058_/C (sky130_fd_sc_hd__nand3b_1)
     2    0.007218    0.088602    0.117377    3.793986 ^ _18058_/Y (sky130_fd_sc_hd__nand3b_1)
                                                         _08755_ (net)
                      0.088602    0.000132    3.794118 ^ _18080_/A (sky130_fd_sc_hd__nor3_1)
     2    0.005360    0.036793    0.070495    3.864612 v _18080_/Y (sky130_fd_sc_hd__nor3_1)
                                                         _08779_ (net)
                      0.036793    0.000030    3.864642 v _18117_/A (sky130_fd_sc_hd__nand2_1)
     1    0.002706    0.037683    0.049559    3.914202 ^ _18117_/Y (sky130_fd_sc_hd__nand2_1)
                                                         _08820_ (net)
                      0.037683    0.000006    3.914208 ^ _18118_/C (sky130_fd_sc_hd__nor3_1)
     3    0.011938    0.062218    0.067033    3.981241 v _18118_/Y (sky130_fd_sc_hd__nor3_1)
                                                         _08821_ (net)
                      0.062226    0.000569    3.981811 v _18198_/A1 (sky130_fd_sc_hd__o21bai_1)
     2    0.005776    0.084993    0.177801    4.159612 ^ _18198_/Y (sky130_fd_sc_hd__o21bai_1)
                                                         _08909_ (net)
                      0.084993    0.000046    4.159658 ^ _18231_/C (sky130_fd_sc_hd__nand3_1)
     1    0.002551    0.050883    0.078257    4.237915 v _18231_/Y (sky130_fd_sc_hd__nand3_1)
                                                         _08945_ (net)
                      0.050883    0.000007    4.237922 v _18232_/B (sky130_fd_sc_hd__nand2b_1)
     2    0.027255    0.274979    0.228714    4.466636 ^ _18232_/Y (sky130_fd_sc_hd__nand2b_1)
                                                         _08947_ (net)
                      0.275032    0.003140    4.469776 ^ _18456_/A1 (sky130_fd_sc_hd__o21ai_0)
     1    0.002921    0.079534    0.138201    4.607978 v _18456_/Y (sky130_fd_sc_hd__o21ai_0)
                                                         fixed_pkg::s_narrow48$func$/headless/otolith/hdl/rtl/fixed_pkg.sv:130$9.$unnamed_block$1.v[51] (net)
                      0.079534    0.000027    4.608005 v _18623_/D (sky130_fd_sc_hd__dfrtp_1)
                                              4.608005   data arrival time

                                  0.000000    0.000000   clock clk (rise edge)
                                  0.000000    0.000000   clock source latency
   163    0.547821    1.892577    1.358648    1.358648 ^ clk (in)
                                                         clk (net)
                      1.920590    0.000000    1.358648 ^ _18623_/CLK (sky130_fd_sc_hd__dfrtp_1)
                                  0.250000    1.608648   clock uncertainty
                                  0.000000    1.608648   clock reconvergence pessimism
                                  0.156580    1.765229   library hold time
                                              1.765229   data required time
---------------------------------------------------------------------------------------------
                                              1.765229   data required time
                                             -4.608005   data arrival time
---------------------------------------------------------------------------------------------
                                              2.842776   slack (MET)


Startpoint: _18569_ (rising edge-triggered flip-flop clocked by clk)
Endpoint: _18629_ (rising edge-triggered flip-flop clocked by clk)
Path Group: clk
Path Type: min

Fanout         Cap        Slew       Delay        Time   Description
---------------------------------------------------------------------------------------------
                                  0.000000    0.000000   clock clk (rise edge)
                                  0.000000    0.000000   clock source latency
   163    0.547821    1.892577    1.355300    1.355300 ^ clk (in)
                                                         clk (net)
                      1.919517    0.000000    1.355300 ^ _18569_/CLK (sky130_fd_sc_hd__dfrtp_1)
    47    0.150375    0.707795    1.133309    2.488609 v _18569_/Q (sky130_fd_sc_hd__dfrtp_1)
                                                         b_r[63] (net)
                      0.710496    0.034397    2.523006 v _09234_/A (sky130_fd_sc_hd__and3_1)
     5    0.013790    0.091754    0.437473    2.960479 v _09234_/X (sky130_fd_sc_hd__and3_1)
                                                         _00950_ (net)
                      0.091754    0.000031    2.960510 v _09259_/B (sky130_fd_sc_hd__nand3b_1)
     2    0.004932    0.069699    0.111205    3.071716 ^ _09259_/Y (sky130_fd_sc_hd__nand3b_1)
                                                         _01225_ (net)
                      0.069699    0.000035    3.071750 ^ _16679_/B1 (sky130_fd_sc_hd__o21ai_0)
     2    0.007695    0.102664    0.126207    3.197957 v _16679_/Y (sky130_fd_sc_hd__o21ai_0)
                                                         _07239_ (net)
                      0.102664    0.000098    3.198056 v _17426_/A2 (sky130_fd_sc_hd__a21oi_1)
     2    0.008734    0.202099    0.242618    3.440673 ^ _17426_/Y (sky130_fd_sc_hd__a21oi_1)
                                                         _08061_ (net)
                      0.202099    0.000049    3.440722 ^ _17436_/A (sky130_fd_sc_hd__xor2_1)
     2    0.007018    0.052933    0.121452    3.562174 v _17436_/X (sky130_fd_sc_hd__xor2_1)
                                                         _08072_ (net)
                      0.052933    0.000068    3.562243 v _17438_/B1 (sky130_fd_sc_hd__o21ai_0)
     2    0.005623    0.104398    0.099793    3.662036 ^ _17438_/Y (sky130_fd_sc_hd__o21ai_0)
                                                         _08074_ (net)
                      0.104398    0.000043    3.662079 ^ _17441_/B (sky130_fd_sc_hd__nand3_1)
     3    0.006913    0.086627    0.113155    3.775234 v _17441_/Y (sky130_fd_sc_hd__nand3_1)
                                                         _08077_ (net)
                      0.086627    0.000058    3.775292 v _17444_/A (sky130_fd_sc_hd__nand2_1)
     1    0.004826    0.060642    0.084488    3.859779 ^ _17444_/Y (sky130_fd_sc_hd__nand2_1)
                                                         _08081_ (net)
                      0.060642    0.000015    3.859794 ^ _17857_/A (sky130_fd_sc_hd__xor2_1)
     2    0.007537    0.054866    0.087018    3.946812 v _17857_/X (sky130_fd_sc_hd__xor2_1)
                                                         _08534_ (net)
                      0.054866    0.000065    3.946877 v _17859_/B (sky130_fd_sc_hd__xnor2_1)
     4    0.013211    0.157437    0.287143    4.234020 ^ _17859_/Y (sky130_fd_sc_hd__xnor2_1)
                                                         _08536_ (net)
                      0.157437    0.000146    4.234166 ^ _18345_/A (sky130_fd_sc_hd__xnor2_1)
     2    0.021112    0.241612    0.271712    4.505877 ^ _18345_/Y (sky130_fd_sc_hd__xnor2_1)
                                                         _09071_ (net)
                      0.241630    0.001749    4.507627 ^ _18463_/A1 (sky130_fd_sc_hd__o21ai_0)
     1    0.002491    0.073176    0.125448    4.633074 v _18463_/Y (sky130_fd_sc_hd__o21ai_0)
                                                         fixed_pkg::s_narrow48$func$/headless/otolith/hdl/rtl/fixed_pkg.sv:130$9.$unnamed_block$1.v[57] (net)
                      0.073176    0.000014    4.633088 v _18629_/D (sky130_fd_sc_hd__dfrtp_1)
                                              4.633088   data arrival time

                                  0.000000    0.000000   clock clk (rise edge)
                                  0.000000    0.000000   clock source latency
   163    0.547821    1.892577    1.377544    1.377544 ^ clk (in)
                                                         clk (net)
                      1.927053    0.000000    1.377544 ^ _18629_/CLK (sky130_fd_sc_hd__dfrtp_1)
                                  0.250000    1.627544   clock uncertainty
                                  0.000000    1.627544   clock reconvergence pessimism
                                  0.159576    1.787120   library hold time
                                              1.787120   data required time
---------------------------------------------------------------------------------------------
                                              1.787120   data required time
                                             -4.633088   data arrival time
---------------------------------------------------------------------------------------------
                                              2.845968   slack (MET)


Startpoint: _18560_ (rising edge-triggered flip-flop clocked by clk)
Endpoint: _18605_ (rising edge-triggered flip-flop clocked by clk)
Path Group: clk
Path Type: min

Fanout         Cap        Slew       Delay        Time   Description
---------------------------------------------------------------------------------------------
                                  0.000000    0.000000   clock clk (rise edge)
                                  0.000000    0.000000   clock source latency
   163    0.547821    1.892577    1.454111    1.454111 ^ clk (in)
                                                         clk (net)
                      1.960117    0.000000    1.454111 ^ _18560_/CLK (sky130_fd_sc_hd__dfrtp_1)
    34    0.148121    0.696604    1.132350    2.586461 v _18560_/Q (sky130_fd_sc_hd__dfrtp_1)
                                                         b_r[54] (net)
                      0.696712    0.007461    2.593922 v _09576_/C (sky130_fd_sc_hd__nand4_1)
     2    0.007976    0.223043    0.387410    2.981332 ^ _09576_/Y (sky130_fd_sc_hd__nand4_1)
                                                         _04712_ (net)
                      0.223043    0.000034    2.981365 ^ _12117_/A (sky130_fd_sc_hd__maj3_1)
     2    0.007286    0.088093    0.228015    3.209380 ^ _12117_/X (sky130_fd_sc_hd__maj3_1)
                                                         _02221_ (net)
                      0.088093    0.000078    3.209459 ^ _12124_/A (sky130_fd_sc_hd__xor2_1)
     2    0.012467    0.074457    0.119364    3.328823 v _12124_/X (sky130_fd_sc_hd__xor2_1)
                                                         _02229_ (net)
                      0.074461    0.000638    3.329461 v _12126_/A (sky130_fd_sc_hd__nand2_1)
     2    0.005991    0.066329    0.086552    3.416013 ^ _12126_/Y (sky130_fd_sc_hd__nand2_1)
                                                         _02231_ (net)
                      0.066329    0.000085    3.416097 ^ _18101_/A (sky130_fd_sc_hd__nand2_1)
     1    0.004695    0.044616    0.060713    3.476810 v _18101_/Y (sky130_fd_sc_hd__nand2_1)
                                                         _08802_ (net)
                      0.044616    0.000012    3.476822 v _18102_/B (sky130_fd_sc_hd__xnor2_1)
     3    0.012581    0.100965    0.171016    3.647838 v _18102_/Y (sky130_fd_sc_hd__xnor2_1)
                                                         _08804_ (net)
                      0.100972    0.000662    3.648500 v _18105_/B (sky130_fd_sc_hd__nor2_1)
     1    0.002553    0.078819    0.099903    3.748404 ^ _18105_/Y (sky130_fd_sc_hd__nor2_1)
                                                         _08807_ (net)
                      0.078819    0.000001    3.748405 ^ _18106_/B (sky130_fd_sc_hd__nor2_1)
     3    0.010011    0.053403    0.071829    3.820234 v _18106_/Y (sky130_fd_sc_hd__nor2_1)
                                                         _08808_ (net)
                      0.053403    0.000029    3.820262 v _18338_/A (sky130_fd_sc_hd__xnor2_1)
     2    0.006084    0.082291    0.197652    4.017915 ^ _18338_/Y (sky130_fd_sc_hd__xnor2_1)
                                                         _09063_ (net)
                      0.082291    0.000126    4.018040 ^ _18434_/A1 (sky130_fd_sc_hd__o21ai_0)
     1    0.028893    0.381200    0.330085    4.348125 v _18434_/Y (sky130_fd_sc_hd__o21ai_0)
                                                         fixed_pkg::s_narrow48$func$/headless/otolith/hdl/rtl/fixed_pkg.sv:130$9.$unnamed_block$1.v[33] (net)
                      0.381284    0.004756    4.352881 v _18605_/D (sky130_fd_sc_hd__dfrtp_1)
                                              4.352881   data arrival time

                                  0.000000    0.000000   clock clk (rise edge)
                                  0.000000    0.000000   clock source latency
   163    0.547821    1.892577    1.199735    1.199735 ^ clk (in)
                                                         clk (net)
                      1.893103    0.000000    1.199735 ^ _18605_/CLK (sky130_fd_sc_hd__dfrtp_1)
                                  0.250000    1.449735   clock uncertainty
                                  0.000000    1.449735   clock reconvergence pessimism
                                  0.036441    1.486176   library hold time
                                              1.486176   data required time
---------------------------------------------------------------------------------------------
                                              1.486176   data required time
                                             -4.352881   data arrival time
---------------------------------------------------------------------------------------------
                                              2.866706   slack (MET)


Startpoint: _18567_ (rising edge-triggered flip-flop clocked by clk)
Endpoint: _18619_ (rising edge-triggered flip-flop clocked by clk)
Path Group: clk
Path Type: min

Fanout         Cap        Slew       Delay        Time   Description
---------------------------------------------------------------------------------------------
                                  0.000000    0.000000   clock clk (rise edge)
                                  0.000000    0.000000   clock source latency
   163    0.547821    1.892577    1.355224    1.355224 ^ clk (in)
                                                         clk (net)
                      1.919493    0.000000    1.355224 ^ _18567_/CLK (sky130_fd_sc_hd__dfrtp_1)
    35    0.146274    0.690623    1.114772    2.469996 v _18567_/Q (sky130_fd_sc_hd__dfrtp_1)
                                                         b_r[61] (net)
                      0.695206    0.046230    2.516226 v _11150_/A (sky130_fd_sc_hd__nand4_1)
     2    0.007927    0.216158    0.331412    2.847638 ^ _11150_/Y (sky130_fd_sc_hd__nand4_1)
                                                         _01157_ (net)
                      0.216158    0.000022    2.847660 ^ _17132_/A (sky130_fd_sc_hd__maj3_1)
     2    0.007597    0.090912    0.228524    3.076185 ^ _17132_/X (sky130_fd_sc_hd__maj3_1)
                                                         _07738_ (net)
                      0.090912    0.000071    3.076255 ^ _17135_/B (sky130_fd_sc_hd__or3_1)
     2    0.004995    0.056211    0.123545    3.199800 ^ _17135_/X (sky130_fd_sc_hd__or3_1)
                                                         _07741_ (net)
                      0.056211    0.000040    3.199840 ^ _17136_/C (sky130_fd_sc_hd__nand3b_1)
     2    0.005761    0.077087    0.095873    3.295713 v _17136_/Y (sky130_fd_sc_hd__nand3b_1)
                                                         _07742_ (net)
                      0.077087    0.000067    3.295780 v _17139_/A (sky130_fd_sc_hd__nand2_1)
     3    0.011633    0.113651    0.123112    3.418892 ^ _17139_/Y (sky130_fd_sc_hd__nand2_1)
                                                         _07745_ (net)
                      0.113652    0.000167    3.419059 ^ _18043_/A (sky130_fd_sc_hd__xnor2_1)
     2    0.006394    0.060000    0.103934    3.522994 v _18043_/Y (sky130_fd_sc_hd__xnor2_1)
                                                         _08739_ (net)
                      0.060000    0.000058    3.523052 v _18044_/A_N (sky130_fd_sc_hd__nand2b_1)
     2    0.005294    0.057008    0.157369    3.680421 v _18044_/Y (sky130_fd_sc_hd__nand2b_1)
                                                         _08740_ (net)
                      0.057008    0.000051    3.680472 v _18127_/C1 (sky130_fd_sc_hd__o221ai_1)
     2    0.007770    0.118550    0.102435    3.782907 ^ _18127_/Y (sky130_fd_sc_hd__o221ai_1)
                                                         _08831_ (net)
                      0.118550    0.000166    3.783072 ^ _18131_/B1 (sky130_fd_sc_hd__a221o_1)
     3    0.012282    0.125789    0.215977    3.999049 ^ _18131_/X (sky130_fd_sc_hd__a221o_1)
                                                         _08835_ (net)
                      0.125790    0.000566    3.999615 ^ _18132_/B (sky130_fd_sc_hd__nor2_1)
     3    0.017369    0.085708    0.113826    4.113441 v _18132_/Y (sky130_fd_sc_hd__nor2_1)
                                                         _08837_ (net)
                      0.085708    0.000021    4.113462 v _18239_/A (sky130_fd_sc_hd__xor2_1)
     2    0.026927    0.130297    0.258127    4.371590 v _18239_/X (sky130_fd_sc_hd__xor2_1)
                                                         _08954_ (net)
                      0.130501    0.003434    4.375023 v _18451_/A1 (sky130_fd_sc_hd__o21ai_0)
     1    0.002296    0.122322    0.173646    4.548669 ^ _18451_/Y (sky130_fd_sc_hd__o21ai_0)
                                                         fixed_pkg::s_narrow48$func$/headless/otolith/hdl/rtl/fixed_pkg.sv:130$9.$unnamed_block$1.v[47] (net)
                      0.122322    0.000007    4.548676 ^ _18619_/D (sky130_fd_sc_hd__dfrtp_1)
                                              4.548676   data arrival time

                                  0.000000    0.000000   clock clk (rise edge)
                                  0.000000    0.000000   clock source latency
   163    0.547821    1.892577    1.375858    1.375858 ^ clk (in)
                                                         clk (net)
                      1.926449    0.000000    1.375858 ^ _18619_/CLK (sky130_fd_sc_hd__dfrtp_1)
                                  0.250000    1.625858   clock uncertainty
                                  0.000000    1.625858   clock reconvergence pessimism
                                  0.050441    1.676299   library hold time
                                              1.676299   data required time
---------------------------------------------------------------------------------------------
                                              1.676299   data required time
                                             -4.548676   data arrival time
---------------------------------------------------------------------------------------------
                                              2.872377   slack (MET)


Startpoint: _18567_ (rising edge-triggered flip-flop clocked by clk)
Endpoint: _18620_ (rising edge-triggered flip-flop clocked by clk)
Path Group: clk
Path Type: min

Fanout         Cap        Slew       Delay        Time   Description
---------------------------------------------------------------------------------------------
                                  0.000000    0.000000   clock clk (rise edge)
                                  0.000000    0.000000   clock source latency
   163    0.547821    1.892577    1.355224    1.355224 ^ clk (in)
                                                         clk (net)
                      1.919493    0.000000    1.355224 ^ _18567_/CLK (sky130_fd_sc_hd__dfrtp_1)
    35    0.146274    0.690623    1.114772    2.469996 v _18567_/Q (sky130_fd_sc_hd__dfrtp_1)
                                                         b_r[61] (net)
                      0.695206    0.046230    2.516226 v _11150_/A (sky130_fd_sc_hd__nand4_1)
     2    0.007927    0.216158    0.331412    2.847638 ^ _11150_/Y (sky130_fd_sc_hd__nand4_1)
                                                         _01157_ (net)
                      0.216158    0.000022    2.847660 ^ _17132_/A (sky130_fd_sc_hd__maj3_1)
     2    0.007597    0.090912    0.228524    3.076185 ^ _17132_/X (sky130_fd_sc_hd__maj3_1)
                                                         _07738_ (net)
                      0.090912    0.000071    3.076255 ^ _17135_/B (sky130_fd_sc_hd__or3_1)
     2    0.004995    0.056211    0.123545    3.199800 ^ _17135_/X (sky130_fd_sc_hd__or3_1)
                                                         _07741_ (net)
                      0.056211    0.000040    3.199840 ^ _17136_/C (sky130_fd_sc_hd__nand3b_1)
     2    0.005761    0.077087    0.095873    3.295713 v _17136_/Y (sky130_fd_sc_hd__nand3b_1)
                                                         _07742_ (net)
                      0.077087    0.000067    3.295780 v _17139_/A (sky130_fd_sc_hd__nand2_1)
     3    0.011633    0.113651    0.123112    3.418892 ^ _17139_/Y (sky130_fd_sc_hd__nand2_1)
                                                         _07745_ (net)
                      0.113652    0.000167    3.419059 ^ _18043_/A (sky130_fd_sc_hd__xnor2_1)
     2    0.006394    0.060000    0.103934    3.522994 v _18043_/Y (sky130_fd_sc_hd__xnor2_1)
                                                         _08739_ (net)
                      0.060000    0.000058    3.523052 v _18044_/A_N (sky130_fd_sc_hd__nand2b_1)
     2    0.005294    0.057008    0.157369    3.680421 v _18044_/Y (sky130_fd_sc_hd__nand2b_1)
                                                         _08740_ (net)
                      0.057008    0.000051    3.680472 v _18127_/C1 (sky130_fd_sc_hd__o221ai_1)
     2    0.007770    0.118550    0.102435    3.782907 ^ _18127_/Y (sky130_fd_sc_hd__o221ai_1)
                                                         _08831_ (net)
                      0.118550    0.000166    3.783072 ^ _18131_/B1 (sky130_fd_sc_hd__a221o_1)
     3    0.012282    0.125789    0.215977    3.999049 ^ _18131_/X (sky130_fd_sc_hd__a221o_1)
                                                         _08835_ (net)
                      0.125789    0.000520    3.999570 ^ _18238_/A2 (sky130_fd_sc_hd__o21ai_0)
     2    0.004873    0.074340    0.109078    4.108647 v _18238_/Y (sky130_fd_sc_hd__o21ai_0)
                                                         _08953_ (net)
                      0.074340    0.000009    4.108656 v _18304_/B (sky130_fd_sc_hd__nand2_1)
     1    0.005156    0.058187    0.089018    4.197674 ^ _18304_/Y (sky130_fd_sc_hd__nand2_1)
                                                         _09026_ (net)
                      0.058187    0.000028    4.197703 ^ _18305_/B (sky130_fd_sc_hd__xnor2_1)
     2    0.030957    0.347856    0.317783    4.515485 ^ _18305_/Y (sky130_fd_sc_hd__xnor2_1)
                                                         _09027_ (net)
                      0.347945    0.004635    4.520121 ^ _18452_/A1 (sky130_fd_sc_hd__o21ai_0)
     1    0.002349    0.084331    0.141565    4.661685 v _18452_/Y (sky130_fd_sc_hd__o21ai_0)
                                                         fixed_pkg::s_narrow48$func$/headless/otolith/hdl/rtl/fixed_pkg.sv:130$9.$unnamed_block$1.v[48] (net)
                      0.084331    0.000010    4.661695 v _18620_/D (sky130_fd_sc_hd__dfrtp_1)
                                              4.661695   data arrival time

                                  0.000000    0.000000   clock clk (rise edge)
                                  0.000000    0.000000   clock source latency
   163    0.547821    1.892577    1.354104    1.354104 ^ clk (in)
                                                         clk (net)
                      1.919139    0.000000    1.354104 ^ _18620_/CLK (sky130_fd_sc_hd__dfrtp_1)
                                  0.250000    1.604104   clock uncertainty
                                  0.000000    1.604104   clock reconvergence pessimism
                                  0.154591    1.758696   library hold time
                                              1.758696   data required time
---------------------------------------------------------------------------------------------
                                              1.758696   data required time
                                             -4.661695   data arrival time
---------------------------------------------------------------------------------------------
                                              2.902999   slack (MET)


Startpoint: _18552_ (rising edge-triggered flip-flop clocked by clk)
Endpoint: _18596_ (rising edge-triggered flip-flop clocked by clk)
Path Group: clk
Path Type: min

Fanout         Cap        Slew       Delay        Time   Description
---------------------------------------------------------------------------------------------
                                  0.000000    0.000000   clock clk (rise edge)
                                  0.000000    0.000000   clock source latency
   163    0.547821    1.892577    1.463776    1.463776 ^ clk (in)
                                                         clk (net)
                      1.965042    0.000000    1.463776 ^ _18552_/CLK (sky130_fd_sc_hd__dfrtp_1)
    34    0.156558    0.737012    1.156067    2.619844 v _18552_/Q (sky130_fd_sc_hd__dfrtp_1)
                                                         b_r[46] (net)
                      0.738675    0.027551    2.647395 v _10761_/C (sky130_fd_sc_hd__nand4_1)
     2    0.008755    0.239050    0.406733    3.054128 ^ _10761_/Y (sky130_fd_sc_hd__nand4_1)
                                                         _00729_ (net)
                      0.239050    0.000045    3.054173 ^ _11016_/A (sky130_fd_sc_hd__maj3_1)
     2    0.007135    0.086744    0.231060    3.285233 ^ _11016_/X (sky130_fd_sc_hd__maj3_1)
                                                         _01010_ (net)
                      0.086744    0.000070    3.285303 ^ _11021_/A (sky130_fd_sc_hd__xor2_1)
     2    0.006921    0.052544    0.091920    3.377223 v _11021_/X (sky130_fd_sc_hd__xor2_1)
                                                         _01015_ (net)
                      0.052544    0.000022    3.377245 v _15552_/A (sky130_fd_sc_hd__xnor2_1)
     3    0.009175    0.078749    0.158110    3.535355 v _15552_/Y (sky130_fd_sc_hd__xnor2_1)
                                                         _06000_ (net)
                      0.078749    0.000114    3.535470 v _17912_/B (sky130_fd_sc_hd__xnor2_1)
     2    0.007457    0.067161    0.158102    3.693572 v _17912_/Y (sky130_fd_sc_hd__xnor2_1)
                                                         _08595_ (net)
                      0.067161    0.000083    3.693655 v _17913_/B (sky130_fd_sc_hd__xnor2_1)
     3    0.010381    0.086746    0.168950    3.862605 v _17913_/Y (sky130_fd_sc_hd__xnor2_1)
                                                         _08596_ (net)
                      0.086746    0.000106    3.862711 v _18277_/A (sky130_fd_sc_hd__xor2_1)
     2    0.006694    0.165945    0.211817    4.074528 ^ _18277_/X (sky130_fd_sc_hd__xor2_1)
                                                         _08996_ (net)
                      0.165945    0.000021    4.074549 ^ _18425_/A1 (sky130_fd_sc_hd__o21ai_0)
     1    0.027770    0.367369    0.345631    4.420180 v _18425_/Y (sky130_fd_sc_hd__o21ai_0)
                                                         fixed_pkg::s_narrow48$func$/headless/otolith/hdl/rtl/fixed_pkg.sv:130$9.$unnamed_block$1.v[24] (net)
                      0.367444    0.004392    4.424572 v _18596_/D (sky130_fd_sc_hd__dfrtp_1)
                                              4.424572   data arrival time

                                  0.000000    0.000000   clock clk (rise edge)
                                  0.000000    0.000000   clock source latency
   163    0.547821    1.892577    1.200043    1.200043 ^ clk (in)
                                                         clk (net)
                      1.893115    0.000000    1.200043 ^ _18596_/CLK (sky130_fd_sc_hd__dfrtp_1)
                                  0.250000    1.450043   clock uncertainty
                                  0.000000    1.450043   clock reconvergence pessimism
                                  0.041852    1.491896   library hold time
                                              1.491896   data required time
---------------------------------------------------------------------------------------------
                                              1.491896   data required time
                                             -4.424572   data arrival time
---------------------------------------------------------------------------------------------
                                              2.932677   slack (MET)


Startpoint: _18567_ (rising edge-triggered flip-flop clocked by clk)
Endpoint: _18628_ (rising edge-triggered flip-flop clocked by clk)
Path Group: clk
Path Type: min

Fanout         Cap        Slew       Delay        Time   Description
---------------------------------------------------------------------------------------------
                                  0.000000    0.000000   clock clk (rise edge)
                                  0.000000    0.000000   clock source latency
   163    0.547821    1.892577    1.355224    1.355224 ^ clk (in)
                                                         clk (net)
                      1.919493    0.000000    1.355224 ^ _18567_/CLK (sky130_fd_sc_hd__dfrtp_1)
    35    0.146274    0.690623    1.114772    2.469996 v _18567_/Q (sky130_fd_sc_hd__dfrtp_1)
                                                         b_r[61] (net)
                      0.695206    0.046230    2.516226 v _11150_/A (sky130_fd_sc_hd__nand4_1)
     2    0.007927    0.216158    0.331412    2.847638 ^ _11150_/Y (sky130_fd_sc_hd__nand4_1)
                                                         _01157_ (net)
                      0.216158    0.000022    2.847660 ^ _17132_/A (sky130_fd_sc_hd__maj3_1)
     2    0.007597    0.090912    0.228524    3.076185 ^ _17132_/X (sky130_fd_sc_hd__maj3_1)
                                                         _07738_ (net)
                      0.090912    0.000071    3.076255 ^ _17135_/B (sky130_fd_sc_hd__or3_1)
     2    0.004995    0.056211    0.123545    3.199800 ^ _17135_/X (sky130_fd_sc_hd__or3_1)
                                                         _07741_ (net)
                      0.056211    0.000040    3.199840 ^ _17136_/C (sky130_fd_sc_hd__nand3b_1)
     2    0.005761    0.077087    0.095873    3.295713 v _17136_/Y (sky130_fd_sc_hd__nand3b_1)
                                                         _07742_ (net)
                      0.077087    0.000067    3.295780 v _17139_/A (sky130_fd_sc_hd__nand2_1)
     3    0.011633    0.113651    0.123112    3.418892 ^ _17139_/Y (sky130_fd_sc_hd__nand2_1)
                                                         _07745_ (net)
                      0.113651    0.000100    3.418993 ^ _17144_/A (sky130_fd_sc_hd__nor2_1)
     1    0.002790    0.037755    0.059927    3.478920 v _17144_/Y (sky130_fd_sc_hd__nor2_1)
                                                         _07751_ (net)
                      0.037755    0.000032    3.478952 v _17145_/C (sky130_fd_sc_hd__and3_1)
     2    0.005022    0.042658    0.182035    3.660987 v _17145_/X (sky130_fd_sc_hd__and3_1)
                                                         _07752_ (net)
                      0.042658    0.000029    3.661017 v _17146_/D (sky130_fd_sc_hd__nand4_1)
     3    0.022295    0.233160    0.208320    3.869337 ^ _17146_/Y (sky130_fd_sc_hd__nand4_1)
                                                         _07753_ (net)
                      0.233190    0.002178    3.871514 ^ _17164_/A (sky130_fd_sc_hd__nand2_1)
     3    0.010370    0.085736    0.140309    4.011824 v _17164_/Y (sky130_fd_sc_hd__nand2_1)
                                                         _07773_ (net)
                      0.085736    0.000002    4.011825 v _17860_/A (sky130_fd_sc_hd__xnor2_1)
     2    0.007327    0.066237    0.163506    4.175331 v _17860_/Y (sky130_fd_sc_hd__xnor2_1)
                                                         _08537_ (net)
                      0.066237    0.000035    4.175366 v _17861_/B (sky130_fd_sc_hd__xnor2_1)
     1    0.002496    0.037354    0.124505    4.299871 v _17861_/Y (sky130_fd_sc_hd__xnor2_1)
                                                         _08538_ (net)
                      0.037354    0.000008    4.299878 v _17862_/A (sky130_fd_sc_hd__inv_1)
     3    0.011492    0.101472    0.095108    4.394986 ^ _17862_/Y (sky130_fd_sc_hd__inv_1)
                                                         _08540_ (net)
                      0.101472    0.000105    4.395092 ^ _18224_/A (sky130_fd_sc_hd__xnor2_1)
     2    0.020466    0.156604    0.177091    4.572183 v _18224_/Y (sky130_fd_sc_hd__xnor2_1)
                                                         _08938_ (net)
                      0.156696    0.002108    4.574291 v _18461_/B (sky130_fd_sc_hd__nand2b_1)
     1    0.002754    0.065408    0.110965    4.685256 ^ _18461_/Y (sky130_fd_sc_hd__nand2b_1)
                                                         _09141_ (net)
                      0.065408    0.000010    4.685266 ^ _18462_/B (sky130_fd_sc_hd__nand2_1)
     1    0.003021    0.032860    0.054579    4.739845 v _18462_/Y (sky130_fd_sc_hd__nand2_1)
                                                         fixed_pkg::s_narrow48$func$/headless/otolith/hdl/rtl/fixed_pkg.sv:130$9.$unnamed_block$1.v[56] (net)
                      0.032860    0.000031    4.739875 v _18628_/D (sky130_fd_sc_hd__dfrtp_1)
                                              4.739875   data arrival time

                                  0.000000    0.000000   clock clk (rise edge)
                                  0.000000    0.000000   clock source latency
   163    0.547821    1.892577    1.355207    1.355207 ^ clk (in)
                                                         clk (net)
                      1.919487    0.000000    1.355207 ^ _18628_/CLK (sky130_fd_sc_hd__dfrtp_1)
                                  0.250000    1.605207   clock uncertainty
                                  0.000000    1.605207   clock reconvergence pessimism
                                  0.174727    1.779933   library hold time
                                              1.779933   data required time
---------------------------------------------------------------------------------------------
                                              1.779933   data required time
                                             -4.739875   data arrival time
---------------------------------------------------------------------------------------------
                                              2.959942   slack (MET)


Startpoint: _18552_ (rising edge-triggered flip-flop clocked by clk)
Endpoint: _18597_ (rising edge-triggered flip-flop clocked by clk)
Path Group: clk
Path Type: min

Fanout         Cap        Slew       Delay        Time   Description
---------------------------------------------------------------------------------------------
                                  0.000000    0.000000   clock clk (rise edge)
                                  0.000000    0.000000   clock source latency
   163    0.547821    1.892577    1.463776    1.463776 ^ clk (in)
                                                         clk (net)
                      1.965042    0.000000    1.463776 ^ _18552_/CLK (sky130_fd_sc_hd__dfrtp_1)
    34    0.156558    0.737012    1.156067    2.619844 v _18552_/Q (sky130_fd_sc_hd__dfrtp_1)
                                                         b_r[46] (net)
                      0.738675    0.027551    2.647395 v _10761_/C (sky130_fd_sc_hd__nand4_1)
     2    0.008755    0.239050    0.406733    3.054128 ^ _10761_/Y (sky130_fd_sc_hd__nand4_1)
                                                         _00729_ (net)
                      0.239050    0.000045    3.054173 ^ _11016_/A (sky130_fd_sc_hd__maj3_1)
     2    0.007135    0.086744    0.231060    3.285233 ^ _11016_/X (sky130_fd_sc_hd__maj3_1)
                                                         _01010_ (net)
                      0.086744    0.000070    3.285303 ^ _11021_/A (sky130_fd_sc_hd__xor2_1)
     2    0.006921    0.052544    0.091920    3.377223 v _11021_/X (sky130_fd_sc_hd__xor2_1)
                                                         _01015_ (net)
                      0.052544    0.000019    3.377242 v _11140_/A (sky130_fd_sc_hd__nand2_1)
     2    0.004826    0.054158    0.069575    3.446817 ^ _11140_/Y (sky130_fd_sc_hd__nand2_1)
                                                         _01146_ (net)
                      0.054158    0.000018    3.446836 ^ _17907_/B1 (sky130_fd_sc_hd__o21ai_0)
     1    0.004816    0.073246    0.093708    3.540544 v _17907_/Y (sky130_fd_sc_hd__o21ai_0)
                                                         _08589_ (net)
                      0.073246    0.000018    3.540562 v _17908_/B (sky130_fd_sc_hd__xnor2_1)
     3    0.012517    0.101305    0.183166    3.723729 v _17908_/Y (sky130_fd_sc_hd__xnor2_1)
                                                         _08590_ (net)
                      0.101305    0.000345    3.724073 v _17910_/B (sky130_fd_sc_hd__xnor2_1)
     2    0.006338    0.067680    0.161947    3.886020 v _17910_/Y (sky130_fd_sc_hd__xnor2_1)
                                                         _08592_ (net)
                      0.067680    0.000015    3.886035 v _18280_/A (sky130_fd_sc_hd__xor2_1)
     2    0.007513    0.180830    0.214993    4.101028 ^ _18280_/X (sky130_fd_sc_hd__xor2_1)
                                                         _08999_ (net)
                      0.180830    0.000208    4.101236 ^ _18426_/A1 (sky130_fd_sc_hd__o21ai_0)
     1    0.027391    0.362774    0.346754    4.447990 v _18426_/Y (sky130_fd_sc_hd__o21ai_0)
                                                         fixed_pkg::s_narrow48$func$/headless/otolith/hdl/rtl/fixed_pkg.sv:130$9.$unnamed_block$1.v[25] (net)
                      0.362845    0.004273    4.452263 v _18597_/D (sky130_fd_sc_hd__dfrtp_1)
                                              4.452263   data arrival time

                                  0.000000    0.000000   clock clk (rise edge)
                                  0.000000    0.000000   clock source latency
   163    0.547821    1.892577    1.198475    1.198475 ^ clk (in)
                                                         clk (net)
                      1.893056    0.000000    1.198475 ^ _18597_/CLK (sky130_fd_sc_hd__dfrtp_1)
                                  0.250000    1.448475   clock uncertainty
                                  0.000000    1.448475   clock reconvergence pessimism
                                  0.043645    1.492121   library hold time
                                              1.492121   data required time
---------------------------------------------------------------------------------------------
                                              1.492121   data required time
                                             -4.452263   data arrival time
---------------------------------------------------------------------------------------------
                                              2.960143   slack (MET)


Startpoint: _18547_ (rising edge-triggered flip-flop clocked by clk)
Endpoint: _18593_ (rising edge-triggered flip-flop clocked by clk)
Path Group: clk
Path Type: min

Fanout         Cap        Slew       Delay        Time   Description
---------------------------------------------------------------------------------------------
                                  0.000000    0.000000   clock clk (rise edge)
                                  0.000000    0.000000   clock source latency
   163    0.547821    1.892577    1.465093    1.465093 ^ clk (in)
                                                         clk (net)
                      1.965726    0.000000    1.465093 ^ _18547_/CLK (sky130_fd_sc_hd__dfrtp_1)
    36    0.166203    0.780249    1.192230    2.657324 v _18547_/Q (sky130_fd_sc_hd__dfrtp_1)
                                                         b_r[41] (net)
                      0.781982    0.029106    2.686429 v _13774_/D (sky130_fd_sc_hd__nand4_1)
     2    0.008469    0.233466    0.397566    3.083995 ^ _13774_/Y (sky130_fd_sc_hd__nand4_1)
                                                         _04044_ (net)
                      0.233466    0.000063    3.084058 ^ _13936_/A (sky130_fd_sc_hd__maj3_1)
     2    0.007235    0.087642    0.230367    3.314425 ^ _13936_/X (sky130_fd_sc_hd__maj3_1)
                                                         _04222_ (net)
                      0.087642    0.000035    3.314460 ^ _13941_/A (sky130_fd_sc_hd__xor2_1)
     2    0.003451    0.038738    0.073996    3.388456 v _13941_/X (sky130_fd_sc_hd__xor2_1)
                                                         _04227_ (net)
                      0.038738    0.000012    3.388468 v _13979_/B1 (sky130_fd_sc_hd__o21ai_0)
     3    0.009809    0.162249    0.135538    3.524006 ^ _13979_/Y (sky130_fd_sc_hd__o21ai_0)
                                                         _04269_ (net)
                      0.162249    0.000230    3.524236 ^ _17999_/B1 (sky130_fd_sc_hd__o21ai_0)
     1    0.004417    0.076816    0.125808    3.650043 v _17999_/Y (sky130_fd_sc_hd__o21ai_0)
                                                         _08690_ (net)
                      0.076816    0.000012    3.650055 v _18000_/B (sky130_fd_sc_hd__xor2_1)
     2    0.006762    0.173208    0.189679    3.839735 ^ _18000_/X (sky130_fd_sc_hd__xor2_1)
                                                         _08691_ (net)
                      0.173208    0.000054    3.839789 ^ _18002_/B (sky130_fd_sc_hd__xor2_1)
     3    0.009570    0.062829    0.128183    3.967972 v _18002_/X (sky130_fd_sc_hd__xor2_1)
                                                         _08694_ (net)
                      0.062829    0.000085    3.968057 v _18339_/A (sky130_fd_sc_hd__xnor2_1)
     2    0.004614    0.068354    0.179078    4.147135 ^ _18339_/Y (sky130_fd_sc_hd__xnor2_1)
                                                         _09064_ (net)
                      0.068354    0.000042    4.147176 ^ _18422_/A1 (sky130_fd_sc_hd__o21ai_0)
     1    0.027055    0.358165    0.309079    4.456255 v _18422_/Y (sky130_fd_sc_hd__o21ai_0)
                                                         fixed_pkg::s_narrow48$func$/headless/otolith/hdl/rtl/fixed_pkg.sv:130$9.$unnamed_block$1.v[21] (net)
                      0.358233    0.004168    4.460423 v _18593_/D (sky130_fd_sc_hd__dfrtp_1)
                                              4.460423   data arrival time

                                  0.000000    0.000000   clock clk (rise edge)
                                  0.000000    0.000000   clock source latency
   163    0.547821    1.892577    1.199795    1.199795 ^ clk (in)
                                                         clk (net)
                      1.893106    0.000000    1.199795 ^ _18593_/CLK (sky130_fd_sc_hd__dfrtp_1)
                                  0.250000    1.449795   clock uncertainty
                                  0.000000    1.449795   clock reconvergence pessimism
                                  0.045452    1.495247   library hold time
                                              1.495247   data required time
---------------------------------------------------------------------------------------------
                                              1.495247   data required time
                                             -4.460423   data arrival time
---------------------------------------------------------------------------------------------
                                              2.965176   slack (MET)


Startpoint: _18567_ (rising edge-triggered flip-flop clocked by clk)
Endpoint: _18624_ (rising edge-triggered flip-flop clocked by clk)
Path Group: clk
Path Type: min

Fanout         Cap        Slew       Delay        Time   Description
---------------------------------------------------------------------------------------------
                                  0.000000    0.000000   clock clk (rise edge)
                                  0.000000    0.000000   clock source latency
   163    0.547821    1.892577    1.355224    1.355224 ^ clk (in)
                                                         clk (net)
                      1.919493    0.000000    1.355224 ^ _18567_/CLK (sky130_fd_sc_hd__dfrtp_1)
    35    0.146274    0.690623    1.114772    2.469996 v _18567_/Q (sky130_fd_sc_hd__dfrtp_1)
                                                         b_r[61] (net)
                      0.695206    0.046230    2.516226 v _11150_/A (sky130_fd_sc_hd__nand4_1)
     2    0.007927    0.216158    0.331412    2.847638 ^ _11150_/Y (sky130_fd_sc_hd__nand4_1)
                                                         _01157_ (net)
                      0.216158    0.000022    2.847660 ^ _17132_/A (sky130_fd_sc_hd__maj3_1)
     2    0.007597    0.090912    0.228524    3.076185 ^ _17132_/X (sky130_fd_sc_hd__maj3_1)
                                                         _07738_ (net)
                      0.090912    0.000061    3.076246 ^ _17140_/A (sky130_fd_sc_hd__xnor2_1)
     2    0.007017    0.091814    0.150914    3.227159 ^ _17140_/Y (sky130_fd_sc_hd__xnor2_1)
                                                         _07746_ (net)
                      0.091814    0.000069    3.227228 ^ _17143_/A (sky130_fd_sc_hd__xor2_1)
     4    0.012235    0.073367    0.119557    3.346785 v _17143_/X (sky130_fd_sc_hd__xor2_1)
                                                         _07750_ (net)
                      0.073367    0.000210    3.346996 v _18056_/B (sky130_fd_sc_hd__xor2_1)
     2    0.007258    0.176208    0.195105    3.542101 ^ _18056_/X (sky130_fd_sc_hd__xor2_1)
                                                         _08753_ (net)
                      0.176208    0.000071    3.542172 ^ _18057_/B (sky130_fd_sc_hd__xor2_1)
     3    0.010563    0.066796    0.134308    3.676480 v _18057_/X (sky130_fd_sc_hd__xor2_1)
                                                         _08754_ (net)
                      0.066796    0.000129    3.676609 v _18058_/C (sky130_fd_sc_hd__nand3b_1)
     2    0.007218    0.088602    0.117377    3.793986 ^ _18058_/Y (sky130_fd_sc_hd__nand3b_1)
                                                         _08755_ (net)
                      0.088602    0.000132    3.794118 ^ _18080_/A (sky130_fd_sc_hd__nor3_1)
     2    0.005360    0.036793    0.070495    3.864612 v _18080_/Y (sky130_fd_sc_hd__nor3_1)
                                                         _08779_ (net)
                      0.036793    0.000030    3.864642 v _18117_/A (sky130_fd_sc_hd__nand2_1)
     1    0.002706    0.037683    0.049559    3.914202 ^ _18117_/Y (sky130_fd_sc_hd__nand2_1)
                                                         _08820_ (net)
                      0.037683    0.000006    3.914208 ^ _18118_/C (sky130_fd_sc_hd__nor3_1)
     3    0.011938    0.062218    0.067033    3.981241 v _18118_/Y (sky130_fd_sc_hd__nor3_1)
                                                         _08821_ (net)
                      0.062226    0.000569    3.981811 v _18198_/A1 (sky130_fd_sc_hd__o21bai_1)
     2    0.005776    0.084993    0.177801    4.159612 ^ _18198_/Y (sky130_fd_sc_hd__o21bai_1)
                                                         _08909_ (net)
                      0.084993    0.000044    4.159656 ^ _18199_/A2 (sky130_fd_sc_hd__a21oi_1)
     3    0.007679    0.071987    0.096916    4.256572 v _18199_/Y (sky130_fd_sc_hd__a21oi_1)
                                                         _08910_ (net)
                      0.071987    0.000060    4.256631 v _18300_/B (sky130_fd_sc_hd__nor2_1)
     1    0.004901    0.113522    0.117482    4.374114 ^ _18300_/Y (sky130_fd_sc_hd__nor2_1)
                                                         _09021_ (net)
                      0.113522    0.000014    4.374127 ^ _18301_/B (sky130_fd_sc_hd__xnor2_1)
     2    0.020921    0.239527    0.261300    4.635428 ^ _18301_/Y (sky130_fd_sc_hd__xnor2_1)
                                                         _09022_ (net)
                      0.239550    0.001949    4.637376 ^ _18457_/A1 (sky130_fd_sc_hd__o21ai_0)
     1    0.002344    0.071305    0.123296    4.760672 v _18457_/Y (sky130_fd_sc_hd__o21ai_0)
                                                         fixed_pkg::s_narrow48$func$/headless/otolith/hdl/rtl/fixed_pkg.sv:130$9.$unnamed_block$1.v[52] (net)
                      0.071305    0.000010    4.760682 v _18624_/D (sky130_fd_sc_hd__dfrtp_1)
                                              4.760682   data arrival time

                                  0.000000    0.000000   clock clk (rise edge)
                                  0.000000    0.000000   clock source latency
   163    0.547821    1.892577    1.382719    1.382719 ^ clk (in)
                                                         clk (net)
                      1.928944    0.000000    1.382719 ^ _18624_/CLK (sky130_fd_sc_hd__dfrtp_1)
                                  0.250000    1.632719   clock uncertainty
                                  0.000000    1.632719   clock reconvergence pessimism
                                  0.160456    1.793176   library hold time
                                              1.793176   data required time
---------------------------------------------------------------------------------------------
                                              1.793176   data required time
                                             -4.760682   data arrival time
---------------------------------------------------------------------------------------------
                                              2.967506   slack (MET)


Startpoint: _18555_ (rising edge-triggered flip-flop clocked by clk)
Endpoint: _18600_ (rising edge-triggered flip-flop clocked by clk)
Path Group: clk
Path Type: min

Fanout         Cap        Slew       Delay        Time   Description
---------------------------------------------------------------------------------------------
                                  0.000000    0.000000   clock clk (rise edge)
                                  0.000000    0.000000   clock source latency
   163    0.547821    1.892577    1.465319    1.465319 ^ clk (in)
                                                         clk (net)
                      1.965843    0.000000    1.465319 ^ _18555_/CLK (sky130_fd_sc_hd__dfrtp_1)
    34    0.157943    0.744512    1.156748    2.622067 v _18555_/Q (sky130_fd_sc_hd__dfrtp_1)
                                                         b_r[49] (net)
                      0.745852    0.023980    2.646047 v _10296_/D (sky130_fd_sc_hd__nand4_1)
     2    0.008111    0.230021    0.385019    3.031065 ^ _10296_/Y (sky130_fd_sc_hd__nand4_1)
                                                         _00254_ (net)
                      0.230021    0.000038    3.031104 ^ _10437_/A (sky130_fd_sc_hd__maj3_1)
     2    0.008040    0.094768    0.235360    3.266464 ^ _10437_/X (sky130_fd_sc_hd__maj3_1)
                                                         _00395_ (net)
                      0.094768    0.000085    3.266549 ^ _10554_/A (sky130_fd_sc_hd__xor2_1)
     2    0.008706    0.059306    0.103074    3.369623 v _10554_/X (sky130_fd_sc_hd__xor2_1)
                                                         _00512_ (net)
                      0.059306    0.000184    3.369807 v _10670_/A (sky130_fd_sc_hd__xnor2_1)
     4    0.012776    0.103195    0.180473    3.550280 v _10670_/Y (sky130_fd_sc_hd__xnor2_1)
                                                         _00629_ (net)
                      0.103195    0.000189    3.550468 v _17876_/A (sky130_fd_sc_hd__xnor2_1)
     1    0.004249    0.046137    0.154117    3.704586 v _17876_/Y (sky130_fd_sc_hd__xnor2_1)
                                                         _08555_ (net)
                      0.046137    0.000075    3.704661 v _17877_/A (sky130_fd_sc_hd__inv_1)
     2    0.007987    0.073542    0.078766    3.783427 ^ _17877_/Y (sky130_fd_sc_hd__inv_1)
                                                         _08556_ (net)
                      0.073542    0.000074    3.783502 ^ _17879_/B (sky130_fd_sc_hd__xnor2_1)
     3    0.009967    0.083051    0.102564    3.886066 v _17879_/Y (sky130_fd_sc_hd__xnor2_1)
                                                         _08558_ (net)
                      0.083051    0.000112    3.886178 v _18337_/A (sky130_fd_sc_hd__xor2_1)
     2    0.007768    0.185468    0.224785    4.110963 ^ _18337_/X (sky130_fd_sc_hd__xor2_1)
                                                         _09062_ (net)
                      0.185510    0.000240    4.111204 ^ _18429_/A1 (sky130_fd_sc_hd__o21ai_0)
     1    0.027962    0.369995    0.353383    4.464586 v _18429_/Y (sky130_fd_sc_hd__o21ai_0)
                                                         fixed_pkg::s_narrow48$func$/headless/otolith/hdl/rtl/fixed_pkg.sv:130$9.$unnamed_block$1.v[28] (net)
                      0.370071    0.004454    4.469040 v _18600_/D (sky130_fd_sc_hd__dfrtp_1)
                                              4.469040   data arrival time

                                  0.000000    0.000000   clock clk (rise edge)
                                  0.000000    0.000000   clock source latency
   163    0.547821    1.892577    1.199677    1.199677 ^ clk (in)
                                                         clk (net)
                      1.893101    0.000000    1.199677 ^ _18600_/CLK (sky130_fd_sc_hd__dfrtp_1)
                                  0.250000    1.449677   clock uncertainty
                                  0.000000    1.449677   clock reconvergence pessimism
                                  0.040824    1.490501   library hold time
                                              1.490501   data required time
---------------------------------------------------------------------------------------------
                                              1.490501   data required time
                                             -4.469040   data arrival time
---------------------------------------------------------------------------------------------
                                              2.978539   slack (MET)


Startpoint: _18558_ (rising edge-triggered flip-flop clocked by clk)
Endpoint: _18603_ (rising edge-triggered flip-flop clocked by clk)
Path Group: clk
Path Type: min

Fanout         Cap        Slew       Delay        Time   Description
---------------------------------------------------------------------------------------------
                                  0.000000    0.000000   clock clk (rise edge)
                                  0.000000    0.000000   clock source latency
   163    0.547821    1.892577    1.463644    1.463644 ^ clk (in)
                                                         clk (net)
                      1.964974    0.000000    1.463644 ^ _18558_/CLK (sky130_fd_sc_hd__dfrtp_1)
    36    0.158430    0.746770    1.158243    2.621886 v _18558_/Q (sky130_fd_sc_hd__dfrtp_1)
                                                         b_r[52] (net)
                      0.748091    0.023799    2.645685 v _09938_/C (sky130_fd_sc_hd__nand4_1)
     2    0.008676    0.234116    0.408481    3.054166 ^ _09938_/Y (sky130_fd_sc_hd__nand4_1)
                                                         _08693_ (net)
                      0.234116    0.000009    3.054176 ^ _10317_/A (sky130_fd_sc_hd__maj3_1)
     2    0.007722    0.092008    0.234102    3.288278 ^ _10317_/X (sky130_fd_sc_hd__maj3_1)
                                                         _00275_ (net)
                      0.092008    0.000048    3.288326 ^ _10323_/A (sky130_fd_sc_hd__xnor2_1)
     2    0.007693    0.068707    0.104863    3.393188 v _10323_/Y (sky130_fd_sc_hd__xnor2_1)
                                                         _00281_ (net)
                      0.068707    0.000089    3.393277 v _10434_/A (sky130_fd_sc_hd__nand2_1)
     2    0.005786    0.064045    0.082733    3.476010 ^ _10434_/Y (sky130_fd_sc_hd__nand2_1)
                                                         _00392_ (net)
                      0.064045    0.000046    3.476056 ^ _18110_/B1 (sky130_fd_sc_hd__o21a_1)
     1    0.004940    0.059089    0.127504    3.603560 ^ _18110_/X (sky130_fd_sc_hd__o21a_1)
                                                         _08812_ (net)
                      0.059089    0.000023    3.603584 ^ _18111_/B (sky130_fd_sc_hd__xor2_1)
     2    0.012073    0.072834    0.104733    3.708316 v _18111_/X (sky130_fd_sc_hd__xor2_1)
                                                         _08813_ (net)
                      0.072837    0.000570    3.708887 v _18113_/B (sky130_fd_sc_hd__xnor2_1)
     4    0.012458    0.111158    0.182764    3.891651 v _18113_/Y (sky130_fd_sc_hd__xnor2_1)
                                                         _08816_ (net)
                      0.111158    0.000154    3.891805 v _18274_/B (sky130_fd_sc_hd__xnor2_1)
     2    0.007238    0.094622    0.219637    4.111442 ^ _18274_/Y (sky130_fd_sc_hd__xnor2_1)
                                                         _08993_ (net)
                      0.094622    0.000140    4.111581 ^ _18432_/A1 (sky130_fd_sc_hd__o21ai_0)
     1    0.030040    0.395566    0.344307    4.455889 v _18432_/Y (sky130_fd_sc_hd__o21ai_0)
                                                         fixed_pkg::s_narrow48$func$/headless/otolith/hdl/rtl/fixed_pkg.sv:130$9.$unnamed_block$1.v[31] (net)
                      0.395661    0.005143    4.461031 v _18603_/D (sky130_fd_sc_hd__dfrtp_1)
                                              4.461031   data arrival time

                                  0.000000    0.000000   clock clk (rise edge)
                                  0.000000    0.000000   clock source latency
   163    0.547821    1.892577    1.199550    1.199550 ^ clk (in)
                                                         clk (net)
                      1.893096    0.000000    1.199550 ^ _18603_/CLK (sky130_fd_sc_hd__dfrtp_1)
                                  0.250000    1.449550   clock uncertainty
                                  0.000000    1.449550   clock reconvergence pessimism
                                  0.030820    1.480370   library hold time
                                              1.480370   data required time
---------------------------------------------------------------------------------------------
                                              1.480370   data required time
                                             -4.461031   data arrival time
---------------------------------------------------------------------------------------------
                                              2.980662   slack (MET)


Startpoint: _18569_ (rising edge-triggered flip-flop clocked by clk)
Endpoint: _18634_ (rising edge-triggered flip-flop clocked by clk)
Path Group: clk
Path Type: min

Fanout         Cap        Slew       Delay        Time   Description
---------------------------------------------------------------------------------------------
                                  0.000000    0.000000   clock clk (rise edge)
                                  0.000000    0.000000   clock source latency
   163    0.547821    1.892577    1.355300    1.355300 ^ clk (in)
                                                         clk (net)
                      1.919517    0.000000    1.355300 ^ _18569_/CLK (sky130_fd_sc_hd__dfrtp_1)
    47    0.150375    0.707795    1.133309    2.488609 v _18569_/Q (sky130_fd_sc_hd__dfrtp_1)
                                                         b_r[63] (net)
                      0.709444    0.026117    2.514726 v _09286_/A (sky130_fd_sc_hd__nand3_1)
     3    0.007725    0.101073    0.320343    2.835069 ^ _09286_/Y (sky130_fd_sc_hd__nand3_1)
                                                         _01522_ (net)
                      0.101073    0.000064    2.835134 ^ _17453_/A2 (sky130_fd_sc_hd__o22ai_1)
     2    0.008215    0.080393    0.113282    2.948415 v _17453_/Y (sky130_fd_sc_hd__o22ai_1)
                                                         _08091_ (net)
                      0.080393    0.000110    2.948525 v _17454_/B (sky130_fd_sc_hd__nand2_1)
     1    0.002793    0.041190    0.076649    3.025174 ^ _17454_/Y (sky130_fd_sc_hd__nand2_1)
                                                         _08092_ (net)
                      0.041190    0.000010    3.025185 ^ _17455_/B1 (sky130_fd_sc_hd__o21a_1)
     2    0.009667    0.099524    0.151763    3.176948 ^ _17455_/X (sky130_fd_sc_hd__o21a_1)
                                                         _08093_ (net)
                      0.099524    0.000143    3.177090 ^ _17457_/C (sky130_fd_sc_hd__maj3_1)
     2    0.008018    0.097316    0.209114    3.386204 ^ _17457_/X (sky130_fd_sc_hd__maj3_1)
                                                         _08095_ (net)
                      0.097316    0.000030    3.386234 ^ _17581_/A (sky130_fd_sc_hd__xnor2_1)
     2    0.009743    0.120481    0.173249    3.559483 ^ _17581_/Y (sky130_fd_sc_hd__xnor2_1)
                                                         _08231_ (net)
                      0.120481    0.000238    3.559721 ^ _17594_/A (sky130_fd_sc_hd__xor2_1)
     1    0.004950    0.044697    0.091586    3.651307 v _17594_/X (sky130_fd_sc_hd__xor2_1)
                                                         _08246_ (net)
                      0.044697    0.000026    3.651333 v _17595_/B (sky130_fd_sc_hd__xnor2_1)
     2    0.005536    0.058657    0.132855    3.784188 v _17595_/Y (sky130_fd_sc_hd__xnor2_1)
                                                         _08247_ (net)
                      0.058657    0.000056    3.784244 v _17606_/A (sky130_fd_sc_hd__nand2_1)
     2    0.005692    0.062187    0.077724    3.861968 ^ _17606_/Y (sky130_fd_sc_hd__nand2_1)
                                                         _08259_ (net)
                      0.062187    0.000040    3.862009 ^ _17607_/B (sky130_fd_sc_hd__nand2b_1)
     2    0.007061    0.063072    0.078228    3.940237 v _17607_/Y (sky130_fd_sc_hd__nand2b_1)
                                                         _08260_ (net)
                      0.063072    0.000079    3.940315 v _17826_/A (sky130_fd_sc_hd__xnor2_1)
     2    0.007098    0.064725    0.151815    4.092131 v _17826_/Y (sky130_fd_sc_hd__xnor2_1)
                                                         _08500_ (net)
                      0.064725    0.000071    4.092202 v _17827_/B (sky130_fd_sc_hd__xor2_1)
     3    0.010909    0.243213    0.241601    4.333803 ^ _17827_/X (sky130_fd_sc_hd__xor2_1)
                                                         _08501_ (net)
                      0.243213    0.000040    4.333844 ^ _18190_/A (sky130_fd_sc_hd__xnor2_1)
     2    0.020336    0.233366    0.281287    4.615130 ^ _18190_/Y (sky130_fd_sc_hd__xnor2_1)
                                                         _08900_ (net)
                      0.233387    0.001802    4.616933 ^ _18472_/A1 (sky130_fd_sc_hd__o21ai_0)
     1    0.003043    0.075787    0.129854    4.746787 v _18472_/Y (sky130_fd_sc_hd__o21ai_0)
                                                         fixed_pkg::s_narrow48$func$/headless/otolith/hdl/rtl/fixed_pkg.sv:130$9.$unnamed_block$1.v[62] (net)
                      0.075787    0.000031    4.746818 v _18634_/D (sky130_fd_sc_hd__dfrtp_1)
                                              4.746818   data arrival time

                                  0.000000    0.000000   clock clk (rise edge)
                                  0.000000    0.000000   clock source latency
   163    0.547821    1.892577    1.354742    1.354742 ^ clk (in)
                                                         clk (net)
                      1.919340    0.000000    1.354742 ^ _18634_/CLK (sky130_fd_sc_hd__dfrtp_1)
                                  0.250000    1.604742   clock uncertainty
                                  0.000000    1.604742   clock reconvergence pessimism
                                  0.157945    1.762687   library hold time
                                              1.762687   data required time
---------------------------------------------------------------------------------------------
                                              1.762687   data required time
                                             -4.746818   data arrival time
---------------------------------------------------------------------------------------------
                                              2.984131   slack (MET)


Startpoint: _18567_ (rising edge-triggered flip-flop clocked by clk)
Endpoint: _18622_ (rising edge-triggered flip-flop clocked by clk)
Path Group: clk
Path Type: min

Fanout         Cap        Slew       Delay        Time   Description
---------------------------------------------------------------------------------------------
                                  0.000000    0.000000   clock clk (rise edge)
                                  0.000000    0.000000   clock source latency
   163    0.547821    1.892577    1.355224    1.355224 ^ clk (in)
                                                         clk (net)
                      1.919493    0.000000    1.355224 ^ _18567_/CLK (sky130_fd_sc_hd__dfrtp_1)
    35    0.146274    0.690623    1.114772    2.469996 v _18567_/Q (sky130_fd_sc_hd__dfrtp_1)
                                                         b_r[61] (net)
                      0.695206    0.046230    2.516226 v _11150_/A (sky130_fd_sc_hd__nand4_1)
     2    0.007927    0.216158    0.331412    2.847638 ^ _11150_/Y (sky130_fd_sc_hd__nand4_1)
                                                         _01157_ (net)
                      0.216158    0.000022    2.847660 ^ _17132_/A (sky130_fd_sc_hd__maj3_1)
     2    0.007597    0.090912    0.228524    3.076185 ^ _17132_/X (sky130_fd_sc_hd__maj3_1)
                                                         _07738_ (net)
                      0.090912    0.000061    3.076246 ^ _17140_/A (sky130_fd_sc_hd__xnor2_1)
     2    0.007017    0.091814    0.150914    3.227159 ^ _17140_/Y (sky130_fd_sc_hd__xnor2_1)
                                                         _07746_ (net)
                      0.091814    0.000069    3.227228 ^ _17143_/A (sky130_fd_sc_hd__xor2_1)
     4    0.012235    0.073367    0.119557    3.346785 v _17143_/X (sky130_fd_sc_hd__xor2_1)
                                                         _07750_ (net)
                      0.073367    0.000200    3.346985 v _17144_/B (sky130_fd_sc_hd__nor2_1)
     1    0.002926    0.078898    0.093587    3.440572 ^ _17144_/Y (sky130_fd_sc_hd__nor2_1)
                                                         _07751_ (net)
                      0.078898    0.000034    3.440606 ^ _17145_/C (sky130_fd_sc_hd__and3_1)
     2    0.005459    0.071789    0.174624    3.615230 ^ _17145_/X (sky130_fd_sc_hd__and3_1)
                                                         _07752_ (net)
                      0.071789    0.000032    3.615263 ^ _17841_/A3 (sky130_fd_sc_hd__a31oi_1)
     3    0.012899    0.066937    0.151704    3.766967 v _17841_/Y (sky130_fd_sc_hd__a31oi_1)
                                                         _08516_ (net)
                      0.066940    0.000373    3.767340 v _17842_/B (sky130_fd_sc_hd__nor2_1)
     1    0.002547    0.075332    0.086347    3.853687 ^ _17842_/Y (sky130_fd_sc_hd__nor2_1)
                                                         _08518_ (net)
                      0.075332    0.000001    3.853688 ^ _18151_/B (sky130_fd_sc_hd__nor2_1)
     1    0.004392    0.033324    0.050209    3.903898 v _18151_/Y (sky130_fd_sc_hd__nor2_1)
                                                         _08857_ (net)
                      0.033324    0.000011    3.903909 v _18152_/B (sky130_fd_sc_hd__xor2_1)
     2    0.008165    0.192715    0.192151    4.096060 ^ _18152_/X (sky130_fd_sc_hd__xor2_1)
                                                         _08859_ (net)
                      0.192715    0.000148    4.096208 ^ _18153_/B (sky130_fd_sc_hd__and2_0)
     2    0.005051    0.084682    0.173670    4.269877 ^ _18153_/X (sky130_fd_sc_hd__and2_0)
                                                         _08860_ (net)
                      0.084682    0.000049    4.269927 ^ _18319_/B1 (sky130_fd_sc_hd__a21oi_1)
     1    0.005003    0.041648    0.056203    4.326130 v _18319_/Y (sky130_fd_sc_hd__a21oi_1)
                                                         _09042_ (net)
                      0.041648    0.000029    4.326159 v _18320_/B (sky130_fd_sc_hd__xnor2_1)
     2    0.029364    0.219364    0.258995    4.585153 v _18320_/Y (sky130_fd_sc_hd__xnor2_1)
                                                         _09043_ (net)
                      0.219471    0.004031    4.589184 v _18454_/B (sky130_fd_sc_hd__nand2b_1)
     1    0.002701    0.077831    0.132473    4.721656 ^ _18454_/Y (sky130_fd_sc_hd__nand2b_1)
                                                         _09140_ (net)
                      0.077831    0.000008    4.721664 ^ _18455_/B (sky130_fd_sc_hd__nand2_1)
     1    0.002574    0.031843    0.054943    4.776608 v _18455_/Y (sky130_fd_sc_hd__nand2_1)
                                                         fixed_pkg::s_narrow48$func$/headless/otolith/hdl/rtl/fixed_pkg.sv:130$9.$unnamed_block$1.v[50] (net)
                      0.031843    0.000016    4.776624 v _18622_/D (sky130_fd_sc_hd__dfrtp_1)
                                              4.776624   data arrival time

                                  0.000000    0.000000   clock clk (rise edge)
                                  0.000000    0.000000   clock source latency
   163    0.547821    1.892577    1.355147    1.355147 ^ clk (in)
                                                         clk (net)
                      1.919469    0.000000    1.355147 ^ _18622_/CLK (sky130_fd_sc_hd__dfrtp_1)
                                  0.250000    1.605147   clock uncertainty
                                  0.000000    1.605147   clock reconvergence pessimism
                                  0.175123    1.780269   library hold time
                                              1.780269   data required time
---------------------------------------------------------------------------------------------
                                              1.780269   data required time
                                             -4.776624   data arrival time
---------------------------------------------------------------------------------------------
                                              2.996354   slack (MET)


Startpoint: _18549_ (rising edge-triggered flip-flop clocked by clk)
Endpoint: _18594_ (rising edge-triggered flip-flop clocked by clk)
Path Group: clk
Path Type: min

Fanout         Cap        Slew       Delay        Time   Description
---------------------------------------------------------------------------------------------
                                  0.000000    0.000000   clock clk (rise edge)
                                  0.000000    0.000000   clock source latency
   163    0.547821    1.892577    1.463362    1.463362 ^ clk (in)
                                                         clk (net)
                      1.964828    0.000000    1.463362 ^ _18549_/CLK (sky130_fd_sc_hd__dfrtp_1)
    35    0.168446    0.791025    1.198318    2.661680 v _18549_/Q (sky130_fd_sc_hd__dfrtp_1)
                                                         b_r[43] (net)
                      0.793248    0.033477    2.695157 v _10990_/D (sky130_fd_sc_hd__nand4_1)
     3    0.011205    0.252157    0.427898    3.123055 ^ _10990_/Y (sky130_fd_sc_hd__nand4_1)
                                                         _00981_ (net)
                      0.252157    0.000063    3.123118 ^ _13798_/A (sky130_fd_sc_hd__maj3_1)
     2    0.007933    0.093859    0.240324    3.363441 ^ _13798_/X (sky130_fd_sc_hd__maj3_1)
                                                         _04070_ (net)
                      0.093859    0.000073    3.363514 ^ _13804_/A (sky130_fd_sc_hd__xor2_1)
     2    0.007441    0.054470    0.096611    3.460125 v _13804_/X (sky130_fd_sc_hd__xor2_1)
                                                         _04077_ (net)
                      0.054470    0.000063    3.460188 v _13884_/A (sky130_fd_sc_hd__xnor2_1)
     3    0.009273    0.079412    0.159527    3.619714 v _13884_/Y (sky130_fd_sc_hd__xnor2_1)
                                                         _04165_ (net)
                      0.079412    0.000066    3.619780 v _17996_/A (sky130_fd_sc_hd__xor2_1)
     2    0.009044    0.060614    0.194595    3.814376 v _17996_/X (sky130_fd_sc_hd__xor2_1)
                                                         _08687_ (net)
                      0.060614    0.000151    3.814526 v _17998_/B (sky130_fd_sc_hd__xnor2_1)
     2    0.007263    0.074926    0.149088    3.963614 v _17998_/Y (sky130_fd_sc_hd__xnor2_1)
                                                         _08689_ (net)
                      0.074926    0.000035    3.963649 v _18327_/A (sky130_fd_sc_hd__xnor2_1)
     2    0.008230    0.072041    0.163360    4.127009 v _18327_/Y (sky130_fd_sc_hd__xnor2_1)
                                                         _09051_ (net)
                      0.072041    0.000039    4.127048 v _18328_/A (sky130_fd_sc_hd__inv_1)
     1    0.002097    0.034742    0.054458    4.181506 ^ _18328_/Y (sky130_fd_sc_hd__inv_1)
                                                         _09052_ (net)
                      0.034742    0.000006    4.181512 ^ _18423_/A1 (sky130_fd_sc_hd__o21ai_0)
     1    0.027871    0.368286    0.305522    4.487035 v _18423_/Y (sky130_fd_sc_hd__o21ai_0)
                                                         fixed_pkg::s_narrow48$func$/headless/otolith/hdl/rtl/fixed_pkg.sv:130$9.$unnamed_block$1.v[22] (net)
                      0.368361    0.004425    4.491460 v _18594_/D (sky130_fd_sc_hd__dfrtp_1)
                                              4.491460   data arrival time

                                  0.000000    0.000000   clock clk (rise edge)
                                  0.000000    0.000000   clock source latency
   163    0.547821    1.892577    1.199633    1.199633 ^ clk (in)
                                                         clk (net)
                      1.893099    0.000000    1.199633 ^ _18594_/CLK (sky130_fd_sc_hd__dfrtp_1)
                                  0.250000    1.449633   clock uncertainty
                                  0.000000    1.449633   clock reconvergence pessimism
                                  0.041492    1.491125   library hold time
                                              1.491125   data required time
---------------------------------------------------------------------------------------------
                                              1.491125   data required time
                                             -4.491460   data arrival time
---------------------------------------------------------------------------------------------
                                              3.000335   slack (MET)


Startpoint: _18546_ (rising edge-triggered flip-flop clocked by clk)
Endpoint: _18592_ (rising edge-triggered flip-flop clocked by clk)
Path Group: clk
Path Type: min

Fanout         Cap        Slew       Delay        Time   Description
---------------------------------------------------------------------------------------------
                                  0.000000    0.000000   clock clk (rise edge)
                                  0.000000    0.000000   clock source latency
   163    0.547821    1.892577    1.463384    1.463384 ^ clk (in)
                                                         clk (net)
                      1.964839    0.000000    1.463384 ^ _18546_/CLK (sky130_fd_sc_hd__dfrtp_1)
    37    0.168503    0.790414    1.201069    2.664453 v _18546_/Q (sky130_fd_sc_hd__dfrtp_1)
                                                         b_r[40] (net)
                      0.792897    0.035371    2.699824 v _13855_/D (sky130_fd_sc_hd__nand4_1)
     3    0.011148    0.251738    0.427234    3.127058 ^ _13855_/Y (sky130_fd_sc_hd__nand4_1)
                                                         _04133_ (net)
                      0.251738    0.000081    3.127139 ^ _13976_/A (sky130_fd_sc_hd__maj3_1)
     2    0.007389    0.091691    0.236256    3.363394 ^ _13976_/X (sky130_fd_sc_hd__maj3_1)
                                                         _04266_ (net)
                      0.091691    0.000018    3.363413 ^ _13985_/A (sky130_fd_sc_hd__xor2_1)
     2    0.005563    0.047240    0.086414    3.449827 v _13985_/X (sky130_fd_sc_hd__xor2_1)
                                                         _04276_ (net)
                      0.047240    0.000087    3.449914 v _14008_/B1 (sky130_fd_sc_hd__o21ai_0)
     2    0.005058    0.096753    0.091754    3.541667 ^ _14008_/Y (sky130_fd_sc_hd__o21ai_0)
                                                         _04301_ (net)
                      0.096753    0.000043    3.541711 ^ _14009_/B (sky130_fd_sc_hd__nand2b_1)
     2    0.007850    0.070539    0.092306    3.634017 v _14009_/Y (sky130_fd_sc_hd__nand2b_1)
                                                         _04302_ (net)
                      0.070539    0.000093    3.634109 v _18005_/A (sky130_fd_sc_hd__xnor2_1)
     2    0.008593    0.074541    0.163223    3.797333 v _18005_/Y (sky130_fd_sc_hd__xnor2_1)
                                                         _08697_ (net)
                      0.074541    0.000170    3.797503 v _18006_/B (sky130_fd_sc_hd__nand2_1)
     2    0.005471    0.067053    0.091059    3.888561 ^ _18006_/Y (sky130_fd_sc_hd__nand2_1)
                                                         _08698_ (net)
                      0.067053    0.000048    3.888609 ^ _18292_/A (sky130_fd_sc_hd__nand2_1)
     1    0.004415    0.041230    0.059430    3.948039 v _18292_/Y (sky130_fd_sc_hd__nand2_1)
                                                         _09013_ (net)
                      0.041230    0.000012    3.948051 v _18293_/B (sky130_fd_sc_hd__xor2_1)
     2    0.011605    0.070897    0.171364    4.119415 v _18293_/X (sky130_fd_sc_hd__xor2_1)
                                                         _09014_ (net)
                      0.070898    0.000449    4.119864 v _18294_/A (sky130_fd_sc_hd__inv_1)
     1    0.002015    0.033964    0.053522    4.173386 ^ _18294_/Y (sky130_fd_sc_hd__inv_1)
                                                         _09015_ (net)
                      0.033964    0.000004    4.173390 ^ _18421_/A1 (sky130_fd_sc_hd__o21ai_0)
     1    0.028639    0.377905    0.312220    4.485610 v _18421_/Y (sky130_fd_sc_hd__o21ai_0)
                                                         fixed_pkg::s_narrow48$func$/headless/otolith/hdl/rtl/fixed_pkg.sv:130$9.$unnamed_block$1.v[20] (net)
                      0.377987    0.004673    4.490283 v _18592_/D (sky130_fd_sc_hd__dfrtp_1)
                                              4.490283   data arrival time

                                  0.000000    0.000000   clock clk (rise edge)
                                  0.000000    0.000000   clock source latency
   163    0.547821    1.892577    1.199964    1.199964 ^ clk (in)
                                                         clk (net)
                      1.893112    0.000000    1.199964 ^ _18592_/CLK (sky130_fd_sc_hd__dfrtp_1)
                                  0.250000    1.449964   clock uncertainty
                                  0.000000    1.449964   clock reconvergence pessimism
                                  0.037730    1.487695   library hold time
                                              1.487695   data required time
---------------------------------------------------------------------------------------------
                                              1.487695   data required time
                                             -4.490283   data arrival time
---------------------------------------------------------------------------------------------
                                              3.002588   slack (MET)


Startpoint: _18567_ (rising edge-triggered flip-flop clocked by clk)
Endpoint: _18632_ (rising edge-triggered flip-flop clocked by clk)
Path Group: clk
Path Type: min

Fanout         Cap        Slew       Delay        Time   Description
---------------------------------------------------------------------------------------------
                                  0.000000    0.000000   clock clk (rise edge)
                                  0.000000    0.000000   clock source latency
   163    0.547821    1.892577    1.355224    1.355224 ^ clk (in)
                                                         clk (net)
                      1.919493    0.000000    1.355224 ^ _18567_/CLK (sky130_fd_sc_hd__dfrtp_1)
    35    0.146274    0.690623    1.114772    2.469996 v _18567_/Q (sky130_fd_sc_hd__dfrtp_1)
                                                         b_r[61] (net)
                      0.695206    0.046230    2.516226 v _11150_/A (sky130_fd_sc_hd__nand4_1)
     2    0.007927    0.216158    0.331412    2.847638 ^ _11150_/Y (sky130_fd_sc_hd__nand4_1)
                                                         _01157_ (net)
                      0.216158    0.000022    2.847660 ^ _17132_/A (sky130_fd_sc_hd__maj3_1)
     2    0.007597    0.090912    0.228524    3.076185 ^ _17132_/X (sky130_fd_sc_hd__maj3_1)
                                                         _07738_ (net)
                      0.090912    0.000061    3.076246 ^ _17140_/A (sky130_fd_sc_hd__xnor2_1)
     2    0.007017    0.091814    0.150914    3.227159 ^ _17140_/Y (sky130_fd_sc_hd__xnor2_1)
                                                         _07746_ (net)
                      0.091814    0.000069    3.227228 ^ _17143_/A (sky130_fd_sc_hd__xor2_1)
     4    0.012235    0.073367    0.119557    3.346785 v _17143_/X (sky130_fd_sc_hd__xor2_1)
                                                         _07750_ (net)
                      0.073367    0.000200    3.346985 v _17144_/B (sky130_fd_sc_hd__nor2_1)
     1    0.002926    0.078898    0.093587    3.440572 ^ _17144_/Y (sky130_fd_sc_hd__nor2_1)
                                                         _07751_ (net)
                      0.078898    0.000034    3.440606 ^ _17145_/C (sky130_fd_sc_hd__and3_1)
     2    0.005459    0.071789    0.174624    3.615230 ^ _17145_/X (sky130_fd_sc_hd__and3_1)
                                                         _07752_ (net)
                      0.071789    0.000032    3.615263 ^ _17146_/D (sky130_fd_sc_hd__nand4_1)
     3    0.021896    0.278849    0.257455    3.872717 v _17146_/Y (sky130_fd_sc_hd__nand4_1)
                                                         _07753_ (net)
                      0.278878    0.002376    3.875094 v _17823_/A1 (sky130_fd_sc_hd__a21oi_1)
     1    0.002712    0.102988    0.204958    4.080051 ^ _17823_/Y (sky130_fd_sc_hd__a21oi_1)
                                                         _08497_ (net)
                      0.102988    0.000007    4.080058 ^ _17824_/C (sky130_fd_sc_hd__nor3_1)
     3    0.009028    0.053697    0.081092    4.161150 v _17824_/Y (sky130_fd_sc_hd__nor3_1)
                                                         _08498_ (net)
                      0.053697    0.000074    4.161224 v _17832_/B (sky130_fd_sc_hd__xor2_1)
     2    0.007682    0.183912    0.193379    4.354603 ^ _17832_/X (sky130_fd_sc_hd__xor2_1)
                                                         _08507_ (net)
                      0.183912    0.000080    4.354683 ^ _17833_/B (sky130_fd_sc_hd__xnor2_1)
     3    0.011051    0.134871    0.201736    4.556420 ^ _17833_/Y (sky130_fd_sc_hd__xnor2_1)
                                                         _08508_ (net)
                      0.134871    0.000130    4.556550 ^ _18210_/A (sky130_fd_sc_hd__xor2_1)
     2    0.013411    0.078207    0.138140    4.694689 v _18210_/X (sky130_fd_sc_hd__xor2_1)
                                                         _08922_ (net)
                      0.078211    0.000670    4.695359 v _18468_/B (sky130_fd_sc_hd__nand2b_1)
     1    0.002778    0.052697    0.079126    4.774486 ^ _18468_/Y (sky130_fd_sc_hd__nand2b_1)
                                                         _09145_ (net)
                      0.052697    0.000011    4.774497 ^ _18469_/B (sky130_fd_sc_hd__nand2_1)
     1    0.002903    0.030599    0.050750    4.825246 v _18469_/Y (sky130_fd_sc_hd__nand2_1)
                                                         fixed_pkg::s_narrow48$func$/headless/otolith/hdl/rtl/fixed_pkg.sv:130$9.$unnamed_block$1.v[60] (net)
                      0.030599    0.000027    4.825273 v _18632_/D (sky130_fd_sc_hd__dfrtp_1)
                                              4.825273   data arrival time

                                  0.000000    0.000000   clock clk (rise edge)
                                  0.000000    0.000000   clock source latency
   163    0.547821    1.892577    1.384974    1.384974 ^ clk (in)
                                                         clk (net)
                      1.929783    0.000000    1.384974 ^ _18632_/CLK (sky130_fd_sc_hd__dfrtp_1)
                                  0.250000    1.634974   clock uncertainty
                                  0.000000    1.634974   clock reconvergence pessimism
                                  0.176421    1.811395   library hold time
                                              1.811395   data required time
---------------------------------------------------------------------------------------------
                                              1.811395   data required time
                                             -4.825273   data arrival time
---------------------------------------------------------------------------------------------
                                              3.013878   slack (MET)


Startpoint: _18544_ (rising edge-triggered flip-flop clocked by clk)
Endpoint: _18589_ (rising edge-triggered flip-flop clocked by clk)
Path Group: clk
Path Type: min

Fanout         Cap        Slew       Delay        Time   Description
---------------------------------------------------------------------------------------------
                                  0.000000    0.000000   clock clk (rise edge)
                                  0.000000    0.000000   clock source latency
   163    0.547821    1.892577    1.466005    1.466005 ^ clk (in)
                                                         clk (net)
                      1.966201    0.000000    1.466005 ^ _18544_/CLK (sky130_fd_sc_hd__dfrtp_1)
    35    0.168103    0.788130    1.201273    2.667277 v _18544_/Q (sky130_fd_sc_hd__dfrtp_1)
                                                         b_r[38] (net)
                      0.789553    0.029315    2.696592 v _13622_/D (sky130_fd_sc_hd__nand4_1)
     2    0.007988    0.236264    0.394663    3.091255 ^ _13622_/Y (sky130_fd_sc_hd__nand4_1)
                                                         _03877_ (net)
                      0.236264    0.000017    3.091272 ^ _14020_/A (sky130_fd_sc_hd__maj3_1)
     2    0.007298    0.088215    0.231549    3.322821 ^ _14020_/X (sky130_fd_sc_hd__maj3_1)
                                                         _04314_ (net)
                      0.088215    0.000056    3.322876 ^ _14036_/A (sky130_fd_sc_hd__xnor2_1)
     3    0.009530    0.081143    0.113993    3.436869 v _14036_/Y (sky130_fd_sc_hd__xnor2_1)
                                                         _04332_ (net)
                      0.081143    0.000062    3.436931 v _14040_/A (sky130_fd_sc_hd__xnor2_1)
     3    0.010413    0.087163    0.177919    3.614850 v _14040_/Y (sky130_fd_sc_hd__xnor2_1)
                                                         _04336_ (net)
                      0.087163    0.000126    3.614976 v _18019_/A (sky130_fd_sc_hd__xnor2_1)
     2    0.007640    0.067622    0.165782    3.780758 v _18019_/Y (sky130_fd_sc_hd__xnor2_1)
                                                         _08712_ (net)
                      0.067622    0.000158    3.780916 v _18021_/B (sky130_fd_sc_hd__xor2_1)
     3    0.009346    0.061896    0.172563    3.953480 v _18021_/X (sky130_fd_sc_hd__xor2_1)
                                                         _08714_ (net)
                      0.061896    0.000096    3.953576 v _18273_/A (sky130_fd_sc_hd__xnor2_1)
     2    0.005280    0.075028    0.188886    4.142462 ^ _18273_/Y (sky130_fd_sc_hd__xnor2_1)
                                                         _08992_ (net)
                      0.075028    0.000044    4.142506 ^ _18417_/A1 (sky130_fd_sc_hd__o21ai_0)
     1    0.031309    0.411627    0.349786    4.492291 v _18417_/Y (sky130_fd_sc_hd__o21ai_0)
                                                         fixed_pkg::s_narrow48$func$/headless/otolith/hdl/rtl/fixed_pkg.sv:130$9.$unnamed_block$1.v[17] (net)
                      0.411735    0.005588    4.497880 v _18589_/D (sky130_fd_sc_hd__dfrtp_1)
                                              4.497880   data arrival time

                                  0.000000    0.000000   clock clk (rise edge)
                                  0.000000    0.000000   clock source latency
   163    0.547821    1.892577    1.199376    1.199376 ^ clk (in)
                                                         clk (net)
                      1.893090    0.000000    1.199376 ^ _18589_/CLK (sky130_fd_sc_hd__dfrtp_1)
                                  0.250000    1.449376   clock uncertainty
                                  0.000000    1.449376   clock reconvergence pessimism
                                  0.024536    1.473912   library hold time
                                              1.473912   data required time
---------------------------------------------------------------------------------------------
                                              1.473912   data required time
                                             -4.497880   data arrival time
---------------------------------------------------------------------------------------------
                                              3.023968   slack (MET)


Startpoint: _18540_ (rising edge-triggered flip-flop clocked by clk)
Endpoint: _18588_ (rising edge-triggered flip-flop clocked by clk)
Path Group: clk
Path Type: min

Fanout         Cap        Slew       Delay        Time   Description
---------------------------------------------------------------------------------------------
                                  0.000000    0.000000   clock clk (rise edge)
                                  0.000000    0.000000   clock source latency
   163    0.547821    1.892577    1.407428    1.407428 ^ clk (in)
                                                         clk (net)
                      1.938671    0.000000    1.407428 ^ _18540_/CLK (sky130_fd_sc_hd__dfrtp_1)
    38    0.176317    0.831239    1.206273    2.613701 v _18540_/Q (sky130_fd_sc_hd__dfrtp_1)
                                                         b_r[34] (net)
                      0.831242    0.001488    2.615189 v _12739_/D (sky130_fd_sc_hd__nand4_1)
     2    0.007752    0.240887    0.402038    3.017227 ^ _12739_/Y (sky130_fd_sc_hd__nand4_1)
                                                         _02905_ (net)
                      0.240887    0.000018    3.017245 ^ _13681_/A (sky130_fd_sc_hd__maj3_1)
     2    0.010863    0.120271    0.257674    3.274919 ^ _13681_/X (sky130_fd_sc_hd__maj3_1)
                                                         _03941_ (net)
                      0.120271    0.000572    3.275491 ^ _13684_/A1 (sky130_fd_sc_hd__o21ai_0)
     2    0.007730    0.102864    0.147641    3.423133 v _13684_/Y (sky130_fd_sc_hd__o21ai_0)
                                                         _03945_ (net)
                      0.102864    0.000077    3.423210 v _13685_/B (sky130_fd_sc_hd__nand2_1)
     2    0.004990    0.055778    0.100883    3.524093 ^ _13685_/Y (sky130_fd_sc_hd__nand2_1)
                                                         _03946_ (net)
                      0.055778    0.000020    3.524113 ^ _18011_/B1 (sky130_fd_sc_hd__o21ai_0)
     1    0.004620    0.079779    0.092400    3.616513 v _18011_/Y (sky130_fd_sc_hd__o21ai_0)
                                                         _08703_ (net)
                      0.079779    0.000008    3.616520 v _18012_/B (sky130_fd_sc_hd__xnor2_1)
     2    0.014818    0.116868    0.198236    3.814756 v _18012_/Y (sky130_fd_sc_hd__xnor2_1)
                                                         _08705_ (net)
                      0.116880    0.000992    3.815748 v _18013_/B (sky130_fd_sc_hd__nand2_1)
     2    0.004024    0.060843    0.101208    3.916956 ^ _18013_/Y (sky130_fd_sc_hd__nand2_1)
                                                         _08706_ (net)
                      0.060843    0.000024    3.916980 ^ _18269_/B1 (sky130_fd_sc_hd__o21ai_0)
     1    0.004696    0.075648    0.094929    4.011909 v _18269_/Y (sky130_fd_sc_hd__o21ai_0)
                                                         _08987_ (net)
                      0.075648    0.000012    4.011921 v _18270_/B (sky130_fd_sc_hd__xnor2_1)
     2    0.005513    0.076444    0.179471    4.191392 ^ _18270_/Y (sky130_fd_sc_hd__xnor2_1)
                                                         _08988_ (net)
                      0.076444    0.000066    4.191458 ^ _18416_/A1 (sky130_fd_sc_hd__o21ai_0)
     1    0.028218    0.372749    0.322153    4.513610 v _18416_/Y (sky130_fd_sc_hd__o21ai_0)
                                                         fixed_pkg::s_narrow48$func$/headless/otolith/hdl/rtl/fixed_pkg.sv:130$9.$unnamed_block$1.v[16] (net)
                      0.372827    0.004536    4.518147 v _18588_/D (sky130_fd_sc_hd__dfrtp_1)
                                              4.518147   data arrival time

                                  0.000000    0.000000   clock clk (rise edge)
                                  0.000000    0.000000   clock source latency
   163    0.547821    1.892577    1.199424    1.199424 ^ clk (in)
                                                         clk (net)
                      1.893091    0.000000    1.199424 ^ _18588_/CLK (sky130_fd_sc_hd__dfrtp_1)
                                  0.250000    1.449424   clock uncertainty
                                  0.000000    1.449424   clock reconvergence pessimism
                                  0.039746    1.489170   library hold time
                                              1.489170   data required time
---------------------------------------------------------------------------------------------
                                              1.489170   data required time
                                             -4.518147   data arrival time
---------------------------------------------------------------------------------------------
                                              3.028977   slack (MET)


Startpoint: _18546_ (rising edge-triggered flip-flop clocked by clk)
Endpoint: _18591_ (rising edge-triggered flip-flop clocked by clk)
Path Group: clk
Path Type: min

Fanout         Cap        Slew       Delay        Time   Description
---------------------------------------------------------------------------------------------
                                  0.000000    0.000000   clock clk (rise edge)
                                  0.000000    0.000000   clock source latency
   163    0.547821    1.892577    1.463384    1.463384 ^ clk (in)
                                                         clk (net)
                      1.964839    0.000000    1.463384 ^ _18546_/CLK (sky130_fd_sc_hd__dfrtp_1)
    37    0.168503    0.790414    1.201069    2.664453 v _18546_/Q (sky130_fd_sc_hd__dfrtp_1)
                                                         b_r[40] (net)
                      0.792897    0.035371    2.699824 v _13855_/D (sky130_fd_sc_hd__nand4_1)
     3    0.011148    0.251738    0.427234    3.127058 ^ _13855_/Y (sky130_fd_sc_hd__nand4_1)
                                                         _04133_ (net)
                      0.251738    0.000081    3.127139 ^ _13976_/A (sky130_fd_sc_hd__maj3_1)
     2    0.007389    0.091691    0.236256    3.363394 ^ _13976_/X (sky130_fd_sc_hd__maj3_1)
                                                         _04266_ (net)
                      0.091691    0.000018    3.363413 ^ _13985_/A (sky130_fd_sc_hd__xor2_1)
     2    0.005563    0.047240    0.086414    3.449827 v _13985_/X (sky130_fd_sc_hd__xor2_1)
                                                         _04276_ (net)
                      0.047240    0.000087    3.449914 v _14008_/B1 (sky130_fd_sc_hd__o21ai_0)
     2    0.005058    0.096753    0.091754    3.541667 ^ _14008_/Y (sky130_fd_sc_hd__o21ai_0)
                                                         _04301_ (net)
                      0.096753    0.000043    3.541711 ^ _14009_/B (sky130_fd_sc_hd__nand2b_1)
     2    0.007850    0.070539    0.092306    3.634017 v _14009_/Y (sky130_fd_sc_hd__nand2b_1)
                                                         _04302_ (net)
                      0.070539    0.000093    3.634109 v _18005_/A (sky130_fd_sc_hd__xnor2_1)
     2    0.008593    0.074541    0.163223    3.797333 v _18005_/Y (sky130_fd_sc_hd__xnor2_1)
                                                         _08697_ (net)
                      0.074541    0.000175    3.797507 v _18007_/B (sky130_fd_sc_hd__xor2_1)
     4    0.013274    0.077793    0.190541    3.988049 v _18007_/X (sky130_fd_sc_hd__xor2_1)
                                                         _08699_ (net)
                      0.077793    0.000039    3.988088 v _18284_/A (sky130_fd_sc_hd__xnor2_1)
     2    0.005312    0.074784    0.195751    4.183839 ^ _18284_/Y (sky130_fd_sc_hd__xnor2_1)
                                                         _09004_ (net)
                      0.074784    0.000039    4.183878 ^ _18420_/A1 (sky130_fd_sc_hd__o21ai_0)
     1    0.029018    0.382812    0.328907    4.512785 v _18420_/Y (sky130_fd_sc_hd__o21ai_0)
                                                         fixed_pkg::s_narrow48$func$/headless/otolith/hdl/rtl/fixed_pkg.sv:130$9.$unnamed_block$1.v[19] (net)
                      0.382897    0.004798    4.517583 v _18591_/D (sky130_fd_sc_hd__dfrtp_1)
                                              4.517583   data arrival time

                                  0.000000    0.000000   clock clk (rise edge)
                                  0.000000    0.000000   clock source latency
   163    0.547821    1.892577    1.199015    1.199015 ^ clk (in)
                                                         clk (net)
                      1.893076    0.000000    1.199015 ^ _18591_/CLK (sky130_fd_sc_hd__dfrtp_1)
                                  0.250000    1.449015   clock uncertainty
                                  0.000000    1.449015   clock reconvergence pessimism
                                  0.035808    1.484823   library hold time
                                              1.484823   data required time
---------------------------------------------------------------------------------------------
                                              1.484823   data required time
                                             -4.517583   data arrival time
---------------------------------------------------------------------------------------------
                                              3.032761   slack (MET)


Startpoint: _18569_ (rising edge-triggered flip-flop clocked by clk)
Endpoint: _18631_ (rising edge-triggered flip-flop clocked by clk)
Path Group: clk
Path Type: min

Fanout         Cap        Slew       Delay        Time   Description
---------------------------------------------------------------------------------------------
                                  0.000000    0.000000   clock clk (rise edge)
                                  0.000000    0.000000   clock source latency
   163    0.547821    1.892577    1.355300    1.355300 ^ clk (in)
                                                         clk (net)
                      1.919517    0.000000    1.355300 ^ _18569_/CLK (sky130_fd_sc_hd__dfrtp_1)
    47    0.150375    0.707795    1.133309    2.488609 v _18569_/Q (sky130_fd_sc_hd__dfrtp_1)
                                                         b_r[63] (net)
                      0.710496    0.034397    2.523006 v _09234_/A (sky130_fd_sc_hd__and3_1)
     5    0.013790    0.091754    0.437473    2.960479 v _09234_/X (sky130_fd_sc_hd__and3_1)
                                                         _00950_ (net)
                      0.091754    0.000031    2.960510 v _09259_/B (sky130_fd_sc_hd__nand3b_1)
     2    0.004932    0.069699    0.111205    3.071716 ^ _09259_/Y (sky130_fd_sc_hd__nand3b_1)
                                                         _01225_ (net)
                      0.069699    0.000035    3.071750 ^ _16679_/B1 (sky130_fd_sc_hd__o21ai_0)
     2    0.007695    0.102664    0.126207    3.197957 v _16679_/Y (sky130_fd_sc_hd__o21ai_0)
                                                         _07239_ (net)
                      0.102664    0.000098    3.198056 v _17426_/A2 (sky130_fd_sc_hd__a21oi_1)
     2    0.008734    0.202099    0.242618    3.440673 ^ _17426_/Y (sky130_fd_sc_hd__a21oi_1)
                                                         _08061_ (net)
                      0.202099    0.000049    3.440722 ^ _17436_/A (sky130_fd_sc_hd__xor2_1)
     2    0.007018    0.052933    0.121452    3.562174 v _17436_/X (sky130_fd_sc_hd__xor2_1)
                                                         _08072_ (net)
                      0.052933    0.000068    3.562243 v _17438_/B1 (sky130_fd_sc_hd__o21ai_0)
     2    0.005623    0.104398    0.099793    3.662036 ^ _17438_/Y (sky130_fd_sc_hd__o21ai_0)
                                                         _08074_ (net)
                      0.104398    0.000043    3.662079 ^ _17441_/B (sky130_fd_sc_hd__nand3_1)
     3    0.006913    0.086627    0.113155    3.775234 v _17441_/Y (sky130_fd_sc_hd__nand3_1)
                                                         _08077_ (net)
                      0.086627    0.000058    3.775292 v _17444_/A (sky130_fd_sc_hd__nand2_1)
     1    0.004826    0.060642    0.084488    3.859779 ^ _17444_/Y (sky130_fd_sc_hd__nand2_1)
                                                         _08081_ (net)
                      0.060642    0.000015    3.859794 ^ _17857_/A (sky130_fd_sc_hd__xor2_1)
     2    0.007537    0.054866    0.087018    3.946812 v _17857_/X (sky130_fd_sc_hd__xor2_1)
                                                         _08534_ (net)
                      0.054866    0.000059    3.946871 v _17858_/B (sky130_fd_sc_hd__nand2_1)
     2    0.005403    0.064697    0.081752    4.028623 ^ _17858_/Y (sky130_fd_sc_hd__nand2_1)
                                                         _08535_ (net)
                      0.064697    0.000024    4.028648 ^ _18166_/B1 (sky130_fd_sc_hd__o21a_1)
     1    0.002617    0.040899    0.111355    4.140003 ^ _18166_/X (sky130_fd_sc_hd__o21a_1)
                                                         _08874_ (net)
                      0.040899    0.000005    4.140008 ^ _18167_/B1 (sky130_fd_sc_hd__o31a_1)
     2    0.006370    0.077766    0.143134    4.283143 ^ _18167_/X (sky130_fd_sc_hd__o31a_1)
                                                         _08875_ (net)
                      0.077766    0.000071    4.283214 ^ _18187_/B1 (sky130_fd_sc_hd__o21ai_0)
     3    0.011094    0.142484    0.160762    4.443975 v _18187_/Y (sky130_fd_sc_hd__o21ai_0)
                                                         _08897_ (net)
                      0.142484    0.000196    4.444172 v _18222_/B (sky130_fd_sc_hd__xor2_1)
     2    0.021973    0.110420    0.245985    4.690156 v _18222_/X (sky130_fd_sc_hd__xor2_1)
                                                         _08936_ (net)
                      0.110564    0.002378    4.692534 v _18466_/B (sky130_fd_sc_hd__nand2b_1)
     1    0.003099    0.057994    0.096194    4.788728 ^ _18466_/Y (sky130_fd_sc_hd__nand2b_1)
                                                         _09144_ (net)
                      0.057994    0.000021    4.788750 ^ _18467_/B (sky130_fd_sc_hd__nand2_1)
     1    0.002801    0.030628    0.051509    4.840258 v _18467_/Y (sky130_fd_sc_hd__nand2_1)
                                                         fixed_pkg::s_narrow48$func$/headless/otolith/hdl/rtl/fixed_pkg.sv:130$9.$unnamed_block$1.v[59] (net)
                      0.030628    0.000023    4.840281 v _18631_/D (sky130_fd_sc_hd__dfrtp_1)
                                              4.840281   data arrival time

                                  0.000000    0.000000   clock clk (rise edge)
                                  0.000000    0.000000   clock source latency
   163    0.547821    1.892577    1.353658    1.353658 ^ clk (in)
                                                         clk (net)
                      1.918999    0.000000    1.353658 ^ _18631_/CLK (sky130_fd_sc_hd__dfrtp_1)
                                  0.250000    1.603658   clock uncertainty
                                  0.000000    1.603658   clock reconvergence pessimism
                                  0.175560    1.779218   library hold time
                                              1.779218   data required time
---------------------------------------------------------------------------------------------
                                              1.779218   data required time
                                             -4.840281   data arrival time
---------------------------------------------------------------------------------------------
                                              3.061063   slack (MET)


Startpoint: _18550_ (rising edge-triggered flip-flop clocked by clk)
Endpoint: _18595_ (rising edge-triggered flip-flop clocked by clk)
Path Group: clk
Path Type: min

Fanout         Cap        Slew       Delay        Time   Description
---------------------------------------------------------------------------------------------
                                  0.000000    0.000000   clock clk (rise edge)
                                  0.000000    0.000000   clock source latency
   163    0.547821    1.892577    1.465574    1.465574 ^ clk (in)
                                                         clk (net)
                      1.965976    0.000000    1.465574 ^ _18550_/CLK (sky130_fd_sc_hd__dfrtp_1)
    34    0.166203    0.781139    1.189383    2.654957 v _18550_/Q (sky130_fd_sc_hd__dfrtp_1)
                                                         b_r[44] (net)
                      0.782844    0.028717    2.683674 v _10875_/D (sky130_fd_sc_hd__nand4_1)
     3    0.010731    0.254855    0.420390    3.104063 ^ _10875_/Y (sky130_fd_sc_hd__nand4_1)
                                                         _00855_ (net)
                      0.254855    0.000056    3.104120 ^ _11137_/A (sky130_fd_sc_hd__maj3_1)
     2    0.007170    0.087069    0.235417    3.339536 ^ _11137_/X (sky130_fd_sc_hd__maj3_1)
                                                         _01143_ (net)
                      0.087069    0.000054    3.339591 ^ _13703_/A (sky130_fd_sc_hd__xor2_1)
     2    0.007720    0.055542    0.095862    3.435452 v _13703_/X (sky130_fd_sc_hd__xor2_1)
                                                         _03966_ (net)
                      0.055542    0.000251    3.435704 v _13802_/B1 (sky130_fd_sc_hd__o21ai_0)
     2    0.005585    0.107808    0.100616    3.536319 ^ _13802_/Y (sky130_fd_sc_hd__o21ai_0)
                                                         _04075_ (net)
                      0.107808    0.000028    3.536348 ^ _13803_/B (sky130_fd_sc_hd__nand2b_1)
     2    0.007661    0.071732    0.094364    3.630711 v _13803_/Y (sky130_fd_sc_hd__nand2b_1)
                                                         _04076_ (net)
                      0.071732    0.000020    3.630732 v _17902_/A (sky130_fd_sc_hd__xnor2_1)
     3    0.010707    0.088982    0.175144    3.805876 v _17902_/Y (sky130_fd_sc_hd__xnor2_1)
                                                         _08584_ (net)
                      0.088982    0.000119    3.805996 v _17904_/B (sky130_fd_sc_hd__xnor2_1)
     4    0.012678    0.104411    0.191142    3.997137 v _17904_/Y (sky130_fd_sc_hd__xnor2_1)
                                                         _08586_ (net)
                      0.104411    0.000061    3.997199 v _18271_/A (sky130_fd_sc_hd__xnor2_1)
     2    0.007974    0.102320    0.246450    4.243649 ^ _18271_/Y (sky130_fd_sc_hd__xnor2_1)
                                                         _08989_ (net)
                      0.102320    0.000120    4.243769 ^ _18424_/A1 (sky130_fd_sc_hd__o21ai_0)
     1    0.028814    0.380109    0.335548    4.579317 v _18424_/Y (sky130_fd_sc_hd__o21ai_0)
                                                         fixed_pkg::s_narrow48$func$/headless/otolith/hdl/rtl/fixed_pkg.sv:130$9.$unnamed_block$1.v[23] (net)
                      0.380193    0.004730    4.584047 v _18595_/D (sky130_fd_sc_hd__dfrtp_1)
                                              4.584047   data arrival time

                                  0.000000    0.000000   clock clk (rise edge)
                                  0.000000    0.000000   clock source latency
   163    0.547821    1.892577    1.199545    1.199545 ^ clk (in)
                                                         clk (net)
                      1.893096    0.000000    1.199545 ^ _18595_/CLK (sky130_fd_sc_hd__dfrtp_1)
                                  0.250000    1.449545   clock uncertainty
                                  0.000000    1.449545   clock reconvergence pessimism
                                  0.036867    1.486411   library hold time
                                              1.486411   data required time
---------------------------------------------------------------------------------------------
                                              1.486411   data required time
                                             -4.584047   data arrival time
---------------------------------------------------------------------------------------------
                                              3.097636   slack (MET)


Startpoint: _18569_ (rising edge-triggered flip-flop clocked by clk)
Endpoint: _18633_ (rising edge-triggered flip-flop clocked by clk)
Path Group: clk
Path Type: min

Fanout         Cap        Slew       Delay        Time   Description
---------------------------------------------------------------------------------------------
                                  0.000000    0.000000   clock clk (rise edge)
                                  0.000000    0.000000   clock source latency
   163    0.547821    1.892577    1.355300    1.355300 ^ clk (in)
                                                         clk (net)
                      1.919517    0.000000    1.355300 ^ _18569_/CLK (sky130_fd_sc_hd__dfrtp_1)
    47    0.150375    0.707795    1.133309    2.488609 v _18569_/Q (sky130_fd_sc_hd__dfrtp_1)
                                                         b_r[63] (net)
                      0.709444    0.026117    2.514726 v _09286_/A (sky130_fd_sc_hd__nand3_1)
     3    0.007725    0.101073    0.320343    2.835069 ^ _09286_/Y (sky130_fd_sc_hd__nand3_1)
                                                         _01522_ (net)
                      0.101073    0.000064    2.835134 ^ _17453_/A2 (sky130_fd_sc_hd__o22ai_1)
     2    0.008215    0.080393    0.113282    2.948415 v _17453_/Y (sky130_fd_sc_hd__o22ai_1)
                                                         _08091_ (net)
                      0.080393    0.000101    2.948517 v _17574_/B (sky130_fd_sc_hd__xnor2_1)
     2    0.008015    0.070885    0.161891    3.110408 v _17574_/Y (sky130_fd_sc_hd__xnor2_1)
                                                         _08224_ (net)
                      0.070885    0.000049    3.110457 v _17583_/A (sky130_fd_sc_hd__xnor2_1)
     2    0.009555    0.080236    0.168492    3.278949 v _17583_/Y (sky130_fd_sc_hd__xnor2_1)
                                                         _08234_ (net)
                      0.080236    0.000280    3.279228 v _17585_/A (sky130_fd_sc_hd__nor2_1)
     1    0.003226    0.083409    0.114741    3.393970 ^ _17585_/Y (sky130_fd_sc_hd__nor2_1)
                                                         _08236_ (net)
                      0.083409    0.000024    3.393994 ^ _17590_/B1 (sky130_fd_sc_hd__a21oi_1)
     2    0.007734    0.050906    0.066495    3.460489 v _17590_/Y (sky130_fd_sc_hd__a21oi_1)
                                                         _08241_ (net)
                      0.050906    0.000066    3.460555 v _17592_/B (sky130_fd_sc_hd__xnor2_1)
     1    0.005247    0.073710    0.165653    3.626209 ^ _17592_/Y (sky130_fd_sc_hd__xnor2_1)
                                                         _08244_ (net)
                      0.073710    0.000034    3.626242 ^ _17596_/B (sky130_fd_sc_hd__xnor2_1)
     2    0.008434    0.106681    0.155971    3.782214 ^ _17596_/Y (sky130_fd_sc_hd__xnor2_1)
                                                         _08248_ (net)
                      0.106681    0.000124    3.782338 ^ _17603_/A (sky130_fd_sc_hd__xor2_1)
     2    0.007263    0.053814    0.099625    3.881963 v _17603_/X (sky130_fd_sc_hd__xor2_1)
                                                         _08256_ (net)
                      0.053814    0.000038    3.882001 v _17661_/B (sky130_fd_sc_hd__xnor2_1)
     2    0.007755    0.078287    0.148758    4.030759 v _17661_/Y (sky130_fd_sc_hd__xnor2_1)
                                                         _08319_ (net)
                      0.078287    0.000079    4.030839 v _17663_/A (sky130_fd_sc_hd__xnor2_1)
     1    0.002662    0.036181    0.133276    4.164114 v _17663_/Y (sky130_fd_sc_hd__xnor2_1)
                                                         _08322_ (net)
                      0.036181    0.000012    4.164127 v _17664_/A (sky130_fd_sc_hd__inv_1)
     2    0.008327    0.076226    0.076673    4.240800 ^ _17664_/Y (sky130_fd_sc_hd__inv_1)
                                                         _08323_ (net)
                      0.076227    0.000097    4.240897 ^ _17830_/A (sky130_fd_sc_hd__xnor2_1)
     3    0.010436    0.127838    0.172841    4.413738 ^ _17830_/Y (sky130_fd_sc_hd__xnor2_1)
                                                         _08504_ (net)
                      0.127838    0.000111    4.413848 ^ _17831_/B (sky130_fd_sc_hd__xor2_1)
     3    0.010681    0.067174    0.121080    4.534929 v _17831_/X (sky130_fd_sc_hd__xor2_1)
                                                         _08505_ (net)
                      0.067174    0.000071    4.535000 v _18207_/A (sky130_fd_sc_hd__xor2_1)
     2    0.021709    0.109305    0.233976    4.768976 v _18207_/X (sky130_fd_sc_hd__xor2_1)
                                                         _08919_ (net)
                      0.109437    0.002168    4.771143 v _18470_/B (sky130_fd_sc_hd__nand2b_1)
     1    0.002834    0.057246    0.093661    4.864805 ^ _18470_/Y (sky130_fd_sc_hd__nand2b_1)
                                                         _09146_ (net)
                      0.057246    0.000012    4.864817 ^ _18471_/B (sky130_fd_sc_hd__nand2_1)
     1    0.002930    0.031292    0.052040    4.916857 v _18471_/Y (sky130_fd_sc_hd__nand2_1)
                                                         fixed_pkg::s_narrow48$func$/headless/otolith/hdl/rtl/fixed_pkg.sv:130$9.$unnamed_block$1.v[61] (net)
                      0.031292    0.000028    4.916885 v _18633_/D (sky130_fd_sc_hd__dfrtp_1)
                                              4.916885   data arrival time

                                  0.000000    0.000000   clock clk (rise edge)
                                  0.000000    0.000000   clock source latency
   163    0.547821    1.892577    1.353918    1.353918 ^ clk (in)
                                                         clk (net)
                      1.919081    0.000000    1.353918 ^ _18633_/CLK (sky130_fd_sc_hd__dfrtp_1)
                                  0.250000    1.603918   clock uncertainty
                                  0.000000    1.603918   clock reconvergence pessimism
                                  0.175307    1.779226   library hold time
                                              1.779226   data required time
---------------------------------------------------------------------------------------------
                                              1.779226   data required time
                                             -4.916885   data arrival time
---------------------------------------------------------------------------------------------
                                              3.137659   slack (MET)


Startpoint: _18552_ (rising edge-triggered flip-flop clocked by clk)
Endpoint: _18598_ (rising edge-triggered flip-flop clocked by clk)
Path Group: clk
Path Type: min

Fanout         Cap        Slew       Delay        Time   Description
---------------------------------------------------------------------------------------------
                                  0.000000    0.000000   clock clk (rise edge)
                                  0.000000    0.000000   clock source latency
   163    0.547821    1.892577    1.463776    1.463776 ^ clk (in)
                                                         clk (net)
                      1.965042    0.000000    1.463776 ^ _18552_/CLK (sky130_fd_sc_hd__dfrtp_1)
    34    0.156558    0.737012    1.156067    2.619844 v _18552_/Q (sky130_fd_sc_hd__dfrtp_1)
                                                         b_r[46] (net)
                      0.738659    0.027403    2.647246 v _10638_/D (sky130_fd_sc_hd__nand4_1)
     2    0.008125    0.228950    0.383369    3.030616 ^ _10638_/Y (sky130_fd_sc_hd__nand4_1)
                                                         _00596_ (net)
                      0.228950    0.000041    3.030657 ^ _10900_/A (sky130_fd_sc_hd__maj3_1)
     2    0.007666    0.091509    0.232335    3.262991 ^ _10900_/X (sky130_fd_sc_hd__maj3_1)
                                                         _00882_ (net)
                      0.091509    0.000071    3.263062 ^ _10903_/A1 (sky130_fd_sc_hd__o21ai_0)
     3    0.011104    0.141399    0.170276    3.433338 v _10903_/Y (sky130_fd_sc_hd__o21ai_0)
                                                         _00886_ (net)
                      0.141399    0.000244    3.433582 v _10905_/B (sky130_fd_sc_hd__xnor2_1)
     4    0.012874    0.103827    0.214112    3.647694 v _10905_/Y (sky130_fd_sc_hd__xnor2_1)
                                                         _00888_ (net)
                      0.103827    0.000243    3.647937 v _17905_/A (sky130_fd_sc_hd__xnor2_1)
     2    0.009682    0.082207    0.184364    3.832301 v _17905_/Y (sky130_fd_sc_hd__xnor2_1)
                                                         _08587_ (net)
                      0.082207    0.000288    3.832589 v _17906_/B (sky130_fd_sc_hd__xor2_1)
     2    0.006546    0.051162    0.167527    4.000116 v _17906_/X (sky130_fd_sc_hd__xor2_1)
                                                         _08588_ (net)
                      0.051162    0.000043    4.000158 v _18228_/A (sky130_fd_sc_hd__xor2_1)
     2    0.009174    0.211198    0.230572    4.230731 ^ _18228_/X (sky130_fd_sc_hd__xor2_1)
                                                         _08942_ (net)
                      0.211267    0.000305    4.231036 ^ _18427_/A1 (sky130_fd_sc_hd__o21ai_0)
     1    0.030073    0.396763    0.380466    4.611502 v _18427_/Y (sky130_fd_sc_hd__o21ai_0)
                                                         fixed_pkg::s_narrow48$func$/headless/otolith/hdl/rtl/fixed_pkg.sv:130$9.$unnamed_block$1.v[26] (net)
                      0.396857    0.005155    4.616656 v _18598_/D (sky130_fd_sc_hd__dfrtp_1)
                                              4.616656   data arrival time

                                  0.000000    0.000000   clock clk (rise edge)
                                  0.000000    0.000000   clock source latency
   163    0.547821    1.892577    1.198560    1.198560 ^ clk (in)
                                                         clk (net)
                      1.893059    0.000000    1.198560 ^ _18598_/CLK (sky130_fd_sc_hd__dfrtp_1)
                                  0.250000    1.448560   clock uncertainty
                                  0.000000    1.448560   clock reconvergence pessimism
                                  0.030349    1.478909   library hold time
                                              1.478909   data required time
---------------------------------------------------------------------------------------------
                                              1.478909   data required time
                                             -4.616656   data arrival time
---------------------------------------------------------------------------------------------
                                              3.137748   slack (MET)


Startpoint: _18567_ (rising edge-triggered flip-flop clocked by clk)
Endpoint: _18625_ (rising edge-triggered flip-flop clocked by clk)
Path Group: clk
Path Type: min

Fanout         Cap        Slew       Delay        Time   Description
---------------------------------------------------------------------------------------------
                                  0.000000    0.000000   clock clk (rise edge)
                                  0.000000    0.000000   clock source latency
   163    0.547821    1.892577    1.355224    1.355224 ^ clk (in)
                                                         clk (net)
                      1.919493    0.000000    1.355224 ^ _18567_/CLK (sky130_fd_sc_hd__dfrtp_1)
    35    0.146274    0.690623    1.114772    2.469996 v _18567_/Q (sky130_fd_sc_hd__dfrtp_1)
                                                         b_r[61] (net)
                      0.695206    0.046230    2.516226 v _11150_/A (sky130_fd_sc_hd__nand4_1)
     2    0.007927    0.216158    0.331412    2.847638 ^ _11150_/Y (sky130_fd_sc_hd__nand4_1)
                                                         _01157_ (net)
                      0.216158    0.000022    2.847660 ^ _17132_/A (sky130_fd_sc_hd__maj3_1)
     2    0.007597    0.090912    0.228524    3.076185 ^ _17132_/X (sky130_fd_sc_hd__maj3_1)
                                                         _07738_ (net)
                      0.090912    0.000061    3.076246 ^ _17140_/A (sky130_fd_sc_hd__xnor2_1)
     2    0.007017    0.091814    0.150914    3.227159 ^ _17140_/Y (sky130_fd_sc_hd__xnor2_1)
                                                         _07746_ (net)
                      0.091814    0.000069    3.227228 ^ _17143_/A (sky130_fd_sc_hd__xor2_1)
     4    0.012235    0.073367    0.119557    3.346785 v _17143_/X (sky130_fd_sc_hd__xor2_1)
                                                         _07750_ (net)
                      0.073367    0.000210    3.346996 v _18056_/B (sky130_fd_sc_hd__xor2_1)
     2    0.007258    0.176208    0.195105    3.542101 ^ _18056_/X (sky130_fd_sc_hd__xor2_1)
                                                         _08753_ (net)
                      0.176208    0.000071    3.542172 ^ _18057_/B (sky130_fd_sc_hd__xor2_1)
     3    0.010563    0.066796    0.134308    3.676480 v _18057_/X (sky130_fd_sc_hd__xor2_1)
                                                         _08754_ (net)
                      0.066796    0.000129    3.676609 v _18058_/C (sky130_fd_sc_hd__nand3b_1)
     2    0.007218    0.088602    0.117377    3.793986 ^ _18058_/Y (sky130_fd_sc_hd__nand3b_1)
                                                         _08755_ (net)
                      0.088602    0.000132    3.794118 ^ _18080_/A (sky130_fd_sc_hd__nor3_1)
     2    0.005360    0.036793    0.070495    3.864612 v _18080_/Y (sky130_fd_sc_hd__nor3_1)
                                                         _08779_ (net)
                      0.036793    0.000030    3.864642 v _18117_/A (sky130_fd_sc_hd__nand2_1)
     1    0.002706    0.037683    0.049559    3.914202 ^ _18117_/Y (sky130_fd_sc_hd__nand2_1)
                                                         _08820_ (net)
                      0.037683    0.000006    3.914208 ^ _18118_/C (sky130_fd_sc_hd__nor3_1)
     3    0.011938    0.062218    0.067033    3.981241 v _18118_/Y (sky130_fd_sc_hd__nor3_1)
                                                         _08821_ (net)
                      0.062226    0.000569    3.981811 v _18198_/A1 (sky130_fd_sc_hd__o21bai_1)
     2    0.005776    0.084993    0.177801    4.159612 ^ _18198_/Y (sky130_fd_sc_hd__o21bai_1)
                                                         _08909_ (net)
                      0.084993    0.000044    4.159656 ^ _18199_/A2 (sky130_fd_sc_hd__a21oi_1)
     3    0.007679    0.071987    0.096916    4.256572 v _18199_/Y (sky130_fd_sc_hd__a21oi_1)
                                                         _08910_ (net)
                      0.071987    0.000094    4.256666 v _18200_/A2 (sky130_fd_sc_hd__a21oi_1)
     2    0.008229    0.187406    0.223290    4.479956 ^ _18200_/Y (sky130_fd_sc_hd__a21oi_1)
                                                         _08911_ (net)
                      0.187406    0.000143    4.480100 ^ _18346_/B (sky130_fd_sc_hd__xnor2_1)
     2    0.025335    0.286789    0.308572    4.788671 ^ _18346_/Y (sky130_fd_sc_hd__xnor2_1)
                                                         _09072_ (net)
                      0.286843    0.003262    4.791933 ^ _18458_/A1 (sky130_fd_sc_hd__o21ai_0)
     1    0.002375    0.077506    0.133889    4.925823 v _18458_/Y (sky130_fd_sc_hd__o21ai_0)
                                                         fixed_pkg::s_narrow48$func$/headless/otolith/hdl/rtl/fixed_pkg.sv:130$9.$unnamed_block$1.v[53] (net)
                      0.077506    0.000011    4.925833 v _18625_/D (sky130_fd_sc_hd__dfrtp_1)
                                              4.925833   data arrival time

                                  0.000000    0.000000   clock clk (rise edge)
                                  0.000000    0.000000   clock source latency
   163    0.547821    1.892577    1.354755    1.354755 ^ clk (in)
                                                         clk (net)
                      1.919345    0.000000    1.354755 ^ _18625_/CLK (sky130_fd_sc_hd__dfrtp_1)
                                  0.250000    1.604755   clock uncertainty
                                  0.000000    1.604755   clock reconvergence pessimism
                                  0.157274    1.762029   library hold time
                                              1.762029   data required time
---------------------------------------------------------------------------------------------
                                              1.762029   data required time
                                             -4.925833   data arrival time
---------------------------------------------------------------------------------------------
                                              3.163805   slack (MET)


Startpoint: _18567_ (rising edge-triggered flip-flop clocked by clk)
Endpoint: _18626_ (rising edge-triggered flip-flop clocked by clk)
Path Group: clk
Path Type: min

Fanout         Cap        Slew       Delay        Time   Description
---------------------------------------------------------------------------------------------
                                  0.000000    0.000000   clock clk (rise edge)
                                  0.000000    0.000000   clock source latency
   163    0.547821    1.892577    1.355224    1.355224 ^ clk (in)
                                                         clk (net)
                      1.919493    0.000000    1.355224 ^ _18567_/CLK (sky130_fd_sc_hd__dfrtp_1)
    35    0.146274    0.690623    1.114772    2.469996 v _18567_/Q (sky130_fd_sc_hd__dfrtp_1)
                                                         b_r[61] (net)
                      0.694404    0.042191    2.512188 v _15636_/A (sky130_fd_sc_hd__nand2_1)
     2    0.005208    0.172075    0.252124    2.764312 ^ _15636_/Y (sky130_fd_sc_hd__nand2_1)
                                                         _06092_ (net)
                      0.172075    0.000004    2.764316 ^ _15801_/B (sky130_fd_sc_hd__maj3_1)
     2    0.008521    0.099109    0.223875    2.988190 ^ _15801_/X (sky130_fd_sc_hd__maj3_1)
                                                         _06273_ (net)
                      0.099109    0.000056    2.988246 ^ _16226_/C (sky130_fd_sc_hd__maj3_1)
     2    0.008679    0.100115    0.213734    3.201980 ^ _16226_/X (sky130_fd_sc_hd__maj3_1)
                                                         _06741_ (net)
                      0.100115    0.000093    3.202073 ^ _16232_/A (sky130_fd_sc_hd__xnor2_1)
     2    0.008308    0.105447    0.163197    3.365270 ^ _16232_/Y (sky130_fd_sc_hd__xnor2_1)
                                                         _06748_ (net)
                      0.105447    0.000030    3.365300 ^ _16633_/B (sky130_fd_sc_hd__maj3_1)
     2    0.009183    0.104659    0.208792    3.574092 ^ _16633_/X (sky130_fd_sc_hd__maj3_1)
                                                         _07189_ (net)
                      0.104659    0.000172    3.574264 ^ _16637_/A2 (sky130_fd_sc_hd__a21oi_1)
     2    0.008345    0.051413    0.106606    3.680870 v _16637_/Y (sky130_fd_sc_hd__a21oi_1)
                                                         _07193_ (net)
                      0.051413    0.000079    3.680948 v _16646_/A (sky130_fd_sc_hd__xnor2_1)
     2    0.011111    0.091069    0.167795    3.848743 v _16646_/Y (sky130_fd_sc_hd__xnor2_1)
                                                         _07203_ (net)
                      0.091072    0.000462    3.849205 v _16653_/A (sky130_fd_sc_hd__nor2_1)
     1    0.002848    0.080457    0.114078    3.963283 ^ _16653_/Y (sky130_fd_sc_hd__nor2_1)
                                                         _07211_ (net)
                      0.080457    0.000011    3.963294 ^ _16655_/B1 (sky130_fd_sc_hd__a21oi_1)
     2    0.007972    0.051241    0.066339    4.029633 v _16655_/Y (sky130_fd_sc_hd__a21oi_1)
                                                         _07213_ (net)
                      0.051241    0.000128    4.029761 v _16656_/B (sky130_fd_sc_hd__nor2_1)
     2    0.005751    0.127559    0.120214    4.149976 ^ _16656_/Y (sky130_fd_sc_hd__nor2_1)
                                                         _07214_ (net)
                      0.127559    0.000032    4.150007 ^ _18135_/B1 (sky130_fd_sc_hd__a21oi_1)
     1    0.004844    0.050358    0.066685    4.216692 v _18135_/Y (sky130_fd_sc_hd__a21oi_1)
                                                         _08840_ (net)
                      0.050358    0.000020    4.216712 v _18136_/B (sky130_fd_sc_hd__xnor2_1)
     2    0.009028    0.077757    0.154197    4.370909 v _18136_/Y (sky130_fd_sc_hd__xnor2_1)
                                                         _08841_ (net)
                      0.077757    0.000228    4.371137 v _18137_/B (sky130_fd_sc_hd__nand2_1)
     2    0.004552    0.062198    0.086812    4.457949 ^ _18137_/Y (sky130_fd_sc_hd__nand2_1)
                                                         _08842_ (net)
                      0.062198    0.000020    4.457969 ^ _18201_/B1 (sky130_fd_sc_hd__o21ai_0)
     1    0.004321    0.077000    0.091791    4.549760 v _18201_/Y (sky130_fd_sc_hd__o21ai_0)
                                                         _08912_ (net)
                      0.077000    0.000008    4.549767 v _18202_/B (sky130_fd_sc_hd__xor2_1)
     2    0.026132    0.127241    0.233166    4.782933 v _18202_/X (sky130_fd_sc_hd__xor2_1)
                                                         _08914_ (net)
                      0.127347    0.003344    4.786277 v _18203_/A (sky130_fd_sc_hd__inv_1)
     1    0.002409    0.046748    0.075500    4.861776 ^ _18203_/Y (sky130_fd_sc_hd__inv_1)
                                                         _08915_ (net)
                      0.046748    0.000014    4.861791 ^ _18459_/A1 (sky130_fd_sc_hd__o21ai_0)
     1    0.002357    0.053228    0.074340    4.936131 v _18459_/Y (sky130_fd_sc_hd__o21ai_0)
                                                         fixed_pkg::s_narrow48$func$/headless/otolith/hdl/rtl/fixed_pkg.sv:130$9.$unnamed_block$1.v[54] (net)
                      0.053228    0.000010    4.936141 v _18626_/D (sky130_fd_sc_hd__dfrtp_1)
                                              4.936141   data arrival time

                                  0.000000    0.000000   clock clk (rise edge)
                                  0.000000    0.000000   clock source latency
   163    0.547821    1.892577    1.354909    1.354909 ^ clk (in)
                                                         clk (net)
                      1.919393    0.000000    1.354909 ^ _18626_/CLK (sky130_fd_sc_hd__dfrtp_1)
                                  0.250000    1.604909   clock uncertainty
                                  0.000000    1.604909   clock reconvergence pessimism
                                  0.166762    1.771672   library hold time
                                              1.771672   data required time
---------------------------------------------------------------------------------------------
                                              1.771672   data required time
                                             -4.936141   data arrival time
---------------------------------------------------------------------------------------------
                                              3.164469   slack (MET)


Startpoint: _18567_ (rising edge-triggered flip-flop clocked by clk)
Endpoint: _18627_ (rising edge-triggered flip-flop clocked by clk)
Path Group: clk
Path Type: min

Fanout         Cap        Slew       Delay        Time   Description
---------------------------------------------------------------------------------------------
                                  0.000000    0.000000   clock clk (rise edge)
                                  0.000000    0.000000   clock source latency
   163    0.547821    1.892577    1.355224    1.355224 ^ clk (in)
                                                         clk (net)
                      1.919493    0.000000    1.355224 ^ _18567_/CLK (sky130_fd_sc_hd__dfrtp_1)
    35    0.146274    0.690623    1.114772    2.469996 v _18567_/Q (sky130_fd_sc_hd__dfrtp_1)
                                                         b_r[61] (net)
                      0.695206    0.046230    2.516226 v _11150_/A (sky130_fd_sc_hd__nand4_1)
     2    0.007927    0.216158    0.331412    2.847638 ^ _11150_/Y (sky130_fd_sc_hd__nand4_1)
                                                         _01157_ (net)
                      0.216158    0.000022    2.847660 ^ _17132_/A (sky130_fd_sc_hd__maj3_1)
     2    0.007597    0.090912    0.228524    3.076185 ^ _17132_/X (sky130_fd_sc_hd__maj3_1)
                                                         _07738_ (net)
                      0.090912    0.000071    3.076255 ^ _17135_/B (sky130_fd_sc_hd__or3_1)
     2    0.004995    0.056211    0.123545    3.199800 ^ _17135_/X (sky130_fd_sc_hd__or3_1)
                                                         _07741_ (net)
                      0.056211    0.000040    3.199840 ^ _17136_/C (sky130_fd_sc_hd__nand3b_1)
     2    0.005761    0.077087    0.095873    3.295713 v _17136_/Y (sky130_fd_sc_hd__nand3b_1)
                                                         _07742_ (net)
                      0.077087    0.000067    3.295780 v _17139_/A (sky130_fd_sc_hd__nand2_1)
     3    0.011633    0.113651    0.123112    3.418892 ^ _17139_/Y (sky130_fd_sc_hd__nand2_1)
                                                         _07745_ (net)
                      0.113652    0.000167    3.419059 ^ _18043_/A (sky130_fd_sc_hd__xnor2_1)
     2    0.006394    0.060000    0.103934    3.522994 v _18043_/Y (sky130_fd_sc_hd__xnor2_1)
                                                         _08739_ (net)
                      0.060000    0.000058    3.523052 v _18044_/A_N (sky130_fd_sc_hd__nand2b_1)
     2    0.005294    0.057008    0.157369    3.680421 v _18044_/Y (sky130_fd_sc_hd__nand2b_1)
                                                         _08740_ (net)
                      0.057008    0.000051    3.680472 v _18127_/C1 (sky130_fd_sc_hd__o221ai_1)
     2    0.007770    0.118550    0.102435    3.782907 ^ _18127_/Y (sky130_fd_sc_hd__o221ai_1)
                                                         _08831_ (net)
                      0.118550    0.000166    3.783072 ^ _18131_/B1 (sky130_fd_sc_hd__a221o_1)
     3    0.012282    0.125789    0.215977    3.999049 ^ _18131_/X (sky130_fd_sc_hd__a221o_1)
                                                         _08835_ (net)
                      0.125790    0.000566    3.999615 ^ _18132_/B (sky130_fd_sc_hd__nor2_1)
     3    0.017369    0.085708    0.113826    4.113441 v _18132_/Y (sky130_fd_sc_hd__nor2_1)
                                                         _08837_ (net)
                      0.085718    0.000752    4.114193 v _18186_/A1 (sky130_fd_sc_hd__o21ba_1)
     4    0.012526    0.073548    0.237791    4.351985 v _18186_/X (sky130_fd_sc_hd__o21ba_1)
                                                         _08896_ (net)
                      0.073548    0.000275    4.352260 v _18230_/B (sky130_fd_sc_hd__xnor2_1)
     2    0.031180    0.231595    0.282856    4.635116 v _18230_/Y (sky130_fd_sc_hd__xnor2_1)
                                                         _08944_ (net)
                      0.231658    0.003195    4.638311 v _18460_/A1 (sky130_fd_sc_hd__o21ai_0)
     1    0.002514    0.135672    0.214301    4.852612 ^ _18460_/Y (sky130_fd_sc_hd__o21ai_0)
                                                         fixed_pkg::s_narrow48$func$/headless/otolith/hdl/rtl/fixed_pkg.sv:130$9.$unnamed_block$1.v[55] (net)
                      0.135672    0.000013    4.852625 ^ _18627_/D (sky130_fd_sc_hd__dfrtp_1)
                                              4.852625   data arrival time

                                  0.000000    0.000000   clock clk (rise edge)
                                  0.000000    0.000000   clock source latency
   163    0.547821    1.892577    1.354661    1.354661 ^ clk (in)
                                                         clk (net)
                      1.919315    0.000000    1.354661 ^ _18627_/CLK (sky130_fd_sc_hd__dfrtp_1)
                                  0.250000    1.604661   clock uncertainty
                                  0.000000    1.604661   clock reconvergence pessimism
                                  0.047747    1.652408   library hold time
                                              1.652408   data required time
---------------------------------------------------------------------------------------------
                                              1.652408   data required time
                                             -4.852625   data arrival time
---------------------------------------------------------------------------------------------
                                              3.200217   slack (MET)


Startpoint: _18598_ (rising edge-triggered flip-flop clocked by clk)
Endpoint: p[26] (output port clocked by clk)
Path Group: clk
Path Type: min

Fanout         Cap        Slew       Delay        Time   Description
---------------------------------------------------------------------------------------------
                                  0.000000    0.000000   clock clk (rise edge)
                                  0.000000    0.000000   clock source latency
   163    0.547821    1.892577    1.198560    1.198560 ^ clk (in)
                                                         clk (net)
                      1.893059    0.000000    1.198560 ^ _18598_/CLK (sky130_fd_sc_hd__dfrtp_1)
     1    0.035307    0.179286    0.754001    1.952561 v _18598_/Q (sky130_fd_sc_hd__dfrtp_1)
                                                         p[26] (net)
                      0.179287    0.000735    1.953296 v p[26] (out)
                                              1.953296   data arrival time

                                  0.000000    0.000000   clock clk (rise edge)
                                  0.000000    0.000000   clock network delay (propagated)
                                  0.250000    0.250000   clock uncertainty
                                  0.000000    0.250000   clock reconvergence pessimism
                                 -2.000000   -1.750000   output external delay
                                             -1.750000   data required time
---------------------------------------------------------------------------------------------
                                             -1.750000   data required time
                                             -1.953296   data arrival time
---------------------------------------------------------------------------------------------
                                              3.703295   slack (MET)


Startpoint: _18595_ (rising edge-triggered flip-flop clocked by clk)
Endpoint: p[23] (output port clocked by clk)
Path Group: clk
Path Type: min

Fanout         Cap        Slew       Delay        Time   Description
---------------------------------------------------------------------------------------------
                                  0.000000    0.000000   clock clk (rise edge)
                                  0.000000    0.000000   clock source latency
   163    0.547821    1.892577    1.199545    1.199545 ^ clk (in)
                                                         clk (net)
                      1.893096    0.000000    1.199545 ^ _18595_/CLK (sky130_fd_sc_hd__dfrtp_1)
     1    0.035174    0.178673    0.753575    1.953120 v _18595_/Q (sky130_fd_sc_hd__dfrtp_1)
                                                         p[23] (net)
                      0.178673    0.000681    1.953801 v p[23] (out)
                                              1.953801   data arrival time

                                  0.000000    0.000000   clock clk (rise edge)
                                  0.000000    0.000000   clock network delay (propagated)
                                  0.250000    0.250000   clock uncertainty
                                  0.000000    0.250000   clock reconvergence pessimism
                                 -2.000000   -1.750000   output external delay
                                             -1.750000   data required time
---------------------------------------------------------------------------------------------
                                             -1.750000   data required time
                                             -1.953801   data arrival time
---------------------------------------------------------------------------------------------
                                              3.703801   slack (MET)


Startpoint: _18591_ (rising edge-triggered flip-flop clocked by clk)
Endpoint: p[19] (output port clocked by clk)
Path Group: clk
Path Type: min

Fanout         Cap        Slew       Delay        Time   Description
---------------------------------------------------------------------------------------------
                                  0.000000    0.000000   clock clk (rise edge)
                                  0.000000    0.000000   clock source latency
   163    0.547821    1.892577    1.199015    1.199015 ^ clk (in)
                                                         clk (net)
                      1.893076    0.000000    1.199015 ^ _18591_/CLK (sky130_fd_sc_hd__dfrtp_1)
     1    0.035338    0.179426    0.754101    1.953116 v _18591_/Q (sky130_fd_sc_hd__dfrtp_1)
                                                         p[19] (net)
                      0.179427    0.000747    1.953863 v p[19] (out)
                                              1.953863   data arrival time

                                  0.000000    0.000000   clock clk (rise edge)
                                  0.000000    0.000000   clock network delay (propagated)
                                  0.250000    0.250000   clock uncertainty
                                  0.000000    0.250000   clock reconvergence pessimism
                                 -2.000000   -1.750000   output external delay
                                             -1.750000   data required time
---------------------------------------------------------------------------------------------
                                             -1.750000   data required time
                                             -1.953863   data arrival time
---------------------------------------------------------------------------------------------
                                              3.703863   slack (MET)


Startpoint: _18589_ (rising edge-triggered flip-flop clocked by clk)
Endpoint: p[17] (output port clocked by clk)
Path Group: clk
Path Type: min

Fanout         Cap        Slew       Delay        Time   Description
---------------------------------------------------------------------------------------------
                                  0.000000    0.000000   clock clk (rise edge)
                                  0.000000    0.000000   clock source latency
   163    0.547821    1.892577    1.199376    1.199376 ^ clk (in)
                                                         clk (net)
                      1.893090    0.000000    1.199376 ^ _18589_/CLK (sky130_fd_sc_hd__dfrtp_1)
     1    0.035268    0.179103    0.753877    1.953253 v _18589_/Q (sky130_fd_sc_hd__dfrtp_1)
                                                         p[17] (net)
                      0.179104    0.000719    1.953972 v p[17] (out)
                                              1.953972   data arrival time

                                  0.000000    0.000000   clock clk (rise edge)
                                  0.000000    0.000000   clock network delay (propagated)
                                  0.250000    0.250000   clock uncertainty
                                  0.000000    0.250000   clock reconvergence pessimism
                                 -2.000000   -1.750000   output external delay
                                             -1.750000   data required time
---------------------------------------------------------------------------------------------
                                             -1.750000   data required time
                                             -1.953972   data arrival time
---------------------------------------------------------------------------------------------
                                              3.703971   slack (MET)


Startpoint: _18605_ (rising edge-triggered flip-flop clocked by clk)
Endpoint: p[33] (output port clocked by clk)
Path Group: clk
Path Type: min

Fanout         Cap        Slew       Delay        Time   Description
---------------------------------------------------------------------------------------------
                                  0.000000    0.000000   clock clk (rise edge)
                                  0.000000    0.000000   clock source latency
   163    0.547821    1.892577    1.199735    1.199735 ^ clk (in)
                                                         clk (net)
                      1.893103    0.000000    1.199735 ^ _18605_/CLK (sky130_fd_sc_hd__dfrtp_1)
     1    0.035430    0.179851    0.754402    1.954136 v _18605_/Q (sky130_fd_sc_hd__dfrtp_1)
                                                         p[33] (net)
                      0.179852    0.000784    1.954921 v p[33] (out)
                                              1.954921   data arrival time

                                  0.000000    0.000000   clock clk (rise edge)
                                  0.000000    0.000000   clock network delay (propagated)
                                  0.250000    0.250000   clock uncertainty
                                  0.000000    0.250000   clock reconvergence pessimism
                                 -2.000000   -1.750000   output external delay
                                             -1.750000   data required time
---------------------------------------------------------------------------------------------
                                             -1.750000   data required time
                                             -1.954921   data arrival time
---------------------------------------------------------------------------------------------
                                              3.704921   slack (MET)


Startpoint: _18592_ (rising edge-triggered flip-flop clocked by clk)
Endpoint: p[20] (output port clocked by clk)
Path Group: clk
Path Type: min

Fanout         Cap        Slew       Delay        Time   Description
---------------------------------------------------------------------------------------------
                                  0.000000    0.000000   clock clk (rise edge)
                                  0.000000    0.000000   clock source latency
   163    0.547821    1.892577    1.199964    1.199964 ^ clk (in)
                                                         clk (net)
                      1.893112    0.000000    1.199964 ^ _18592_/CLK (sky130_fd_sc_hd__dfrtp_1)
     1    0.035674    0.180974    0.755189    1.955153 v _18592_/Q (sky130_fd_sc_hd__dfrtp_1)
                                                         p[20] (net)
                      0.180976    0.000884    1.956037 v p[20] (out)
                                              1.956037   data arrival time

                                  0.000000    0.000000   clock clk (rise edge)
                                  0.000000    0.000000   clock network delay (propagated)
                                  0.250000    0.250000   clock uncertainty
                                  0.000000    0.250000   clock reconvergence pessimism
                                 -2.000000   -1.750000   output external delay
                                             -1.750000   data required time
---------------------------------------------------------------------------------------------
                                             -1.750000   data required time
                                             -1.956037   data arrival time
---------------------------------------------------------------------------------------------
                                              3.706037   slack (MET)


Startpoint: _18596_ (rising edge-triggered flip-flop clocked by clk)
Endpoint: p[24] (output port clocked by clk)
Path Group: clk
Path Type: min

Fanout         Cap        Slew       Delay        Time   Description
---------------------------------------------------------------------------------------------
                                  0.000000    0.000000   clock clk (rise edge)
                                  0.000000    0.000000   clock source latency
   163    0.547821    1.892577    1.200043    1.200043 ^ clk (in)
                                                         clk (net)
                      1.893115    0.000000    1.200043 ^ _18596_/CLK (sky130_fd_sc_hd__dfrtp_1)
     1    0.035813    0.181610    0.755635    1.955678 v _18596_/Q (sky130_fd_sc_hd__dfrtp_1)
                                                         p[24] (net)
                      0.181613    0.000941    1.956619 v p[24] (out)
                                              1.956619   data arrival time

                                  0.000000    0.000000   clock clk (rise edge)
                                  0.000000    0.000000   clock network delay (propagated)
                                  0.250000    0.250000   clock uncertainty
                                  0.000000    0.250000   clock reconvergence pessimism
                                 -2.000000   -1.750000   output external delay
                                             -1.750000   data required time
---------------------------------------------------------------------------------------------
                                             -1.750000   data required time
                                             -1.956619   data arrival time
---------------------------------------------------------------------------------------------
                                              3.706619   slack (MET)


Startpoint: _18588_ (rising edge-triggered flip-flop clocked by clk)
Endpoint: p[16] (output port clocked by clk)
Path Group: clk
Path Type: min

Fanout         Cap        Slew       Delay        Time   Description
---------------------------------------------------------------------------------------------
                                  0.000000    0.000000   clock clk (rise edge)
                                  0.000000    0.000000   clock source latency
   163    0.547821    1.892577    1.199424    1.199424 ^ clk (in)
                                                         clk (net)
                      1.893091    0.000000    1.199424 ^ _18588_/CLK (sky130_fd_sc_hd__dfrtp_1)
     1    0.035999    0.182467    0.756233    1.955657 v _18588_/Q (sky130_fd_sc_hd__dfrtp_1)
                                                         p[16] (net)
                      0.182470    0.001017    1.956674 v p[16] (out)
                                              1.956674   data arrival time

                                  0.000000    0.000000   clock clk (rise edge)
                                  0.000000    0.000000   clock network delay (propagated)
                                  0.250000    0.250000   clock uncertainty
                                  0.000000    0.250000   clock reconvergence pessimism
                                 -2.000000   -1.750000   output external delay
                                             -1.750000   data required time
---------------------------------------------------------------------------------------------
                                             -1.750000   data required time
                                             -1.956674   data arrival time
---------------------------------------------------------------------------------------------
                                              3.706674   slack (MET)


Startpoint: _18600_ (rising edge-triggered flip-flop clocked by clk)
Endpoint: p[28] (output port clocked by clk)
Path Group: clk
Path Type: min

Fanout         Cap        Slew       Delay        Time   Description
---------------------------------------------------------------------------------------------
                                  0.000000    0.000000   clock clk (rise edge)
                                  0.000000    0.000000   clock source latency
   163    0.547821    1.892577    1.199677    1.199677 ^ clk (in)
                                                         clk (net)
                      1.893101    0.000000    1.199677 ^ _18600_/CLK (sky130_fd_sc_hd__dfrtp_1)
     1    0.036056    0.182730    0.756418    1.956095 v _18600_/Q (sky130_fd_sc_hd__dfrtp_1)
                                                         p[28] (net)
                      0.182733    0.001041    1.957135 v p[28] (out)
                                              1.957135   data arrival time

                                  0.000000    0.000000   clock clk (rise edge)
                                  0.000000    0.000000   clock network delay (propagated)
                                  0.250000    0.250000   clock uncertainty
                                  0.000000    0.250000   clock reconvergence pessimism
                                 -2.000000   -1.750000   output external delay
                                             -1.750000   data required time
---------------------------------------------------------------------------------------------
                                             -1.750000   data required time
                                             -1.957135   data arrival time
---------------------------------------------------------------------------------------------
                                              3.707135   slack (MET)


Startpoint: _18603_ (rising edge-triggered flip-flop clocked by clk)
Endpoint: p[31] (output port clocked by clk)
Path Group: clk
Path Type: min

Fanout         Cap        Slew       Delay        Time   Description
---------------------------------------------------------------------------------------------
                                  0.000000    0.000000   clock clk (rise edge)
                                  0.000000    0.000000   clock source latency
   163    0.547821    1.892577    1.199550    1.199550 ^ clk (in)
                                                         clk (net)
                      1.893096    0.000000    1.199550 ^ _18603_/CLK (sky130_fd_sc_hd__dfrtp_1)
     1    0.036105    0.182952    0.756573    1.956123 v _18603_/Q (sky130_fd_sc_hd__dfrtp_1)
                                                         p[31] (net)
                      0.182956    0.001061    1.957184 v p[31] (out)
                                              1.957184   data arrival time

                                  0.000000    0.000000   clock clk (rise edge)
                                  0.000000    0.000000   clock network delay (propagated)
                                  0.250000    0.250000   clock uncertainty
                                  0.000000    0.250000   clock reconvergence pessimism
                                 -2.000000   -1.750000   output external delay
                                             -1.750000   data required time
---------------------------------------------------------------------------------------------
                                             -1.750000   data required time
                                             -1.957184   data arrival time
---------------------------------------------------------------------------------------------
                                              3.707184   slack (MET)


Startpoint: _18594_ (rising edge-triggered flip-flop clocked by clk)
Endpoint: p[22] (output port clocked by clk)
Path Group: clk
Path Type: min

Fanout         Cap        Slew       Delay        Time   Description
---------------------------------------------------------------------------------------------
                                  0.000000    0.000000   clock clk (rise edge)
                                  0.000000    0.000000   clock source latency
   163    0.547821    1.892577    1.199633    1.199633 ^ clk (in)
                                                         clk (net)
                      1.893099    0.000000    1.199633 ^ _18594_/CLK (sky130_fd_sc_hd__dfrtp_1)
     1    0.036159    0.183200    0.756747    1.956380 v _18594_/Q (sky130_fd_sc_hd__dfrtp_1)
                                                         p[22] (net)
                      0.183204    0.001083    1.957463 v p[22] (out)
                                              1.957463   data arrival time

                                  0.000000    0.000000   clock clk (rise edge)
                                  0.000000    0.000000   clock network delay (propagated)
                                  0.250000    0.250000   clock uncertainty
                                  0.000000    0.250000   clock reconvergence pessimism
                                 -2.000000   -1.750000   output external delay
                                             -1.750000   data required time
---------------------------------------------------------------------------------------------
                                             -1.750000   data required time
                                             -1.957463   data arrival time
---------------------------------------------------------------------------------------------
                                              3.707463   slack (MET)


Startpoint: _18597_ (rising edge-triggered flip-flop clocked by clk)
Endpoint: p[25] (output port clocked by clk)
Path Group: clk
Path Type: min

Fanout         Cap        Slew       Delay        Time   Description
---------------------------------------------------------------------------------------------
                                  0.000000    0.000000   clock clk (rise edge)
                                  0.000000    0.000000   clock source latency
   163    0.547821    1.892577    1.198475    1.198475 ^ clk (in)
                                                         clk (net)
                      1.893056    0.000000    1.198475 ^ _18597_/CLK (sky130_fd_sc_hd__dfrtp_1)
     1    0.037160    0.187802    0.759964    1.958439 v _18597_/Q (sky130_fd_sc_hd__dfrtp_1)
                                                         p[25] (net)
                      0.187812    0.001503    1.959942 v p[25] (out)
                                              1.959942   data arrival time

                                  0.000000    0.000000   clock clk (rise edge)
                                  0.000000    0.000000   clock network delay (propagated)
                                  0.250000    0.250000   clock uncertainty
                                  0.000000    0.250000   clock reconvergence pessimism
                                 -2.000000   -1.750000   output external delay
                                             -1.750000   data required time
---------------------------------------------------------------------------------------------
                                             -1.750000   data required time
                                             -1.959942   data arrival time
---------------------------------------------------------------------------------------------
                                              3.709942   slack (MET)


Startpoint: _18593_ (rising edge-triggered flip-flop clocked by clk)
Endpoint: p[21] (output port clocked by clk)
Path Group: clk
Path Type: min

Fanout         Cap        Slew       Delay        Time   Description
---------------------------------------------------------------------------------------------
                                  0.000000    0.000000   clock clk (rise edge)
                                  0.000000    0.000000   clock source latency
   163    0.547821    1.892577    1.199795    1.199795 ^ clk (in)
                                                         clk (net)
                      1.893106    0.000000    1.199795 ^ _18593_/CLK (sky130_fd_sc_hd__dfrtp_1)
     1    0.037032    0.187214    0.759557    1.959353 v _18593_/Q (sky130_fd_sc_hd__dfrtp_1)
                                                         p[21] (net)
                      0.187223    0.001449    1.960802 v p[21] (out)
                                              1.960802   data arrival time

                                  0.000000    0.000000   clock clk (rise edge)
                                  0.000000    0.000000   clock network delay (propagated)
                                  0.250000    0.250000   clock uncertainty
                                  0.000000    0.250000   clock reconvergence pessimism
                                 -2.000000   -1.750000   output external delay
                                             -1.750000   data required time
---------------------------------------------------------------------------------------------
                                             -1.750000   data required time
                                             -1.960802   data arrival time
---------------------------------------------------------------------------------------------
                                              3.710802   slack (MET)


Startpoint: _18613_ (rising edge-triggered flip-flop clocked by clk)
Endpoint: p[41] (output port clocked by clk)
Path Group: clk
Path Type: min

Fanout         Cap        Slew       Delay        Time   Description
---------------------------------------------------------------------------------------------
                                  0.000000    0.000000   clock clk (rise edge)
                                  0.000000    0.000000   clock source latency
   163    0.547821    1.892577    1.199761    1.199761 ^ clk (in)
                                                         clk (net)
                      1.893104    0.000000    1.199761 ^ _18613_/CLK (sky130_fd_sc_hd__dfrtp_1)
     1    0.037149    0.187752    0.759933    1.959694 v _18613_/Q (sky130_fd_sc_hd__dfrtp_1)
                                                         p[41] (net)
                      0.187762    0.001499    1.961193 v p[41] (out)
                                              1.961193   data arrival time

                                  0.000000    0.000000   clock clk (rise edge)
                                  0.000000    0.000000   clock network delay (propagated)
                                  0.250000    0.250000   clock uncertainty
                                  0.000000    0.250000   clock reconvergence pessimism
                                 -2.000000   -1.750000   output external delay
                                             -1.750000   data required time
---------------------------------------------------------------------------------------------
                                             -1.750000   data required time
                                             -1.961193   data arrival time
---------------------------------------------------------------------------------------------
                                              3.711193   slack (MET)


Startpoint: _18572_ (rising edge-triggered flip-flop clocked by clk)
Endpoint: p[0] (output port clocked by clk)
Path Group: clk
Path Type: min

Fanout         Cap        Slew       Delay        Time   Description
---------------------------------------------------------------------------------------------
                                  0.000000    0.000000   clock clk (rise edge)
                                  0.000000    0.000000   clock source latency
   163    0.547821    1.892577    1.349485    1.349485 ^ clk (in)
                                                         clk (net)
                      1.917706    0.000000    1.349485 ^ _18572_/CLK (sky130_fd_sc_hd__dfrtp_1)
     1    0.034873    0.177289    0.755020    2.104506 v _18572_/Q (sky130_fd_sc_hd__dfrtp_1)
                                                         p[0] (net)
                      0.177289    0.000560    2.105066 v p[0] (out)
                                              2.105066   data arrival time

                                  0.000000    0.000000   clock clk (rise edge)
                                  0.000000    0.000000   clock network delay (propagated)
                                  0.250000    0.250000   clock uncertainty
                                  0.000000    0.250000   clock reconvergence pessimism
                                 -2.000000   -1.750000   output external delay
                                             -1.750000   data required time
---------------------------------------------------------------------------------------------
                                             -1.750000   data required time
                                             -2.105066   data arrival time
---------------------------------------------------------------------------------------------
                                              3.855066   slack (MET)


Startpoint: _18573_ (rising edge-triggered flip-flop clocked by clk)
Endpoint: p[1] (output port clocked by clk)
Path Group: clk
Path Type: min

Fanout         Cap        Slew       Delay        Time   Description
---------------------------------------------------------------------------------------------
                                  0.000000    0.000000   clock clk (rise edge)
                                  0.000000    0.000000   clock source latency
   163    0.547821    1.892577    1.351621    1.351621 ^ clk (in)
                                                         clk (net)
                      1.918364    0.000000    1.351621 ^ _18573_/CLK (sky130_fd_sc_hd__dfrtp_1)
     1    0.034656    0.176293    0.754386    2.106007 v _18573_/Q (sky130_fd_sc_hd__dfrtp_1)
                                                         p[1] (net)
                      0.176293    0.000474    2.106481 v p[1] (out)
                                              2.106481   data arrival time

                                  0.000000    0.000000   clock clk (rise edge)
                                  0.000000    0.000000   clock network delay (propagated)
                                  0.250000    0.250000   clock uncertainty
                                  0.000000    0.250000   clock reconvergence pessimism
                                 -2.000000   -1.750000   output external delay
                                             -1.750000   data required time
---------------------------------------------------------------------------------------------
                                             -1.750000   data required time
                                             -2.106481   data arrival time
---------------------------------------------------------------------------------------------
                                              3.856481   slack (MET)


Startpoint: _18571_ (rising edge-triggered flip-flop clocked by clk)
Endpoint: ready (output port clocked by clk)
Path Group: clk
Path Type: min

Fanout         Cap        Slew       Delay        Time   Description
---------------------------------------------------------------------------------------------
                                  0.000000    0.000000   clock clk (rise edge)
                                  0.000000    0.000000   clock source latency
   163    0.547821    1.892577    1.354436    1.354436 ^ clk (in)
                                                         clk (net)
                      1.919244    0.000000    1.354436 ^ _18571_/CLK (sky130_fd_sc_hd__dfrtp_1)
     1    0.034728    0.176625    0.754705    2.109141 v _18571_/Q (sky130_fd_sc_hd__dfrtp_1)
                                                         ready (net)
                      0.176625    0.000502    2.109643 v ready (out)
                                              2.109643   data arrival time

                                  0.000000    0.000000   clock clk (rise edge)
                                  0.000000    0.000000   clock network delay (propagated)
                                  0.250000    0.250000   clock uncertainty
                                  0.000000    0.250000   clock reconvergence pessimism
                                 -2.000000   -1.750000   output external delay
                                             -1.750000   data required time
---------------------------------------------------------------------------------------------
                                             -1.750000   data required time
                                             -2.109643   data arrival time
---------------------------------------------------------------------------------------------
                                              3.859643   slack (MET)


Startpoint: _18576_ (rising edge-triggered flip-flop clocked by clk)
Endpoint: p[4] (output port clocked by clk)
Path Group: clk
Path Type: min

Fanout         Cap        Slew       Delay        Time   Description
---------------------------------------------------------------------------------------------
                                  0.000000    0.000000   clock clk (rise edge)
                                  0.000000    0.000000   clock source latency
   163    0.547821    1.892577    1.351624    1.351624 ^ clk (in)
                                                         clk (net)
                      1.918365    0.000000    1.351624 ^ _18576_/CLK (sky130_fd_sc_hd__dfrtp_1)
     1    0.035621    0.180729    0.757495    2.109120 v _18576_/Q (sky130_fd_sc_hd__dfrtp_1)
                                                         p[4] (net)
                      0.180731    0.000862    2.109982 v p[4] (out)
                                              2.109982   data arrival time

                                  0.000000    0.000000   clock clk (rise edge)
                                  0.000000    0.000000   clock network delay (propagated)
                                  0.250000    0.250000   clock uncertainty
                                  0.000000    0.250000   clock reconvergence pessimism
                                 -2.000000   -1.750000   output external delay
                                             -1.750000   data required time
---------------------------------------------------------------------------------------------
                                             -1.750000   data required time
                                             -2.109982   data arrival time
---------------------------------------------------------------------------------------------
                                              3.859982   slack (MET)


Startpoint: _18635_ (rising edge-triggered flip-flop clocked by clk)
Endpoint: p[63] (output port clocked by clk)
Path Group: clk
Path Type: min

Fanout         Cap        Slew       Delay        Time   Description
---------------------------------------------------------------------------------------------
                                  0.000000    0.000000   clock clk (rise edge)
                                  0.000000    0.000000   clock source latency
   163    0.547821    1.892577    1.351645    1.351645 ^ clk (in)
                                                         clk (net)
                      1.918371    0.000000    1.351645 ^ _18635_/CLK (sky130_fd_sc_hd__dfrtp_1)
     1    0.035639    0.180811    0.757553    2.109199 v _18635_/Q (sky130_fd_sc_hd__dfrtp_1)
                                                         p[63] (net)
                      0.180813    0.000870    2.110068 v p[63] (out)
                                              2.110068   data arrival time

                                  0.000000    0.000000   clock clk (rise edge)
                                  0.000000    0.000000   clock network delay (propagated)
                                  0.250000    0.250000   clock uncertainty
                                  0.000000    0.250000   clock reconvergence pessimism
                                 -2.000000   -1.750000   output external delay
                                             -1.750000   data required time
---------------------------------------------------------------------------------------------
                                             -1.750000   data required time
                                             -2.110068   data arrival time
---------------------------------------------------------------------------------------------
                                              3.860068   slack (MET)


Startpoint: _18574_ (rising edge-triggered flip-flop clocked by clk)
Endpoint: p[2] (output port clocked by clk)
Path Group: clk
Path Type: min

Fanout         Cap        Slew       Delay        Time   Description
---------------------------------------------------------------------------------------------
                                  0.000000    0.000000   clock clk (rise edge)
                                  0.000000    0.000000   clock source latency
   163    0.547821    1.892577    1.353825    1.353825 ^ clk (in)
                                                         clk (net)
                      1.919052    0.000000    1.353825 ^ _18574_/CLK (sky130_fd_sc_hd__dfrtp_1)
     1    0.035717    0.181171    0.757872    2.111697 v _18574_/Q (sky130_fd_sc_hd__dfrtp_1)
                                                         p[2] (net)
                      0.181173    0.000902    2.112599 v p[2] (out)
                                              2.112599   data arrival time

                                  0.000000    0.000000   clock clk (rise edge)
                                  0.000000    0.000000   clock network delay (propagated)
                                  0.250000    0.250000   clock uncertainty
                                  0.000000    0.250000   clock reconvergence pessimism
                                 -2.000000   -1.750000   output external delay
                                             -1.750000   data required time
---------------------------------------------------------------------------------------------
                                             -1.750000   data required time
                                             -2.112599   data arrival time
---------------------------------------------------------------------------------------------
                                              3.862599   slack (MET)


Startpoint: _18633_ (rising edge-triggered flip-flop clocked by clk)
Endpoint: p[61] (output port clocked by clk)
Path Group: clk
Path Type: min

Fanout         Cap        Slew       Delay        Time   Description
---------------------------------------------------------------------------------------------
                                  0.000000    0.000000   clock clk (rise edge)
                                  0.000000    0.000000   clock source latency
   163    0.547821    1.892577    1.353918    1.353918 ^ clk (in)
                                                         clk (net)
                      1.919081    0.000000    1.353918 ^ _18633_/CLK (sky130_fd_sc_hd__dfrtp_1)
     1    0.036134    0.183089    0.759218    2.113137 v _18633_/Q (sky130_fd_sc_hd__dfrtp_1)
                                                         p[61] (net)
                      0.183093    0.001073    2.114210 v p[61] (out)
                                              2.114210   data arrival time

                                  0.000000    0.000000   clock clk (rise edge)
                                  0.000000    0.000000   clock network delay (propagated)
                                  0.250000    0.250000   clock uncertainty
                                  0.000000    0.250000   clock reconvergence pessimism
                                 -2.000000   -1.750000   output external delay
                                             -1.750000   data required time
---------------------------------------------------------------------------------------------
                                             -1.750000   data required time
                                             -2.114210   data arrival time
---------------------------------------------------------------------------------------------
                                              3.864210   slack (MET)


Startpoint: _18620_ (rising edge-triggered flip-flop clocked by clk)
Endpoint: p[48] (output port clocked by clk)
Path Group: clk
Path Type: min

Fanout         Cap        Slew       Delay        Time   Description
---------------------------------------------------------------------------------------------
                                  0.000000    0.000000   clock clk (rise edge)
                                  0.000000    0.000000   clock source latency
   163    0.547821    1.892577    1.354104    1.354104 ^ clk (in)
                                                         clk (net)
                      1.919139    0.000000    1.354104 ^ _18620_/CLK (sky130_fd_sc_hd__dfrtp_1)
     1    0.036125    0.183047    0.759195    2.113299 v _18620_/Q (sky130_fd_sc_hd__dfrtp_1)
                                                         p[48] (net)
                      0.183051    0.001069    2.114368 v p[48] (out)
                                              2.114368   data arrival time

                                  0.000000    0.000000   clock clk (rise edge)
                                  0.000000    0.000000   clock network delay (propagated)
                                  0.250000    0.250000   clock uncertainty
                                  0.000000    0.250000   clock reconvergence pessimism
                                 -2.000000   -1.750000   output external delay
                                             -1.750000   data required time
---------------------------------------------------------------------------------------------
                                             -1.750000   data required time
                                             -2.114368   data arrival time
---------------------------------------------------------------------------------------------
                                              3.864368   slack (MET)


Startpoint: _18631_ (rising edge-triggered flip-flop clocked by clk)
Endpoint: p[59] (output port clocked by clk)
Path Group: clk
Path Type: min

Fanout         Cap        Slew       Delay        Time   Description
---------------------------------------------------------------------------------------------
                                  0.000000    0.000000   clock clk (rise edge)
                                  0.000000    0.000000   clock source latency
   163    0.547821    1.892577    1.353658    1.353658 ^ clk (in)
                                                         clk (net)
                      1.918999    0.000000    1.353658 ^ _18631_/CLK (sky130_fd_sc_hd__dfrtp_1)
     1    0.036443    0.184509    0.760205    2.113863 v _18631_/Q (sky130_fd_sc_hd__dfrtp_1)
                                                         p[59] (net)
                      0.184515    0.001201    2.115064 v p[59] (out)
                                              2.115064   data arrival time

                                  0.000000    0.000000   clock clk (rise edge)
                                  0.000000    0.000000   clock network delay (propagated)
                                  0.250000    0.250000   clock uncertainty
                                  0.000000    0.250000   clock reconvergence pessimism
                                 -2.000000   -1.750000   output external delay
                                             -1.750000   data required time
---------------------------------------------------------------------------------------------
                                             -1.750000   data required time
                                             -2.115064   data arrival time
---------------------------------------------------------------------------------------------
                                              3.865064   slack (MET)


Startpoint: _18575_ (rising edge-triggered flip-flop clocked by clk)
Endpoint: p[3] (output port clocked by clk)
Path Group: clk
Path Type: min

Fanout         Cap        Slew       Delay        Time   Description
---------------------------------------------------------------------------------------------
                                  0.000000    0.000000   clock clk (rise edge)
                                  0.000000    0.000000   clock source latency
   163    0.547821    1.892577    1.356695    1.356695 ^ clk (in)
                                                         clk (net)
                      1.919961    0.000000    1.356695 ^ _18575_/CLK (sky130_fd_sc_hd__dfrtp_1)
     1    0.035979    0.182374    0.758804    2.115499 v _18575_/Q (sky130_fd_sc_hd__dfrtp_1)
                                                         p[3] (net)
                      0.182377    0.001009    2.116508 v p[3] (out)
                                              2.116508   data arrival time

                                  0.000000    0.000000   clock clk (rise edge)
                                  0.000000    0.000000   clock network delay (propagated)
                                  0.250000    0.250000   clock uncertainty
                                  0.000000    0.250000   clock reconvergence pessimism
                                 -2.000000   -1.750000   output external delay
                                             -1.750000   data required time
---------------------------------------------------------------------------------------------
                                             -1.750000   data required time
                                             -2.116508   data arrival time
---------------------------------------------------------------------------------------------
                                              3.866508   slack (MET)


Startpoint: _18602_ (rising edge-triggered flip-flop clocked by clk)
Endpoint: p[30] (output port clocked by clk)
Path Group: clk
Path Type: min

Fanout         Cap        Slew       Delay        Time   Description
---------------------------------------------------------------------------------------------
                                  0.000000    0.000000   clock clk (rise edge)
                                  0.000000    0.000000   clock source latency
   163    0.547821    1.892577    1.354299    1.354299 ^ clk (in)
                                                         clk (net)
                      1.919201    0.000000    1.354299 ^ _18602_/CLK (sky130_fd_sc_hd__dfrtp_1)
     1    0.036785    0.186079    0.761324    2.115623 v _18602_/Q (sky130_fd_sc_hd__dfrtp_1)
                                                         p[30] (net)
                      0.186087    0.001345    2.116967 v p[30] (out)
                                              2.116967   data arrival time

                                  0.000000    0.000000   clock clk (rise edge)
                                  0.000000    0.000000   clock network delay (propagated)
                                  0.250000    0.250000   clock uncertainty
                                  0.000000    0.250000   clock reconvergence pessimism
                                 -2.000000   -1.750000   output external delay
                                             -1.750000   data required time
---------------------------------------------------------------------------------------------
                                             -1.750000   data required time
                                             -2.116967   data arrival time
---------------------------------------------------------------------------------------------
                                              3.866967   slack (MET)


Startpoint: _18626_ (rising edge-triggered flip-flop clocked by clk)
Endpoint: p[54] (output port clocked by clk)
Path Group: clk
Path Type: min

Fanout         Cap        Slew       Delay        Time   Description
---------------------------------------------------------------------------------------------
                                  0.000000    0.000000   clock clk (rise edge)
                                  0.000000    0.000000   clock source latency
   163    0.547821    1.892577    1.354909    1.354909 ^ clk (in)
                                                         clk (net)
                      1.919393    0.000000    1.354909 ^ _18626_/CLK (sky130_fd_sc_hd__dfrtp_1)
     1    0.036740    0.185870    0.761197    2.116106 v _18626_/Q (sky130_fd_sc_hd__dfrtp_1)
                                                         p[54] (net)
                      0.185877    0.001326    2.117432 v p[54] (out)
                                              2.117432   data arrival time

                                  0.000000    0.000000   clock clk (rise edge)
                                  0.000000    0.000000   clock network delay (propagated)
                                  0.250000    0.250000   clock uncertainty
                                  0.000000    0.250000   clock reconvergence pessimism
                                 -2.000000   -1.750000   output external delay
                                             -1.750000   data required time
---------------------------------------------------------------------------------------------
                                             -1.750000   data required time
                                             -2.117432   data arrival time
---------------------------------------------------------------------------------------------
                                              3.867432   slack (MET)


Startpoint: _18625_ (rising edge-triggered flip-flop clocked by clk)
Endpoint: p[53] (output port clocked by clk)
Path Group: clk
Path Type: min

Fanout         Cap        Slew       Delay        Time   Description
---------------------------------------------------------------------------------------------
                                  0.000000    0.000000   clock clk (rise edge)
                                  0.000000    0.000000   clock source latency
   163    0.547821    1.892577    1.354755    1.354755 ^ clk (in)
                                                         clk (net)
                      1.919345    0.000000    1.354755 ^ _18625_/CLK (sky130_fd_sc_hd__dfrtp_1)
     1    0.037454    0.189154    0.763490    2.118245 v _18625_/Q (sky130_fd_sc_hd__dfrtp_1)
                                                         p[53] (net)
                      0.189167    0.001629    2.119874 v p[53] (out)
                                              2.119874   data arrival time

                                  0.000000    0.000000   clock clk (rise edge)
                                  0.000000    0.000000   clock network delay (propagated)
                                  0.250000    0.250000   clock uncertainty
                                  0.000000    0.250000   clock reconvergence pessimism
                                 -2.000000   -1.750000   output external delay
                                             -1.750000   data required time
---------------------------------------------------------------------------------------------
                                             -1.750000   data required time
                                             -2.119874   data arrival time
---------------------------------------------------------------------------------------------
                                              3.869874   slack (MET)


Startpoint: _18577_ (rising edge-triggered flip-flop clocked by clk)
Endpoint: p[5] (output port clocked by clk)
Path Group: clk
Path Type: min

Fanout         Cap        Slew       Delay        Time   Description
---------------------------------------------------------------------------------------------
                                  0.000000    0.000000   clock clk (rise edge)
                                  0.000000    0.000000   clock source latency
   163    0.547821    1.892577    1.357979    1.357979 ^ clk (in)
                                                         clk (net)
                      1.920373    0.000000    1.357979 ^ _18577_/CLK (sky130_fd_sc_hd__dfrtp_1)
     1    0.036599    0.185224    0.760840    2.118819 v _18577_/Q (sky130_fd_sc_hd__dfrtp_1)
                                                         p[5] (net)
                      0.185231    0.001267    2.120085 v p[5] (out)
                                              2.120085   data arrival time

                                  0.000000    0.000000   clock clk (rise edge)
                                  0.000000    0.000000   clock network delay (propagated)
                                  0.250000    0.250000   clock uncertainty
                                  0.000000    0.250000   clock reconvergence pessimism
                                 -2.000000   -1.750000   output external delay
                                             -1.750000   data required time
---------------------------------------------------------------------------------------------
                                             -1.750000   data required time
                                             -2.120085   data arrival time
---------------------------------------------------------------------------------------------
                                              3.870086   slack (MET)


Startpoint: _18627_ (rising edge-triggered flip-flop clocked by clk)
Endpoint: p[55] (output port clocked by clk)
Path Group: clk
Path Type: min

Fanout         Cap        Slew       Delay        Time   Description
---------------------------------------------------------------------------------------------
                                  0.000000    0.000000   clock clk (rise edge)
                                  0.000000    0.000000   clock source latency
   163    0.547821    1.892577    1.354661    1.354661 ^ clk (in)
                                                         clk (net)
                      1.919315    0.000000    1.354661 ^ _18627_/CLK (sky130_fd_sc_hd__dfrtp_1)
     1    0.037554    0.189612    0.763807    2.118468 v _18627_/Q (sky130_fd_sc_hd__dfrtp_1)
                                                         p[55] (net)
                      0.189625    0.001672    2.120140 v p[55] (out)
                                              2.120140   data arrival time

                                  0.000000    0.000000   clock clk (rise edge)
                                  0.000000    0.000000   clock network delay (propagated)
                                  0.250000    0.250000   clock uncertainty
                                  0.000000    0.250000   clock reconvergence pessimism
                                 -2.000000   -1.750000   output external delay
                                             -1.750000   data required time
---------------------------------------------------------------------------------------------
                                             -1.750000   data required time
                                             -2.120140   data arrival time
---------------------------------------------------------------------------------------------
                                              3.870140   slack (MET)


Startpoint: _18634_ (rising edge-triggered flip-flop clocked by clk)
Endpoint: p[62] (output port clocked by clk)
Path Group: clk
Path Type: min

Fanout         Cap        Slew       Delay        Time   Description
---------------------------------------------------------------------------------------------
                                  0.000000    0.000000   clock clk (rise edge)
                                  0.000000    0.000000   clock source latency
   163    0.547821    1.892577    1.354742    1.354742 ^ clk (in)
                                                         clk (net)
                      1.919340    0.000000    1.354742 ^ _18634_/CLK (sky130_fd_sc_hd__dfrtp_1)
     1    0.037563    0.189655    0.763840    2.118582 v _18634_/Q (sky130_fd_sc_hd__dfrtp_1)
                                                         p[62] (net)
                      0.189668    0.001676    2.120258 v p[62] (out)
                                              2.120258   data arrival time

                                  0.000000    0.000000   clock clk (rise edge)
                                  0.000000    0.000000   clock network delay (propagated)
                                  0.250000    0.250000   clock uncertainty
                                  0.000000    0.250000   clock reconvergence pessimism
                                 -2.000000   -1.750000   output external delay
                                             -1.750000   data required time
---------------------------------------------------------------------------------------------
                                             -1.750000   data required time
                                             -2.120258   data arrival time
---------------------------------------------------------------------------------------------
                                              3.870258   slack (MET)


Startpoint: _18618_ (rising edge-triggered flip-flop clocked by clk)
Endpoint: p[46] (output port clocked by clk)
Path Group: clk
Path Type: min

Fanout         Cap        Slew       Delay        Time   Description
---------------------------------------------------------------------------------------------
                                  0.000000    0.000000   clock clk (rise edge)
                                  0.000000    0.000000   clock source latency
   163    0.547821    1.892577    1.354846    1.354846 ^ clk (in)
                                                         clk (net)
                      1.919373    0.000000    1.354846 ^ _18618_/CLK (sky130_fd_sc_hd__dfrtp_1)
     1    0.037852    0.190981    0.764771    2.119617 v _18618_/Q (sky130_fd_sc_hd__dfrtp_1)
                                                         p[46] (net)
                      0.190997    0.001800    2.121417 v p[46] (out)
                                              2.121417   data arrival time

                                  0.000000    0.000000   clock clk (rise edge)
                                  0.000000    0.000000   clock network delay (propagated)
                                  0.250000    0.250000   clock uncertainty
                                  0.000000    0.250000   clock reconvergence pessimism
                                 -2.000000   -1.750000   output external delay
                                             -1.750000   data required time
---------------------------------------------------------------------------------------------
                                             -1.750000   data required time
                                             -2.121417   data arrival time
---------------------------------------------------------------------------------------------
                                              3.871417   slack (MET)


Startpoint: _18578_ (rising edge-triggered flip-flop clocked by clk)
Endpoint: p[6] (output port clocked by clk)
Path Group: clk
Path Type: min

Fanout         Cap        Slew       Delay        Time   Description
---------------------------------------------------------------------------------------------
                                  0.000000    0.000000   clock clk (rise edge)
                                  0.000000    0.000000   clock source latency
   163    0.547821    1.892577    1.358193    1.358193 ^ clk (in)
                                                         clk (net)
                      1.920443    0.000000    1.358193 ^ _18578_/CLK (sky130_fd_sc_hd__dfrtp_1)
     1    0.037276    0.188336    0.763025    2.121218 v _18578_/Q (sky130_fd_sc_hd__dfrtp_1)
                                                         p[6] (net)
                      0.188346    0.001553    2.122771 v p[6] (out)
                                              2.122771   data arrival time

                                  0.000000    0.000000   clock clk (rise edge)
                                  0.000000    0.000000   clock network delay (propagated)
                                  0.250000    0.250000   clock uncertainty
                                  0.000000    0.250000   clock reconvergence pessimism
                                 -2.000000   -1.750000   output external delay
                                             -1.750000   data required time
---------------------------------------------------------------------------------------------
                                             -1.750000   data required time
                                             -2.122771   data arrival time
---------------------------------------------------------------------------------------------
                                              3.872771   slack (MET)


Startpoint: _18584_ (rising edge-triggered flip-flop clocked by clk)
Endpoint: p[12] (output port clocked by clk)
Path Group: clk
Path Type: min

Fanout         Cap        Slew       Delay        Time   Description
---------------------------------------------------------------------------------------------
                                  0.000000    0.000000   clock clk (rise edge)
                                  0.000000    0.000000   clock source latency
   163    0.547821    1.892577    1.358262    1.358262 ^ clk (in)
                                                         clk (net)
                      1.920465    0.000000    1.358262 ^ _18584_/CLK (sky130_fd_sc_hd__dfrtp_1)
     1    0.037287    0.188387    0.763063    2.121325 v _18584_/Q (sky130_fd_sc_hd__dfrtp_1)
                                                         p[12] (net)
                      0.188398    0.001557    2.122882 v p[12] (out)
                                              2.122882   data arrival time

                                  0.000000    0.000000   clock clk (rise edge)
                                  0.000000    0.000000   clock network delay (propagated)
                                  0.250000    0.250000   clock uncertainty
                                  0.000000    0.250000   clock reconvergence pessimism
                                 -2.000000   -1.750000   output external delay
                                             -1.750000   data required time
---------------------------------------------------------------------------------------------
                                             -1.750000   data required time
                                             -2.122882   data arrival time
---------------------------------------------------------------------------------------------
                                              3.872882   slack (MET)


Startpoint: _18612_ (rising edge-triggered flip-flop clocked by clk)
Endpoint: p[40] (output port clocked by clk)
Path Group: clk
Path Type: min

Fanout         Cap        Slew       Delay        Time   Description
---------------------------------------------------------------------------------------------
                                  0.000000    0.000000   clock clk (rise edge)
                                  0.000000    0.000000   clock source latency
   163    0.547821    1.892577    1.354930    1.354930 ^ clk (in)
                                                         clk (net)
                      1.919400    0.000000    1.354930 ^ _18612_/CLK (sky130_fd_sc_hd__dfrtp_1)
     1    0.038285    0.192971    0.766165    2.121094 v _18612_/Q (sky130_fd_sc_hd__dfrtp_1)
                                                         p[40] (net)
                      0.192990    0.001989    2.123083 v p[40] (out)
                                              2.123083   data arrival time

                                  0.000000    0.000000   clock clk (rise edge)
                                  0.000000    0.000000   clock network delay (propagated)
                                  0.250000    0.250000   clock uncertainty
                                  0.000000    0.250000   clock reconvergence pessimism
                                 -2.000000   -1.750000   output external delay
                                             -1.750000   data required time
---------------------------------------------------------------------------------------------
                                             -1.750000   data required time
                                             -2.123083   data arrival time
---------------------------------------------------------------------------------------------
                                              3.873083   slack (MET)


Startpoint: _18616_ (rising edge-triggered flip-flop clocked by clk)
Endpoint: p[44] (output port clocked by clk)
Path Group: clk
Path Type: min

Fanout         Cap        Slew       Delay        Time   Description
---------------------------------------------------------------------------------------------
                                  0.000000    0.000000   clock clk (rise edge)
                                  0.000000    0.000000   clock source latency
   163    0.547821    1.892577    1.354854    1.354854 ^ clk (in)
                                                         clk (net)
                      1.919376    0.000000    1.354854 ^ _18616_/CLK (sky130_fd_sc_hd__dfrtp_1)
     1    0.038580    0.194328    0.767111    2.121965 v _18616_/Q (sky130_fd_sc_hd__dfrtp_1)
                                                         p[44] (net)
                      0.194350    0.002119    2.124084 v p[44] (out)
                                              2.124084   data arrival time

                                  0.000000    0.000000   clock clk (rise edge)
                                  0.000000    0.000000   clock network delay (propagated)
                                  0.250000    0.250000   clock uncertainty
                                  0.000000    0.250000   clock reconvergence pessimism
                                 -2.000000   -1.750000   output external delay
                                             -1.750000   data required time
---------------------------------------------------------------------------------------------
                                             -1.750000   data required time
                                             -2.124084   data arrival time
---------------------------------------------------------------------------------------------
                                              3.874083   slack (MET)


Startpoint: _18586_ (rising edge-triggered flip-flop clocked by clk)
Endpoint: p[14] (output port clocked by clk)
Path Group: clk
Path Type: min

Fanout         Cap        Slew       Delay        Time   Description
---------------------------------------------------------------------------------------------
                                  0.000000    0.000000   clock clk (rise edge)
                                  0.000000    0.000000   clock source latency
   163    0.547821    1.892577    1.358286    1.358286 ^ clk (in)
                                                         clk (net)
                      1.920473    0.000000    1.358286 ^ _18586_/CLK (sky130_fd_sc_hd__dfrtp_1)
     1    0.038162    0.192407    0.765876    2.124162 v _18586_/Q (sky130_fd_sc_hd__dfrtp_1)
                                                         p[14] (net)
                      0.192425    0.001935    2.126097 v p[14] (out)
                                              2.126097   data arrival time

                                  0.000000    0.000000   clock clk (rise edge)
                                  0.000000    0.000000   clock network delay (propagated)
                                  0.250000    0.250000   clock uncertainty
                                  0.000000    0.250000   clock reconvergence pessimism
                                 -2.000000   -1.750000   output external delay
                                             -1.750000   data required time
---------------------------------------------------------------------------------------------
                                             -1.750000   data required time
                                             -2.126097   data arrival time
---------------------------------------------------------------------------------------------
                                              3.876097   slack (MET)


Startpoint: _18587_ (rising edge-triggered flip-flop clocked by clk)
Endpoint: p[15] (output port clocked by clk)
Path Group: clk
Path Type: min

Fanout         Cap        Slew       Delay        Time   Description
---------------------------------------------------------------------------------------------
                                  0.000000    0.000000   clock clk (rise edge)
                                  0.000000    0.000000   clock source latency
   163    0.547821    1.892577    1.361012    1.361012 ^ clk (in)
                                                         clk (net)
                      1.921360    0.000000    1.361012 ^ _18587_/CLK (sky130_fd_sc_hd__dfrtp_1)
     1    0.037533    0.189515    0.763940    2.124952 v _18587_/Q (sky130_fd_sc_hd__dfrtp_1)
                                                         p[15] (net)
                      0.189528    0.001663    2.126615 v p[15] (out)
                                              2.126615   data arrival time

                                  0.000000    0.000000   clock clk (rise edge)
                                  0.000000    0.000000   clock network delay (propagated)
                                  0.250000    0.250000   clock uncertainty
                                  0.000000    0.250000   clock reconvergence pessimism
                                 -2.000000   -1.750000   output external delay
                                             -1.750000   data required time
---------------------------------------------------------------------------------------------
                                             -1.750000   data required time
                                             -2.126615   data arrival time
---------------------------------------------------------------------------------------------
                                              3.876615   slack (MET)


Startpoint: _18567_ (rising edge-triggered flip-flop clocked by clk)
Endpoint: _18473_ (rising edge-triggered flip-flop clocked by clk)
Path Group: clk
Path Type: min

Fanout         Cap        Slew       Delay        Time   Description
---------------------------------------------------------------------------------------------
                                  0.000000    0.000000   clock clk (rise edge)
                                  0.000000    0.000000   clock source latency
   163    0.547821    1.892577    1.355224    1.355224 ^ clk (in)
                                                         clk (net)
                      1.919493    0.000000    1.355224 ^ _18567_/CLK (sky130_fd_sc_hd__dfrtp_1)
    35    0.146274    0.690623    1.114772    2.469996 v _18567_/Q (sky130_fd_sc_hd__dfrtp_1)
                                                         b_r[61] (net)
                      0.695206    0.046230    2.516226 v _11150_/A (sky130_fd_sc_hd__nand4_1)
     2    0.007927    0.216158    0.331412    2.847638 ^ _11150_/Y (sky130_fd_sc_hd__nand4_1)
                                                         _01157_ (net)
                      0.216158    0.000022    2.847660 ^ _17132_/A (sky130_fd_sc_hd__maj3_1)
     2    0.007597    0.090912    0.228524    3.076185 ^ _17132_/X (sky130_fd_sc_hd__maj3_1)
                                                         _07738_ (net)
                      0.090912    0.000071    3.076255 ^ _17135_/B (sky130_fd_sc_hd__or3_1)
     2    0.004995    0.056211    0.123545    3.199800 ^ _17135_/X (sky130_fd_sc_hd__or3_1)
                                                         _07741_ (net)
                      0.056211    0.000040    3.199840 ^ _17136_/C (sky130_fd_sc_hd__nand3b_1)
     2    0.005761    0.077087    0.095873    3.295713 v _17136_/Y (sky130_fd_sc_hd__nand3b_1)
                                                         _07742_ (net)
                      0.077087    0.000067    3.295780 v _17139_/A (sky130_fd_sc_hd__nand2_1)
     3    0.011633    0.113651    0.123112    3.418892 ^ _17139_/Y (sky130_fd_sc_hd__nand2_1)
                                                         _07745_ (net)
                      0.113652    0.000167    3.419059 ^ _18043_/A (sky130_fd_sc_hd__xnor2_1)
     2    0.006394    0.060000    0.103934    3.522994 v _18043_/Y (sky130_fd_sc_hd__xnor2_1)
                                                         _08739_ (net)
                      0.060000    0.000058    3.523052 v _18044_/A_N (sky130_fd_sc_hd__nand2b_1)
     2    0.005294    0.057008    0.157369    3.680421 v _18044_/Y (sky130_fd_sc_hd__nand2b_1)
                                                         _08740_ (net)
                      0.057008    0.000063    3.680484 v _18314_/B1 (sky130_fd_sc_hd__o21ai_0)
     1    0.005009    0.099808    0.095558    3.776042 ^ _18314_/Y (sky130_fd_sc_hd__o21ai_0)
                                                         _09037_ (net)
                      0.099808    0.000020    3.776061 ^ _18315_/B (sky130_fd_sc_hd__xnor2_1)
     2    0.010594    0.088241    0.113819    3.889880 v _18315_/Y (sky130_fd_sc_hd__xnor2_1)
                                                         _09038_ (net)
                      0.088274    0.000455    3.890335 v _18321_/B (sky130_fd_sc_hd__nand4_1)
     1    0.007327    0.090863    0.131418    4.021753 ^ _18321_/Y (sky130_fd_sc_hd__nand4_1)
                                                         _09044_ (net)
                      0.090865    0.000294    4.022047 ^ _18347_/A (sky130_fd_sc_hd__or4_1)
     1    0.008836    0.089427    0.153084    4.175131 ^ _18347_/X (sky130_fd_sc_hd__or4_1)
                                                         _09073_ (net)
                      0.089427    0.000410    4.175541 ^ _18348_/A4 (sky130_fd_sc_hd__o41ai_1)
     1    0.006137    0.053621    0.087040    4.262580 v _18348_/Y (sky130_fd_sc_hd__o41ai_1)
                                                         _09074_ (net)
                      0.053621    0.000187    4.262768 v _18390_/A1 (sky130_fd_sc_hd__a41o_1)
    64    0.195637    0.866436    0.816208    5.078976 v _18390_/X (sky130_fd_sc_hd__a41o_1)
                                                         _09120_ (net)
                      0.867107    0.017437    5.096413 v _18397_/A (sky130_fd_sc_hd__nand2_1)
     1    0.024164    0.254992    0.520389    5.616802 ^ _18397_/Y (sky130_fd_sc_hd__nand2_1)
                                                         fixed_pkg::s_narrow48$func$/headless/otolith/hdl/rtl/fixed_pkg.sv:130$9.$unnamed_block$1.sat (net)
                      0.255061    0.003320    5.620122 ^ _18473_/D (sky130_fd_sc_hd__dfrtp_1)
                                              5.620122   data arrival time

                                  0.000000    0.000000   clock clk (rise edge)
                                  0.000000    0.000000   clock source latency
   163    0.547821    1.892577    1.464750    1.464750 ^ clk (in)
                                                         clk (net)
                      1.965547    0.000000    1.464750 ^ _18473_/CLK (sky130_fd_sc_hd__dfrtp_1)
                                  0.250000    1.714750   clock uncertainty
                                  0.000000    1.714750   clock reconvergence pessimism
                                  0.026659    1.741409   library hold time
                                              1.741409   data required time
---------------------------------------------------------------------------------------------
                                              1.741409   data required time
                                             -5.620122   data arrival time
---------------------------------------------------------------------------------------------
                                              3.878713   slack (MET)


Startpoint: _18581_ (rising edge-triggered flip-flop clocked by clk)
Endpoint: p[9] (output port clocked by clk)
Path Group: clk
Path Type: min

Fanout         Cap        Slew       Delay        Time   Description
---------------------------------------------------------------------------------------------
                                  0.000000    0.000000   clock clk (rise edge)
                                  0.000000    0.000000   clock source latency
   163    0.547821    1.892577    1.358551    1.358551 ^ clk (in)
                                                         clk (net)
                      1.920558    0.000000    1.358551 ^ _18581_/CLK (sky130_fd_sc_hd__dfrtp_1)
     1    0.039056    0.196514    0.768756    2.127307 v _18581_/Q (sky130_fd_sc_hd__dfrtp_1)
                                                         p[9] (net)
                      0.196542    0.002330    2.129637 v p[9] (out)
                                              2.129637   data arrival time

                                  0.000000    0.000000   clock clk (rise edge)
                                  0.000000    0.000000   clock network delay (propagated)
                                  0.250000    0.250000   clock uncertainty
                                  0.000000    0.250000   clock reconvergence pessimism
                                 -2.000000   -1.750000   output external delay
                                             -1.750000   data required time
---------------------------------------------------------------------------------------------
                                             -1.750000   data required time
                                             -2.129637   data arrival time
---------------------------------------------------------------------------------------------
                                              3.879637   slack (MET)


Startpoint: _18622_ (rising edge-triggered flip-flop clocked by clk)
Endpoint: p[50] (output port clocked by clk)
Path Group: clk
Path Type: min

Fanout         Cap        Slew       Delay        Time   Description
---------------------------------------------------------------------------------------------
                                  0.000000    0.000000   clock clk (rise edge)
                                  0.000000    0.000000   clock source latency
   163    0.547821    1.892577    1.355147    1.355147 ^ clk (in)
                                                         clk (net)
                      1.919469    0.000000    1.355147 ^ _18622_/CLK (sky130_fd_sc_hd__dfrtp_1)
     1    0.040084    0.201237    0.771947    2.127094 v _18622_/Q (sky130_fd_sc_hd__dfrtp_1)
                                                         p[50] (net)
                      0.201279    0.002795    2.129889 v p[50] (out)
                                              2.129889   data arrival time

                                  0.000000    0.000000   clock clk (rise edge)
                                  0.000000    0.000000   clock network delay (propagated)
                                  0.250000    0.250000   clock uncertainty
                                  0.000000    0.250000   clock reconvergence pessimism
                                 -2.000000   -1.750000   output external delay
                                             -1.750000   data required time
---------------------------------------------------------------------------------------------
                                             -1.750000   data required time
                                             -2.129889   data arrival time
---------------------------------------------------------------------------------------------
                                              3.879889   slack (MET)


Startpoint: _18630_ (rising edge-triggered flip-flop clocked by clk)
Endpoint: p[58] (output port clocked by clk)
Path Group: clk
Path Type: min

Fanout         Cap        Slew       Delay        Time   Description
---------------------------------------------------------------------------------------------
                                  0.000000    0.000000   clock clk (rise edge)
                                  0.000000    0.000000   clock source latency
   163    0.547821    1.892577    1.355166    1.355166 ^ clk (in)
                                                         clk (net)
                      1.919475    0.000000    1.355166 ^ _18630_/CLK (sky130_fd_sc_hd__dfrtp_1)
     1    0.040155    0.201561    0.772174    2.127341 v _18630_/Q (sky130_fd_sc_hd__dfrtp_1)
                                                         p[58] (net)
                      0.201604    0.002827    2.130168 v p[58] (out)
                                              2.130168   data arrival time

                                  0.000000    0.000000   clock clk (rise edge)
                                  0.000000    0.000000   clock network delay (propagated)
                                  0.250000    0.250000   clock uncertainty
                                  0.000000    0.250000   clock reconvergence pessimism
                                 -2.000000   -1.750000   output external delay
                                             -1.750000   data required time
---------------------------------------------------------------------------------------------
                                             -1.750000   data required time
                                             -2.130168   data arrival time
---------------------------------------------------------------------------------------------
                                              3.880168   slack (MET)


Startpoint: _18628_ (rising edge-triggered flip-flop clocked by clk)
Endpoint: p[56] (output port clocked by clk)
Path Group: clk
Path Type: min

Fanout         Cap        Slew       Delay        Time   Description
---------------------------------------------------------------------------------------------
                                  0.000000    0.000000   clock clk (rise edge)
                                  0.000000    0.000000   clock source latency
   163    0.547821    1.892577    1.355207    1.355207 ^ clk (in)
                                                         clk (net)
                      1.919487    0.000000    1.355207 ^ _18628_/CLK (sky130_fd_sc_hd__dfrtp_1)
     1    0.040936    0.205145    0.774677    2.129884 v _18628_/Q (sky130_fd_sc_hd__dfrtp_1)
                                                         p[56] (net)
                      0.205200    0.003189    2.133073 v p[56] (out)
                                              2.133073   data arrival time

                                  0.000000    0.000000   clock clk (rise edge)
                                  0.000000    0.000000   clock network delay (propagated)
                                  0.250000    0.250000   clock uncertainty
                                  0.000000    0.250000   clock reconvergence pessimism
                                 -2.000000   -1.750000   output external delay
                                             -1.750000   data required time
---------------------------------------------------------------------------------------------
                                             -1.750000   data required time
                                             -2.133073   data arrival time
---------------------------------------------------------------------------------------------
                                              3.883073   slack (MET)


Startpoint: _18623_ (rising edge-triggered flip-flop clocked by clk)
Endpoint: p[51] (output port clocked by clk)
Path Group: clk
Path Type: min

Fanout         Cap        Slew       Delay        Time   Description
---------------------------------------------------------------------------------------------
                                  0.000000    0.000000   clock clk (rise edge)
                                  0.000000    0.000000   clock source latency
   163    0.547821    1.892577    1.358648    1.358648 ^ clk (in)
                                                         clk (net)
                      1.920590    0.000000    1.358648 ^ _18623_/CLK (sky130_fd_sc_hd__dfrtp_1)
     1    0.040295    0.202205    0.772733    2.131381 v _18623_/Q (sky130_fd_sc_hd__dfrtp_1)
                                                         p[51] (net)
                      0.202249    0.002892    2.134273 v p[51] (out)
                                              2.134273   data arrival time

                                  0.000000    0.000000   clock clk (rise edge)
                                  0.000000    0.000000   clock network delay (propagated)
                                  0.250000    0.250000   clock uncertainty
                                  0.000000    0.250000   clock reconvergence pessimism
                                 -2.000000   -1.750000   output external delay
                                             -1.750000   data required time
---------------------------------------------------------------------------------------------
                                             -1.750000   data required time
                                             -2.134273   data arrival time
---------------------------------------------------------------------------------------------
                                              3.884273   slack (MET)


Startpoint: _18582_ (rising edge-triggered flip-flop clocked by clk)
Endpoint: p[10] (output port clocked by clk)
Path Group: clk
Path Type: min

Fanout         Cap        Slew       Delay        Time   Description
---------------------------------------------------------------------------------------------
                                  0.000000    0.000000   clock clk (rise edge)
                                  0.000000    0.000000   clock source latency
   163    0.547821    1.892577    1.363605    1.363605 ^ clk (in)
                                                         clk (net)
                      1.922218    0.000000    1.363605 ^ _18582_/CLK (sky130_fd_sc_hd__dfrtp_1)
     1    0.038989    0.196204    0.768702    2.132307 v _18582_/Q (sky130_fd_sc_hd__dfrtp_1)
                                                         p[10] (net)
                      0.196231    0.002300    2.134607 v p[10] (out)
                                              2.134607   data arrival time

                                  0.000000    0.000000   clock clk (rise edge)
                                  0.000000    0.000000   clock network delay (propagated)
                                  0.250000    0.250000   clock uncertainty
                                  0.000000    0.250000   clock reconvergence pessimism
                                 -2.000000   -1.750000   output external delay
                                             -1.750000   data required time
---------------------------------------------------------------------------------------------
                                             -1.750000   data required time
                                             -2.134607   data arrival time
---------------------------------------------------------------------------------------------
                                              3.884607   slack (MET)


Startpoint: _18580_ (rising edge-triggered flip-flop clocked by clk)
Endpoint: p[8] (output port clocked by clk)
Path Group: clk
Path Type: min

Fanout         Cap        Slew       Delay        Time   Description
---------------------------------------------------------------------------------------------
                                  0.000000    0.000000   clock clk (rise edge)
                                  0.000000    0.000000   clock source latency
   163    0.547821    1.892577    1.365798    1.365798 ^ clk (in)
                                                         clk (net)
                      1.922954    0.000000    1.365798 ^ _18580_/CLK (sky130_fd_sc_hd__dfrtp_1)
     1    0.039575    0.198895    0.770654    2.136452 v _18580_/Q (sky130_fd_sc_hd__dfrtp_1)
                                                         p[8] (net)
                      0.198930    0.002563    2.139015 v p[8] (out)
                                              2.139015   data arrival time

                                  0.000000    0.000000   clock clk (rise edge)
                                  0.000000    0.000000   clock network delay (propagated)
                                  0.250000    0.250000   clock uncertainty
                                  0.000000    0.250000   clock reconvergence pessimism
                                 -2.000000   -1.750000   output external delay
                                             -1.750000   data required time
---------------------------------------------------------------------------------------------
                                             -1.750000   data required time
                                             -2.139015   data arrival time
---------------------------------------------------------------------------------------------
                                              3.889014   slack (MET)


Startpoint: _18579_ (rising edge-triggered flip-flop clocked by clk)
Endpoint: p[7] (output port clocked by clk)
Path Group: clk
Path Type: min

Fanout         Cap        Slew       Delay        Time   Description
---------------------------------------------------------------------------------------------
                                  0.000000    0.000000   clock clk (rise edge)
                                  0.000000    0.000000   clock source latency
   163    0.547821    1.892577    1.366069    1.366069 ^ clk (in)
                                                         clk (net)
                      1.923046    0.000000    1.366069 ^ _18579_/CLK (sky130_fd_sc_hd__dfrtp_1)
     1    0.040561    0.203426    0.773826    2.139895 v _18579_/Q (sky130_fd_sc_hd__dfrtp_1)
                                                         p[7] (net)
                      0.203475    0.003014    2.142910 v p[7] (out)
                                              2.142910   data arrival time

                                  0.000000    0.000000   clock clk (rise edge)
                                  0.000000    0.000000   clock network delay (propagated)
                                  0.250000    0.250000   clock uncertainty
                                  0.000000    0.250000   clock reconvergence pessimism
                                 -2.000000   -1.750000   output external delay
                                             -1.750000   data required time
---------------------------------------------------------------------------------------------
                                             -1.750000   data required time
                                             -2.142910   data arrival time
---------------------------------------------------------------------------------------------
                                              3.892910   slack (MET)


Startpoint: _18583_ (rising edge-triggered flip-flop clocked by clk)
Endpoint: p[11] (output port clocked by clk)
Path Group: clk
Path Type: min

Fanout         Cap        Slew       Delay        Time   Description
---------------------------------------------------------------------------------------------
                                  0.000000    0.000000   clock clk (rise edge)
                                  0.000000    0.000000   clock source latency
   163    0.547821    1.892577    1.367820    1.367820 ^ clk (in)
                                                         clk (net)
                      1.923641    0.000000    1.367820 ^ _18583_/CLK (sky130_fd_sc_hd__dfrtp_1)
     1    0.040287    0.202167    0.773006    2.140826 v _18583_/Q (sky130_fd_sc_hd__dfrtp_1)
                                                         p[11] (net)
                      0.202211    0.002888    2.143714 v p[11] (out)
                                              2.143714   data arrival time

                                  0.000000    0.000000   clock clk (rise edge)
                                  0.000000    0.000000   clock network delay (propagated)
                                  0.250000    0.250000   clock uncertainty
                                  0.000000    0.250000   clock reconvergence pessimism
                                 -2.000000   -1.750000   output external delay
                                             -1.750000   data required time
---------------------------------------------------------------------------------------------
                                             -1.750000   data required time
                                             -2.143714   data arrival time
---------------------------------------------------------------------------------------------
                                              3.893714   slack (MET)


Startpoint: _18585_ (rising edge-triggered flip-flop clocked by clk)
Endpoint: p[13] (output port clocked by clk)
Path Group: clk
Path Type: min

Fanout         Cap        Slew       Delay        Time   Description
---------------------------------------------------------------------------------------------
                                  0.000000    0.000000   clock clk (rise edge)
                                  0.000000    0.000000   clock source latency
   163    0.547821    1.892577    1.371758    1.371758 ^ clk (in)
                                                         clk (net)
                      1.925000    0.000000    1.371758 ^ _18585_/CLK (sky130_fd_sc_hd__dfrtp_1)
     1    0.041663    0.208483    0.777546    2.149303 v _18585_/Q (sky130_fd_sc_hd__dfrtp_1)
                                                         p[13] (net)
                      0.208550    0.003532    2.152835 v p[13] (out)
                                              2.152835   data arrival time

                                  0.000000    0.000000   clock clk (rise edge)
                                  0.000000    0.000000   clock network delay (propagated)
                                  0.250000    0.250000   clock uncertainty
                                  0.000000    0.250000   clock reconvergence pessimism
                                 -2.000000   -1.750000   output external delay
                                             -1.750000   data required time
---------------------------------------------------------------------------------------------
                                             -1.750000   data required time
                                             -2.152835   data arrival time
---------------------------------------------------------------------------------------------
                                              3.902835   slack (MET)


Startpoint: _18619_ (rising edge-triggered flip-flop clocked by clk)
Endpoint: p[47] (output port clocked by clk)
Path Group: clk
Path Type: min

Fanout         Cap        Slew       Delay        Time   Description
---------------------------------------------------------------------------------------------
                                  0.000000    0.000000   clock clk (rise edge)
                                  0.000000    0.000000   clock source latency
   163    0.547821    1.892577    1.375858    1.375858 ^ clk (in)
                                                         clk (net)
                      1.926449    0.000000    1.375858 ^ _18619_/CLK (sky130_fd_sc_hd__dfrtp_1)
     1    0.042056    0.210288    0.778946    2.154804 v _18619_/Q (sky130_fd_sc_hd__dfrtp_1)
                                                         p[47] (net)
                      0.210363    0.003720    2.158524 v p[47] (out)
                                              2.158524   data arrival time

                                  0.000000    0.000000   clock clk (rise edge)
                                  0.000000    0.000000   clock network delay (propagated)
                                  0.250000    0.250000   clock uncertainty
                                  0.000000    0.250000   clock reconvergence pessimism
                                 -2.000000   -1.750000   output external delay
                                             -1.750000   data required time
---------------------------------------------------------------------------------------------
                                             -1.750000   data required time
                                             -2.158524   data arrival time
---------------------------------------------------------------------------------------------
                                              3.908523   slack (MET)


Startpoint: _18629_ (rising edge-triggered flip-flop clocked by clk)
Endpoint: p[57] (output port clocked by clk)
Path Group: clk
Path Type: min

Fanout         Cap        Slew       Delay        Time   Description
---------------------------------------------------------------------------------------------
                                  0.000000    0.000000   clock clk (rise edge)
                                  0.000000    0.000000   clock source latency
   163    0.547821    1.892577    1.377544    1.377544 ^ clk (in)
                                                         clk (net)
                      1.927053    0.000000    1.377544 ^ _18629_/CLK (sky130_fd_sc_hd__dfrtp_1)
     1    0.042478    0.212226    0.780355    2.157900 v _18629_/Q (sky130_fd_sc_hd__dfrtp_1)
                                                         p[57] (net)
                      0.212308    0.003923    2.161823 v p[57] (out)
                                              2.161823   data arrival time

                                  0.000000    0.000000   clock clk (rise edge)
                                  0.000000    0.000000   clock network delay (propagated)
                                  0.250000    0.250000   clock uncertainty
                                  0.000000    0.250000   clock reconvergence pessimism
                                 -2.000000   -1.750000   output external delay
                                             -1.750000   data required time
---------------------------------------------------------------------------------------------
                                             -1.750000   data required time
                                             -2.161823   data arrival time
---------------------------------------------------------------------------------------------
                                              3.911823   slack (MET)


Startpoint: _18632_ (rising edge-triggered flip-flop clocked by clk)
Endpoint: p[60] (output port clocked by clk)
Path Group: clk
Path Type: min

Fanout         Cap        Slew       Delay        Time   Description
---------------------------------------------------------------------------------------------
                                  0.000000    0.000000   clock clk (rise edge)
                                  0.000000    0.000000   clock source latency
   163    0.547821    1.892577    1.384974    1.384974 ^ clk (in)
                                                         clk (net)
                      1.929783    0.000000    1.384974 ^ _18632_/CLK (sky130_fd_sc_hd__dfrtp_1)
     1    0.045027    0.222755    0.788944    2.173918 v _18632_/Q (sky130_fd_sc_hd__dfrtp_1)
                                                         p[60] (net)
                      0.222900    0.005195    2.179113 v p[60] (out)
                                              2.179113   data arrival time

                                  0.000000    0.000000   clock clk (rise edge)
                                  0.000000    0.000000   clock network delay (propagated)
                                  0.250000    0.250000   clock uncertainty
                                  0.000000    0.250000   clock reconvergence pessimism
                                 -2.000000   -1.750000   output external delay
                                             -1.750000   data required time
---------------------------------------------------------------------------------------------
                                             -1.750000   data required time
                                             -2.179113   data arrival time
---------------------------------------------------------------------------------------------
                                              3.929113   slack (MET)


Startpoint: _18624_ (rising edge-triggered flip-flop clocked by clk)
Endpoint: p[52] (output port clocked by clk)
Path Group: clk
Path Type: min

Fanout         Cap        Slew       Delay        Time   Description
---------------------------------------------------------------------------------------------
                                  0.000000    0.000000   clock clk (rise edge)
                                  0.000000    0.000000   clock source latency
   163    0.547821    1.892577    1.382719    1.382719 ^ clk (in)
                                                         clk (net)
                      1.928944    0.000000    1.382719 ^ _18624_/CLK (sky130_fd_sc_hd__dfrtp_1)
     1    0.045916    0.226778    0.791688    2.174407 v _18624_/Q (sky130_fd_sc_hd__dfrtp_1)
                                                         p[52] (net)
                      0.226948    0.005656    2.180063 v p[52] (out)
                                              2.180063   data arrival time

                                  0.000000    0.000000   clock clk (rise edge)
                                  0.000000    0.000000   clock network delay (propagated)
                                  0.250000    0.250000   clock uncertainty
                                  0.000000    0.250000   clock reconvergence pessimism
                                 -2.000000   -1.750000   output external delay
                                             -1.750000   data required time
---------------------------------------------------------------------------------------------
                                             -1.750000   data required time
                                             -2.180063   data arrival time
---------------------------------------------------------------------------------------------
                                              3.930063   slack (MET)


Startpoint: _18611_ (rising edge-triggered flip-flop clocked by clk)
Endpoint: p[39] (output port clocked by clk)
Path Group: clk
Path Type: min

Fanout         Cap        Slew       Delay        Time   Description
---------------------------------------------------------------------------------------------
                                  0.000000    0.000000   clock clk (rise edge)
                                  0.000000    0.000000   clock source latency
   163    0.547821    1.892577    1.465083    1.465083 ^ clk (in)
                                                         clk (net)
                      1.965721    0.000000    1.465083 ^ _18611_/CLK (sky130_fd_sc_hd__dfrtp_1)
     1    0.034888    0.177360    0.759780    2.224863 v _18611_/Q (sky130_fd_sc_hd__dfrtp_1)
                                                         p[39] (net)
                      0.177360    0.000566    2.225429 v p[39] (out)
                                              2.225429   data arrival time

                                  0.000000    0.000000   clock clk (rise edge)
                                  0.000000    0.000000   clock network delay (propagated)
                                  0.250000    0.250000   clock uncertainty
                                  0.000000    0.250000   clock reconvergence pessimism
                                 -2.000000   -1.750000   output external delay
                                             -1.750000   data required time
---------------------------------------------------------------------------------------------
                                             -1.750000   data required time
                                             -2.225429   data arrival time
---------------------------------------------------------------------------------------------
                                              3.975429   slack (MET)


Startpoint: _18608_ (rising edge-triggered flip-flop clocked by clk)
Endpoint: p[36] (output port clocked by clk)
Path Group: clk
Path Type: min

Fanout         Cap        Slew       Delay        Time   Description
---------------------------------------------------------------------------------------------
                                  0.000000    0.000000   clock clk (rise edge)
                                  0.000000    0.000000   clock source latency
   163    0.547821    1.892577    1.465042    1.465042 ^ clk (in)
                                                         clk (net)
                      1.965699    0.000000    1.465042 ^ _18608_/CLK (sky130_fd_sc_hd__dfrtp_1)
     1    0.035172    0.178663    0.760690    2.225733 v _18608_/Q (sky130_fd_sc_hd__dfrtp_1)
                                                         p[36] (net)
                      0.178663    0.000680    2.226413 v p[36] (out)
                                              2.226413   data arrival time

                                  0.000000    0.000000   clock clk (rise edge)
                                  0.000000    0.000000   clock network delay (propagated)
                                  0.250000    0.250000   clock uncertainty
                                  0.000000    0.250000   clock reconvergence pessimism
                                 -2.000000   -1.750000   output external delay
                                             -1.750000   data required time
---------------------------------------------------------------------------------------------
                                             -1.750000   data required time
                                             -2.226413   data arrival time
---------------------------------------------------------------------------------------------
                                              3.976413   slack (MET)


Startpoint: _18599_ (rising edge-triggered flip-flop clocked by clk)
Endpoint: p[27] (output port clocked by clk)
Path Group: clk
Path Type: min

Fanout         Cap        Slew       Delay        Time   Description
---------------------------------------------------------------------------------------------
                                  0.000000    0.000000   clock clk (rise edge)
                                  0.000000    0.000000   clock source latency
   163    0.547821    1.892577    1.465696    1.465696 ^ clk (in)
                                                         clk (net)
                      1.966040    0.000000    1.465696 ^ _18599_/CLK (sky130_fd_sc_hd__dfrtp_1)
     1    0.035719    0.181179    0.762488    2.228183 v _18599_/Q (sky130_fd_sc_hd__dfrtp_1)
                                                         p[27] (net)
                      0.181181    0.000902    2.229085 v p[27] (out)
                                              2.229085   data arrival time

                                  0.000000    0.000000   clock clk (rise edge)
                                  0.000000    0.000000   clock network delay (propagated)
                                  0.250000    0.250000   clock uncertainty
                                  0.000000    0.250000   clock reconvergence pessimism
                                 -2.000000   -1.750000   output external delay
                                             -1.750000   data required time
---------------------------------------------------------------------------------------------
                                             -1.750000   data required time
                                             -2.229085   data arrival time
---------------------------------------------------------------------------------------------
                                              3.979086   slack (MET)


Startpoint: _18604_ (rising edge-triggered flip-flop clocked by clk)
Endpoint: p[32] (output port clocked by clk)
Path Group: clk
Path Type: min

Fanout         Cap        Slew       Delay        Time   Description
---------------------------------------------------------------------------------------------
                                  0.000000    0.000000   clock clk (rise edge)
                                  0.000000    0.000000   clock source latency
   163    0.547821    1.892577    1.465467    1.465467 ^ clk (in)
                                                         clk (net)
                      1.965921    0.000000    1.465467 ^ _18604_/CLK (sky130_fd_sc_hd__dfrtp_1)
     1    0.035888    0.181956    0.763020    2.228487 v _18604_/Q (sky130_fd_sc_hd__dfrtp_1)
                                                         p[32] (net)
                      0.181958    0.000972    2.229459 v p[32] (out)
                                              2.229459   data arrival time

                                  0.000000    0.000000   clock clk (rise edge)
                                  0.000000    0.000000   clock network delay (propagated)
                                  0.250000    0.250000   clock uncertainty
                                  0.000000    0.250000   clock reconvergence pessimism
                                 -2.000000   -1.750000   output external delay
                                             -1.750000   data required time
---------------------------------------------------------------------------------------------
                                             -1.750000   data required time
                                             -2.229459   data arrival time
---------------------------------------------------------------------------------------------
                                              3.979459   slack (MET)


Startpoint: _18473_ (rising edge-triggered flip-flop clocked by clk)
Endpoint: sat (output port clocked by clk)
Path Group: clk
Path Type: min

Fanout         Cap        Slew       Delay        Time   Description
---------------------------------------------------------------------------------------------
                                  0.000000    0.000000   clock clk (rise edge)
                                  0.000000    0.000000   clock source latency
   163    0.547821    1.892577    1.464750    1.464750 ^ clk (in)
                                                         clk (net)
                      1.965547    0.000000    1.464750 ^ _18473_/CLK (sky130_fd_sc_hd__dfrtp_1)
     1    0.037128    0.187651    0.766972    2.231722 v _18473_/Q (sky130_fd_sc_hd__dfrtp_1)
                                                         sat (net)
                      0.187661    0.001489    2.233212 v sat (out)
                                              2.233212   data arrival time

                                  0.000000    0.000000   clock clk (rise edge)
                                  0.000000    0.000000   clock network delay (propagated)
                                  0.250000    0.250000   clock uncertainty
                                  0.000000    0.250000   clock reconvergence pessimism
                                 -2.000000   -1.750000   output external delay
                                             -1.750000   data required time
---------------------------------------------------------------------------------------------
                                             -1.750000   data required time
                                             -2.233212   data arrival time
---------------------------------------------------------------------------------------------
                                              3.983212   slack (MET)


Startpoint: _18617_ (rising edge-triggered flip-flop clocked by clk)
Endpoint: p[45] (output port clocked by clk)
Path Group: clk
Path Type: min

Fanout         Cap        Slew       Delay        Time   Description
---------------------------------------------------------------------------------------------
                                  0.000000    0.000000   clock clk (rise edge)
                                  0.000000    0.000000   clock source latency
   163    0.547821    1.892577    1.420417    1.420417 ^ clk (in)
                                                         clk (net)
                      1.944241    0.000000    1.420417 ^ _18617_/CLK (sky130_fd_sc_hd__dfrtp_1)
     1    0.060057    0.293135    0.837397    2.257814 v _18617_/Q (sky130_fd_sc_hd__dfrtp_1)
                                                         p[45] (net)
                      0.294015    0.014165    2.271979 v p[45] (out)
                                              2.271979   data arrival time

                                  0.000000    0.000000   clock clk (rise edge)
                                  0.000000    0.000000   clock network delay (propagated)
                                  0.250000    0.250000   clock uncertainty
                                  0.000000    0.250000   clock reconvergence pessimism
                                 -2.000000   -1.750000   output external delay
                                             -1.750000   data required time
---------------------------------------------------------------------------------------------
                                             -1.750000   data required time
                                             -2.271979   data arrival time
---------------------------------------------------------------------------------------------
                                              4.021979   slack (MET)


Startpoint: _18614_ (rising edge-triggered flip-flop clocked by clk)
Endpoint: p[42] (output port clocked by clk)
Path Group: clk
Path Type: min

Fanout         Cap        Slew       Delay        Time   Description
---------------------------------------------------------------------------------------------
                                  0.000000    0.000000   clock clk (rise edge)
                                  0.000000    0.000000   clock source latency
   163    0.547821    1.892577    1.420360    1.420360 ^ clk (in)
                                                         clk (net)
                      1.944216    0.000000    1.420360 ^ _18614_/CLK (sky130_fd_sc_hd__dfrtp_1)
     1    0.061825    0.301314    0.842883    2.263243 v _18614_/Q (sky130_fd_sc_hd__dfrtp_1)
                                                         p[42] (net)
                      0.302327    0.015384    2.278627 v p[42] (out)
                                              2.278627   data arrival time

                                  0.000000    0.000000   clock clk (rise edge)
                                  0.000000    0.000000   clock network delay (propagated)
                                  0.250000    0.250000   clock uncertainty
                                  0.000000    0.250000   clock reconvergence pessimism
                                 -2.000000   -1.750000   output external delay
                                             -1.750000   data required time
---------------------------------------------------------------------------------------------
                                             -1.750000   data required time
                                             -2.278627   data arrival time
---------------------------------------------------------------------------------------------
                                              4.028627   slack (MET)


Startpoint: _18615_ (rising edge-triggered flip-flop clocked by clk)
Endpoint: p[43] (output port clocked by clk)
Path Group: clk
Path Type: min

Fanout         Cap        Slew       Delay        Time   Description
---------------------------------------------------------------------------------------------
                                  0.000000    0.000000   clock clk (rise edge)
                                  0.000000    0.000000   clock source latency
   163    0.547821    1.892577    1.420361    1.420361 ^ clk (in)
                                                         clk (net)
                      1.944216    0.000000    1.420361 ^ _18615_/CLK (sky130_fd_sc_hd__dfrtp_1)
     1    0.061942    0.301854    0.843246    2.263606 v _18615_/Q (sky130_fd_sc_hd__dfrtp_1)
                                                         p[43] (net)
                      0.302877    0.015466    2.279072 v p[43] (out)
                                              2.279072   data arrival time

                                  0.000000    0.000000   clock clk (rise edge)
                                  0.000000    0.000000   clock network delay (propagated)
                                  0.250000    0.250000   clock uncertainty
                                  0.000000    0.250000   clock reconvergence pessimism
                                 -2.000000   -1.750000   output external delay
                                             -1.750000   data required time
---------------------------------------------------------------------------------------------
                                             -1.750000   data required time
                                             -2.279072   data arrival time
---------------------------------------------------------------------------------------------
                                              4.029072   slack (MET)


Startpoint: _18621_ (rising edge-triggered flip-flop clocked by clk)
Endpoint: p[49] (output port clocked by clk)
Path Group: clk
Path Type: min

Fanout         Cap        Slew       Delay        Time   Description
---------------------------------------------------------------------------------------------
                                  0.000000    0.000000   clock clk (rise edge)
                                  0.000000    0.000000   clock source latency
   163    0.547821    1.892577    1.426951    1.426951 ^ clk (in)
                                                         clk (net)
                      1.947160    0.000000    1.426951 ^ _18621_/CLK (sky130_fd_sc_hd__dfrtp_1)
     1    0.061941    0.301849    0.843532    2.270483 v _18621_/Q (sky130_fd_sc_hd__dfrtp_1)
                                                         p[49] (net)
                      0.302871    0.015465    2.285948 v p[49] (out)
                                              2.285948   data arrival time

                                  0.000000    0.000000   clock clk (rise edge)
                                  0.000000    0.000000   clock network delay (propagated)
                                  0.250000    0.250000   clock uncertainty
                                  0.000000    0.250000   clock reconvergence pessimism
                                 -2.000000   -1.750000   output external delay
                                             -1.750000   data required time
---------------------------------------------------------------------------------------------
                                             -1.750000   data required time
                                             -2.285948   data arrival time
---------------------------------------------------------------------------------------------
                                              4.035948   slack (MET)


Startpoint: _18607_ (rising edge-triggered flip-flop clocked by clk)
Endpoint: p[35] (output port clocked by clk)
Path Group: clk
Path Type: min

Fanout         Cap        Slew       Delay        Time   Description
---------------------------------------------------------------------------------------------
                                  0.000000    0.000000   clock clk (rise edge)
                                  0.000000    0.000000   clock source latency
   163    0.547821    1.892577    1.421384    1.421384 ^ clk (in)
                                                         clk (net)
                      1.944668    0.000000    1.421384 ^ _18607_/CLK (sky130_fd_sc_hd__dfrtp_1)
     1    0.063666    0.309832    0.848628    2.270012 v _18607_/Q (sky130_fd_sc_hd__dfrtp_1)
                                                         p[35] (net)
                      0.310996    0.016690    2.286702 v p[35] (out)
                                              2.286702   data arrival time

                                  0.000000    0.000000   clock clk (rise edge)
                                  0.000000    0.000000   clock network delay (propagated)
                                  0.250000    0.250000   clock uncertainty
                                  0.000000    0.250000   clock reconvergence pessimism
                                 -2.000000   -1.750000   output external delay
                                             -1.750000   data required time
---------------------------------------------------------------------------------------------
                                             -1.750000   data required time
                                             -2.286702   data arrival time
---------------------------------------------------------------------------------------------
                                              4.036702   slack (MET)


Startpoint: _18610_ (rising edge-triggered flip-flop clocked by clk)
Endpoint: p[38] (output port clocked by clk)
Path Group: clk
Path Type: min

Fanout         Cap        Slew       Delay        Time   Description
---------------------------------------------------------------------------------------------
                                  0.000000    0.000000   clock clk (rise edge)
                                  0.000000    0.000000   clock source latency
   163    0.547821    1.892577    1.428263    1.428263 ^ clk (in)
                                                         clk (net)
                      1.947756    0.000000    1.428263 ^ _18610_/CLK (sky130_fd_sc_hd__dfrtp_1)
     1    0.061822    0.301297    0.843221    2.271484 v _18610_/Q (sky130_fd_sc_hd__dfrtp_1)
                                                         p[38] (net)
                      0.302310    0.015382    2.286866 v p[38] (out)
                                              2.286866   data arrival time

                                  0.000000    0.000000   clock clk (rise edge)
                                  0.000000    0.000000   clock network delay (propagated)
                                  0.250000    0.250000   clock uncertainty
                                  0.000000    0.250000   clock reconvergence pessimism
                                 -2.000000   -1.750000   output external delay
                                             -1.750000   data required time
---------------------------------------------------------------------------------------------
                                             -1.750000   data required time
                                             -2.286866   data arrival time
---------------------------------------------------------------------------------------------
                                              4.036866   slack (MET)


Startpoint: _18601_ (rising edge-triggered flip-flop clocked by clk)
Endpoint: p[29] (output port clocked by clk)
Path Group: clk
Path Type: min

Fanout         Cap        Slew       Delay        Time   Description
---------------------------------------------------------------------------------------------
                                  0.000000    0.000000   clock clk (rise edge)
                                  0.000000    0.000000   clock source latency
   163    0.547821    1.892577    1.422659    1.422659 ^ clk (in)
                                                         clk (net)
                      1.945234    0.000000    1.422659 ^ _18601_/CLK (sky130_fd_sc_hd__dfrtp_1)
     1    0.063558    0.309331    0.848348    2.271008 v _18601_/Q (sky130_fd_sc_hd__dfrtp_1)
                                                         p[29] (net)
                      0.310486    0.016612    2.287620 v p[29] (out)
                                              2.287620   data arrival time

                                  0.000000    0.000000   clock clk (rise edge)
                                  0.000000    0.000000   clock network delay (propagated)
                                  0.250000    0.250000   clock uncertainty
                                  0.000000    0.250000   clock reconvergence pessimism
                                 -2.000000   -1.750000   output external delay
                                             -1.750000   data required time
---------------------------------------------------------------------------------------------
                                             -1.750000   data required time
                                             -2.287620   data arrival time
---------------------------------------------------------------------------------------------
                                              4.037620   slack (MET)


Startpoint: _18590_ (rising edge-triggered flip-flop clocked by clk)
Endpoint: p[18] (output port clocked by clk)
Path Group: clk
Path Type: min

Fanout         Cap        Slew       Delay        Time   Description
---------------------------------------------------------------------------------------------
                                  0.000000    0.000000   clock clk (rise edge)
                                  0.000000    0.000000   clock source latency
   163    0.547821    1.892577    1.423795    1.423795 ^ clk (in)
                                                         clk (net)
                      1.945740    0.000000    1.423795 ^ _18590_/CLK (sky130_fd_sc_hd__dfrtp_1)
     1    0.063592    0.309489    0.848504    2.272298 v _18590_/Q (sky130_fd_sc_hd__dfrtp_1)
                                                         p[18] (net)
                      0.310646    0.016636    2.288935 v p[18] (out)
                                              2.288935   data arrival time

                                  0.000000    0.000000   clock clk (rise edge)
                                  0.000000    0.000000   clock network delay (propagated)
                                  0.250000    0.250000   clock uncertainty
                                  0.000000    0.250000   clock reconvergence pessimism
                                 -2.000000   -1.750000   output external delay
                                             -1.750000   data required time
---------------------------------------------------------------------------------------------
                                             -1.750000   data required time
                                             -2.288935   data arrival time
---------------------------------------------------------------------------------------------
                                              4.038935   slack (MET)


Startpoint: _18606_ (rising edge-triggered flip-flop clocked by clk)
Endpoint: p[34] (output port clocked by clk)
Path Group: clk
Path Type: min

Fanout         Cap        Slew       Delay        Time   Description
---------------------------------------------------------------------------------------------
                                  0.000000    0.000000   clock clk (rise edge)
                                  0.000000    0.000000   clock source latency
   163    0.547821    1.892577    1.424425    1.424425 ^ clk (in)
                                                         clk (net)
                      1.946023    0.000000    1.424425 ^ _18606_/CLK (sky130_fd_sc_hd__dfrtp_1)
     1    0.063555    0.309317    0.848417    2.272841 v _18606_/Q (sky130_fd_sc_hd__dfrtp_1)
                                                         p[34] (net)
                      0.310471    0.016610    2.289451 v p[34] (out)
                                              2.289451   data arrival time

                                  0.000000    0.000000   clock clk (rise edge)
                                  0.000000    0.000000   clock network delay (propagated)
                                  0.250000    0.250000   clock uncertainty
                                  0.000000    0.250000   clock reconvergence pessimism
                                 -2.000000   -1.750000   output external delay
                                             -1.750000   data required time
---------------------------------------------------------------------------------------------
                                             -1.750000   data required time
                                             -2.289451   data arrival time
---------------------------------------------------------------------------------------------
                                              4.039452   slack (MET)


Startpoint: _18609_ (rising edge-triggered flip-flop clocked by clk)
Endpoint: p[37] (output port clocked by clk)
Path Group: clk
Path Type: min

Fanout         Cap        Slew       Delay        Time   Description
---------------------------------------------------------------------------------------------
                                  0.000000    0.000000   clock clk (rise edge)
                                  0.000000    0.000000   clock source latency
   163    0.547821    1.892577    1.429455    1.429455 ^ clk (in)
                                                         clk (net)
                      1.948300    0.000000    1.429455 ^ _18609_/CLK (sky130_fd_sc_hd__dfrtp_1)
     1    0.062386    0.303905    0.845022    2.274477 v _18609_/Q (sky130_fd_sc_hd__dfrtp_1)
                                                         p[37] (net)
                      0.304963    0.015778    2.290255 v p[37] (out)
                                              2.290255   data arrival time

                                  0.000000    0.000000   clock clk (rise edge)
                                  0.000000    0.000000   clock network delay (propagated)
                                  0.250000    0.250000   clock uncertainty
                                  0.000000    0.250000   clock reconvergence pessimism
                                 -2.000000   -1.750000   output external delay
                                             -1.750000   data required time
---------------------------------------------------------------------------------------------
                                             -1.750000   data required time
                                             -2.290255   data arrival time
---------------------------------------------------------------------------------------------
                                              4.040255   slack (MET)


Startpoint: _18568_ (rising edge-triggered flip-flop clocked by clk)
Endpoint: _18635_ (rising edge-triggered flip-flop clocked by clk)
Path Group: clk
Path Type: min

Fanout         Cap        Slew       Delay        Time   Description
---------------------------------------------------------------------------------------------
                                  0.000000    0.000000   clock clk (rise edge)
                                  0.000000    0.000000   clock source latency
   163    0.547821    1.892577    1.355264    1.355264 ^ clk (in)
                                                         clk (net)
                      1.919506    0.000000    1.355264 ^ _18568_/CLK (sky130_fd_sc_hd__dfrtp_1)
    37    0.148215    0.698600    1.124405    2.479669 v _18568_/Q (sky130_fd_sc_hd__dfrtp_1)
                                                         b_r[62] (net)
                      0.698642    0.004729    2.484399 v _09312_/A (sky130_fd_sc_hd__nand2_1)
     2    0.007737    0.198458    0.293582    2.777981 ^ _09312_/Y (sky130_fd_sc_hd__nand2_1)
                                                         _01808_ (net)
                      0.198458    0.000014    2.777994 ^ _09315_/B (sky130_fd_sc_hd__maj3_1)
     2    0.008462    0.098907    0.230781    3.008775 ^ _09315_/X (sky130_fd_sc_hd__maj3_1)
                                                         _01841_ (net)
                      0.098907    0.000079    3.008854 ^ _09318_/B (sky130_fd_sc_hd__maj3_1)
     2    0.009860    0.111389    0.211208    3.220061 ^ _09318_/X (sky130_fd_sc_hd__maj3_1)
                                                         _01874_ (net)
                      0.111389    0.000135    3.220196 ^ _09321_/B (sky130_fd_sc_hd__maj3_1)
     2    0.008141    0.099095    0.203430    3.423626 ^ _09321_/X (sky130_fd_sc_hd__maj3_1)
                                                         _01907_ (net)
                      0.099095    0.000045    3.423671 ^ _09324_/B (sky130_fd_sc_hd__maj3_1)
     2    0.008578    0.099885    0.202361    3.626033 ^ _09324_/X (sky130_fd_sc_hd__maj3_1)
                                                         _01940_ (net)
                      0.099885    0.000117    3.626149 ^ _09327_/B (sky130_fd_sc_hd__maj3_1)
     2    0.009081    0.104248    0.206205    3.832354 ^ _09327_/X (sky130_fd_sc_hd__maj3_1)
                                                         _01973_ (net)
                      0.104248    0.000132    3.832486 ^ _17801_/A (sky130_fd_sc_hd__maj3_1)
     1    0.005447    0.071770    0.183146    4.015632 ^ _17801_/X (sky130_fd_sc_hd__maj3_1)
                                                         _08473_ (net)
                      0.071770    0.000045    4.015676 ^ _17819_/A (sky130_fd_sc_hd__xnor2_1)
     1    0.005181    0.052188    0.084796    4.100472 v _17819_/Y (sky130_fd_sc_hd__xnor2_1)
                                                         _08493_ (net)
                      0.052188    0.000039    4.100512 v _17820_/B (sky130_fd_sc_hd__xnor2_1)
     1    0.005724    0.078270    0.173386    4.273897 ^ _17820_/Y (sky130_fd_sc_hd__xnor2_1)
                                                         _08494_ (net)
                      0.078270    0.000064    4.273962 ^ _17821_/B (sky130_fd_sc_hd__xnor2_1)
   118    0.506861    3.603378    2.636554    6.910515 v _17821_/Y (sky130_fd_sc_hd__xnor2_1)
                                                         fixed_pkg::s_narrow48$func$/headless/otolith/hdl/rtl/fixed_pkg.sv:130$9.$unnamed_block$1.v[63] (net)
                      3.603378    0.001444    6.911959 v _18635_/D (sky130_fd_sc_hd__dfrtp_1)
                                              6.911959   data arrival time

                                  0.000000    0.000000   clock clk (rise edge)
                                  0.000000    0.000000   clock source latency
   163    0.547821    1.892577    1.351645    1.351645 ^ clk (in)
                                                         clk (net)
                      1.918371    0.000000    1.351645 ^ _18635_/CLK (sky130_fd_sc_hd__dfrtp_1)
                                  0.250000    1.601645   clock uncertainty
                                  0.000000    1.601645   clock reconvergence pessimism
                                 -0.836559    0.765087   library hold time
                                              0.765087   data required time
---------------------------------------------------------------------------------------------
                                              0.765087   data required time
                                             -6.911959   data arrival time
---------------------------------------------------------------------------------------------
                                              6.146872   slack (MET)



