
===========================================================================
report_checks -unconstrained
===========================================================================
======================= nom_tt_025C_1v80 Corner ===================================

Startpoint: rst_n (input port clocked by clk)
Endpoint: _18473_ (recovery check against rising-edge clock clk)
Path Group: asynchronous
Path Type: max

Fanout         Cap        Slew       Delay        Time   Description
---------------------------------------------------------------------------------------------
                      0.150000    0.000000    0.000000   clock clk (rise edge)
                                  0.000000    0.000000   clock network delay (ideal)
                                  2.000000    2.000000 ^ input external delay
   163    0.592017    2.652402    1.811790    3.811790 ^ rst_n (in)
                                                         rst_n (net)
                      2.652402    0.000000    3.811790 ^ _18473_/RESET_B (sky130_fd_sc_hd__dfrtp_1)
                                              3.811790   data arrival time

                      0.150000   10.000000   10.000000   clock clk (rise edge)
                                  0.000000   10.000000   clock network delay (ideal)
                                 -0.250000    9.750000   clock uncertainty
                                  0.000000    9.750000   clock reconvergence pessimism
                                              9.750000 ^ _18473_/CLK (sky130_fd_sc_hd__dfrtp_1)
                                 -0.413851    9.336149   library recovery time
                                              9.336149   data required time
---------------------------------------------------------------------------------------------
                                              9.336149   data required time
                                             -3.811790   data arrival time
---------------------------------------------------------------------------------------------
                                              5.524359   slack (MET)


Startpoint: _18475_ (rising edge-triggered flip-flop clocked by clk)
Endpoint: _18608_ (rising edge-triggered flip-flop clocked by clk)
Path Group: clk
Path Type: max

Fanout         Cap        Slew       Delay        Time   Description
---------------------------------------------------------------------------------------------
                      0.150000    0.000000    0.000000   clock clk (rise edge)
                                  0.000000    0.000000   clock network delay (ideal)
                      0.150000    0.000000    0.000000 ^ _18475_/CLK (sky130_fd_sc_hd__dfrtp_1)
   120    0.284740    2.436952    2.028145    2.028145 ^ _18475_/Q (sky130_fd_sc_hd__dfrtp_1)
                                                         a_r[1] (net)
                      2.436952    0.000000    2.028145 ^ _09209_/A1 (sky130_fd_sc_hd__o21ai_0)
     3    0.007944    0.405096    0.477913    2.506057 v _09209_/Y (sky130_fd_sc_hd__o21ai_0)
                                                         _00675_ (net)
                      0.405096    0.000000    2.506057 v _09211_/B (sky130_fd_sc_hd__or2_0)
     5    0.013170    0.128775    0.406723    2.912780 v _09211_/X (sky130_fd_sc_hd__or2_0)
                                                         _00697_ (net)
                      0.128775    0.000000    2.912780 v _09216_/A1 (sky130_fd_sc_hd__a21oi_1)
     3    0.011730    0.279133    0.276497    3.189276 ^ _09216_/Y (sky130_fd_sc_hd__a21oi_1)
                                                         _00752_ (net)
                      0.279133    0.000000    3.189276 ^ _09262_/B (sky130_fd_sc_hd__xnor2_1)
     8    0.027172    0.222228    0.257098    3.446374 v _09262_/Y (sky130_fd_sc_hd__xnor2_1)
                                                         _01258_ (net)
                      0.222228    0.000000    3.446374 v _09263_/B (sky130_fd_sc_hd__xnor2_1)
    33    0.120352    2.502873    1.944371    5.390745 ^ _09263_/Y (sky130_fd_sc_hd__xnor2_1)
                                                         _01269_ (net)
                      2.502873    0.000000    5.390745 ^ _17456_/A (sky130_fd_sc_hd__xnor2_1)
     1    0.004471    0.303801    0.237975    5.628720 v _17456_/Y (sky130_fd_sc_hd__xnor2_1)
                                                         _08094_ (net)
                      0.303801    0.000000    5.628720 v _17577_/B (sky130_fd_sc_hd__xnor2_1)
     2    0.007298    0.316468    0.241771    5.870491 v _17577_/Y (sky130_fd_sc_hd__xnor2_1)
                                                         _08227_ (net)
                      0.316468    0.000000    5.870491 v _17579_/C (sky130_fd_sc_hd__maj3_1)
     2    0.007430    0.092416    0.478141    6.348632 v _17579_/X (sky130_fd_sc_hd__maj3_1)
                                                         _08229_ (net)
                      0.092416    0.000000    6.348632 v _17644_/C (sky130_fd_sc_hd__maj3_1)
     2    0.007129    0.090719    0.391088    6.739720 v _17644_/X (sky130_fd_sc_hd__maj3_1)
                                                         _08301_ (net)
                      0.090719    0.000000    6.739720 v _17645_/B (sky130_fd_sc_hd__xor2_1)
     1    0.004471    0.070089    0.161290    6.901010 v _17645_/X (sky130_fd_sc_hd__xor2_1)
                                                         _08302_ (net)
                      0.070089    0.000000    6.901010 v _17646_/B (sky130_fd_sc_hd__xnor2_1)
     2    0.004533    0.131931    0.137965    7.038975 v _17646_/Y (sky130_fd_sc_hd__xnor2_1)
                                                         _08303_ (net)
                      0.131931    0.000000    7.038975 v _17648_/A (sky130_fd_sc_hd__nor2_1)
     2    0.003922    0.099853    0.141990    7.180965 ^ _17648_/Y (sky130_fd_sc_hd__nor2_1)
                                                         _08305_ (net)
                      0.099853    0.000000    7.180965 ^ _17650_/A_N (sky130_fd_sc_hd__nand2b_1)
     2    0.006250    0.083234    0.134313    7.315278 ^ _17650_/Y (sky130_fd_sc_hd__nand2b_1)
                                                         _08307_ (net)
                      0.083234    0.000000    7.315278 ^ _17651_/B (sky130_fd_sc_hd__or2_0)
     2    0.004033    0.076761    0.122156    7.437433 ^ _17651_/X (sky130_fd_sc_hd__or2_0)
                                                         _08308_ (net)
                      0.076761    0.000000    7.437433 ^ _17666_/A (sky130_fd_sc_hd__or2_0)
     2    0.004971    0.090447    0.132740    7.570173 ^ _17666_/X (sky130_fd_sc_hd__or2_0)
                                                         _08325_ (net)
                      0.090447    0.000000    7.570173 ^ _17675_/A1 (sky130_fd_sc_hd__o221ai_1)
     2    0.003810    0.095156    0.136906    7.707079 v _17675_/Y (sky130_fd_sc_hd__o221ai_1)
                                                         _08335_ (net)
                      0.095156    0.000000    7.707079 v _17776_/A2 (sky130_fd_sc_hd__o21ai_0)
     2    0.004801    0.192171    0.200089    7.907168 ^ _17776_/Y (sky130_fd_sc_hd__o21ai_0)
                                                         _08446_ (net)
                      0.192171    0.000000    7.907168 ^ _17795_/A1 (sky130_fd_sc_hd__a21oi_1)
     2    0.003908    0.070964    0.098967    8.006136 v _17795_/Y (sky130_fd_sc_hd__a21oi_1)
                                                         _08467_ (net)
                      0.070964    0.000000    8.006136 v _17797_/A1 (sky130_fd_sc_hd__o21ai_0)
     2    0.004085    0.172011    0.189226    8.195362 ^ _17797_/Y (sky130_fd_sc_hd__o21ai_0)
                                                         _08469_ (net)
                      0.172011    0.000000    8.195362 ^ _17799_/B1 (sky130_fd_sc_hd__o21ai_0)
     1    0.004339    0.093850    0.127813    8.323175 v _17799_/Y (sky130_fd_sc_hd__o21ai_0)
                                                         _08471_ (net)
                      0.093850    0.000000    8.323175 v _17821_/A (sky130_fd_sc_hd__xnor2_1)
   118    0.424941    8.662822    6.416225   14.739400 ^ _17821_/Y (sky130_fd_sc_hd__xnor2_1)
                                                         fixed_pkg::s_narrow48$func$/headless/otolith/hdl/rtl/fixed_pkg.sv:130$9.$unnamed_block$1.v[63] (net)
                      8.662822    0.000000   14.739400 ^ _17822_/A (sky130_fd_sc_hd__inv_1)
    31    0.065919    2.209138    2.573130   17.312531 v _17822_/Y (sky130_fd_sc_hd__inv_1)
                                                         _08496_ (net)
                      2.209138    0.000000   17.312531 v _17988_/B1 (sky130_fd_sc_hd__a21o_1)
     2    0.004424    0.078943    0.690356   18.002888 v _17988_/X (sky130_fd_sc_hd__a21o_1)
                                                         _08678_ (net)
                      0.078943    0.000000   18.002888 v _17990_/A3 (sky130_fd_sc_hd__o31a_1)
     1    0.002225    0.055403    0.237936   18.240822 v _17990_/X (sky130_fd_sc_hd__o31a_1)
                                                         _08680_ (net)
                      0.055403    0.000000   18.240822 v _17993_/A2 (sky130_fd_sc_hd__o2111ai_1)
     2    0.003158    0.233803    0.176078   18.416901 ^ _17993_/Y (sky130_fd_sc_hd__o2111ai_1)
                                                         _08684_ (net)
                      0.233803    0.000000   18.416901 ^ _17995_/B1_N (sky130_fd_sc_hd__o21bai_1)
     4    0.011315    0.414297    0.206741   18.623642 ^ _17995_/Y (sky130_fd_sc_hd__o21bai_1)
                                                         _08686_ (net)
                      0.414297    0.000000   18.623642 ^ _18035_/A1 (sky130_fd_sc_hd__a21oi_1)
     4    0.007653    0.133375    0.165265   18.788906 v _18035_/Y (sky130_fd_sc_hd__a21oi_1)
                                                         _08730_ (net)
                      0.133375    0.000000   18.788906 v _18118_/B (sky130_fd_sc_hd__nor3_1)
     3    0.006740    0.254497    0.271735   19.060642 ^ _18118_/Y (sky130_fd_sc_hd__nor3_1)
                                                         _08821_ (net)
                      0.254497    0.000000   19.060642 ^ _18132_/A (sky130_fd_sc_hd__nor2_1)
     3    0.008876    0.087679    0.120023   19.180664 v _18132_/Y (sky130_fd_sc_hd__nor2_1)
                                                         _08837_ (net)
                      0.087679    0.000000   19.180664 v _18180_/A2 (sky130_fd_sc_hd__o31ai_1)
     3    0.009334    0.378531    0.374262   19.554928 ^ _18180_/Y (sky130_fd_sc_hd__o31ai_1)
                                                         _08889_ (net)
                      0.378531    0.000000   19.554928 ^ _18359_/A1 (sky130_fd_sc_hd__a31oi_1)
     3    0.008203    0.167860    0.187912   19.742840 v _18359_/Y (sky130_fd_sc_hd__a31oi_1)
                                                         _09086_ (net)
                      0.167860    0.000000   19.742840 v _18370_/B2 (sky130_fd_sc_hd__o221ai_1)
     3    0.009437    0.509783    0.287038   20.029877 ^ _18370_/Y (sky130_fd_sc_hd__o221ai_1)
                                                         _09098_ (net)
                      0.509783    0.000000   20.029877 ^ _18376_/A2 (sky130_fd_sc_hd__a311oi_1)
     2    0.006424    0.172401    0.210383   20.240259 v _18376_/Y (sky130_fd_sc_hd__a311oi_1)
                                                         _09105_ (net)
                      0.172401    0.000000   20.240259 v _18394_/B (sky130_fd_sc_hd__xor2_1)
     1    0.002260    0.096656    0.181748   20.422009 v _18394_/X (sky130_fd_sc_hd__xor2_1)
                                                         _09125_ (net)
                      0.096656    0.000000   20.422009 v _18395_/A4 (sky130_fd_sc_hd__a41oi_1)
    63    0.110180    2.406754    1.778020   22.200027 ^ _18395_/Y (sky130_fd_sc_hd__a41oi_1)
                                                         _09126_ (net)
                      2.406754    0.000000   22.200027 ^ _18396_/A (sky130_fd_sc_hd__inv_1)
     2    0.004538    0.294887    0.159339   22.359367 v _18396_/Y (sky130_fd_sc_hd__inv_1)
                                                         _09127_ (net)
                      0.294887    0.000000   22.359367 v _18438_/A2 (sky130_fd_sc_hd__a21bo_1)
     1    0.001949    0.032359    0.267464   22.626831 v _18438_/X (sky130_fd_sc_hd__a21bo_1)
                                                         fixed_pkg::s_narrow48$func$/headless/otolith/hdl/rtl/fixed_pkg.sv:130$9.$unnamed_block$1.v[36] (net)
                      0.032359    0.000000   22.626831 v _18608_/D (sky130_fd_sc_hd__dfrtp_1)
                                             22.626831   data arrival time

                      0.150000   10.000000   10.000000   clock clk (rise edge)
                                  0.000000   10.000000   clock network delay (ideal)
                                 -0.250000    9.750000   clock uncertainty
                                  0.000000    9.750000   clock reconvergence pessimism
                                              9.750000 ^ _18608_/CLK (sky130_fd_sc_hd__dfrtp_1)
                                 -0.084766    9.665235   library setup time
                                              9.665235   data required time
---------------------------------------------------------------------------------------------
                                              9.665235   data required time
                                            -22.626831   data arrival time
---------------------------------------------------------------------------------------------
                                            -12.961596   slack (VIOLATED)




===========================================================================
report_checks --slack_max -0.01
============================================================================
======================= nom_tt_025C_1v80 Corner ===================================

Startpoint: _18475_ (rising edge-triggered flip-flop clocked by clk)
Endpoint: _18608_ (rising edge-triggered flip-flop clocked by clk)
Path Group: clk
Path Type: max

Fanout         Cap        Slew       Delay        Time   Description
---------------------------------------------------------------------------------------------
                      0.150000    0.000000    0.000000   clock clk (rise edge)
                                  0.000000    0.000000   clock network delay (ideal)
                      0.150000    0.000000    0.000000 ^ _18475_/CLK (sky130_fd_sc_hd__dfrtp_1)
   120    0.284740    2.436952    2.028145    2.028145 ^ _18475_/Q (sky130_fd_sc_hd__dfrtp_1)
                                                         a_r[1] (net)
                      2.436952    0.000000    2.028145 ^ _09209_/A1 (sky130_fd_sc_hd__o21ai_0)
     3    0.007944    0.405096    0.477913    2.506057 v _09209_/Y (sky130_fd_sc_hd__o21ai_0)
                                                         _00675_ (net)
                      0.405096    0.000000    2.506057 v _09211_/B (sky130_fd_sc_hd__or2_0)
     5    0.013170    0.128775    0.406723    2.912780 v _09211_/X (sky130_fd_sc_hd__or2_0)
                                                         _00697_ (net)
                      0.128775    0.000000    2.912780 v _09216_/A1 (sky130_fd_sc_hd__a21oi_1)
     3    0.011730    0.279133    0.276497    3.189276 ^ _09216_/Y (sky130_fd_sc_hd__a21oi_1)
                                                         _00752_ (net)
                      0.279133    0.000000    3.189276 ^ _09262_/B (sky130_fd_sc_hd__xnor2_1)
     8    0.027172    0.222228    0.257098    3.446374 v _09262_/Y (sky130_fd_sc_hd__xnor2_1)
                                                         _01258_ (net)
                      0.222228    0.000000    3.446374 v _09263_/B (sky130_fd_sc_hd__xnor2_1)
    33    0.120352    2.502873    1.944371    5.390745 ^ _09263_/Y (sky130_fd_sc_hd__xnor2_1)
                                                         _01269_ (net)
                      2.502873    0.000000    5.390745 ^ _17456_/A (sky130_fd_sc_hd__xnor2_1)
     1    0.004471    0.303801    0.237975    5.628720 v _17456_/Y (sky130_fd_sc_hd__xnor2_1)
                                                         _08094_ (net)
                      0.303801    0.000000    5.628720 v _17577_/B (sky130_fd_sc_hd__xnor2_1)
     2    0.007298    0.316468    0.241771    5.870491 v _17577_/Y (sky130_fd_sc_hd__xnor2_1)
                                                         _08227_ (net)
                      0.316468    0.000000    5.870491 v _17579_/C (sky130_fd_sc_hd__maj3_1)
     2    0.007430    0.092416    0.478141    6.348632 v _17579_/X (sky130_fd_sc_hd__maj3_1)
                                                         _08229_ (net)
                      0.092416    0.000000    6.348632 v _17644_/C (sky130_fd_sc_hd__maj3_1)
     2    0.007129    0.090719    0.391088    6.739720 v _17644_/X (sky130_fd_sc_hd__maj3_1)
                                                         _08301_ (net)
                      0.090719    0.000000    6.739720 v _17645_/B (sky130_fd_sc_hd__xor2_1)
     1    0.004471    0.070089    0.161290    6.901010 v _17645_/X (sky130_fd_sc_hd__xor2_1)
                                                         _08302_ (net)
                      0.070089    0.000000    6.901010 v _17646_/B (sky130_fd_sc_hd__xnor2_1)
     2    0.004533    0.131931    0.137965    7.038975 v _17646_/Y (sky130_fd_sc_hd__xnor2_1)
                                                         _08303_ (net)
                      0.131931    0.000000    7.038975 v _17648_/A (sky130_fd_sc_hd__nor2_1)
     2    0.003922    0.099853    0.141990    7.180965 ^ _17648_/Y (sky130_fd_sc_hd__nor2_1)
                                                         _08305_ (net)
                      0.099853    0.000000    7.180965 ^ _17650_/A_N (sky130_fd_sc_hd__nand2b_1)
     2    0.006250    0.083234    0.134313    7.315278 ^ _17650_/Y (sky130_fd_sc_hd__nand2b_1)
                                                         _08307_ (net)
                      0.083234    0.000000    7.315278 ^ _17651_/B (sky130_fd_sc_hd__or2_0)
     2    0.004033    0.076761    0.122156    7.437433 ^ _17651_/X (sky130_fd_sc_hd__or2_0)
                                                         _08308_ (net)
                      0.076761    0.000000    7.437433 ^ _17666_/A (sky130_fd_sc_hd__or2_0)
     2    0.004971    0.090447    0.132740    7.570173 ^ _17666_/X (sky130_fd_sc_hd__or2_0)
                                                         _08325_ (net)
                      0.090447    0.000000    7.570173 ^ _17675_/A1 (sky130_fd_sc_hd__o221ai_1)
     2    0.003810    0.095156    0.136906    7.707079 v _17675_/Y (sky130_fd_sc_hd__o221ai_1)
                                                         _08335_ (net)
                      0.095156    0.000000    7.707079 v _17776_/A2 (sky130_fd_sc_hd__o21ai_0)
     2    0.004801    0.192171    0.200089    7.907168 ^ _17776_/Y (sky130_fd_sc_hd__o21ai_0)
                                                         _08446_ (net)
                      0.192171    0.000000    7.907168 ^ _17795_/A1 (sky130_fd_sc_hd__a21oi_1)
     2    0.003908    0.070964    0.098967    8.006136 v _17795_/Y (sky130_fd_sc_hd__a21oi_1)
                                                         _08467_ (net)
                      0.070964    0.000000    8.006136 v _17797_/A1 (sky130_fd_sc_hd__o21ai_0)
     2    0.004085    0.172011    0.189226    8.195362 ^ _17797_/Y (sky130_fd_sc_hd__o21ai_0)
                                                         _08469_ (net)
                      0.172011    0.000000    8.195362 ^ _17799_/B1 (sky130_fd_sc_hd__o21ai_0)
     1    0.004339    0.093850    0.127813    8.323175 v _17799_/Y (sky130_fd_sc_hd__o21ai_0)
                                                         _08471_ (net)
                      0.093850    0.000000    8.323175 v _17821_/A (sky130_fd_sc_hd__xnor2_1)
   118    0.424941    8.662822    6.416225   14.739400 ^ _17821_/Y (sky130_fd_sc_hd__xnor2_1)
                                                         fixed_pkg::s_narrow48$func$/headless/otolith/hdl/rtl/fixed_pkg.sv:130$9.$unnamed_block$1.v[63] (net)
                      8.662822    0.000000   14.739400 ^ _17822_/A (sky130_fd_sc_hd__inv_1)
    31    0.065919    2.209138    2.573130   17.312531 v _17822_/Y (sky130_fd_sc_hd__inv_1)
                                                         _08496_ (net)
                      2.209138    0.000000   17.312531 v _17988_/B1 (sky130_fd_sc_hd__a21o_1)
     2    0.004424    0.078943    0.690356   18.002888 v _17988_/X (sky130_fd_sc_hd__a21o_1)
                                                         _08678_ (net)
                      0.078943    0.000000   18.002888 v _17990_/A3 (sky130_fd_sc_hd__o31a_1)
     1    0.002225    0.055403    0.237936   18.240822 v _17990_/X (sky130_fd_sc_hd__o31a_1)
                                                         _08680_ (net)
                      0.055403    0.000000   18.240822 v _17993_/A2 (sky130_fd_sc_hd__o2111ai_1)
     2    0.003158    0.233803    0.176078   18.416901 ^ _17993_/Y (sky130_fd_sc_hd__o2111ai_1)
                                                         _08684_ (net)
                      0.233803    0.000000   18.416901 ^ _17995_/B1_N (sky130_fd_sc_hd__o21bai_1)
     4    0.011315    0.414297    0.206741   18.623642 ^ _17995_/Y (sky130_fd_sc_hd__o21bai_1)
                                                         _08686_ (net)
                      0.414297    0.000000   18.623642 ^ _18035_/A1 (sky130_fd_sc_hd__a21oi_1)
     4    0.007653    0.133375    0.165265   18.788906 v _18035_/Y (sky130_fd_sc_hd__a21oi_1)
                                                         _08730_ (net)
                      0.133375    0.000000   18.788906 v _18118_/B (sky130_fd_sc_hd__nor3_1)
     3    0.006740    0.254497    0.271735   19.060642 ^ _18118_/Y (sky130_fd_sc_hd__nor3_1)
                                                         _08821_ (net)
                      0.254497    0.000000   19.060642 ^ _18132_/A (sky130_fd_sc_hd__nor2_1)
     3    0.008876    0.087679    0.120023   19.180664 v _18132_/Y (sky130_fd_sc_hd__nor2_1)
                                                         _08837_ (net)
                      0.087679    0.000000   19.180664 v _18180_/A2 (sky130_fd_sc_hd__o31ai_1)
     3    0.009334    0.378531    0.374262   19.554928 ^ _18180_/Y (sky130_fd_sc_hd__o31ai_1)
                                                         _08889_ (net)
                      0.378531    0.000000   19.554928 ^ _18359_/A1 (sky130_fd_sc_hd__a31oi_1)
     3    0.008203    0.167860    0.187912   19.742840 v _18359_/Y (sky130_fd_sc_hd__a31oi_1)
                                                         _09086_ (net)
                      0.167860    0.000000   19.742840 v _18370_/B2 (sky130_fd_sc_hd__o221ai_1)
     3    0.009437    0.509783    0.287038   20.029877 ^ _18370_/Y (sky130_fd_sc_hd__o221ai_1)
                                                         _09098_ (net)
                      0.509783    0.000000   20.029877 ^ _18376_/A2 (sky130_fd_sc_hd__a311oi_1)
     2    0.006424    0.172401    0.210383   20.240259 v _18376_/Y (sky130_fd_sc_hd__a311oi_1)
                                                         _09105_ (net)
                      0.172401    0.000000   20.240259 v _18394_/B (sky130_fd_sc_hd__xor2_1)
     1    0.002260    0.096656    0.181748   20.422009 v _18394_/X (sky130_fd_sc_hd__xor2_1)
                                                         _09125_ (net)
                      0.096656    0.000000   20.422009 v _18395_/A4 (sky130_fd_sc_hd__a41oi_1)
    63    0.110180    2.406754    1.778020   22.200027 ^ _18395_/Y (sky130_fd_sc_hd__a41oi_1)
                                                         _09126_ (net)
                      2.406754    0.000000   22.200027 ^ _18396_/A (sky130_fd_sc_hd__inv_1)
     2    0.004538    0.294887    0.159339   22.359367 v _18396_/Y (sky130_fd_sc_hd__inv_1)
                                                         _09127_ (net)
                      0.294887    0.000000   22.359367 v _18438_/A2 (sky130_fd_sc_hd__a21bo_1)
     1    0.001949    0.032359    0.267464   22.626831 v _18438_/X (sky130_fd_sc_hd__a21bo_1)
                                                         fixed_pkg::s_narrow48$func$/headless/otolith/hdl/rtl/fixed_pkg.sv:130$9.$unnamed_block$1.v[36] (net)
                      0.032359    0.000000   22.626831 v _18608_/D (sky130_fd_sc_hd__dfrtp_1)
                                             22.626831   data arrival time

                      0.150000   10.000000   10.000000   clock clk (rise edge)
                                  0.000000   10.000000   clock network delay (ideal)
                                 -0.250000    9.750000   clock uncertainty
                                  0.000000    9.750000   clock reconvergence pessimism
                                              9.750000 ^ _18608_/CLK (sky130_fd_sc_hd__dfrtp_1)
                                 -0.084766    9.665235   library setup time
                                              9.665235   data required time
---------------------------------------------------------------------------------------------
                                              9.665235   data required time
                                            -22.626831   data arrival time
---------------------------------------------------------------------------------------------
                                            -12.961596   slack (VIOLATED)




===========================================================================
 report_check_types -max_slew -max_cap -max_fanout -violators
============================================================================
======================= nom_tt_025C_1v80 Corner ===================================

max slew

Pin                                        Limit        Slew       Slack
------------------------------------------------------------------------
_17821_/Y                               0.750000    8.662822   -7.912822 (VIOLATED)
_17822_/A                               0.750000    8.662822   -7.912822 (VIOLATED)
_17827_/A                               0.750000    8.662822   -7.912822 (VIOLATED)
_17831_/A                               0.750000    8.662822   -7.912822 (VIOLATED)
_17833_/A                               0.750000    8.662822   -7.912822 (VIOLATED)
_17838_/A                               0.750000    8.662822   -7.912822 (VIOLATED)
_17839_/A                               0.750000    8.662822   -7.912822 (VIOLATED)
_17854_/A                               0.750000    8.662822   -7.912822 (VIOLATED)
_17858_/A                               0.750000    8.662822   -7.912822 (VIOLATED)
_17859_/A                               0.750000    8.662822   -7.912822 (VIOLATED)
_17861_/A                               0.750000    8.662822   -7.912822 (VIOLATED)
_17870_/A                               0.750000    8.662822   -7.912822 (VIOLATED)
_17873_/A                               0.750000    8.662822   -7.912822 (VIOLATED)
_17874_/A                               0.750000    8.662822   -7.912822 (VIOLATED)
_17878_/A                               0.750000    8.662822   -7.912822 (VIOLATED)
_17879_/A                               0.750000    8.662822   -7.912822 (VIOLATED)
_17884_/A                               0.750000    8.662822   -7.912822 (VIOLATED)
_17885_/A                               0.750000    8.662822   -7.912822 (VIOLATED)
_17903_/A                               0.750000    8.662822   -7.912822 (VIOLATED)
_17904_/A                               0.750000    8.662822   -7.912822 (VIOLATED)
_17906_/A                               0.750000    8.662822   -7.912822 (VIOLATED)
_17909_/A                               0.750000    8.662822   -7.912822 (VIOLATED)
_17910_/A                               0.750000    8.662822   -7.912822 (VIOLATED)
_17913_/A                               0.750000    8.662822   -7.912822 (VIOLATED)
_17915_/B1                              0.750000    8.662822   -7.912822 (VIOLATED)
_17924_/A                               0.750000    8.662822   -7.912822 (VIOLATED)
_17928_/A                               0.750000    8.662822   -7.912822 (VIOLATED)
_17930_/A                               0.750000    8.662822   -7.912822 (VIOLATED)
_17933_/A                               0.750000    8.662822   -7.912822 (VIOLATED)
_17937_/A                               0.750000    8.662822   -7.912822 (VIOLATED)
_17941_/A                               0.750000    8.662822   -7.912822 (VIOLATED)
_17942_/B1_N                            0.750000    8.662822   -7.912822 (VIOLATED)
_17945_/B1                              0.750000    8.662822   -7.912822 (VIOLATED)
_17951_/A                               0.750000    8.662822   -7.912822 (VIOLATED)
_17954_/A                               0.750000    8.662822   -7.912822 (VIOLATED)
_17955_/A                               0.750000    8.662822   -7.912822 (VIOLATED)
_17958_/A1                              0.750000    8.662822   -7.912822 (VIOLATED)
_17960_/A                               0.750000    8.662822   -7.912822 (VIOLATED)
_17961_/A                               0.750000    8.662822   -7.912822 (VIOLATED)
_17964_/B                               0.750000    8.662822   -7.912822 (VIOLATED)
_17965_/A                               0.750000    8.662822   -7.912822 (VIOLATED)
_17966_/A                               0.750000    8.662822   -7.912822 (VIOLATED)
_17968_/A                               0.750000    8.662822   -7.912822 (VIOLATED)
_17972_/A                               0.750000    8.662822   -7.912822 (VIOLATED)
_17976_/A                               0.750000    8.662822   -7.912822 (VIOLATED)
_17979_/A                               0.750000    8.662822   -7.912822 (VIOLATED)
_17982_/A                               0.750000    8.662822   -7.912822 (VIOLATED)
_17985_/A                               0.750000    8.662822   -7.912822 (VIOLATED)
_17989_/B1                              0.750000    8.662822   -7.912822 (VIOLATED)
_17997_/A                               0.750000    8.662822   -7.912822 (VIOLATED)
_17998_/A                               0.750000    8.662822   -7.912822 (VIOLATED)
_18001_/B                               0.750000    8.662822   -7.912822 (VIOLATED)
_18002_/A                               0.750000    8.662822   -7.912822 (VIOLATED)
_18006_/A                               0.750000    8.662822   -7.912822 (VIOLATED)
_18007_/A                               0.750000    8.662822   -7.912822 (VIOLATED)
_18009_/A                               0.750000    8.662822   -7.912822 (VIOLATED)
_18013_/A                               0.750000    8.662822   -7.912822 (VIOLATED)
_18014_/A                               0.750000    8.662822   -7.912822 (VIOLATED)
_18017_/A                               0.750000    8.662822   -7.912822 (VIOLATED)
_18020_/B                               0.750000    8.662822   -7.912822 (VIOLATED)
_18021_/A                               0.750000    8.662822   -7.912822 (VIOLATED)
_18024_/A                               0.750000    8.662822   -7.912822 (VIOLATED)
_18041_/A                               0.750000    8.662822   -7.912822 (VIOLATED)
_18044_/B                               0.750000    8.662822   -7.912822 (VIOLATED)
_18045_/A                               0.750000    8.662822   -7.912822 (VIOLATED)
_18055_/A                               0.750000    8.662822   -7.912822 (VIOLATED)
_18057_/A                               0.750000    8.662822   -7.912822 (VIOLATED)
_18064_/A                               0.750000    8.662822   -7.912822 (VIOLATED)
_18068_/A                               0.750000    8.662822   -7.912822 (VIOLATED)
_18072_/A                               0.750000    8.662822   -7.912822 (VIOLATED)
_18075_/A                               0.750000    8.662822   -7.912822 (VIOLATED)
_18076_/A                               0.750000    8.662822   -7.912822 (VIOLATED)
_18083_/A                               0.750000    8.662822   -7.912822 (VIOLATED)
_18086_/B                               0.750000    8.662822   -7.912822 (VIOLATED)
_18088_/A                               0.750000    8.662822   -7.912822 (VIOLATED)
_18092_/A                               0.750000    8.662822   -7.912822 (VIOLATED)
_18096_/A                               0.750000    8.662822   -7.912822 (VIOLATED)
_18100_/A                               0.750000    8.662822   -7.912822 (VIOLATED)
_18103_/A                               0.750000    8.662822   -7.912822 (VIOLATED)
_18104_/A                               0.750000    8.662822   -7.912822 (VIOLATED)
_18105_/A                               0.750000    8.662822   -7.912822 (VIOLATED)
_18109_/A                               0.750000    8.662822   -7.912822 (VIOLATED)
_18112_/A                               0.750000    8.662822   -7.912822 (VIOLATED)
_18113_/A                               0.750000    8.662822   -7.912822 (VIOLATED)
_18121_/B1                              0.750000    8.662822   -7.912822 (VIOLATED)
_18125_/B1                              0.750000    8.662822   -7.912822 (VIOLATED)
_18129_/B1                              0.750000    8.662822   -7.912822 (VIOLATED)
_18134_/A                               0.750000    8.662822   -7.912822 (VIOLATED)
_18137_/A                               0.750000    8.662822   -7.912822 (VIOLATED)
_18138_/A                               0.750000    8.662822   -7.912822 (VIOLATED)
_18141_/A                               0.750000    8.662822   -7.912822 (VIOLATED)
_18145_/A                               0.750000    8.662822   -7.912822 (VIOLATED)
_18149_/A                               0.750000    8.662822   -7.912822 (VIOLATED)
_18153_/A                               0.750000    8.662822   -7.912822 (VIOLATED)
_18154_/A                               0.750000    8.662822   -7.912822 (VIOLATED)
_18157_/A                               0.750000    8.662822   -7.912822 (VIOLATED)
_18161_/A                               0.750000    8.662822   -7.912822 (VIOLATED)
_18162_/A                               0.750000    8.662822   -7.912822 (VIOLATED)
_18178_/B1                              0.750000    8.662822   -7.912822 (VIOLATED)
_18184_/A                               0.750000    8.662822   -7.912822 (VIOLATED)
_18189_/A                               0.750000    8.662822   -7.912822 (VIOLATED)
_18227_/A                               0.750000    8.662822   -7.912822 (VIOLATED)
_18257_/A1                              0.750000    8.662822   -7.912822 (VIOLATED)
_18285_/A                               0.750000    8.662822   -7.912822 (VIOLATED)
_18290_/A1                              0.750000    8.662822   -7.912822 (VIOLATED)
_18302_/A                               0.750000    8.662822   -7.912822 (VIOLATED)
_18351_/A                               0.750000    8.662822   -7.912822 (VIOLATED)
_18354_/A                               0.750000    8.662822   -7.912822 (VIOLATED)
_18357_/A                               0.750000    8.662822   -7.912822 (VIOLATED)
_18358_/A1                              0.750000    8.662822   -7.912822 (VIOLATED)
_18363_/A                               0.750000    8.662822   -7.912822 (VIOLATED)
_18366_/A                               0.750000    8.662822   -7.912822 (VIOLATED)
_18367_/A                               0.750000    8.662822   -7.912822 (VIOLATED)
_18373_/A                               0.750000    8.662822   -7.912822 (VIOLATED)
_18374_/A                               0.750000    8.662822   -7.912822 (VIOLATED)
_18387_/A                               0.750000    8.662822   -7.912822 (VIOLATED)
_18390_/B1                              0.750000    8.662822   -7.912822 (VIOLATED)
_18391_/A                               0.750000    8.662822   -7.912822 (VIOLATED)
_18635_/D                               0.750000    8.662822   -7.912822 (VIOLATED)
rst_n                                   0.750000    2.652402   -1.902402 (VIOLATED)
_18473_/RESET_B                         0.750000    2.652402   -1.902402 (VIOLATED)
_18474_/RESET_B                         0.750000    2.652402   -1.902402 (VIOLATED)
_18475_/RESET_B                         0.750000    2.652402   -1.902402 (VIOLATED)
_18476_/RESET_B                         0.750000    2.652402   -1.902402 (VIOLATED)
_18477_/RESET_B                         0.750000    2.652402   -1.902402 (VIOLATED)
_18478_/RESET_B                         0.750000    2.652402   -1.902402 (VIOLATED)
_18479_/RESET_B                         0.750000    2.652402   -1.902402 (VIOLATED)
_18480_/RESET_B                         0.750000    2.652402   -1.902402 (VIOLATED)
_18481_/RESET_B                         0.750000    2.652402   -1.902402 (VIOLATED)
_18482_/RESET_B                         0.750000    2.652402   -1.902402 (VIOLATED)
_18483_/RESET_B                         0.750000    2.652402   -1.902402 (VIOLATED)
_18484_/RESET_B                         0.750000    2.652402   -1.902402 (VIOLATED)
_18485_/RESET_B                         0.750000    2.652402   -1.902402 (VIOLATED)
_18486_/RESET_B                         0.750000    2.652402   -1.902402 (VIOLATED)
_18487_/RESET_B                         0.750000    2.652402   -1.902402 (VIOLATED)
_18488_/RESET_B                         0.750000    2.652402   -1.902402 (VIOLATED)
_18489_/RESET_B                         0.750000    2.652402   -1.902402 (VIOLATED)
_18490_/RESET_B                         0.750000    2.652402   -1.902402 (VIOLATED)
_18491_/RESET_B                         0.750000    2.652402   -1.902402 (VIOLATED)
_18492_/RESET_B                         0.750000    2.652402   -1.902402 (VIOLATED)
_18493_/RESET_B                         0.750000    2.652402   -1.902402 (VIOLATED)
_18494_/RESET_B                         0.750000    2.652402   -1.902402 (VIOLATED)
_18495_/RESET_B                         0.750000    2.652402   -1.902402 (VIOLATED)
_18496_/RESET_B                         0.750000    2.652402   -1.902402 (VIOLATED)
_18497_/RESET_B                         0.750000    2.652402   -1.902402 (VIOLATED)
_18498_/RESET_B                         0.750000    2.652402   -1.902402 (VIOLATED)
_18499_/RESET_B                         0.750000    2.652402   -1.902402 (VIOLATED)
_18500_/RESET_B                         0.750000    2.652402   -1.902402 (VIOLATED)
_18501_/RESET_B                         0.750000    2.652402   -1.902402 (VIOLATED)
_18502_/RESET_B                         0.750000    2.652402   -1.902402 (VIOLATED)
_18503_/RESET_B                         0.750000    2.652402   -1.902402 (VIOLATED)
_18504_/RESET_B                         0.750000    2.652402   -1.902402 (VIOLATED)
_18505_/RESET_B                         0.750000    2.652402   -1.902402 (VIOLATED)
_18506_/RESET_B                         0.750000    2.652402   -1.902402 (VIOLATED)
_18507_/RESET_B                         0.750000    2.652402   -1.902402 (VIOLATED)
_18508_/RESET_B                         0.750000    2.652402   -1.902402 (VIOLATED)
_18509_/RESET_B                         0.750000    2.652402   -1.902402 (VIOLATED)
_18510_/RESET_B                         0.750000    2.652402   -1.902402 (VIOLATED)
_18511_/RESET_B                         0.750000    2.652402   -1.902402 (VIOLATED)
_18512_/RESET_B                         0.750000    2.652402   -1.902402 (VIOLATED)
_18513_/RESET_B                         0.750000    2.652402   -1.902402 (VIOLATED)
_18514_/RESET_B                         0.750000    2.652402   -1.902402 (VIOLATED)
_18515_/RESET_B                         0.750000    2.652402   -1.902402 (VIOLATED)
_18516_/RESET_B                         0.750000    2.652402   -1.902402 (VIOLATED)
_18517_/RESET_B                         0.750000    2.652402   -1.902402 (VIOLATED)
_18518_/RESET_B                         0.750000    2.652402   -1.902402 (VIOLATED)
_18519_/RESET_B                         0.750000    2.652402   -1.902402 (VIOLATED)
_18520_/RESET_B                         0.750000    2.652402   -1.902402 (VIOLATED)
_18521_/RESET_B                         0.750000    2.652402   -1.902402 (VIOLATED)
_18522_/RESET_B                         0.750000    2.652402   -1.902402 (VIOLATED)
_18523_/RESET_B                         0.750000    2.652402   -1.902402 (VIOLATED)
_18524_/RESET_B                         0.750000    2.652402   -1.902402 (VIOLATED)
_18525_/RESET_B                         0.750000    2.652402   -1.902402 (VIOLATED)
_18526_/RESET_B                         0.750000    2.652402   -1.902402 (VIOLATED)
_18527_/RESET_B                         0.750000    2.652402   -1.902402 (VIOLATED)
_18528_/RESET_B                         0.750000    2.652402   -1.902402 (VIOLATED)
_18529_/RESET_B                         0.750000    2.652402   -1.902402 (VIOLATED)
_18530_/RESET_B                         0.750000    2.652402   -1.902402 (VIOLATED)
_18531_/RESET_B                         0.750000    2.652402   -1.902402 (VIOLATED)
_18532_/RESET_B                         0.750000    2.652402   -1.902402 (VIOLATED)
_18533_/RESET_B                         0.750000    2.652402   -1.902402 (VIOLATED)
_18534_/RESET_B                         0.750000    2.652402   -1.902402 (VIOLATED)
_18535_/RESET_B                         0.750000    2.652402   -1.902402 (VIOLATED)
_18536_/RESET_B                         0.750000    2.652402   -1.902402 (VIOLATED)
_18537_/RESET_B                         0.750000    2.652402   -1.902402 (VIOLATED)
_18538_/RESET_B                         0.750000    2.652402   -1.902402 (VIOLATED)
_18539_/RESET_B                         0.750000    2.652402   -1.902402 (VIOLATED)
_18540_/RESET_B                         0.750000    2.652402   -1.902402 (VIOLATED)
_18541_/RESET_B                         0.750000    2.652402   -1.902402 (VIOLATED)
_18542_/RESET_B                         0.750000    2.652402   -1.902402 (VIOLATED)
_18543_/RESET_B                         0.750000    2.652402   -1.902402 (VIOLATED)
_18544_/RESET_B                         0.750000    2.652402   -1.902402 (VIOLATED)
_18545_/RESET_B                         0.750000    2.652402   -1.902402 (VIOLATED)
_18546_/RESET_B                         0.750000    2.652402   -1.902402 (VIOLATED)
_18547_/RESET_B                         0.750000    2.652402   -1.902402 (VIOLATED)
_18548_/RESET_B                         0.750000    2.652402   -1.902402 (VIOLATED)
_18549_/RESET_B                         0.750000    2.652402   -1.902402 (VIOLATED)
_18550_/RESET_B                         0.750000    2.652402   -1.902402 (VIOLATED)
_18551_/RESET_B                         0.750000    2.652402   -1.902402 (VIOLATED)
_18552_/RESET_B                         0.750000    2.652402   -1.902402 (VIOLATED)
_18553_/RESET_B                         0.750000    2.652402   -1.902402 (VIOLATED)
_18554_/RESET_B                         0.750000    2.652402   -1.902402 (VIOLATED)
_18555_/RESET_B                         0.750000    2.652402   -1.902402 (VIOLATED)
_18556_/RESET_B                         0.750000    2.652402   -1.902402 (VIOLATED)
_18557_/RESET_B                         0.750000    2.652402   -1.902402 (VIOLATED)
_18558_/RESET_B                         0.750000    2.652402   -1.902402 (VIOLATED)
_18559_/RESET_B                         0.750000    2.652402   -1.902402 (VIOLATED)
_18560_/RESET_B                         0.750000    2.652402   -1.902402 (VIOLATED)
_18561_/RESET_B                         0.750000    2.652402   -1.902402 (VIOLATED)
_18562_/RESET_B                         0.750000    2.652402   -1.902402 (VIOLATED)
_18563_/RESET_B                         0.750000    2.652402   -1.902402 (VIOLATED)
_18564_/RESET_B                         0.750000    2.652402   -1.902402 (VIOLATED)
_18565_/RESET_B                         0.750000    2.652402   -1.902402 (VIOLATED)
_18566_/RESET_B                         0.750000    2.652402   -1.902402 (VIOLATED)
_18567_/RESET_B                         0.750000    2.652402   -1.902402 (VIOLATED)
_18568_/RESET_B                         0.750000    2.652402   -1.902402 (VIOLATED)
_18569_/RESET_B                         0.750000    2.652402   -1.902402 (VIOLATED)
_18570_/RESET_B                         0.750000    2.652402   -1.902402 (VIOLATED)
_18571_/RESET_B                         0.750000    2.652402   -1.902402 (VIOLATED)
_18572_/RESET_B                         0.750000    2.652402   -1.902402 (VIOLATED)
_18573_/RESET_B                         0.750000    2.652402   -1.902402 (VIOLATED)
_18574_/RESET_B                         0.750000    2.652402   -1.902402 (VIOLATED)
_18575_/RESET_B                         0.750000    2.652402   -1.902402 (VIOLATED)
_18576_/RESET_B                         0.750000    2.652402   -1.902402 (VIOLATED)
_18577_/RESET_B                         0.750000    2.652402   -1.902402 (VIOLATED)
_18578_/RESET_B                         0.750000    2.652402   -1.902402 (VIOLATED)
_18579_/RESET_B                         0.750000    2.652402   -1.902402 (VIOLATED)
_18580_/RESET_B                         0.750000    2.652402   -1.902402 (VIOLATED)
_18581_/RESET_B                         0.750000    2.652402   -1.902402 (VIOLATED)
_18582_/RESET_B                         0.750000    2.652402   -1.902402 (VIOLATED)
_18583_/RESET_B                         0.750000    2.652402   -1.902402 (VIOLATED)
_18584_/RESET_B                         0.750000    2.652402   -1.902402 (VIOLATED)
_18585_/RESET_B                         0.750000    2.652402   -1.902402 (VIOLATED)
_18586_/RESET_B                         0.750000    2.652402   -1.902402 (VIOLATED)
_18587_/RESET_B                         0.750000    2.652402   -1.902402 (VIOLATED)
_18588_/RESET_B                         0.750000    2.652402   -1.902402 (VIOLATED)
_18589_/RESET_B                         0.750000    2.652402   -1.902402 (VIOLATED)
_18590_/RESET_B                         0.750000    2.652402   -1.902402 (VIOLATED)
_18591_/RESET_B                         0.750000    2.652402   -1.902402 (VIOLATED)
_18592_/RESET_B                         0.750000    2.652402   -1.902402 (VIOLATED)
_18593_/RESET_B                         0.750000    2.652402   -1.902402 (VIOLATED)
_18594_/RESET_B                         0.750000    2.652402   -1.902402 (VIOLATED)
_18595_/RESET_B                         0.750000    2.652402   -1.902402 (VIOLATED)
_18596_/RESET_B                         0.750000    2.652402   -1.902402 (VIOLATED)
_18597_/RESET_B                         0.750000    2.652402   -1.902402 (VIOLATED)
_18598_/RESET_B                         0.750000    2.652402   -1.902402 (VIOLATED)
_18599_/RESET_B                         0.750000    2.652402   -1.902402 (VIOLATED)
_18600_/RESET_B                         0.750000    2.652402   -1.902402 (VIOLATED)
_18601_/RESET_B                         0.750000    2.652402   -1.902402 (VIOLATED)
_18602_/RESET_B                         0.750000    2.652402   -1.902402 (VIOLATED)
_18603_/RESET_B                         0.750000    2.652402   -1.902402 (VIOLATED)
_18604_/RESET_B                         0.750000    2.652402   -1.902402 (VIOLATED)
_18605_/RESET_B                         0.750000    2.652402   -1.902402 (VIOLATED)
_18606_/RESET_B                         0.750000    2.652402   -1.902402 (VIOLATED)
_18607_/RESET_B                         0.750000    2.652402   -1.902402 (VIOLATED)
_18608_/RESET_B                         0.750000    2.652402   -1.902402 (VIOLATED)
_18609_/RESET_B                         0.750000    2.652402   -1.902402 (VIOLATED)
_18610_/RESET_B                         0.750000    2.652402   -1.902402 (VIOLATED)
_18611_/RESET_B                         0.750000    2.652402   -1.902402 (VIOLATED)
_18612_/RESET_B                         0.750000    2.652402   -1.902402 (VIOLATED)
_18613_/RESET_B                         0.750000    2.652402   -1.902402 (VIOLATED)
_18614_/RESET_B                         0.750000    2.652402   -1.902402 (VIOLATED)
_18615_/RESET_B                         0.750000    2.652402   -1.902402 (VIOLATED)
_18616_/RESET_B                         0.750000    2.652402   -1.902402 (VIOLATED)
_18617_/RESET_B                         0.750000    2.652402   -1.902402 (VIOLATED)
_18618_/RESET_B                         0.750000    2.652402   -1.902402 (VIOLATED)
_18619_/RESET_B                         0.750000    2.652402   -1.902402 (VIOLATED)
_18620_/RESET_B                         0.750000    2.652402   -1.902402 (VIOLATED)
_18621_/RESET_B                         0.750000    2.652402   -1.902402 (VIOLATED)
_18622_/RESET_B                         0.750000    2.652402   -1.902402 (VIOLATED)
_18623_/RESET_B                         0.750000    2.652402   -1.902402 (VIOLATED)
_18624_/RESET_B                         0.750000    2.652402   -1.902402 (VIOLATED)
_18625_/RESET_B                         0.750000    2.652402   -1.902402 (VIOLATED)
_18626_/RESET_B                         0.750000    2.652402   -1.902402 (VIOLATED)
_18627_/RESET_B                         0.750000    2.652402   -1.902402 (VIOLATED)
_18628_/RESET_B                         0.750000    2.652402   -1.902402 (VIOLATED)
_18629_/RESET_B                         0.750000    2.652402   -1.902402 (VIOLATED)
_18630_/RESET_B                         0.750000    2.652402   -1.902402 (VIOLATED)
_18631_/RESET_B                         0.750000    2.652402   -1.902402 (VIOLATED)
_18632_/RESET_B                         0.750000    2.652402   -1.902402 (VIOLATED)
_18633_/RESET_B                         0.750000    2.652402   -1.902402 (VIOLATED)
_18634_/RESET_B                         0.750000    2.652402   -1.902402 (VIOLATED)
_18635_/RESET_B                         0.750000    2.652402   -1.902402 (VIOLATED)
_09263_/Y                               0.750000    2.502873   -1.752873 (VIOLATED)
_09326_/A                               0.750000    2.502873   -1.752873 (VIOLATED)
_09327_/A                               0.750000    2.502873   -1.752873 (VIOLATED)
_09339_/A                               0.750000    2.502873   -1.752873 (VIOLATED)
_09510_/A                               0.750000    2.502873   -1.752873 (VIOLATED)
_09515_/A                               0.750000    2.502873   -1.752873 (VIOLATED)
_09561_/A                               0.750000    2.502873   -1.752873 (VIOLATED)
_09566_/A                               0.750000    2.502873   -1.752873 (VIOLATED)
_16677_/A                               0.750000    2.502873   -1.752873 (VIOLATED)
_16678_/A                               0.750000    2.502873   -1.752873 (VIOLATED)
_17195_/A                               0.750000    2.502873   -1.752873 (VIOLATED)
_17196_/A                               0.750000    2.502873   -1.752873 (VIOLATED)
_17226_/A                               0.750000    2.502873   -1.752873 (VIOLATED)
_17394_/A                               0.750000    2.502873   -1.752873 (VIOLATED)
_17398_/A                               0.750000    2.502873   -1.752873 (VIOLATED)
_17409_/A                               0.750000    2.502873   -1.752873 (VIOLATED)
_17413_/A                               0.750000    2.502873   -1.752873 (VIOLATED)
_17456_/A                               0.750000    2.502873   -1.752873 (VIOLATED)
_17457_/A                               0.750000    2.502873   -1.752873 (VIOLATED)
_17469_/A                               0.750000    2.502873   -1.752873 (VIOLATED)
_17587_/A                               0.750000    2.502873   -1.752873 (VIOLATED)
_17591_/A                               0.750000    2.502873   -1.752873 (VIOLATED)
_17599_/A                               0.750000    2.502873   -1.752873 (VIOLATED)
_17608_/A                               0.750000    2.502873   -1.752873 (VIOLATED)
_17610_/A                               0.750000    2.502873   -1.752873 (VIOLATED)
_17682_/A                               0.750000    2.502873   -1.752873 (VIOLATED)
_17683_/A                               0.750000    2.502873   -1.752873 (VIOLATED)
_17718_/A                               0.750000    2.502873   -1.752873 (VIOLATED)
_17723_/A                               0.750000    2.502873   -1.752873 (VIOLATED)
_17734_/A                               0.750000    2.502873   -1.752873 (VIOLATED)
_17738_/A                               0.750000    2.502873   -1.752873 (VIOLATED)
_17751_/A                               0.750000    2.502873   -1.752873 (VIOLATED)
_17803_/A                               0.750000    2.502873   -1.752873 (VIOLATED)
_17804_/B1                              0.750000    2.502873   -1.752873 (VIOLATED)
_09206_/B                               0.750000    2.487583   -1.737583 (VIOLATED)
_09207_/C                               0.750000    2.487583   -1.737583 (VIOLATED)
_09208_/C                               0.750000    2.487583   -1.737583 (VIOLATED)
_09209_/A2                              0.750000    2.487583   -1.737583 (VIOLATED)
_09573_/A                               0.750000    2.487583   -1.737583 (VIOLATED)
_09574_/A                               0.750000    2.487583   -1.737583 (VIOLATED)
_09576_/B                               0.750000    2.487583   -1.737583 (VIOLATED)
_09598_/A                               0.750000    2.487583   -1.737583 (VIOLATED)
_09600_/B                               0.750000    2.487583   -1.737583 (VIOLATED)
_09938_/B                               0.750000    2.487583   -1.737583 (VIOLATED)
_09976_/A                               0.750000    2.487583   -1.737583 (VIOLATED)
_09985_/A1                              0.750000    2.487583   -1.737583 (VIOLATED)
_10187_/B                               0.750000    2.487583   -1.737583 (VIOLATED)
_10188_/A1                              0.750000    2.487583   -1.737583 (VIOLATED)
_10294_/A                               0.750000    2.487583   -1.737583 (VIOLATED)
_10296_/B                               0.750000    2.487583   -1.737583 (VIOLATED)
_10406_/B                               0.750000    2.487583   -1.737583 (VIOLATED)
_10525_/A                               0.750000    2.487583   -1.737583 (VIOLATED)
_10533_/A1                              0.750000    2.487583   -1.737583 (VIOLATED)
_10636_/A                               0.750000    2.487583   -1.737583 (VIOLATED)
_10638_/B                               0.750000    2.487583   -1.737583 (VIOLATED)
_10761_/B                               0.750000    2.487583   -1.737583 (VIOLATED)
_10875_/B                               0.750000    2.487583   -1.737583 (VIOLATED)
_10882_/A1                              0.750000    2.487583   -1.737583 (VIOLATED)
_10989_/A                               0.750000    2.487583   -1.737583 (VIOLATED)
_10990_/B                               0.750000    2.487583   -1.737583 (VIOLATED)
_10998_/A1                              0.750000    2.487583   -1.737583 (VIOLATED)
_11109_/A                               0.750000    2.487583   -1.737583 (VIOLATED)
_11111_/B                               0.750000    2.487583   -1.737583 (VIOLATED)
_11149_/B                               0.750000    2.487583   -1.737583 (VIOLATED)
_11150_/D                               0.750000    2.487583   -1.737583 (VIOLATED)
_11170_/D                               0.750000    2.487583   -1.737583 (VIOLATED)
_11171_/B1                              0.750000    2.487583   -1.737583 (VIOLATED)
_11507_/D                               0.750000    2.487583   -1.737583 (VIOLATED)
_11515_/B1                              0.750000    2.487583   -1.737583 (VIOLATED)
_11548_/C                               0.750000    2.487583   -1.737583 (VIOLATED)
_11556_/A2                              0.750000    2.487583   -1.737583 (VIOLATED)
_11863_/B                               0.750000    2.487583   -1.737583 (VIOLATED)
_11871_/A1                              0.750000    2.487583   -1.737583 (VIOLATED)
_11950_/B                               0.750000    2.487583   -1.737583 (VIOLATED)
_11956_/A1                              0.750000    2.487583   -1.737583 (VIOLATED)
_12006_/B                               0.750000    2.487583   -1.737583 (VIOLATED)
_12011_/A1                              0.750000    2.487583   -1.737583 (VIOLATED)
_12140_/A                               0.750000    2.487583   -1.737583 (VIOLATED)
_12142_/B                               0.750000    2.487583   -1.737583 (VIOLATED)
_12164_/B                               0.750000    2.487583   -1.737583 (VIOLATED)
_12165_/A1                              0.750000    2.487583   -1.737583 (VIOLATED)
_12501_/A                               0.750000    2.487583   -1.737583 (VIOLATED)
_12502_/B                               0.750000    2.487583   -1.737583 (VIOLATED)
_12503_/A1                              0.750000    2.487583   -1.737583 (VIOLATED)
_12738_/A                               0.750000    2.487583   -1.737583 (VIOLATED)
_12739_/B                               0.750000    2.487583   -1.737583 (VIOLATED)
_12843_/B                               0.750000    2.487583   -1.737583 (VIOLATED)
_12850_/A1                              0.750000    2.487583   -1.737583 (VIOLATED)
_12947_/B                               0.750000    2.487583   -1.737583 (VIOLATED)
_12955_/A1                              0.750000    2.487583   -1.737583 (VIOLATED)
_13053_/B                               0.750000    2.487583   -1.737583 (VIOLATED)
_13061_/A1                              0.750000    2.487583   -1.737583 (VIOLATED)
_13157_/A                               0.750000    2.487583   -1.737583 (VIOLATED)
_13158_/B                               0.750000    2.487583   -1.737583 (VIOLATED)
_13168_/A1                              0.750000    2.487583   -1.737583 (VIOLATED)
_13196_/A                               0.750000    2.487583   -1.737583 (VIOLATED)
_13218_/B                               0.750000    2.487583   -1.737583 (VIOLATED)
_13219_/A1                              0.750000    2.487583   -1.737583 (VIOLATED)
_13385_/B                               0.750000    2.487583   -1.737583 (VIOLATED)
_13386_/A1                              0.750000    2.487583   -1.737583 (VIOLATED)
_13621_/A                               0.750000    2.487583   -1.737583 (VIOLATED)
_13622_/B                               0.750000    2.487583   -1.737583 (VIOLATED)
_13774_/B                               0.750000    2.487583   -1.737583 (VIOLATED)
_13855_/B                               0.750000    2.487583   -1.737583 (VIOLATED)
_13860_/A1                              0.750000    2.487583   -1.737583 (VIOLATED)
_13913_/B                               0.750000    2.487583   -1.737583 (VIOLATED)
_13918_/A1                              0.750000    2.487583   -1.737583 (VIOLATED)
_14057_/B                               0.750000    2.487583   -1.737583 (VIOLATED)
_14058_/A1                              0.750000    2.487583   -1.737583 (VIOLATED)
_14078_/B                               0.750000    2.487583   -1.737583 (VIOLATED)
_14079_/A1                              0.750000    2.487583   -1.737583 (VIOLATED)
_14216_/B                               0.750000    2.487583   -1.737583 (VIOLATED)
_14224_/A1                              0.750000    2.487583   -1.737583 (VIOLATED)
_14331_/B                               0.750000    2.487583   -1.737583 (VIOLATED)
_14332_/A1                              0.750000    2.487583   -1.737583 (VIOLATED)
_14404_/A                               0.750000    2.487583   -1.737583 (VIOLATED)
_14405_/B                               0.750000    2.487583   -1.737583 (VIOLATED)
_14413_/A1                              0.750000    2.487583   -1.737583 (VIOLATED)
_14468_/B                               0.750000    2.487583   -1.737583 (VIOLATED)
_14533_/B                               0.750000    2.487583   -1.737583 (VIOLATED)
_14540_/A1                              0.750000    2.487583   -1.737583 (VIOLATED)
_14596_/B                               0.750000    2.487583   -1.737583 (VIOLATED)
_14603_/A1                              0.750000    2.487583   -1.737583 (VIOLATED)
_14651_/B                               0.750000    2.487583   -1.737583 (VIOLATED)
_14659_/A1                              0.750000    2.487583   -1.737583 (VIOLATED)
_14700_/B                               0.750000    2.487583   -1.737583 (VIOLATED)
_14708_/A1                              0.750000    2.487583   -1.737583 (VIOLATED)
_14742_/B                               0.750000    2.487583   -1.737583 (VIOLATED)
_14750_/A1                              0.750000    2.487583   -1.737583 (VIOLATED)
_14784_/A                               0.750000    2.487583   -1.737583 (VIOLATED)
_14785_/B                               0.750000    2.487583   -1.737583 (VIOLATED)
_14793_/A1                              0.750000    2.487583   -1.737583 (VIOLATED)
_14814_/A                               0.750000    2.487583   -1.737583 (VIOLATED)
_14816_/B                               0.750000    2.487583   -1.737583 (VIOLATED)
_14854_/B                               0.750000    2.487583   -1.737583 (VIOLATED)
_14881_/B                               0.750000    2.487583   -1.737583 (VIOLATED)
_14888_/A1                              0.750000    2.487583   -1.737583 (VIOLATED)
_14907_/B                               0.750000    2.487583   -1.737583 (VIOLATED)
_14914_/A1                              0.750000    2.487583   -1.737583 (VIOLATED)
_14933_/A                               0.750000    2.487583   -1.737583 (VIOLATED)
_14934_/B                               0.750000    2.487583   -1.737583 (VIOLATED)
_14940_/A1                              0.750000    2.487583   -1.737583 (VIOLATED)
_14983_/A                               0.750000    2.487583   -1.737583 (VIOLATED)
_14985_/A1                              0.750000    2.487583   -1.737583 (VIOLATED)
_14993_/B                               0.750000    2.487583   -1.737583 (VIOLATED)
_14994_/B                               0.750000    2.487583   -1.737583 (VIOLATED)
_15035_/A                               0.750000    2.487583   -1.737583 (VIOLATED)
_15036_/B                               0.750000    2.487583   -1.737583 (VIOLATED)
_15183_/B                               0.750000    2.487583   -1.737583 (VIOLATED)
_15184_/A1                              0.750000    2.487583   -1.737583 (VIOLATED)
_15284_/A                               0.750000    2.487583   -1.737583 (VIOLATED)
_15286_/B                               0.750000    2.487583   -1.737583 (VIOLATED)
_15366_/A                               0.750000    2.487583   -1.737583 (VIOLATED)
_15368_/B                               0.750000    2.487583   -1.737583 (VIOLATED)
_15424_/B                               0.750000    2.487583   -1.737583 (VIOLATED)
_18474_/Q                               0.750000    2.487583   -1.737583 (VIOLATED)
_09207_/B                               0.750000    2.436952   -1.686952 (VIOLATED)
_09208_/B                               0.750000    2.436952   -1.686952 (VIOLATED)
_09209_/A1                              0.750000    2.436952   -1.686952 (VIOLATED)
_09575_/A                               0.750000    2.436952   -1.686952 (VIOLATED)
_09576_/A                               0.750000    2.436952   -1.686952 (VIOLATED)
_09599_/A                               0.750000    2.436952   -1.686952 (VIOLATED)
_09600_/A                               0.750000    2.436952   -1.686952 (VIOLATED)
_09937_/A                               0.750000    2.436952   -1.686952 (VIOLATED)
_09938_/A                               0.750000    2.436952   -1.686952 (VIOLATED)
_09985_/B2                              0.750000    2.436952   -1.686952 (VIOLATED)
_10187_/A                               0.750000    2.436952   -1.686952 (VIOLATED)
_10188_/B2                              0.750000    2.436952   -1.686952 (VIOLATED)
_10295_/A                               0.750000    2.436952   -1.686952 (VIOLATED)
_10296_/A                               0.750000    2.436952   -1.686952 (VIOLATED)
_10405_/A                               0.750000    2.436952   -1.686952 (VIOLATED)
_10406_/A                               0.750000    2.436952   -1.686952 (VIOLATED)
_10533_/B2                              0.750000    2.436952   -1.686952 (VIOLATED)
_10637_/A                               0.750000    2.436952   -1.686952 (VIOLATED)
_10638_/A                               0.750000    2.436952   -1.686952 (VIOLATED)
_10760_/A                               0.750000    2.436952   -1.686952 (VIOLATED)
_10761_/A                               0.750000    2.436952   -1.686952 (VIOLATED)
_10875_/A                               0.750000    2.436952   -1.686952 (VIOLATED)
_10882_/B2                              0.750000    2.436952   -1.686952 (VIOLATED)
_10990_/A                               0.750000    2.436952   -1.686952 (VIOLATED)
_10998_/B2                              0.750000    2.436952   -1.686952 (VIOLATED)
_11110_/A                               0.750000    2.436952   -1.686952 (VIOLATED)
_11111_/A                               0.750000    2.436952   -1.686952 (VIOLATED)
_11147_/B                               0.750000    2.436952   -1.686952 (VIOLATED)
_11148_/B                               0.750000    2.436952   -1.686952 (VIOLATED)
_11150_/C                               0.750000    2.436952   -1.686952 (VIOLATED)
_11170_/C                               0.750000    2.436952   -1.686952 (VIOLATED)
_11171_/A2                              0.750000    2.436952   -1.686952 (VIOLATED)
_11507_/C                               0.750000    2.436952   -1.686952 (VIOLATED)
_11515_/A2                              0.750000    2.436952   -1.686952 (VIOLATED)
_11548_/B                               0.750000    2.436952   -1.686952 (VIOLATED)
_11556_/B2                              0.750000    2.436952   -1.686952 (VIOLATED)
_11863_/A                               0.750000    2.436952   -1.686952 (VIOLATED)
_11871_/B2                              0.750000    2.436952   -1.686952 (VIOLATED)
_11950_/A                               0.750000    2.436952   -1.686952 (VIOLATED)
_11956_/B2                              0.750000    2.436952   -1.686952 (VIOLATED)
_12006_/A                               0.750000    2.436952   -1.686952 (VIOLATED)
_12011_/B2                              0.750000    2.436952   -1.686952 (VIOLATED)
_12139_/A                               0.750000    2.436952   -1.686952 (VIOLATED)
_12141_/A                               0.750000    2.436952   -1.686952 (VIOLATED)
_12142_/A                               0.750000    2.436952   -1.686952 (VIOLATED)
_12164_/A                               0.750000    2.436952   -1.686952 (VIOLATED)
_12165_/B2                              0.750000    2.436952   -1.686952 (VIOLATED)
_12502_/A                               0.750000    2.436952   -1.686952 (VIOLATED)
_12503_/B2                              0.750000    2.436952   -1.686952 (VIOLATED)
_12516_/A                               0.750000    2.436952   -1.686952 (VIOLATED)
_12739_/A                               0.750000    2.436952   -1.686952 (VIOLATED)
_12843_/A                               0.750000    2.436952   -1.686952 (VIOLATED)
_12850_/B2                              0.750000    2.436952   -1.686952 (VIOLATED)
_12947_/A                               0.750000    2.436952   -1.686952 (VIOLATED)
_12955_/B2                              0.750000    2.436952   -1.686952 (VIOLATED)
_13053_/A                               0.750000    2.436952   -1.686952 (VIOLATED)
_13061_/B2                              0.750000    2.436952   -1.686952 (VIOLATED)
_13158_/A                               0.750000    2.436952   -1.686952 (VIOLATED)
_13168_/B2                              0.750000    2.436952   -1.686952 (VIOLATED)
_13195_/A                               0.750000    2.436952   -1.686952 (VIOLATED)
_13197_/A                               0.750000    2.436952   -1.686952 (VIOLATED)
_13218_/A                               0.750000    2.436952   -1.686952 (VIOLATED)
_13219_/B2                              0.750000    2.436952   -1.686952 (VIOLATED)
_13385_/A                               0.750000    2.436952   -1.686952 (VIOLATED)
_13386_/B2                              0.750000    2.436952   -1.686952 (VIOLATED)
_13622_/A                               0.750000    2.436952   -1.686952 (VIOLATED)
_13773_/A                               0.750000    2.436952   -1.686952 (VIOLATED)
_13774_/A                               0.750000    2.436952   -1.686952 (VIOLATED)
_13855_/A                               0.750000    2.436952   -1.686952 (VIOLATED)
_13860_/B2                              0.750000    2.436952   -1.686952 (VIOLATED)
_13913_/A                               0.750000    2.436952   -1.686952 (VIOLATED)
_13918_/B2                              0.750000    2.436952   -1.686952 (VIOLATED)
_14057_/A                               0.750000    2.436952   -1.686952 (VIOLATED)
_14058_/B2                              0.750000    2.436952   -1.686952 (VIOLATED)
_14078_/A                               0.750000    2.436952   -1.686952 (VIOLATED)
_14079_/B2                              0.750000    2.436952   -1.686952 (VIOLATED)
_14216_/A                               0.750000    2.436952   -1.686952 (VIOLATED)
_14224_/B2                              0.750000    2.436952   -1.686952 (VIOLATED)
_14330_/A                               0.750000    2.436952   -1.686952 (VIOLATED)
_14331_/A                               0.750000    2.436952   -1.686952 (VIOLATED)
_14332_/B2                              0.750000    2.436952   -1.686952 (VIOLATED)
_14405_/A                               0.750000    2.436952   -1.686952 (VIOLATED)
_14413_/B2                              0.750000    2.436952   -1.686952 (VIOLATED)
_14467_/A                               0.750000    2.436952   -1.686952 (VIOLATED)
_14468_/A                               0.750000    2.436952   -1.686952 (VIOLATED)
_14533_/A                               0.750000    2.436952   -1.686952 (VIOLATED)
_14540_/B2                              0.750000    2.436952   -1.686952 (VIOLATED)
_14596_/A                               0.750000    2.436952   -1.686952 (VIOLATED)
_14603_/B2                              0.750000    2.436952   -1.686952 (VIOLATED)
_14651_/A                               0.750000    2.436952   -1.686952 (VIOLATED)
_14659_/B2                              0.750000    2.436952   -1.686952 (VIOLATED)
_14700_/A                               0.750000    2.436952   -1.686952 (VIOLATED)
_14708_/B2                              0.750000    2.436952   -1.686952 (VIOLATED)
_14742_/A                               0.750000    2.436952   -1.686952 (VIOLATED)
_14750_/B2                              0.750000    2.436952   -1.686952 (VIOLATED)
_14785_/A                               0.750000    2.436952   -1.686952 (VIOLATED)
_14793_/B2                              0.750000    2.436952   -1.686952 (VIOLATED)
_14815_/A                               0.750000    2.436952   -1.686952 (VIOLATED)
_14816_/A                               0.750000    2.436952   -1.686952 (VIOLATED)
_14853_/A                               0.750000    2.436952   -1.686952 (VIOLATED)
_14854_/A                               0.750000    2.436952   -1.686952 (VIOLATED)
_14881_/A                               0.750000    2.436952   -1.686952 (VIOLATED)
_14888_/B2                              0.750000    2.436952   -1.686952 (VIOLATED)
_14907_/A                               0.750000    2.436952   -1.686952 (VIOLATED)
_14914_/B2                              0.750000    2.436952   -1.686952 (VIOLATED)
_14934_/A                               0.750000    2.436952   -1.686952 (VIOLATED)
_14940_/B2                              0.750000    2.436952   -1.686952 (VIOLATED)
_14957_/A                               0.750000    2.436952   -1.686952 (VIOLATED)
_14985_/B2                              0.750000    2.436952   -1.686952 (VIOLATED)
_14991_/A                               0.750000    2.436952   -1.686952 (VIOLATED)
_14992_/A                               0.750000    2.436952   -1.686952 (VIOLATED)
_15036_/A                               0.750000    2.436952   -1.686952 (VIOLATED)
_15182_/A                               0.750000    2.436952   -1.686952 (VIOLATED)
_15183_/A                               0.750000    2.436952   -1.686952 (VIOLATED)
_15184_/B2                              0.750000    2.436952   -1.686952 (VIOLATED)
_15285_/A                               0.750000    2.436952   -1.686952 (VIOLATED)
_15286_/A                               0.750000    2.436952   -1.686952 (VIOLATED)
_15367_/A                               0.750000    2.436952   -1.686952 (VIOLATED)
_15368_/A                               0.750000    2.436952   -1.686952 (VIOLATED)
_15424_/A                               0.750000    2.436952   -1.686952 (VIOLATED)
_18475_/Q                               0.750000    2.436952   -1.686952 (VIOLATED)
_18395_/Y                               0.750000    2.406754   -1.656754 (VIOLATED)
_18396_/A                               0.750000    2.406754   -1.656754 (VIOLATED)
_18398_/A_N                             0.750000    2.406754   -1.656754 (VIOLATED)
_18400_/A_N                             0.750000    2.406754   -1.656754 (VIOLATED)
_18402_/A2                              0.750000    2.406754   -1.656754 (VIOLATED)
_18403_/A2                              0.750000    2.406754   -1.656754 (VIOLATED)
_18404_/A2                              0.750000    2.406754   -1.656754 (VIOLATED)
_18405_/A2                              0.750000    2.406754   -1.656754 (VIOLATED)
_18406_/A2                              0.750000    2.406754   -1.656754 (VIOLATED)
_18407_/A2                              0.750000    2.406754   -1.656754 (VIOLATED)
_18408_/A2                              0.750000    2.406754   -1.656754 (VIOLATED)
_18409_/A2                              0.750000    2.406754   -1.656754 (VIOLATED)
_18410_/A2                              0.750000    2.406754   -1.656754 (VIOLATED)
_18411_/A2                              0.750000    2.406754   -1.656754 (VIOLATED)
_18412_/A2                              0.750000    2.406754   -1.656754 (VIOLATED)
_18413_/A2                              0.750000    2.406754   -1.656754 (VIOLATED)
_18414_/A2                              0.750000    2.406754   -1.656754 (VIOLATED)
_18415_/A2                              0.750000    2.406754   -1.656754 (VIOLATED)
_18416_/A2                              0.750000    2.406754   -1.656754 (VIOLATED)
_18417_/A2                              0.750000    2.406754   -1.656754 (VIOLATED)
_18418_/A_N                             0.750000    2.406754   -1.656754 (VIOLATED)
_18420_/A2                              0.750000    2.406754   -1.656754 (VIOLATED)
_18421_/A2                              0.750000    2.406754   -1.656754 (VIOLATED)
_18422_/A2                              0.750000    2.406754   -1.656754 (VIOLATED)
_18423_/A2                              0.750000    2.406754   -1.656754 (VIOLATED)
_18424_/A2                              0.750000    2.406754   -1.656754 (VIOLATED)
_18425_/A2                              0.750000    2.406754   -1.656754 (VIOLATED)
_18426_/A2                              0.750000    2.406754   -1.656754 (VIOLATED)
_18427_/A2                              0.750000    2.406754   -1.656754 (VIOLATED)
_18428_/A2                              0.750000    2.406754   -1.656754 (VIOLATED)
_18429_/A2                              0.750000    2.406754   -1.656754 (VIOLATED)
_18430_/A2                              0.750000    2.406754   -1.656754 (VIOLATED)
_18431_/A2                              0.750000    2.406754   -1.656754 (VIOLATED)
_18432_/A2                              0.750000    2.406754   -1.656754 (VIOLATED)
_18433_/A2                              0.750000    2.406754   -1.656754 (VIOLATED)
_18434_/A2                              0.750000    2.406754   -1.656754 (VIOLATED)
_18435_/A_N                             0.750000    2.406754   -1.656754 (VIOLATED)
_18437_/A2                              0.750000    2.406754   -1.656754 (VIOLATED)
_18439_/A2                              0.750000    2.406754   -1.656754 (VIOLATED)
_18440_/A2                              0.750000    2.406754   -1.656754 (VIOLATED)
_18441_/A_N                             0.750000    2.406754   -1.656754 (VIOLATED)
_18443_/A2                              0.750000    2.406754   -1.656754 (VIOLATED)
_18444_/A2                              0.750000    2.406754   -1.656754 (VIOLATED)
_18445_/A2                              0.750000    2.406754   -1.656754 (VIOLATED)
_18446_/A2                              0.750000    2.406754   -1.656754 (VIOLATED)
_18447_/A2                              0.750000    2.406754   -1.656754 (VIOLATED)
_18448_/A_N                             0.750000    2.406754   -1.656754 (VIOLATED)
_18450_/A2                              0.750000    2.406754   -1.656754 (VIOLATED)
_18451_/A2                              0.750000    2.406754   -1.656754 (VIOLATED)
_18452_/A2                              0.750000    2.406754   -1.656754 (VIOLATED)
_18453_/A2                              0.750000    2.406754   -1.656754 (VIOLATED)
_18454_/A_N                             0.750000    2.406754   -1.656754 (VIOLATED)
_18456_/A2                              0.750000    2.406754   -1.656754 (VIOLATED)
_18457_/A2                              0.750000    2.406754   -1.656754 (VIOLATED)
_18458_/A2                              0.750000    2.406754   -1.656754 (VIOLATED)
_18459_/A2                              0.750000    2.406754   -1.656754 (VIOLATED)
_18460_/A2                              0.750000    2.406754   -1.656754 (VIOLATED)
_18461_/A_N                             0.750000    2.406754   -1.656754 (VIOLATED)
_18463_/A2                              0.750000    2.406754   -1.656754 (VIOLATED)
_18464_/A_N                             0.750000    2.406754   -1.656754 (VIOLATED)
_18466_/A_N                             0.750000    2.406754   -1.656754 (VIOLATED)
_18468_/A_N                             0.750000    2.406754   -1.656754 (VIOLATED)
_18470_/A_N                             0.750000    2.406754   -1.656754 (VIOLATED)
_18472_/A2                              0.750000    2.406754   -1.656754 (VIOLATED)
_09325_/Y                               0.750000    2.230804   -1.480804 (VIOLATED)
_09327_/C                               0.750000    2.230804   -1.480804 (VIOLATED)
_09340_/A                               0.750000    2.230804   -1.480804 (VIOLATED)
_09467_/A                               0.750000    2.230804   -1.480804 (VIOLATED)
_09511_/A                               0.750000    2.230804   -1.480804 (VIOLATED)
_09515_/B                               0.750000    2.230804   -1.480804 (VIOLATED)
_09562_/A                               0.750000    2.230804   -1.480804 (VIOLATED)
_09566_/B                               0.750000    2.230804   -1.480804 (VIOLATED)
_17196_/B                               0.750000    2.230804   -1.480804 (VIOLATED)
_17227_/A                               0.750000    2.230804   -1.480804 (VIOLATED)
_17377_/A                               0.750000    2.230804   -1.480804 (VIOLATED)
_17395_/A                               0.750000    2.230804   -1.480804 (VIOLATED)
_17398_/B                               0.750000    2.230804   -1.480804 (VIOLATED)
_17410_/A                               0.750000    2.230804   -1.480804 (VIOLATED)
_17413_/B                               0.750000    2.230804   -1.480804 (VIOLATED)
_17457_/B                               0.750000    2.230804   -1.480804 (VIOLATED)
_17470_/A                               0.750000    2.230804   -1.480804 (VIOLATED)
_17577_/A                               0.750000    2.230804   -1.480804 (VIOLATED)
_17588_/A                               0.750000    2.230804   -1.480804 (VIOLATED)
_17591_/B                               0.750000    2.230804   -1.480804 (VIOLATED)
_17599_/B                               0.750000    2.230804   -1.480804 (VIOLATED)
_17608_/B                               0.750000    2.230804   -1.480804 (VIOLATED)
_17611_/A                               0.750000    2.230804   -1.480804 (VIOLATED)
_17683_/B                               0.750000    2.230804   -1.480804 (VIOLATED)
_17701_/A                               0.750000    2.230804   -1.480804 (VIOLATED)
_17719_/A                               0.750000    2.230804   -1.480804 (VIOLATED)
_17723_/B                               0.750000    2.230804   -1.480804 (VIOLATED)
_17735_/A                               0.750000    2.230804   -1.480804 (VIOLATED)
_17738_/B                               0.750000    2.230804   -1.480804 (VIOLATED)
_17751_/B                               0.750000    2.230804   -1.480804 (VIOLATED)
_17803_/B                               0.750000    2.230804   -1.480804 (VIOLATED)
_17804_/B2                              0.750000    2.230804   -1.480804 (VIOLATED)
_17822_/Y                               0.750000    2.209138   -1.459139 (VIOLATED)
_17850_/A                               0.750000    2.209138   -1.459139 (VIOLATED)
_17851_/A                               0.750000    2.209138   -1.459139 (VIOLATED)
_17916_/A1                              0.750000    2.209138   -1.459139 (VIOLATED)
_17918_/A1                              0.750000    2.209138   -1.459139 (VIOLATED)
_17940_/A                               0.750000    2.209138   -1.459139 (VIOLATED)
_17988_/B1                              0.750000    2.209138   -1.459139 (VIOLATED)
_17991_/B1                              0.750000    2.209138   -1.459139 (VIOLATED)
_18028_/A1                              0.750000    2.209138   -1.459139 (VIOLATED)
_18029_/A1                              0.750000    2.209138   -1.459139 (VIOLATED)
_18031_/A1                              0.750000    2.209138   -1.459139 (VIOLATED)
_18071_/A                               0.750000    2.209138   -1.459139 (VIOLATED)
_18082_/A                               0.750000    2.209138   -1.459139 (VIOLATED)
_18087_/A                               0.750000    2.209138   -1.459139 (VIOLATED)
_18119_/A1                              0.750000    2.209138   -1.459139 (VIOLATED)
_18120_/A1                              0.750000    2.209138   -1.459139 (VIOLATED)
_18127_/A1                              0.750000    2.209138   -1.459139 (VIOLATED)
_18144_/A                               0.750000    2.209138   -1.459139 (VIOLATED)
_18165_/B1                              0.750000    2.209138   -1.459139 (VIOLATED)
_18166_/A1                              0.750000    2.209138   -1.459139 (VIOLATED)
_18168_/A1                              0.750000    2.209138   -1.459139 (VIOLATED)
_18169_/A1                              0.750000    2.209138   -1.459139 (VIOLATED)
_18172_/B1                              0.750000    2.209138   -1.459139 (VIOLATED)
_18173_/A1                              0.750000    2.209138   -1.459139 (VIOLATED)
_18176_/A1                              0.750000    2.209138   -1.459139 (VIOLATED)
_18183_/A                               0.750000    2.209138   -1.459139 (VIOLATED)
_18195_/A                               0.750000    2.209138   -1.459139 (VIOLATED)
_18236_/A                               0.750000    2.209138   -1.459139 (VIOLATED)
_18250_/A                               0.750000    2.209138   -1.459139 (VIOLATED)
_18353_/A                               0.750000    2.209138   -1.459139 (VIOLATED)
_18370_/A1                              0.750000    2.209138   -1.459139 (VIOLATED)
_18395_/B1                              0.750000    2.209138   -1.459139 (VIOLATED)
_09217_/Y                               0.750000    2.159762   -1.409762 (VIOLATED)
_09218_/A                               0.750000    2.159762   -1.409762 (VIOLATED)
_09521_/A                               0.750000    2.159762   -1.409762 (VIOLATED)
_16112_/A                               0.750000    2.159762   -1.409762 (VIOLATED)
_16221_/A                               0.750000    2.159762   -1.409762 (VIOLATED)
_16318_/A                               0.750000    2.159762   -1.409762 (VIOLATED)
_16319_/A                               0.750000    2.159762   -1.409762 (VIOLATED)
_16641_/A                               0.750000    2.159762   -1.409762 (VIOLATED)
_16645_/A                               0.750000    2.159762   -1.409762 (VIOLATED)
_16811_/A                               0.750000    2.159762   -1.409762 (VIOLATED)
_16812_/A                               0.750000    2.159762   -1.409762 (VIOLATED)
_16820_/A                               0.750000    2.159762   -1.409762 (VIOLATED)
_16821_/A                               0.750000    2.159762   -1.409762 (VIOLATED)
_16825_/A                               0.750000    2.159762   -1.409762 (VIOLATED)
_16832_/A                               0.750000    2.159762   -1.409762 (VIOLATED)
_16920_/A                               0.750000    2.159762   -1.409762 (VIOLATED)
_16991_/A                               0.750000    2.159762   -1.409762 (VIOLATED)
_17422_/A                               0.750000    2.159762   -1.409762 (VIOLATED)
_17445_/A                               0.750000    2.159762   -1.409762 (VIOLATED)
_17446_/A                               0.750000    2.159762   -1.409762 (VIOLATED)
_17647_/A                               0.750000    2.159762   -1.409762 (VIOLATED)
_17656_/A                               0.750000    2.159762   -1.409762 (VIOLATED)
_17657_/A                               0.750000    2.159762   -1.409762 (VIOLATED)
_17727_/A                               0.750000    2.159762   -1.409762 (VIOLATED)
_17747_/A                               0.750000    2.159762   -1.409762 (VIOLATED)
_17770_/A                               0.750000    2.159762   -1.409762 (VIOLATED)
_17771_/A                               0.750000    2.159762   -1.409762 (VIOLATED)
_17790_/A                               0.750000    2.159762   -1.409762 (VIOLATED)
_17791_/A                               0.750000    2.159762   -1.409762 (VIOLATED)
_17800_/A                               0.750000    2.159762   -1.409762 (VIOLATED)
_09292_/B                               0.750000    1.699335   -0.949336 (VIOLATED)
_09297_/A2                              0.750000    1.699335   -0.949336 (VIOLATED)
_09298_/A2                              0.750000    1.699335   -0.949336 (VIOLATED)
_09673_/A                               0.750000    1.699335   -0.949336 (VIOLATED)
_09674_/A                               0.750000    1.699335   -0.949336 (VIOLATED)
_09677_/A                               0.750000    1.699335   -0.949336 (VIOLATED)
_09693_/A                               0.750000    1.699335   -0.949336 (VIOLATED)
_09694_/A                               0.750000    1.699335   -0.949336 (VIOLATED)
_09735_/A                               0.750000    1.699335   -0.949336 (VIOLATED)
_09736_/A1                              0.750000    1.699335   -0.949336 (VIOLATED)
_09850_/A                               0.750000    1.699335   -0.949336 (VIOLATED)
_09851_/A1                              0.750000    1.699335   -0.949336 (VIOLATED)
_10024_/A                               0.750000    1.699335   -0.949336 (VIOLATED)
_10025_/A1                              0.750000    1.699335   -0.949336 (VIOLATED)
_10127_/A                               0.750000    1.699335   -0.949336 (VIOLATED)
_10128_/A1                              0.750000    1.699335   -0.949336 (VIOLATED)
_10237_/A                               0.750000    1.699335   -0.949336 (VIOLATED)
_10348_/A                               0.750000    1.699335   -0.949336 (VIOLATED)
_10463_/A                               0.750000    1.699335   -0.949336 (VIOLATED)
_10579_/A                               0.750000    1.699335   -0.949336 (VIOLATED)
_10702_/A                               0.750000    1.699335   -0.949336 (VIOLATED)
_10815_/A                               0.750000    1.699335   -0.949336 (VIOLATED)
_10931_/A                               0.750000    1.699335   -0.949336 (VIOLATED)
_11046_/A                               0.750000    1.699335   -0.949336 (VIOLATED)
_11243_/A                               0.750000    1.699335   -0.949336 (VIOLATED)
_11246_/A                               0.750000    1.699335   -0.949336 (VIOLATED)
_11249_/A                               0.750000    1.699335   -0.949336 (VIOLATED)
_11262_/A                               0.750000    1.699335   -0.949336 (VIOLATED)
_11278_/A                               0.750000    1.699335   -0.949336 (VIOLATED)
_11279_/A                               0.750000    1.699335   -0.949336 (VIOLATED)
_11420_/A1                              0.750000    1.699335   -0.949336 (VIOLATED)
_11621_/A                               0.750000    1.699335   -0.949336 (VIOLATED)
_11622_/A                               0.750000    1.699335   -0.949336 (VIOLATED)
_11740_/A                               0.750000    1.699335   -0.949336 (VIOLATED)
_11741_/A1                              0.750000    1.699335   -0.949336 (VIOLATED)
_12225_/A                               0.750000    1.699335   -0.949336 (VIOLATED)
_12226_/A                               0.750000    1.699335   -0.949336 (VIOLATED)
_12232_/A                               0.750000    1.699335   -0.949336 (VIOLATED)
_12233_/A                               0.750000    1.699335   -0.949336 (VIOLATED)
_12246_/A                               0.750000    1.699335   -0.949336 (VIOLATED)
_12247_/A1                              0.750000    1.699335   -0.949336 (VIOLATED)
_12287_/A                               0.750000    1.699335   -0.949336 (VIOLATED)
_12288_/A                               0.750000    1.699335   -0.949336 (VIOLATED)
_12405_/A                               0.750000    1.699335   -0.949336 (VIOLATED)
_12406_/A1                              0.750000    1.699335   -0.949336 (VIOLATED)
_12582_/A                               0.750000    1.699335   -0.949336 (VIOLATED)
_12583_/A1                              0.750000    1.699335   -0.949336 (VIOLATED)
_12680_/A                               0.750000    1.699335   -0.949336 (VIOLATED)
_12681_/A1                              0.750000    1.699335   -0.949336 (VIOLATED)
_12781_/A                               0.750000    1.699335   -0.949336 (VIOLATED)
_12885_/A                               0.750000    1.699335   -0.949336 (VIOLATED)
_12992_/A                               0.750000    1.699335   -0.949336 (VIOLATED)
_13095_/A                               0.750000    1.699335   -0.949336 (VIOLATED)
_13254_/A                               0.750000    1.699335   -0.949336 (VIOLATED)
_13326_/A                               0.750000    1.699335   -0.949336 (VIOLATED)
_13327_/A                               0.750000    1.699335   -0.949336 (VIOLATED)
_13453_/A                               0.750000    1.699335   -0.949336 (VIOLATED)
_13454_/A1                              0.750000    1.699335   -0.949336 (VIOLATED)
_13555_/A                               0.750000    1.699335   -0.949336 (VIOLATED)
_13556_/A1                              0.750000    1.699335   -0.949336 (VIOLATED)
_14299_/A                               0.750000    1.699335   -0.949336 (VIOLATED)
_14300_/A                               0.750000    1.699335   -0.949336 (VIOLATED)
_15153_/A                               0.750000    1.699335   -0.949336 (VIOLATED)
_15580_/A                               0.750000    1.699335   -0.949336 (VIOLATED)
_15581_/A                               0.750000    1.699335   -0.949336 (VIOLATED)
_15582_/A                               0.750000    1.699335   -0.949336 (VIOLATED)
_15584_/A1                              0.750000    1.699335   -0.949336 (VIOLATED)
_15586_/A                               0.750000    1.699335   -0.949336 (VIOLATED)
_15602_/A                               0.750000    1.699335   -0.949336 (VIOLATED)
_15757_/A                               0.750000    1.699335   -0.949336 (VIOLATED)
_15827_/A                               0.750000    1.699335   -0.949336 (VIOLATED)
_15828_/A                               0.750000    1.699335   -0.949336 (VIOLATED)
_15886_/A2                              0.750000    1.699335   -0.949336 (VIOLATED)
_16047_/A                               0.750000    1.699335   -0.949336 (VIOLATED)
_16144_/A                               0.750000    1.699335   -0.949336 (VIOLATED)
_16268_/B                               0.750000    1.699335   -0.949336 (VIOLATED)
_16326_/B                               0.750000    1.699335   -0.949336 (VIOLATED)
_16397_/B                               0.750000    1.699335   -0.949336 (VIOLATED)
_16444_/B                               0.750000    1.699335   -0.949336 (VIOLATED)
_16487_/B                               0.750000    1.699335   -0.949336 (VIOLATED)
_16684_/B                               0.750000    1.699335   -0.949336 (VIOLATED)
_16717_/B                               0.750000    1.699335   -0.949336 (VIOLATED)
_17168_/B                               0.750000    1.699335   -0.949336 (VIOLATED)
_17209_/B                               0.750000    1.699335   -0.949336 (VIOLATED)
_17242_/B                               0.750000    1.699335   -0.949336 (VIOLATED)
_17243_/B                               0.750000    1.699335   -0.949336 (VIOLATED)
_17268_/B1                              0.750000    1.699335   -0.949336 (VIOLATED)
_18495_/Q                               0.750000    1.699335   -0.949336 (VIOLATED)
_09293_/B                               0.750000    1.675822   -0.925822 (VIOLATED)
_09297_/A1                              0.750000    1.675822   -0.925822 (VIOLATED)
_09298_/A1                              0.750000    1.675822   -0.925822 (VIOLATED)
_09672_/A                               0.750000    1.675822   -0.925822 (VIOLATED)
_09675_/A                               0.750000    1.675822   -0.925822 (VIOLATED)
_09678_/A                               0.750000    1.675822   -0.925822 (VIOLATED)
_09734_/A                               0.750000    1.675822   -0.925822 (VIOLATED)
_09736_/B2                              0.750000    1.675822   -0.925822 (VIOLATED)
_09737_/A1                              0.750000    1.675822   -0.925822 (VIOLATED)
_09849_/A                               0.750000    1.675822   -0.925822 (VIOLATED)
_09851_/B2                              0.750000    1.675822   -0.925822 (VIOLATED)
_10023_/A                               0.750000    1.675822   -0.925822 (VIOLATED)
_10025_/B2                              0.750000    1.675822   -0.925822 (VIOLATED)
_10125_/A                               0.750000    1.675822   -0.925822 (VIOLATED)
_10126_/A                               0.750000    1.675822   -0.925822 (VIOLATED)
_10128_/B2                              0.750000    1.675822   -0.925822 (VIOLATED)
_10238_/A                               0.750000    1.675822   -0.925822 (VIOLATED)
_10349_/A                               0.750000    1.675822   -0.925822 (VIOLATED)
_10464_/A                               0.750000    1.675822   -0.925822 (VIOLATED)
_10580_/A                               0.750000    1.675822   -0.925822 (VIOLATED)
_10703_/A                               0.750000    1.675822   -0.925822 (VIOLATED)
_10816_/A                               0.750000    1.675822   -0.925822 (VIOLATED)
_10932_/A                               0.750000    1.675822   -0.925822 (VIOLATED)
_11047_/A                               0.750000    1.675822   -0.925822 (VIOLATED)
_11244_/A                               0.750000    1.675822   -0.925822 (VIOLATED)
_11245_/A                               0.750000    1.675822   -0.925822 (VIOLATED)
_11250_/A                               0.750000    1.675822   -0.925822 (VIOLATED)
_11263_/A                               0.750000    1.675822   -0.925822 (VIOLATED)
_11419_/A                               0.750000    1.675822   -0.925822 (VIOLATED)
_11420_/B2                              0.750000    1.675822   -0.925822 (VIOLATED)
_11421_/A1                              0.750000    1.675822   -0.925822 (VIOLATED)
_11620_/A                               0.750000    1.675822   -0.925822 (VIOLATED)
_11738_/A                               0.750000    1.675822   -0.925822 (VIOLATED)
_11739_/A                               0.750000    1.675822   -0.925822 (VIOLATED)
_11741_/B2                              0.750000    1.675822   -0.925822 (VIOLATED)
_12224_/A                               0.750000    1.675822   -0.925822 (VIOLATED)
_12227_/A                               0.750000    1.675822   -0.925822 (VIOLATED)
_12231_/A                               0.750000    1.675822   -0.925822 (VIOLATED)
_12245_/A                               0.750000    1.675822   -0.925822 (VIOLATED)
_12247_/B2                              0.750000    1.675822   -0.925822 (VIOLATED)
_12404_/A                               0.750000    1.675822   -0.925822 (VIOLATED)
_12406_/B2                              0.750000    1.675822   -0.925822 (VIOLATED)
_12407_/A1                              0.750000    1.675822   -0.925822 (VIOLATED)
_12581_/A                               0.750000    1.675822   -0.925822 (VIOLATED)
_12583_/B2                              0.750000    1.675822   -0.925822 (VIOLATED)
_12679_/A                               0.750000    1.675822   -0.925822 (VIOLATED)
_12681_/B2                              0.750000    1.675822   -0.925822 (VIOLATED)
_12782_/A                               0.750000    1.675822   -0.925822 (VIOLATED)
_12886_/A                               0.750000    1.675822   -0.925822 (VIOLATED)
_12993_/A                               0.750000    1.675822   -0.925822 (VIOLATED)
_13096_/A                               0.750000    1.675822   -0.925822 (VIOLATED)
_13253_/A                               0.750000    1.675822   -0.925822 (VIOLATED)
_13325_/A                               0.750000    1.675822   -0.925822 (VIOLATED)
_13452_/A                               0.750000    1.675822   -0.925822 (VIOLATED)
_13454_/B2                              0.750000    1.675822   -0.925822 (VIOLATED)
_13553_/A                               0.750000    1.675822   -0.925822 (VIOLATED)
_13554_/A                               0.750000    1.675822   -0.925822 (VIOLATED)
_13556_/B2                              0.750000    1.675822   -0.925822 (VIOLATED)
_15052_/A                               0.750000    1.675822   -0.925822 (VIOLATED)
_15053_/A                               0.750000    1.675822   -0.925822 (VIOLATED)
_15152_/A                               0.750000    1.675822   -0.925822 (VIOLATED)
_15578_/A                               0.750000    1.675822   -0.925822 (VIOLATED)
_15579_/A                               0.750000    1.675822   -0.925822 (VIOLATED)
_15583_/A                               0.750000    1.675822   -0.925822 (VIOLATED)
_15584_/B2                              0.750000    1.675822   -0.925822 (VIOLATED)
_15587_/A                               0.750000    1.675822   -0.925822 (VIOLATED)
_15603_/A                               0.750000    1.675822   -0.925822 (VIOLATED)
_15756_/A                               0.750000    1.675822   -0.925822 (VIOLATED)
_15885_/A                               0.750000    1.675822   -0.925822 (VIOLATED)
_15886_/B2                              0.750000    1.675822   -0.925822 (VIOLATED)
_15887_/A1                              0.750000    1.675822   -0.925822 (VIOLATED)
_16048_/A                               0.750000    1.675822   -0.925822 (VIOLATED)
_16145_/A                               0.750000    1.675822   -0.925822 (VIOLATED)
_16267_/B                               0.750000    1.675822   -0.925822 (VIOLATED)
_16325_/B                               0.750000    1.675822   -0.925822 (VIOLATED)
_16396_/B                               0.750000    1.675822   -0.925822 (VIOLATED)
_16443_/B                               0.750000    1.675822   -0.925822 (VIOLATED)
_16486_/B                               0.750000    1.675822   -0.925822 (VIOLATED)
_16683_/B                               0.750000    1.675822   -0.925822 (VIOLATED)
_16716_/B                               0.750000    1.675822   -0.925822 (VIOLATED)
_17167_/B                               0.750000    1.675822   -0.925822 (VIOLATED)
_17208_/B                               0.750000    1.675822   -0.925822 (VIOLATED)
_17268_/A2                              0.750000    1.675822   -0.925822 (VIOLATED)
_17269_/A2                              0.750000    1.675822   -0.925822 (VIOLATED)
_18496_/Q                               0.750000    1.675822   -0.925822 (VIOLATED)
_09205_/B                               0.750000    1.565523   -0.815523 (VIOLATED)
_09214_/B                               0.750000    1.565523   -0.815523 (VIOLATED)
_09580_/A                               0.750000    1.565523   -0.815523 (VIOLATED)
_09584_/A                               0.750000    1.565523   -0.815523 (VIOLATED)
_09585_/B2                              0.750000    1.565523   -0.815523 (VIOLATED)
_09588_/A                               0.750000    1.565523   -0.815523 (VIOLATED)
_09595_/A                               0.750000    1.565523   -0.815523 (VIOLATED)
_09942_/A                               0.750000    1.565523   -0.815523 (VIOLATED)
_09982_/A                               0.750000    1.565523   -0.815523 (VIOLATED)
_10191_/A                               0.750000    1.565523   -0.815523 (VIOLATED)
_10192_/A                               0.750000    1.565523   -0.815523 (VIOLATED)
_10194_/B2                              0.750000    1.565523   -0.815523 (VIOLATED)
_10301_/A                               0.750000    1.565523   -0.815523 (VIOLATED)
_10411_/A                               0.750000    1.565523   -0.815523 (VIOLATED)
_10530_/A                               0.750000    1.565523   -0.815523 (VIOLATED)
_10643_/A                               0.750000    1.565523   -0.815523 (VIOLATED)
_10765_/A                               0.750000    1.565523   -0.815523 (VIOLATED)
_10879_/A                               0.750000    1.565523   -0.815523 (VIOLATED)
_10995_/A                               0.750000    1.565523   -0.815523 (VIOLATED)
_11116_/A                               0.750000    1.565523   -0.815523 (VIOLATED)
_11155_/B                               0.750000    1.565523   -0.815523 (VIOLATED)
_11156_/A                               0.750000    1.565523   -0.815523 (VIOLATED)
_11160_/A                               0.750000    1.565523   -0.815523 (VIOLATED)
_11167_/A                               0.750000    1.565523   -0.815523 (VIOLATED)
_11512_/A                               0.750000    1.565523   -0.815523 (VIOLATED)
_11553_/A                               0.750000    1.565523   -0.815523 (VIOLATED)
_11692_/B                               0.750000    1.565523   -0.815523 (VIOLATED)
_11868_/A                               0.750000    1.565523   -0.815523 (VIOLATED)
_12146_/A                               0.750000    1.565523   -0.815523 (VIOLATED)
_12150_/A                               0.750000    1.565523   -0.815523 (VIOLATED)
_12151_/B2                              0.750000    1.565523   -0.815523 (VIOLATED)
_12154_/A                               0.750000    1.565523   -0.815523 (VIOLATED)
_12161_/A                               0.750000    1.565523   -0.815523 (VIOLATED)
_12507_/A                               0.750000    1.565523   -0.815523 (VIOLATED)
_12513_/A                               0.750000    1.565523   -0.815523 (VIOLATED)
_12743_/A                               0.750000    1.565523   -0.815523 (VIOLATED)
_12744_/A                               0.750000    1.565523   -0.815523 (VIOLATED)
_12746_/B2                              0.750000    1.565523   -0.815523 (VIOLATED)
_12847_/A                               0.750000    1.565523   -0.815523 (VIOLATED)
_12952_/A                               0.750000    1.565523   -0.815523 (VIOLATED)
_13057_/A                               0.750000    1.565523   -0.815523 (VIOLATED)
_13163_/A                               0.750000    1.565523   -0.815523 (VIOLATED)
_13164_/A                               0.750000    1.565523   -0.815523 (VIOLATED)
_13202_/A                               0.750000    1.565523   -0.815523 (VIOLATED)
_13206_/A                               0.750000    1.565523   -0.815523 (VIOLATED)
_13207_/B2                              0.750000    1.565523   -0.815523 (VIOLATED)
_13210_/A                               0.750000    1.565523   -0.815523 (VIOLATED)
_13626_/A                               0.750000    1.565523   -0.815523 (VIOLATED)
_13627_/A                               0.750000    1.565523   -0.815523 (VIOLATED)
_13629_/B2                              0.750000    1.565523   -0.815523 (VIOLATED)
_13778_/A                               0.750000    1.565523   -0.815523 (VIOLATED)
_14061_/A                               0.750000    1.565523   -0.815523 (VIOLATED)
_14065_/A                               0.750000    1.565523   -0.815523 (VIOLATED)
_14068_/A                               0.750000    1.565523   -0.815523 (VIOLATED)
_14075_/A                               0.750000    1.565523   -0.815523 (VIOLATED)
_14221_/A                               0.750000    1.565523   -0.815523 (VIOLATED)
_14335_/A                               0.750000    1.565523   -0.815523 (VIOLATED)
_14337_/B2                              0.750000    1.565523   -0.815523 (VIOLATED)
_14410_/A                               0.750000    1.565523   -0.815523 (VIOLATED)
_14474_/A                               0.750000    1.565523   -0.815523 (VIOLATED)
_14537_/A                               0.750000    1.565523   -0.815523 (VIOLATED)
_14600_/A                               0.750000    1.565523   -0.815523 (VIOLATED)
_14656_/A                               0.750000    1.565523   -0.815523 (VIOLATED)
_14705_/A                               0.750000    1.565523   -0.815523 (VIOLATED)
_14747_/A                               0.750000    1.565523   -0.815523 (VIOLATED)
_14790_/A                               0.750000    1.565523   -0.815523 (VIOLATED)
_14821_/A                               0.750000    1.565523   -0.815523 (VIOLATED)
_14858_/A                               0.750000    1.565523   -0.815523 (VIOLATED)
_14885_/A                               0.750000    1.565523   -0.815523 (VIOLATED)
_14911_/A                               0.750000    1.565523   -0.815523 (VIOLATED)
_14937_/A                               0.750000    1.565523   -0.815523 (VIOLATED)
_15040_/A                               0.750000    1.565523   -0.815523 (VIOLATED)
_15042_/B2                              0.750000    1.565523   -0.815523 (VIOLATED)
_15187_/A                               0.750000    1.565523   -0.815523 (VIOLATED)
_15188_/A                               0.750000    1.565523   -0.815523 (VIOLATED)
_15190_/B2                              0.750000    1.565523   -0.815523 (VIOLATED)
_15291_/A                               0.750000    1.565523   -0.815523 (VIOLATED)
_16203_/A0                              0.750000    1.565523   -0.815523 (VIOLATED)
_16206_/B                               0.750000    1.565523   -0.815523 (VIOLATED)
_16900_/B                               0.750000    1.565523   -0.815523 (VIOLATED)
_18478_/Q                               0.750000    1.565523   -0.815523 (VIOLATED)
_09204_/B                               0.750000    1.528498   -0.778498 (VIOLATED)
_09205_/C                               0.750000    1.528498   -0.778498 (VIOLATED)
_09581_/A                               0.750000    1.528498   -0.778498 (VIOLATED)
_09582_/A                               0.750000    1.528498   -0.778498 (VIOLATED)
_09583_/A                               0.750000    1.528498   -0.778498 (VIOLATED)
_09585_/A1                              0.750000    1.528498   -0.778498 (VIOLATED)
_09587_/A                               0.750000    1.528498   -0.778498 (VIOLATED)
_09594_/A                               0.750000    1.528498   -0.778498 (VIOLATED)
_09941_/A                               0.750000    1.528498   -0.778498 (VIOLATED)
_09981_/A                               0.750000    1.528498   -0.778498 (VIOLATED)
_10193_/A                               0.750000    1.528498   -0.778498 (VIOLATED)
_10194_/A1                              0.750000    1.528498   -0.778498 (VIOLATED)
_10300_/A                               0.750000    1.528498   -0.778498 (VIOLATED)
_10410_/A                               0.750000    1.528498   -0.778498 (VIOLATED)
_10529_/A                               0.750000    1.528498   -0.778498 (VIOLATED)
_10642_/A                               0.750000    1.528498   -0.778498 (VIOLATED)
_10764_/A                               0.750000    1.528498   -0.778498 (VIOLATED)
_10878_/A                               0.750000    1.528498   -0.778498 (VIOLATED)
_10994_/A                               0.750000    1.528498   -0.778498 (VIOLATED)
_11115_/A                               0.750000    1.528498   -0.778498 (VIOLATED)
_11154_/A                               0.750000    1.528498   -0.778498 (VIOLATED)
_11157_/B                               0.750000    1.528498   -0.778498 (VIOLATED)
_11159_/A                               0.750000    1.528498   -0.778498 (VIOLATED)
_11166_/A                               0.750000    1.528498   -0.778498 (VIOLATED)
_11511_/A                               0.750000    1.528498   -0.778498 (VIOLATED)
_11552_/A                               0.750000    1.528498   -0.778498 (VIOLATED)
_11693_/B                               0.750000    1.528498   -0.778498 (VIOLATED)
_11867_/A                               0.750000    1.528498   -0.778498 (VIOLATED)
_12147_/A                               0.750000    1.528498   -0.778498 (VIOLATED)
_12148_/A                               0.750000    1.528498   -0.778498 (VIOLATED)
_12149_/A                               0.750000    1.528498   -0.778498 (VIOLATED)
_12151_/A1                              0.750000    1.528498   -0.778498 (VIOLATED)
_12153_/A                               0.750000    1.528498   -0.778498 (VIOLATED)
_12160_/A                               0.750000    1.528498   -0.778498 (VIOLATED)
_12506_/A                               0.750000    1.528498   -0.778498 (VIOLATED)
_12512_/A                               0.750000    1.528498   -0.778498 (VIOLATED)
_12745_/A                               0.750000    1.528498   -0.778498 (VIOLATED)
_12746_/A1                              0.750000    1.528498   -0.778498 (VIOLATED)
_12846_/A                               0.750000    1.528498   -0.778498 (VIOLATED)
_12951_/A                               0.750000    1.528498   -0.778498 (VIOLATED)
_13056_/A                               0.750000    1.528498   -0.778498 (VIOLATED)
_13162_/A                               0.750000    1.528498   -0.778498 (VIOLATED)
_13203_/A                               0.750000    1.528498   -0.778498 (VIOLATED)
_13204_/A                               0.750000    1.528498   -0.778498 (VIOLATED)
_13205_/A                               0.750000    1.528498   -0.778498 (VIOLATED)
_13207_/A1                              0.750000    1.528498   -0.778498 (VIOLATED)
_13209_/A                               0.750000    1.528498   -0.778498 (VIOLATED)
_13628_/A                               0.750000    1.528498   -0.778498 (VIOLATED)
_13629_/A1                              0.750000    1.528498   -0.778498 (VIOLATED)
_13777_/A                               0.750000    1.528498   -0.778498 (VIOLATED)
_14062_/A                               0.750000    1.528498   -0.778498 (VIOLATED)
_14063_/A                               0.750000    1.528498   -0.778498 (VIOLATED)
_14064_/A                               0.750000    1.528498   -0.778498 (VIOLATED)
_14067_/A                               0.750000    1.528498   -0.778498 (VIOLATED)
_14074_/A                               0.750000    1.528498   -0.778498 (VIOLATED)
_14220_/A                               0.750000    1.528498   -0.778498 (VIOLATED)
_14336_/A                               0.750000    1.528498   -0.778498 (VIOLATED)
_14337_/A1                              0.750000    1.528498   -0.778498 (VIOLATED)
_14409_/A                               0.750000    1.528498   -0.778498 (VIOLATED)
_14473_/A                               0.750000    1.528498   -0.778498 (VIOLATED)
_14536_/A                               0.750000    1.528498   -0.778498 (VIOLATED)
_14599_/A                               0.750000    1.528498   -0.778498 (VIOLATED)
_14655_/A                               0.750000    1.528498   -0.778498 (VIOLATED)
_14704_/A                               0.750000    1.528498   -0.778498 (VIOLATED)
_14746_/A                               0.750000    1.528498   -0.778498 (VIOLATED)
_14789_/A                               0.750000    1.528498   -0.778498 (VIOLATED)
_14820_/A                               0.750000    1.528498   -0.778498 (VIOLATED)
_14857_/A                               0.750000    1.528498   -0.778498 (VIOLATED)
_14884_/A                               0.750000    1.528498   -0.778498 (VIOLATED)
_14910_/A                               0.750000    1.528498   -0.778498 (VIOLATED)
_14987_/B2                              0.750000    1.528498   -0.778498 (VIOLATED)
_15041_/A                               0.750000    1.528498   -0.778498 (VIOLATED)
_15042_/A1                              0.750000    1.528498   -0.778498 (VIOLATED)
_15189_/A                               0.750000    1.528498   -0.778498 (VIOLATED)
_15190_/A1                              0.750000    1.528498   -0.778498 (VIOLATED)
_15290_/A                               0.750000    1.528498   -0.778498 (VIOLATED)
_16205_/B                               0.750000    1.528498   -0.778498 (VIOLATED)
_16899_/B                               0.750000    1.528498   -0.778498 (VIOLATED)
_18477_/Q                               0.750000    1.528498   -0.778498 (VIOLATED)
_09322_/Y                               0.750000    1.505496   -0.755496 (VIOLATED)
_09324_/C                               0.750000    1.505496   -0.755496 (VIOLATED)
_09338_/B                               0.750000    1.505496   -0.755496 (VIOLATED)
_09411_/A                               0.750000    1.505496   -0.755496 (VIOLATED)
_09435_/A                               0.750000    1.505496   -0.755496 (VIOLATED)
_09463_/A                               0.750000    1.505496   -0.755496 (VIOLATED)
_09505_/A                               0.750000    1.505496   -0.755496 (VIOLATED)
_09509_/B                               0.750000    1.505496   -0.755496 (VIOLATED)
_09556_/A                               0.750000    1.505496   -0.755496 (VIOLATED)
_09560_/B                               0.750000    1.505496   -0.755496 (VIOLATED)
_17468_/B                               0.750000    1.505496   -0.755496 (VIOLATED)
_17486_/A                               0.750000    1.505496   -0.755496 (VIOLATED)
_17566_/A                               0.750000    1.505496   -0.755496 (VIOLATED)
_17609_/B                               0.750000    1.505496   -0.755496 (VIOLATED)
_17614_/A                               0.750000    1.505496   -0.755496 (VIOLATED)
_17681_/B                               0.750000    1.505496   -0.755496 (VIOLATED)
_17696_/A                               0.750000    1.505496   -0.755496 (VIOLATED)
_17713_/A                               0.750000    1.505496   -0.755496 (VIOLATED)
_17717_/B                               0.750000    1.505496   -0.755496 (VIOLATED)
_17733_/B                               0.750000    1.505496   -0.755496 (VIOLATED)
_17811_/B1                              0.750000    1.505496   -0.755496 (VIOLATED)
_17812_/A1                              0.750000    1.505496   -0.755496 (VIOLATED)
_17958_/Y                               0.750000    1.498968   -0.748968 (VIOLATED)
_17994_/A1                              0.750000    1.498968   -0.748968 (VIOLATED)
_17995_/A1                              0.750000    1.498968   -0.748968 (VIOLATED)
_18234_/A1                              0.750000    1.498968   -0.748968 (VIOLATED)
_18250_/B                               0.750000    1.498968   -0.748968 (VIOLATED)
_18252_/A                               0.750000    1.498968   -0.748968 (VIOLATED)
_09310_/B                               0.750000    1.485953   -0.735953 (VIOLATED)
_09312_/B                               0.750000    1.485953   -0.735953 (VIOLATED)
_09328_/C                               0.750000    1.485953   -0.735953 (VIOLATED)
_09329_/B1                              0.750000    1.485953   -0.735953 (VIOLATED)
_09341_/A2                              0.750000    1.485953   -0.735953 (VIOLATED)
_09484_/B                               0.750000    1.485953   -0.735953 (VIOLATED)
_09535_/B                               0.750000    1.485953   -0.735953 (VIOLATED)
_09617_/A                               0.750000    1.485953   -0.735953 (VIOLATED)
_09618_/A                               0.750000    1.485953   -0.735953 (VIOLATED)
_09629_/A                               0.750000    1.485953   -0.735953 (VIOLATED)
_09656_/A                               0.750000    1.485953   -0.735953 (VIOLATED)
_09716_/A                               0.750000    1.485953   -0.735953 (VIOLATED)
_09830_/A                               0.750000    1.485953   -0.735953 (VIOLATED)
_09831_/A1                              0.750000    1.485953   -0.735953 (VIOLATED)
_10005_/A                               0.750000    1.485953   -0.735953 (VIOLATED)
_10006_/A1                              0.750000    1.485953   -0.735953 (VIOLATED)
_10101_/A                               0.750000    1.485953   -0.735953 (VIOLATED)
_10102_/A1                              0.750000    1.485953   -0.735953 (VIOLATED)
_10218_/A                               0.750000    1.485953   -0.735953 (VIOLATED)
_10330_/A                               0.750000    1.485953   -0.735953 (VIOLATED)
_10444_/A                               0.750000    1.485953   -0.735953 (VIOLATED)
_10561_/A                               0.750000    1.485953   -0.735953 (VIOLATED)
_10684_/A                               0.750000    1.485953   -0.735953 (VIOLATED)
_10798_/A                               0.750000    1.485953   -0.735953 (VIOLATED)
_10914_/A                               0.750000    1.485953   -0.735953 (VIOLATED)
_11028_/A                               0.750000    1.485953   -0.735953 (VIOLATED)
_11184_/A                               0.750000    1.485953   -0.735953 (VIOLATED)
_11187_/A                               0.750000    1.485953   -0.735953 (VIOLATED)
_11192_/A                               0.750000    1.485953   -0.735953 (VIOLATED)
_11229_/A                               0.750000    1.485953   -0.735953 (VIOLATED)
_11303_/A                               0.750000    1.485953   -0.735953 (VIOLATED)
_11442_/A                               0.750000    1.485953   -0.735953 (VIOLATED)
_11645_/A                               0.750000    1.485953   -0.735953 (VIOLATED)
_11646_/A                               0.750000    1.485953   -0.735953 (VIOLATED)
_11766_/A                               0.750000    1.485953   -0.735953 (VIOLATED)
_11767_/A1                              0.750000    1.485953   -0.735953 (VIOLATED)
_11797_/A1                              0.750000    1.485953   -0.735953 (VIOLATED)
_12173_/A                               0.750000    1.485953   -0.735953 (VIOLATED)
_12174_/A                               0.750000    1.485953   -0.735953 (VIOLATED)
_12185_/A                               0.750000    1.485953   -0.735953 (VIOLATED)
_12210_/A                               0.750000    1.485953   -0.735953 (VIOLATED)
_12268_/A                               0.750000    1.485953   -0.735953 (VIOLATED)
_12269_/A1                              0.750000    1.485953   -0.735953 (VIOLATED)
_12385_/A                               0.750000    1.485953   -0.735953 (VIOLATED)
_12386_/A1                              0.750000    1.485953   -0.735953 (VIOLATED)
_12562_/A                               0.750000    1.485953   -0.735953 (VIOLATED)
_12563_/A1                              0.750000    1.485953   -0.735953 (VIOLATED)
_12660_/A                               0.750000    1.485953   -0.735953 (VIOLATED)
_12879_/A                               0.750000    1.485953   -0.735953 (VIOLATED)
_12979_/B2                              0.750000    1.485953   -0.735953 (VIOLATED)
_13234_/A                               0.750000    1.485953   -0.735953 (VIOLATED)
_13306_/A                               0.750000    1.485953   -0.735953 (VIOLATED)
_13307_/A1                              0.750000    1.485953   -0.735953 (VIOLATED)
_13434_/A                               0.750000    1.485953   -0.735953 (VIOLATED)
_13435_/A1                              0.750000    1.485953   -0.735953 (VIOLATED)
_13535_/A                               0.750000    1.485953   -0.735953 (VIOLATED)
_13536_/A1                              0.750000    1.485953   -0.735953 (VIOLATED)
_13707_/A1                              0.750000    1.485953   -0.735953 (VIOLATED)
_15560_/A                               0.750000    1.485953   -0.735953 (VIOLATED)
_15561_/A                               0.750000    1.485953   -0.735953 (VIOLATED)
_15745_/A                               0.750000    1.485953   -0.735953 (VIOLATED)
_15814_/A                               0.750000    1.485953   -0.735953 (VIOLATED)
_15871_/A                               0.750000    1.485953   -0.735953 (VIOLATED)
_15903_/A                               0.750000    1.485953   -0.735953 (VIOLATED)
_15914_/A                               0.750000    1.485953   -0.735953 (VIOLATED)
_16124_/A                               0.750000    1.485953   -0.735953 (VIOLATED)
_16125_/A1                              0.750000    1.485953   -0.735953 (VIOLATED)
_16290_/A                               0.750000    1.485953   -0.735953 (VIOLATED)
_16432_/A                               0.750000    1.485953   -0.735953 (VIOLATED)
_16474_/A                               0.750000    1.485953   -0.735953 (VIOLATED)
_16501_/A                               0.750000    1.485953   -0.735953 (VIOLATED)
_16513_/A                               0.750000    1.485953   -0.735953 (VIOLATED)
_16732_/A                               0.750000    1.485953   -0.735953 (VIOLATED)
_16745_/A                               0.750000    1.485953   -0.735953 (VIOLATED)
_17229_/A                               0.750000    1.485953   -0.735953 (VIOLATED)
_17257_/A                               0.750000    1.485953   -0.735953 (VIOLATED)
_17278_/A1                              0.750000    1.485953   -0.735953 (VIOLATED)
_17290_/A                               0.750000    1.485953   -0.735953 (VIOLATED)
_17487_/B                               0.750000    1.485953   -0.735953 (VIOLATED)
_17502_/B1                              0.750000    1.485953   -0.735953 (VIOLATED)
_18501_/Q                               0.750000    1.485953   -0.735953 (VIOLATED)
_09311_/B                               0.750000    1.463632   -0.713632 (VIOLATED)
_09328_/B                               0.750000    1.463632   -0.713632 (VIOLATED)
_09329_/A2                              0.750000    1.463632   -0.713632 (VIOLATED)
_09341_/A1                              0.750000    1.463632   -0.713632 (VIOLATED)
_09485_/B                               0.750000    1.463632   -0.713632 (VIOLATED)
_09536_/B                               0.750000    1.463632   -0.713632 (VIOLATED)
_09616_/A                               0.750000    1.463632   -0.713632 (VIOLATED)
_09619_/A                               0.750000    1.463632   -0.713632 (VIOLATED)
_09628_/A                               0.750000    1.463632   -0.713632 (VIOLATED)
_09655_/A                               0.750000    1.463632   -0.713632 (VIOLATED)
_09715_/A                               0.750000    1.463632   -0.713632 (VIOLATED)
_09829_/A                               0.750000    1.463632   -0.713632 (VIOLATED)
_09831_/B2                              0.750000    1.463632   -0.713632 (VIOLATED)
_10004_/A                               0.750000    1.463632   -0.713632 (VIOLATED)
_10006_/B2                              0.750000    1.463632   -0.713632 (VIOLATED)
_10100_/A                               0.750000    1.463632   -0.713632 (VIOLATED)
_10102_/B2                              0.750000    1.463632   -0.713632 (VIOLATED)
_10219_/A                               0.750000    1.463632   -0.713632 (VIOLATED)
_10331_/A                               0.750000    1.463632   -0.713632 (VIOLATED)
_10445_/A                               0.750000    1.463632   -0.713632 (VIOLATED)
_10562_/A                               0.750000    1.463632   -0.713632 (VIOLATED)
_10685_/A                               0.750000    1.463632   -0.713632 (VIOLATED)
_10799_/A                               0.750000    1.463632   -0.713632 (VIOLATED)
_10915_/A                               0.750000    1.463632   -0.713632 (VIOLATED)
_11029_/A                               0.750000    1.463632   -0.713632 (VIOLATED)
_11030_/A                               0.750000    1.463632   -0.713632 (VIOLATED)
_11185_/A                               0.750000    1.463632   -0.713632 (VIOLATED)
_11186_/A                               0.750000    1.463632   -0.713632 (VIOLATED)
_11191_/A                               0.750000    1.463632   -0.713632 (VIOLATED)
_11228_/A                               0.750000    1.463632   -0.713632 (VIOLATED)
_11302_/A                               0.750000    1.463632   -0.713632 (VIOLATED)
_11441_/A                               0.750000    1.463632   -0.713632 (VIOLATED)
_11644_/A                               0.750000    1.463632   -0.713632 (VIOLATED)
_11764_/A                               0.750000    1.463632   -0.713632 (VIOLATED)
_11765_/A                               0.750000    1.463632   -0.713632 (VIOLATED)
_11767_/B2                              0.750000    1.463632   -0.713632 (VIOLATED)
_11797_/B2                              0.750000    1.463632   -0.713632 (VIOLATED)
_12172_/A                               0.750000    1.463632   -0.713632 (VIOLATED)
_12175_/A                               0.750000    1.463632   -0.713632 (VIOLATED)
_12184_/A                               0.750000    1.463632   -0.713632 (VIOLATED)
_12209_/A                               0.750000    1.463632   -0.713632 (VIOLATED)
_12267_/A                               0.750000    1.463632   -0.713632 (VIOLATED)
_12269_/B2                              0.750000    1.463632   -0.713632 (VIOLATED)
_12384_/A                               0.750000    1.463632   -0.713632 (VIOLATED)
_12386_/B2                              0.750000    1.463632   -0.713632 (VIOLATED)
_12561_/A                               0.750000    1.463632   -0.713632 (VIOLATED)
_12563_/B2                              0.750000    1.463632   -0.713632 (VIOLATED)
_12659_/A                               0.750000    1.463632   -0.713632 (VIOLATED)
_12772_/A                               0.750000    1.463632   -0.713632 (VIOLATED)
_13233_/A                               0.750000    1.463632   -0.713632 (VIOLATED)
_13305_/A                               0.750000    1.463632   -0.713632 (VIOLATED)
_13307_/B2                              0.750000    1.463632   -0.713632 (VIOLATED)
_13433_/A                               0.750000    1.463632   -0.713632 (VIOLATED)
_13435_/B2                              0.750000    1.463632   -0.713632 (VIOLATED)
_13534_/A                               0.750000    1.463632   -0.713632 (VIOLATED)
_13536_/B2                              0.750000    1.463632   -0.713632 (VIOLATED)
_13707_/B2                              0.750000    1.463632   -0.713632 (VIOLATED)
_15559_/A                               0.750000    1.463632   -0.713632 (VIOLATED)
_15562_/A                               0.750000    1.463632   -0.713632 (VIOLATED)
_15744_/A                               0.750000    1.463632   -0.713632 (VIOLATED)
_15813_/A                               0.750000    1.463632   -0.713632 (VIOLATED)
_15870_/A                               0.750000    1.463632   -0.713632 (VIOLATED)
_15902_/A                               0.750000    1.463632   -0.713632 (VIOLATED)
_15913_/A                               0.750000    1.463632   -0.713632 (VIOLATED)
_16027_/A                               0.750000    1.463632   -0.713632 (VIOLATED)
_16125_/B2                              0.750000    1.463632   -0.713632 (VIOLATED)
_16289_/A                               0.750000    1.463632   -0.713632 (VIOLATED)
_16431_/A                               0.750000    1.463632   -0.713632 (VIOLATED)
_16473_/A                               0.750000    1.463632   -0.713632 (VIOLATED)
_16500_/A                               0.750000    1.463632   -0.713632 (VIOLATED)
_16512_/A                               0.750000    1.463632   -0.713632 (VIOLATED)
_16731_/A                               0.750000    1.463632   -0.713632 (VIOLATED)
_16744_/A                               0.750000    1.463632   -0.713632 (VIOLATED)
_17228_/A                               0.750000    1.463632   -0.713632 (VIOLATED)
_17277_/A                               0.750000    1.463632   -0.713632 (VIOLATED)
_17278_/B2                              0.750000    1.463632   -0.713632 (VIOLATED)
_17289_/A                               0.750000    1.463632   -0.713632 (VIOLATED)
_17501_/B                               0.750000    1.463632   -0.713632 (VIOLATED)
_17502_/A1                              0.750000    1.463632   -0.713632 (VIOLATED)
_18502_/Q                               0.750000    1.463632   -0.713632 (VIOLATED)
_09304_/B                               0.750000    1.405011   -0.655011 (VIOLATED)
_09305_/C                               0.750000    1.405011   -0.655011 (VIOLATED)
_09306_/A2                              0.750000    1.405011   -0.655011 (VIOLATED)
_09635_/A                               0.750000    1.405011   -0.655011 (VIOLATED)
_09636_/A                               0.750000    1.405011   -0.655011 (VIOLATED)
_09643_/A                               0.750000    1.405011   -0.655011 (VIOLATED)
_09665_/A                               0.750000    1.405011   -0.655011 (VIOLATED)
_09725_/A                               0.750000    1.405011   -0.655011 (VIOLATED)
_09840_/A                               0.750000    1.405011   -0.655011 (VIOLATED)
_10015_/A                               0.750000    1.405011   -0.655011 (VIOLATED)
_10117_/A                               0.750000    1.405011   -0.655011 (VIOLATED)
_10225_/A                               0.750000    1.405011   -0.655011 (VIOLATED)
_10337_/A                               0.750000    1.405011   -0.655011 (VIOLATED)
_10451_/A                               0.750000    1.405011   -0.655011 (VIOLATED)
_10568_/A                               0.750000    1.405011   -0.655011 (VIOLATED)
_10691_/A                               0.750000    1.405011   -0.655011 (VIOLATED)
_10805_/A                               0.750000    1.405011   -0.655011 (VIOLATED)
_10921_/A                               0.750000    1.405011   -0.655011 (VIOLATED)
_11036_/A                               0.750000    1.405011   -0.655011 (VIOLATED)
_11204_/A                               0.750000    1.405011   -0.655011 (VIOLATED)
_11207_/A                               0.750000    1.405011   -0.655011 (VIOLATED)
_11211_/A                               0.750000    1.405011   -0.655011 (VIOLATED)
_11221_/A                               0.750000    1.405011   -0.655011 (VIOLATED)
_11296_/A                               0.750000    1.405011   -0.655011 (VIOLATED)
_11434_/A                               0.750000    1.405011   -0.655011 (VIOLATED)
_11435_/A                               0.750000    1.405011   -0.655011 (VIOLATED)
_11638_/A                               0.750000    1.405011   -0.655011 (VIOLATED)
_11639_/A1                              0.750000    1.405011   -0.655011 (VIOLATED)
_11758_/A                               0.750000    1.405011   -0.655011 (VIOLATED)
_11759_/A1                              0.750000    1.405011   -0.655011 (VIOLATED)
_12192_/A                               0.750000    1.405011   -0.655011 (VIOLATED)
_12193_/A                               0.750000    1.405011   -0.655011 (VIOLATED)
_12200_/A                               0.750000    1.405011   -0.655011 (VIOLATED)
_12218_/A                               0.750000    1.405011   -0.655011 (VIOLATED)
_12277_/A                               0.750000    1.405011   -0.655011 (VIOLATED)
_12395_/A                               0.750000    1.405011   -0.655011 (VIOLATED)
_12572_/A                               0.750000    1.405011   -0.655011 (VIOLATED)
_12669_/A                               0.750000    1.405011   -0.655011 (VIOLATED)
_12768_/A                               0.750000    1.405011   -0.655011 (VIOLATED)
_12873_/A                               0.750000    1.405011   -0.655011 (VIOLATED)
_12982_/A                               0.750000    1.405011   -0.655011 (VIOLATED)
_13243_/A                               0.750000    1.405011   -0.655011 (VIOLATED)
_13316_/A                               0.750000    1.405011   -0.655011 (VIOLATED)
_13444_/A                               0.750000    1.405011   -0.655011 (VIOLATED)
_13545_/A                               0.750000    1.405011   -0.655011 (VIOLATED)
_15229_/A                               0.750000    1.405011   -0.655011 (VIOLATED)
_15402_/B2                              0.750000    1.405011   -0.655011 (VIOLATED)
_15567_/A                               0.750000    1.405011   -0.655011 (VIOLATED)
_15568_/A                               0.750000    1.405011   -0.655011 (VIOLATED)
_15572_/A                               0.750000    1.405011   -0.655011 (VIOLATED)
_15750_/A                               0.750000    1.405011   -0.655011 (VIOLATED)
_15819_/A                               0.750000    1.405011   -0.655011 (VIOLATED)
_15876_/A                               0.750000    1.405011   -0.655011 (VIOLATED)
_15908_/A                               0.750000    1.405011   -0.655011 (VIOLATED)
_16036_/A                               0.750000    1.405011   -0.655011 (VIOLATED)
_16134_/A                               0.750000    1.405011   -0.655011 (VIOLATED)
_16284_/A                               0.750000    1.405011   -0.655011 (VIOLATED)
_16388_/A                               0.750000    1.405011   -0.655011 (VIOLATED)
_16437_/A                               0.750000    1.405011   -0.655011 (VIOLATED)
_16479_/A                               0.750000    1.405011   -0.655011 (VIOLATED)
_16506_/A                               0.750000    1.405011   -0.655011 (VIOLATED)
_16709_/B                               0.750000    1.405011   -0.655011 (VIOLATED)
_16737_/B                               0.750000    1.405011   -0.655011 (VIOLATED)
_17200_/B                               0.750000    1.405011   -0.655011 (VIOLATED)
_17235_/B                               0.750000    1.405011   -0.655011 (VIOLATED)
_17262_/B                               0.750000    1.405011   -0.655011 (VIOLATED)
_17283_/B                               0.750000    1.405011   -0.655011 (VIOLATED)
_17475_/B1                              0.750000    1.405011   -0.655011 (VIOLATED)
_17492_/B                               0.750000    1.405011   -0.655011 (VIOLATED)
_17506_/B1                              0.750000    1.405011   -0.655011 (VIOLATED)
_18498_/Q                               0.750000    1.405011   -0.655011 (VIOLATED)
_09272_/B                               0.750000    1.400649   -0.650649 (VIOLATED)
_09273_/C                               0.750000    1.400649   -0.650649 (VIOLATED)
_09275_/A2                              0.750000    1.400649   -0.650649 (VIOLATED)
_09749_/A                               0.750000    1.400649   -0.650649 (VIOLATED)
_09750_/A                               0.750000    1.400649   -0.650649 (VIOLATED)
_09757_/A                               0.750000    1.400649   -0.650649 (VIOLATED)
_09767_/A                               0.750000    1.400649   -0.650649 (VIOLATED)
_09800_/A                               0.750000    1.400649   -0.650649 (VIOLATED)
_09869_/A                               0.750000    1.400649   -0.650649 (VIOLATED)
_10044_/A                               0.750000    1.400649   -0.650649 (VIOLATED)
_10045_/A                               0.750000    1.400649   -0.650649 (VIOLATED)
_10148_/A                               0.750000    1.400649   -0.650649 (VIOLATED)
_10254_/A                               0.750000    1.400649   -0.650649 (VIOLATED)
_10366_/A                               0.750000    1.400649   -0.650649 (VIOLATED)
_10485_/A                               0.750000    1.400649   -0.650649 (VIOLATED)
_10597_/A                               0.750000    1.400649   -0.650649 (VIOLATED)
_10720_/A                               0.750000    1.400649   -0.650649 (VIOLATED)
_10834_/A                               0.750000    1.400649   -0.650649 (VIOLATED)
_10949_/A                               0.750000    1.400649   -0.650649 (VIOLATED)
_11064_/A                               0.750000    1.400649   -0.650649 (VIOLATED)
_11318_/A                               0.750000    1.400649   -0.650649 (VIOLATED)
_11321_/A                               0.750000    1.400649   -0.650649 (VIOLATED)
_11327_/A                               0.750000    1.400649   -0.650649 (VIOLATED)
_11335_/A                               0.750000    1.400649   -0.650649 (VIOLATED)
_11369_/A                               0.750000    1.400649   -0.650649 (VIOLATED)
_11395_/A                               0.750000    1.400649   -0.650649 (VIOLATED)
_11595_/A                               0.750000    1.400649   -0.650649 (VIOLATED)
_11596_/A                               0.750000    1.400649   -0.650649 (VIOLATED)
_11714_/A                               0.750000    1.400649   -0.650649 (VIOLATED)
_12306_/A                               0.750000    1.400649   -0.650649 (VIOLATED)
_12307_/A                               0.750000    1.400649   -0.650649 (VIOLATED)
_12310_/A                               0.750000    1.400649   -0.650649 (VIOLATED)
_12320_/A                               0.750000    1.400649   -0.650649 (VIOLATED)
_12354_/A                               0.750000    1.400649   -0.650649 (VIOLATED)
_12425_/A                               0.750000    1.400649   -0.650649 (VIOLATED)
_12601_/A                               0.750000    1.400649   -0.650649 (VIOLATED)
_12700_/A                               0.750000    1.400649   -0.650649 (VIOLATED)
_12798_/A                               0.750000    1.400649   -0.650649 (VIOLATED)
_12905_/A                               0.750000    1.400649   -0.650649 (VIOLATED)
_13012_/A                               0.750000    1.400649   -0.650649 (VIOLATED)
_13117_/A                               0.750000    1.400649   -0.650649 (VIOLATED)
_13275_/A                               0.750000    1.400649   -0.650649 (VIOLATED)
_13346_/A                               0.750000    1.400649   -0.650649 (VIOLATED)
_13471_/A                               0.750000    1.400649   -0.650649 (VIOLATED)
_13472_/A                               0.750000    1.400649   -0.650649 (VIOLATED)
_13576_/A                               0.750000    1.400649   -0.650649 (VIOLATED)
_14105_/A                               0.750000    1.400649   -0.650649 (VIOLATED)
_14106_/A                               0.750000    1.400649   -0.650649 (VIOLATED)
_14112_/A                               0.750000    1.400649   -0.650649 (VIOLATED)
_14121_/A                               0.750000    1.400649   -0.650649 (VIOLATED)
_14251_/A                               0.750000    1.400649   -0.650649 (VIOLATED)
_14286_/A                               0.750000    1.400649   -0.650649 (VIOLATED)
_14367_/A                               0.750000    1.400649   -0.650649 (VIOLATED)
_14501_/B2                              0.750000    1.400649   -0.650649 (VIOLATED)
_15068_/A                               0.750000    1.400649   -0.650649 (VIOLATED)
_15125_/A                               0.750000    1.400649   -0.650649 (VIOLATED)
_15613_/A                               0.750000    1.400649   -0.650649 (VIOLATED)
_15614_/A                               0.750000    1.400649   -0.650649 (VIOLATED)
_15621_/A                               0.750000    1.400649   -0.650649 (VIOLATED)
_15627_/A                               0.750000    1.400649   -0.650649 (VIOLATED)
_15665_/A                               0.750000    1.400649   -0.650649 (VIOLATED)
_15774_/A                               0.750000    1.400649   -0.650649 (VIOLATED)
_15846_/A                               0.750000    1.400649   -0.650649 (VIOLATED)
_16063_/A                               0.750000    1.400649   -0.650649 (VIOLATED)
_16161_/A                               0.750000    1.400649   -0.650649 (VIOLATED)
_16246_/A                               0.750000    1.400649   -0.650649 (VIOLATED)
_16340_/A                               0.750000    1.400649   -0.650649 (VIOLATED)
_16346_/B                               0.750000    1.400649   -0.650649 (VIOLATED)
_16413_/B                               0.750000    1.400649   -0.650649 (VIOLATED)
_16462_/B1                              0.750000    1.400649   -0.650649 (VIOLATED)
_18489_/Q                               0.750000    1.400649   -0.650649 (VIOLATED)
_09350_/B                               0.750000    1.399593   -0.649593 (VIOLATED)
_09353_/B                               0.750000    1.399593   -0.649593 (VIOLATED)
_09362_/B                               0.750000    1.399593   -0.649593 (VIOLATED)
_09375_/B                               0.750000    1.399593   -0.649593 (VIOLATED)
_09392_/B                               0.750000    1.399593   -0.649593 (VIOLATED)
_09419_/B                               0.750000    1.399593   -0.649593 (VIOLATED)
_09448_/B                               0.750000    1.399593   -0.649593 (VIOLATED)
_09479_/B                               0.750000    1.399593   -0.649593 (VIOLATED)
_09530_/B                               0.750000    1.399593   -0.649593 (VIOLATED)
_09607_/B_N                             0.750000    1.399593   -0.649593 (VIOLATED)
_09612_/B                               0.750000    1.399593   -0.649593 (VIOLATED)
_09624_/B                               0.750000    1.399593   -0.649593 (VIOLATED)
_09651_/B                               0.750000    1.399593   -0.649593 (VIOLATED)
_09711_/B                               0.750000    1.399593   -0.649593 (VIOLATED)
_09825_/B                               0.750000    1.399593   -0.649593 (VIOLATED)
_10000_/B                               0.750000    1.399593   -0.649593 (VIOLATED)
_10107_/B                               0.750000    1.399593   -0.649593 (VIOLATED)
_10212_/B                               0.750000    1.399593   -0.649593 (VIOLATED)
_10324_/B                               0.750000    1.399593   -0.649593 (VIOLATED)
_10438_/B                               0.750000    1.399593   -0.649593 (VIOLATED)
_10555_/B                               0.750000    1.399593   -0.649593 (VIOLATED)
_10678_/B                               0.750000    1.399593   -0.649593 (VIOLATED)
_10792_/B                               0.750000    1.399593   -0.649593 (VIOLATED)
_10908_/B                               0.750000    1.399593   -0.649593 (VIOLATED)
_11022_/B                               0.750000    1.399593   -0.649593 (VIOLATED)
_11176_/B                               0.750000    1.399593   -0.649593 (VIOLATED)
_11181_/B                               0.750000    1.399593   -0.649593 (VIOLATED)
_11197_/B                               0.750000    1.399593   -0.649593 (VIOLATED)
_11233_/B                               0.750000    1.399593   -0.649593 (VIOLATED)
_11307_/B                               0.750000    1.399593   -0.649593 (VIOLATED)
_11446_/B                               0.750000    1.399593   -0.649593 (VIOLATED)
_11650_/B                               0.750000    1.399593   -0.649593 (VIOLATED)
_11771_/B                               0.750000    1.399593   -0.649593 (VIOLATED)
_12206_/B                               0.750000    1.399593   -0.649593 (VIOLATED)
_12263_/B                               0.750000    1.399593   -0.649593 (VIOLATED)
_12380_/B                               0.750000    1.399593   -0.649593 (VIOLATED)
_12517_/A                               0.750000    1.399593   -0.649593 (VIOLATED)
_12522_/A                               0.750000    1.399593   -0.649593 (VIOLATED)
_12557_/B                               0.750000    1.399593   -0.649593 (VIOLATED)
_12655_/B                               0.750000    1.399593   -0.649593 (VIOLATED)
_13229_/B                               0.750000    1.399593   -0.649593 (VIOLATED)
_13301_/B                               0.750000    1.399593   -0.649593 (VIOLATED)
_13429_/B                               0.750000    1.399593   -0.649593 (VIOLATED)
_13530_/B                               0.750000    1.399593   -0.649593 (VIOLATED)
_15918_/B                               0.750000    1.399593   -0.649593 (VIOLATED)
_15921_/B                               0.750000    1.399593   -0.649593 (VIOLATED)
_15928_/B                               0.750000    1.399593   -0.649593 (VIOLATED)
_15941_/B                               0.750000    1.399593   -0.649593 (VIOLATED)
_15956_/B                               0.750000    1.399593   -0.649593 (VIOLATED)
_15975_/B                               0.750000    1.399593   -0.649593 (VIOLATED)
_15996_/B                               0.750000    1.399593   -0.649593 (VIOLATED)
_16023_/B                               0.750000    1.399593   -0.649593 (VIOLATED)
_16120_/B                               0.750000    1.399593   -0.649593 (VIOLATED)
_16294_/B                               0.750000    1.399593   -0.649593 (VIOLATED)
_16518_/B                               0.750000    1.399593   -0.649593 (VIOLATED)
_16521_/B_N                             0.750000    1.399593   -0.649593 (VIOLATED)
_16529_/B                               0.750000    1.399593   -0.649593 (VIOLATED)
_16539_/B                               0.750000    1.399593   -0.649593 (VIOLATED)
_16750_/B                               0.750000    1.399593   -0.649593 (VIOLATED)
_16753_/B_N                             0.750000    1.399593   -0.649593 (VIOLATED)
_17296_/B                               0.750000    1.399593   -0.649593 (VIOLATED)
_17300_/B                               0.750000    1.399593   -0.649593 (VIOLATED)
_17307_/B                               0.750000    1.399593   -0.649593 (VIOLATED)
_17319_/B                               0.750000    1.399593   -0.649593 (VIOLATED)
_17516_/B                               0.750000    1.399593   -0.649593 (VIOLATED)
_17523_/B                               0.750000    1.399593   -0.649593 (VIOLATED)
_18505_/Q                               0.750000    1.399593   -0.649593 (VIOLATED)
_09305_/B                               0.750000    1.369903   -0.619903 (VIOLATED)
_09306_/A1                              0.750000    1.369903   -0.619903 (VIOLATED)
_09543_/B                               0.750000    1.369903   -0.619903 (VIOLATED)
_09634_/A                               0.750000    1.369903   -0.619903 (VIOLATED)
_09637_/A                               0.750000    1.369903   -0.619903 (VIOLATED)
_09642_/A                               0.750000    1.369903   -0.619903 (VIOLATED)
_09664_/A                               0.750000    1.369903   -0.619903 (VIOLATED)
_09724_/A                               0.750000    1.369903   -0.619903 (VIOLATED)
_09839_/A                               0.750000    1.369903   -0.619903 (VIOLATED)
_10014_/A                               0.750000    1.369903   -0.619903 (VIOLATED)
_10116_/A                               0.750000    1.369903   -0.619903 (VIOLATED)
_10226_/A                               0.750000    1.369903   -0.619903 (VIOLATED)
_10338_/A                               0.750000    1.369903   -0.619903 (VIOLATED)
_10452_/A                               0.750000    1.369903   -0.619903 (VIOLATED)
_10569_/A                               0.750000    1.369903   -0.619903 (VIOLATED)
_10692_/A                               0.750000    1.369903   -0.619903 (VIOLATED)
_10806_/A                               0.750000    1.369903   -0.619903 (VIOLATED)
_10922_/A                               0.750000    1.369903   -0.619903 (VIOLATED)
_11037_/A                               0.750000    1.369903   -0.619903 (VIOLATED)
_11205_/A                               0.750000    1.369903   -0.619903 (VIOLATED)
_11206_/A                               0.750000    1.369903   -0.619903 (VIOLATED)
_11212_/A                               0.750000    1.369903   -0.619903 (VIOLATED)
_11220_/A                               0.750000    1.369903   -0.619903 (VIOLATED)
_11295_/A                               0.750000    1.369903   -0.619903 (VIOLATED)
_11433_/A                               0.750000    1.369903   -0.619903 (VIOLATED)
_11637_/A                               0.750000    1.369903   -0.619903 (VIOLATED)
_11639_/B2                              0.750000    1.369903   -0.619903 (VIOLATED)
_11756_/A                               0.750000    1.369903   -0.619903 (VIOLATED)
_11757_/A                               0.750000    1.369903   -0.619903 (VIOLATED)
_11759_/B2                              0.750000    1.369903   -0.619903 (VIOLATED)
_12191_/A                               0.750000    1.369903   -0.619903 (VIOLATED)
_12194_/A                               0.750000    1.369903   -0.619903 (VIOLATED)
_12199_/A                               0.750000    1.369903   -0.619903 (VIOLATED)
_12217_/A                               0.750000    1.369903   -0.619903 (VIOLATED)
_12276_/A                               0.750000    1.369903   -0.619903 (VIOLATED)
_12394_/A                               0.750000    1.369903   -0.619903 (VIOLATED)
_12571_/A                               0.750000    1.369903   -0.619903 (VIOLATED)
_12668_/A                               0.750000    1.369903   -0.619903 (VIOLATED)
_12769_/A                               0.750000    1.369903   -0.619903 (VIOLATED)
_12874_/A                               0.750000    1.369903   -0.619903 (VIOLATED)
_12983_/A                               0.750000    1.369903   -0.619903 (VIOLATED)
_13086_/A                               0.750000    1.369903   -0.619903 (VIOLATED)
_13242_/A                               0.750000    1.369903   -0.619903 (VIOLATED)
_13315_/A                               0.750000    1.369903   -0.619903 (VIOLATED)
_13443_/A                               0.750000    1.369903   -0.619903 (VIOLATED)
_13544_/A                               0.750000    1.369903   -0.619903 (VIOLATED)
_15566_/A                               0.750000    1.369903   -0.619903 (VIOLATED)
_15569_/A                               0.750000    1.369903   -0.619903 (VIOLATED)
_15573_/A                               0.750000    1.369903   -0.619903 (VIOLATED)
_15749_/A                               0.750000    1.369903   -0.619903 (VIOLATED)
_15818_/A                               0.750000    1.369903   -0.619903 (VIOLATED)
_15875_/A                               0.750000    1.369903   -0.619903 (VIOLATED)
_15907_/A                               0.750000    1.369903   -0.619903 (VIOLATED)
_16037_/A                               0.750000    1.369903   -0.619903 (VIOLATED)
_16135_/A                               0.750000    1.369903   -0.619903 (VIOLATED)
_16283_/A                               0.750000    1.369903   -0.619903 (VIOLATED)
_16387_/A                               0.750000    1.369903   -0.619903 (VIOLATED)
_16436_/A                               0.750000    1.369903   -0.619903 (VIOLATED)
_16478_/A                               0.750000    1.369903   -0.619903 (VIOLATED)
_16505_/A                               0.750000    1.369903   -0.619903 (VIOLATED)
_16708_/A                               0.750000    1.369903   -0.619903 (VIOLATED)
_16736_/B                               0.750000    1.369903   -0.619903 (VIOLATED)
_17199_/B                               0.750000    1.369903   -0.619903 (VIOLATED)
_17234_/B                               0.750000    1.369903   -0.619903 (VIOLATED)
_17261_/B                               0.750000    1.369903   -0.619903 (VIOLATED)
_17473_/B                               0.750000    1.369903   -0.619903 (VIOLATED)
_17475_/A2                              0.750000    1.369903   -0.619903 (VIOLATED)
_17506_/A2                              0.750000    1.369903   -0.619903 (VIOLATED)
_18499_/Q                               0.750000    1.369903   -0.619903 (VIOLATED)
_09225_/B                               0.750000    1.366325   -0.616325 (VIOLATED)
_09226_/C                               0.750000    1.366325   -0.616325 (VIOLATED)
_09227_/A2                              0.750000    1.366325   -0.616325 (VIOLATED)
_09776_/A                               0.750000    1.366325   -0.616325 (VIOLATED)
_09777_/A                               0.750000    1.366325   -0.616325 (VIOLATED)
_09807_/A                               0.750000    1.366325   -0.616325 (VIOLATED)
_09808_/A                               0.750000    1.366325   -0.616325 (VIOLATED)
_09876_/A1                              0.750000    1.366325   -0.616325 (VIOLATED)
_09922_/A                               0.750000    1.366325   -0.616325 (VIOLATED)
_09962_/A                               0.750000    1.366325   -0.616325 (VIOLATED)
_10053_/A                               0.750000    1.366325   -0.616325 (VIOLATED)
_10156_/A                               0.750000    1.366325   -0.616325 (VIOLATED)
_10280_/A                               0.750000    1.366325   -0.616325 (VIOLATED)
_10391_/A                               0.750000    1.366325   -0.616325 (VIOLATED)
_10511_/A                               0.750000    1.366325   -0.616325 (VIOLATED)
_10622_/A                               0.750000    1.366325   -0.616325 (VIOLATED)
_10745_/A                               0.750000    1.366325   -0.616325 (VIOLATED)
_10859_/A                               0.750000    1.366325   -0.616325 (VIOLATED)
_10973_/A                               0.750000    1.366325   -0.616325 (VIOLATED)
_11093_/A                               0.750000    1.366325   -0.616325 (VIOLATED)
_11343_/A                               0.750000    1.366325   -0.616325 (VIOLATED)
_11345_/A                               0.750000    1.366325   -0.616325 (VIOLATED)
_11346_/A                               0.750000    1.366325   -0.616325 (VIOLATED)
_11376_/A                               0.750000    1.366325   -0.616325 (VIOLATED)
_11402_/A1                              0.750000    1.366325   -0.616325 (VIOLATED)
_11492_/A                               0.750000    1.366325   -0.616325 (VIOLATED)
_11533_/A                               0.750000    1.366325   -0.616325 (VIOLATED)
_11604_/A                               0.750000    1.366325   -0.616325 (VIOLATED)
_11722_/A                               0.750000    1.366325   -0.616325 (VIOLATED)
_12329_/A                               0.750000    1.366325   -0.616325 (VIOLATED)
_12330_/A                               0.750000    1.366325   -0.616325 (VIOLATED)
_12361_/A                               0.750000    1.366325   -0.616325 (VIOLATED)
_12431_/A                               0.750000    1.366325   -0.616325 (VIOLATED)
_12452_/A                               0.750000    1.366325   -0.616325 (VIOLATED)
_12473_/A                               0.750000    1.366325   -0.616325 (VIOLATED)
_12609_/A                               0.750000    1.366325   -0.616325 (VIOLATED)
_12706_/A                               0.750000    1.366325   -0.616325 (VIOLATED)
_12828_/A                               0.750000    1.366325   -0.616325 (VIOLATED)
_12931_/A                               0.750000    1.366325   -0.616325 (VIOLATED)
_13036_/A                               0.750000    1.366325   -0.616325 (VIOLATED)
_13141_/A                               0.750000    1.366325   -0.616325 (VIOLATED)
_13282_/A                               0.750000    1.366325   -0.616325 (VIOLATED)
_13352_/A                               0.750000    1.366325   -0.616325 (VIOLATED)
_13353_/A                               0.750000    1.366325   -0.616325 (VIOLATED)
_13479_/A                               0.750000    1.366325   -0.616325 (VIOLATED)
_13480_/A1                              0.750000    1.366325   -0.616325 (VIOLATED)
_13585_/A                               0.750000    1.366325   -0.616325 (VIOLATED)
_13586_/A1                              0.750000    1.366325   -0.616325 (VIOLATED)
_14086_/A                               0.750000    1.366325   -0.616325 (VIOLATED)
_14087_/A                               0.750000    1.366325   -0.616325 (VIOLATED)
_14135_/A                               0.750000    1.366325   -0.616325 (VIOLATED)
_14163_/A                               0.750000    1.366325   -0.616325 (VIOLATED)
_14202_/A                               0.750000    1.366325   -0.616325 (VIOLATED)
_14235_/A                               0.750000    1.366325   -0.616325 (VIOLATED)
_14271_/A                               0.750000    1.366325   -0.616325 (VIOLATED)
_14389_/A                               0.750000    1.366325   -0.616325 (VIOLATED)
_14518_/A                               0.750000    1.366325   -0.616325 (VIOLATED)
_14520_/A1                              0.750000    1.366325   -0.616325 (VIOLATED)
_14581_/A                               0.750000    1.366325   -0.616325 (VIOLATED)
_14633_/A                               0.750000    1.366325   -0.616325 (VIOLATED)
_14896_/B2                              0.750000    1.366325   -0.616325 (VIOLATED)
_15076_/A                               0.750000    1.366325   -0.616325 (VIOLATED)
_15133_/A                               0.750000    1.366325   -0.616325 (VIOLATED)
_15637_/B                               0.750000    1.366325   -0.616325 (VIOLATED)
_15638_/B                               0.750000    1.366325   -0.616325 (VIOLATED)
_15674_/A                               0.750000    1.366325   -0.616325 (VIOLATED)
_15703_/A                               0.750000    1.366325   -0.616325 (VIOLATED)
_15728_/A                               0.750000    1.366325   -0.616325 (VIOLATED)
_15783_/B                               0.750000    1.366325   -0.616325 (VIOLATED)
_16088_/A                               0.750000    1.366325   -0.616325 (VIOLATED)
_16187_/A                               0.750000    1.366325   -0.616325 (VIOLATED)
_18483_/Q                               0.750000    1.366325   -0.616325 (VIOLATED)
_09219_/B                               0.750000    1.361401   -0.611401 (VIOLATED)
_09220_/C                               0.750000    1.361401   -0.611401 (VIOLATED)
_09223_/A2                              0.750000    1.361401   -0.611401 (VIOLATED)
_09783_/A                               0.750000    1.361401   -0.611401 (VIOLATED)
_09784_/A                               0.750000    1.361401   -0.611401 (VIOLATED)
_09787_/A                               0.750000    1.361401   -0.611401 (VIOLATED)
_09812_/A                               0.750000    1.361401   -0.611401 (VIOLATED)
_09881_/A                               0.750000    1.361401   -0.611401 (VIOLATED)
_09954_/A                               0.750000    1.361401   -0.611401 (VIOLATED)
_10058_/A                               0.750000    1.361401   -0.611401 (VIOLATED)
_10161_/A                               0.750000    1.361401   -0.611401 (VIOLATED)
_10272_/A                               0.750000    1.361401   -0.611401 (VIOLATED)
_10382_/A                               0.750000    1.361401   -0.611401 (VIOLATED)
_10502_/A                               0.750000    1.361401   -0.611401 (VIOLATED)
_10613_/A                               0.750000    1.361401   -0.611401 (VIOLATED)
_10736_/A                               0.750000    1.361401   -0.611401 (VIOLATED)
_10849_/A                               0.750000    1.361401   -0.611401 (VIOLATED)
_10964_/A                               0.750000    1.361401   -0.611401 (VIOLATED)
_11084_/A                               0.750000    1.361401   -0.611401 (VIOLATED)
_11350_/A                               0.750000    1.361401   -0.611401 (VIOLATED)
_11353_/A                               0.750000    1.361401   -0.611401 (VIOLATED)
_11354_/A1                              0.750000    1.361401   -0.611401 (VIOLATED)
_11356_/A                               0.750000    1.361401   -0.611401 (VIOLATED)
_11381_/A                               0.750000    1.361401   -0.611401 (VIOLATED)
_11407_/A                               0.750000    1.361401   -0.611401 (VIOLATED)
_11525_/A                               0.750000    1.361401   -0.611401 (VIOLATED)
_11609_/A                               0.750000    1.361401   -0.611401 (VIOLATED)
_11727_/A                               0.750000    1.361401   -0.611401 (VIOLATED)
_12335_/A                               0.750000    1.361401   -0.611401 (VIOLATED)
_12336_/A                               0.750000    1.361401   -0.611401 (VIOLATED)
_12343_/A                               0.750000    1.361401   -0.611401 (VIOLATED)
_12368_/A                               0.750000    1.361401   -0.611401 (VIOLATED)
_12436_/A                               0.750000    1.361401   -0.611401 (VIOLATED)
_12445_/A                               0.750000    1.361401   -0.611401 (VIOLATED)
_12615_/A                               0.750000    1.361401   -0.611401 (VIOLATED)
_12713_/A                               0.750000    1.361401   -0.611401 (VIOLATED)
_12818_/A                               0.750000    1.361401   -0.611401 (VIOLATED)
_12921_/A                               0.750000    1.361401   -0.611401 (VIOLATED)
_13028_/A                               0.750000    1.361401   -0.611401 (VIOLATED)
_13133_/A                               0.750000    1.361401   -0.611401 (VIOLATED)
_13288_/A                               0.750000    1.361401   -0.611401 (VIOLATED)
_13358_/A                               0.750000    1.361401   -0.611401 (VIOLATED)
_13359_/A1                              0.750000    1.361401   -0.611401 (VIOLATED)
_13484_/A                               0.750000    1.361401   -0.611401 (VIOLATED)
_13485_/A1                              0.750000    1.361401   -0.611401 (VIOLATED)
_13591_/A                               0.750000    1.361401   -0.611401 (VIOLATED)
_13592_/A1                              0.750000    1.361401   -0.611401 (VIOLATED)
_14092_/A                               0.750000    1.361401   -0.611401 (VIOLATED)
_14093_/A                               0.750000    1.361401   -0.611401 (VIOLATED)
_14099_/A                               0.750000    1.361401   -0.611401 (VIOLATED)
_14138_/A                               0.750000    1.361401   -0.611401 (VIOLATED)
_14195_/A                               0.750000    1.361401   -0.611401 (VIOLATED)
_14240_/A                               0.750000    1.361401   -0.611401 (VIOLATED)
_14276_/A                               0.750000    1.361401   -0.611401 (VIOLATED)
_14381_/A                               0.750000    1.361401   -0.611401 (VIOLATED)
_14444_/A                               0.750000    1.361401   -0.611401 (VIOLATED)
_14576_/A                               0.750000    1.361401   -0.611401 (VIOLATED)
_14628_/B2                              0.750000    1.361401   -0.611401 (VIOLATED)
_15081_/A                               0.750000    1.361401   -0.611401 (VIOLATED)
_15138_/A                               0.750000    1.361401   -0.611401 (VIOLATED)
_15644_/A                               0.750000    1.361401   -0.611401 (VIOLATED)
_15645_/B                               0.750000    1.361401   -0.611401 (VIOLATED)
_15646_/A1                              0.750000    1.361401   -0.611401 (VIOLATED)
_15650_/A                               0.750000    1.361401   -0.611401 (VIOLATED)
_15679_/A                               0.750000    1.361401   -0.611401 (VIOLATED)
_15720_/A                               0.750000    1.361401   -0.611401 (VIOLATED)
_15789_/A                               0.750000    1.361401   -0.611401 (VIOLATED)
_15858_/B                               0.750000    1.361401   -0.611401 (VIOLATED)
_16080_/A                               0.750000    1.361401   -0.611401 (VIOLATED)
_16179_/A                               0.750000    1.361401   -0.611401 (VIOLATED)
_16254_/B                               0.750000    1.361401   -0.611401 (VIOLATED)
_16356_/B1                              0.750000    1.361401   -0.611401 (VIOLATED)
_18486_/Q                               0.750000    1.361401   -0.611401 (VIOLATED)
_09273_/B                               0.750000    1.358606   -0.608606 (VIOLATED)
_09275_/A1                              0.750000    1.358606   -0.608606 (VIOLATED)
_09748_/A                               0.750000    1.358606   -0.608606 (VIOLATED)
_09751_/A                               0.750000    1.358606   -0.608606 (VIOLATED)
_09756_/A                               0.750000    1.358606   -0.608606 (VIOLATED)
_09768_/A                               0.750000    1.358606   -0.608606 (VIOLATED)
_09799_/A                               0.750000    1.358606   -0.608606 (VIOLATED)
_09868_/A                               0.750000    1.358606   -0.608606 (VIOLATED)
_10043_/A                               0.750000    1.358606   -0.608606 (VIOLATED)
_10146_/A                               0.750000    1.358606   -0.608606 (VIOLATED)
_10147_/A                               0.750000    1.358606   -0.608606 (VIOLATED)
_10255_/A                               0.750000    1.358606   -0.608606 (VIOLATED)
_10367_/A                               0.750000    1.358606   -0.608606 (VIOLATED)
_10486_/A                               0.750000    1.358606   -0.608606 (VIOLATED)
_10598_/A                               0.750000    1.358606   -0.608606 (VIOLATED)
_10721_/A                               0.750000    1.358606   -0.608606 (VIOLATED)
_10835_/A                               0.750000    1.358606   -0.608606 (VIOLATED)
_10950_/A                               0.750000    1.358606   -0.608606 (VIOLATED)
_11065_/A                               0.750000    1.358606   -0.608606 (VIOLATED)
_11319_/A                               0.750000    1.358606   -0.608606 (VIOLATED)
_11320_/A                               0.750000    1.358606   -0.608606 (VIOLATED)
_11326_/A                               0.750000    1.358606   -0.608606 (VIOLATED)
_11336_/A                               0.750000    1.358606   -0.608606 (VIOLATED)
_11370_/A                               0.750000    1.358606   -0.608606 (VIOLATED)
_11394_/A                               0.750000    1.358606   -0.608606 (VIOLATED)
_11594_/A                               0.750000    1.358606   -0.608606 (VIOLATED)
_11712_/A                               0.750000    1.358606   -0.608606 (VIOLATED)
_11713_/A                               0.750000    1.358606   -0.608606 (VIOLATED)
_12305_/A                               0.750000    1.358606   -0.608606 (VIOLATED)
_12308_/A                               0.750000    1.358606   -0.608606 (VIOLATED)
_12311_/A                               0.750000    1.358606   -0.608606 (VIOLATED)
_12319_/A                               0.750000    1.358606   -0.608606 (VIOLATED)
_12353_/A                               0.750000    1.358606   -0.608606 (VIOLATED)
_12424_/A                               0.750000    1.358606   -0.608606 (VIOLATED)
_12600_/A                               0.750000    1.358606   -0.608606 (VIOLATED)
_12699_/A                               0.750000    1.358606   -0.608606 (VIOLATED)
_12799_/A                               0.750000    1.358606   -0.608606 (VIOLATED)
_12906_/A                               0.750000    1.358606   -0.608606 (VIOLATED)
_13013_/A                               0.750000    1.358606   -0.608606 (VIOLATED)
_13118_/A                               0.750000    1.358606   -0.608606 (VIOLATED)
_13274_/A                               0.750000    1.358606   -0.608606 (VIOLATED)
_13345_/A                               0.750000    1.358606   -0.608606 (VIOLATED)
_13470_/A                               0.750000    1.358606   -0.608606 (VIOLATED)
_13574_/A                               0.750000    1.358606   -0.608606 (VIOLATED)
_13575_/A                               0.750000    1.358606   -0.608606 (VIOLATED)
_14104_/A                               0.750000    1.358606   -0.608606 (VIOLATED)
_14107_/A                               0.750000    1.358606   -0.608606 (VIOLATED)
_14111_/A                               0.750000    1.358606   -0.608606 (VIOLATED)
_14120_/A                               0.750000    1.358606   -0.608606 (VIOLATED)
_14128_/A                               0.750000    1.358606   -0.608606 (VIOLATED)
_14250_/A                               0.750000    1.358606   -0.608606 (VIOLATED)
_14285_/A                               0.750000    1.358606   -0.608606 (VIOLATED)
_15067_/A                               0.750000    1.358606   -0.608606 (VIOLATED)
_15124_/A                               0.750000    1.358606   -0.608606 (VIOLATED)
_15612_/A                               0.750000    1.358606   -0.608606 (VIOLATED)
_15615_/A                               0.750000    1.358606   -0.608606 (VIOLATED)
_15620_/A                               0.750000    1.358606   -0.608606 (VIOLATED)
_15628_/A                               0.750000    1.358606   -0.608606 (VIOLATED)
_15666_/A                               0.750000    1.358606   -0.608606 (VIOLATED)
_15773_/A                               0.750000    1.358606   -0.608606 (VIOLATED)
_15845_/A                               0.750000    1.358606   -0.608606 (VIOLATED)
_16064_/A                               0.750000    1.358606   -0.608606 (VIOLATED)
_16162_/A                               0.750000    1.358606   -0.608606 (VIOLATED)
_16245_/A                               0.750000    1.358606   -0.608606 (VIOLATED)
_16339_/A                               0.750000    1.358606   -0.608606 (VIOLATED)
_16345_/B                               0.750000    1.358606   -0.608606 (VIOLATED)
_16461_/B                               0.750000    1.358606   -0.608606 (VIOLATED)
_16462_/A2                              0.750000    1.358606   -0.608606 (VIOLATED)
_18490_/Q                               0.750000    1.358606   -0.608606 (VIOLATED)
_09233_/B                               0.750000    1.352822   -0.602822 (VIOLATED)
_09234_/C                               0.750000    1.352822   -0.602822 (VIOLATED)
_09235_/A2                              0.750000    1.352822   -0.602822 (VIOLATED)
_09895_/A                               0.750000    1.352822   -0.602822 (VIOLATED)
_09896_/A                               0.750000    1.352822   -0.602822 (VIOLATED)
_09899_/A                               0.750000    1.352822   -0.602822 (VIOLATED)
_09912_/A                               0.750000    1.352822   -0.602822 (VIOLATED)
_09929_/A                               0.750000    1.352822   -0.602822 (VIOLATED)
_09969_/A                               0.750000    1.352822   -0.602822 (VIOLATED)
_10077_/A                               0.750000    1.352822   -0.602822 (VIOLATED)
_10179_/A                               0.750000    1.352822   -0.602822 (VIOLATED)
_10286_/A                               0.750000    1.352822   -0.602822 (VIOLATED)
_10397_/A                               0.750000    1.352822   -0.602822 (VIOLATED)
_10517_/A                               0.750000    1.352822   -0.602822 (VIOLATED)
_10628_/A                               0.750000    1.352822   -0.602822 (VIOLATED)
_10752_/A                               0.750000    1.352822   -0.602822 (VIOLATED)
_10866_/A                               0.750000    1.352822   -0.602822 (VIOLATED)
_10979_/A                               0.750000    1.352822   -0.602822 (VIOLATED)
_11100_/A                               0.750000    1.352822   -0.602822 (VIOLATED)
_11465_/A                               0.750000    1.352822   -0.602822 (VIOLATED)
_11468_/A                               0.750000    1.352822   -0.602822 (VIOLATED)
_11470_/A                               0.750000    1.352822   -0.602822 (VIOLATED)
_11482_/A                               0.750000    1.352822   -0.602822 (VIOLATED)
_11499_/A                               0.750000    1.352822   -0.602822 (VIOLATED)
_11540_/A                               0.750000    1.352822   -0.602822 (VIOLATED)
_11573_/A                               0.750000    1.352822   -0.602822 (VIOLATED)
_11680_/A                               0.750000    1.352822   -0.602822 (VIOLATED)
_12459_/A                               0.750000    1.352822   -0.602822 (VIOLATED)
_12460_/A                               0.750000    1.352822   -0.602822 (VIOLATED)
_12469_/A                               0.750000    1.352822   -0.602822 (VIOLATED)
_12480_/A                               0.750000    1.352822   -0.602822 (VIOLATED)
_12496_/A                               0.750000    1.352822   -0.602822 (VIOLATED)
_12535_/A                               0.750000    1.352822   -0.602822 (VIOLATED)
_12633_/A                               0.750000    1.352822   -0.602822 (VIOLATED)
_12731_/A                               0.750000    1.352822   -0.602822 (VIOLATED)
_12834_/A                               0.750000    1.352822   -0.602822 (VIOLATED)
_12938_/A                               0.750000    1.352822   -0.602822 (VIOLATED)
_13043_/A                               0.750000    1.352822   -0.602822 (VIOLATED)
_13148_/A                               0.750000    1.352822   -0.602822 (VIOLATED)
_13376_/A                               0.750000    1.352822   -0.602822 (VIOLATED)
_13405_/A                               0.750000    1.352822   -0.602822 (VIOLATED)
_13507_/A                               0.750000    1.352822   -0.602822 (VIOLATED)
_13613_/A                               0.750000    1.352822   -0.602822 (VIOLATED)
_14150_/A                               0.750000    1.352822   -0.602822 (VIOLATED)
_14151_/A                               0.750000    1.352822   -0.602822 (VIOLATED)
_14158_/A                               0.750000    1.352822   -0.602822 (VIOLATED)
_14169_/A                               0.750000    1.352822   -0.602822 (VIOLATED)
_14185_/A                               0.750000    1.352822   -0.602822 (VIOLATED)
_14208_/A                               0.750000    1.352822   -0.602822 (VIOLATED)
_14320_/A                               0.750000    1.352822   -0.602822 (VIOLATED)
_14458_/A                               0.750000    1.352822   -0.602822 (VIOLATED)
_14460_/A1                              0.750000    1.352822   -0.602822 (VIOLATED)
_14524_/A                               0.750000    1.352822   -0.602822 (VIOLATED)
_14588_/A                               0.750000    1.352822   -0.602822 (VIOLATED)
_14640_/A                               0.750000    1.352822   -0.602822 (VIOLATED)
_14692_/A                               0.750000    1.352822   -0.602822 (VIOLATED)
_14733_/A                               0.750000    1.352822   -0.602822 (VIOLATED)
_14777_/A                               0.750000    1.352822   -0.602822 (VIOLATED)
_14849_/A                               0.750000    1.352822   -0.602822 (VIOLATED)
_14947_/B2                              0.750000    1.352822   -0.602822 (VIOLATED)
_15101_/A                               0.750000    1.352822   -0.602822 (VIOLATED)
_15175_/A                               0.750000    1.352822   -0.602822 (VIOLATED)
_15690_/B                               0.750000    1.352822   -0.602822 (VIOLATED)
_15709_/B                               0.750000    1.352822   -0.602822 (VIOLATED)
_15735_/B                               0.750000    1.352822   -0.602822 (VIOLATED)
_16095_/B                               0.750000    1.352822   -0.602822 (VIOLATED)
_16194_/A                               0.750000    1.352822   -0.602822 (VIOLATED)
_18480_/Q                               0.750000    1.352822   -0.602822 (VIOLATED)
_09266_/B                               0.750000    1.352711   -0.602711 (VIOLATED)
_09267_/C                               0.750000    1.352711   -0.602711 (VIOLATED)
_09269_/A2                              0.750000    1.352711   -0.602711 (VIOLATED)
_09278_/A                               0.750000    1.352711   -0.602711 (VIOLATED)
_09685_/A                               0.750000    1.352711   -0.602711 (VIOLATED)
_09686_/A1                              0.750000    1.352711   -0.602711 (VIOLATED)
_09701_/A                               0.750000    1.352711   -0.602711 (VIOLATED)
_09742_/A                               0.750000    1.352711   -0.602711 (VIOLATED)
_09761_/A                               0.750000    1.352711   -0.602711 (VIOLATED)
_09857_/A                               0.750000    1.352711   -0.602711 (VIOLATED)
_10032_/A1                              0.750000    1.352711   -0.602711 (VIOLATED)
_10135_/A                               0.750000    1.352711   -0.602711 (VIOLATED)
_10249_/A                               0.750000    1.352711   -0.602711 (VIOLATED)
_10361_/A                               0.750000    1.352711   -0.602711 (VIOLATED)
_10478_/A                               0.750000    1.352711   -0.602711 (VIOLATED)
_10592_/A                               0.750000    1.352711   -0.602711 (VIOLATED)
_10715_/A                               0.750000    1.352711   -0.602711 (VIOLATED)
_10829_/A                               0.750000    1.352711   -0.602711 (VIOLATED)
_10944_/A                               0.750000    1.352711   -0.602711 (VIOLATED)
_11059_/A                               0.750000    1.352711   -0.602711 (VIOLATED)
_11254_/A                               0.750000    1.352711   -0.602711 (VIOLATED)
_11257_/A                               0.750000    1.352711   -0.602711 (VIOLATED)
_11269_/A                               0.750000    1.352711   -0.602711 (VIOLATED)
_11271_/A1                              0.750000    1.352711   -0.602711 (VIOLATED)
_11286_/A                               0.750000    1.352711   -0.602711 (VIOLATED)
_11364_/A                               0.750000    1.352711   -0.602711 (VIOLATED)
_11425_/A                               0.750000    1.352711   -0.602711 (VIOLATED)
_11629_/A1                              0.750000    1.352711   -0.602711 (VIOLATED)
_11748_/A                               0.750000    1.352711   -0.602711 (VIOLATED)
_12237_/A                               0.750000    1.352711   -0.602711 (VIOLATED)
_12238_/A                               0.750000    1.352711   -0.602711 (VIOLATED)
_12253_/A                               0.750000    1.352711   -0.602711 (VIOLATED)
_12294_/A                               0.750000    1.352711   -0.602711 (VIOLATED)
_12300_/A                               0.750000    1.352711   -0.602711 (VIOLATED)
_12412_/A                               0.750000    1.352711   -0.602711 (VIOLATED)
_12589_/A                               0.750000    1.352711   -0.602711 (VIOLATED)
_12687_/A                               0.750000    1.352711   -0.602711 (VIOLATED)
_12793_/A                               0.750000    1.352711   -0.602711 (VIOLATED)
_12900_/A                               0.750000    1.352711   -0.602711 (VIOLATED)
_13006_/A                               0.750000    1.352711   -0.602711 (VIOLATED)
_13111_/A                               0.750000    1.352711   -0.602711 (VIOLATED)
_13262_/A                               0.750000    1.352711   -0.602711 (VIOLATED)
_13333_/A                               0.750000    1.352711   -0.602711 (VIOLATED)
_13460_/A                               0.750000    1.352711   -0.602711 (VIOLATED)
_13563_/A                               0.750000    1.352711   -0.602711 (VIOLATED)
_14116_/A                               0.750000    1.352711   -0.602711 (VIOLATED)
_14263_/A                               0.750000    1.352711   -0.602711 (VIOLATED)
_14297_/A                               0.750000    1.352711   -0.602711 (VIOLATED)
_14375_/B2                              0.750000    1.352711   -0.602711 (VIOLATED)
_15057_/A                               0.750000    1.352711   -0.602711 (VIOLATED)
_15149_/A                               0.750000    1.352711   -0.602711 (VIOLATED)
_15595_/A                               0.750000    1.352711   -0.602711 (VIOLATED)
_15596_/A                               0.750000    1.352711   -0.602711 (VIOLATED)
_15607_/A                               0.750000    1.352711   -0.602711 (VIOLATED)
_15660_/A                               0.750000    1.352711   -0.602711 (VIOLATED)
_15764_/A                               0.750000    1.352711   -0.602711 (VIOLATED)
_15835_/A                               0.750000    1.352711   -0.602711 (VIOLATED)
_15895_/A                               0.750000    1.352711   -0.602711 (VIOLATED)
_16058_/A                               0.750000    1.352711   -0.602711 (VIOLATED)
_16156_/A                               0.750000    1.352711   -0.602711 (VIOLATED)
_16274_/A                               0.750000    1.352711   -0.602711 (VIOLATED)
_16333_/A                               0.750000    1.352711   -0.602711 (VIOLATED)
_16404_/A                               0.750000    1.352711   -0.602711 (VIOLATED)
_16453_/A                               0.750000    1.352711   -0.602711 (VIOLATED)
_16493_/A                               0.750000    1.352711   -0.602711 (VIOLATED)
_16691_/A                               0.750000    1.352711   -0.602711 (VIOLATED)
_16724_/A                               0.750000    1.352711   -0.602711 (VIOLATED)
_18492_/Q                               0.750000    1.352711   -0.602711 (VIOLATED)
_09268_/B                               0.750000    1.343578   -0.593578 (VIOLATED)
_09271_/A2                              0.750000    1.343578   -0.593578 (VIOLATED)
_09683_/A                               0.750000    1.343578   -0.593578 (VIOLATED)
_09699_/A                               0.750000    1.343578   -0.593578 (VIOLATED)
_09740_/A                               0.750000    1.343578   -0.593578 (VIOLATED)
_09763_/A                               0.750000    1.343578   -0.593578 (VIOLATED)
_09856_/A                               0.750000    1.343578   -0.593578 (VIOLATED)
_10030_/A                               0.750000    1.343578   -0.593578 (VIOLATED)
_10133_/A                               0.750000    1.343578   -0.593578 (VIOLATED)
_10251_/A                               0.750000    1.343578   -0.593578 (VIOLATED)
_10363_/A                               0.750000    1.343578   -0.593578 (VIOLATED)
_10480_/A                               0.750000    1.343578   -0.593578 (VIOLATED)
_10481_/A                               0.750000    1.343578   -0.593578 (VIOLATED)
_10594_/A                               0.750000    1.343578   -0.593578 (VIOLATED)
_10717_/A                               0.750000    1.343578   -0.593578 (VIOLATED)
_10831_/A                               0.750000    1.343578   -0.593578 (VIOLATED)
_10946_/A                               0.750000    1.343578   -0.593578 (VIOLATED)
_11061_/A                               0.750000    1.343578   -0.593578 (VIOLATED)
_11253_/A                               0.750000    1.343578   -0.593578 (VIOLATED)
_11268_/A                               0.750000    1.343578   -0.593578 (VIOLATED)
_11284_/A                               0.750000    1.343578   -0.593578 (VIOLATED)
_11366_/A                               0.750000    1.343578   -0.593578 (VIOLATED)
_11424_/A                               0.750000    1.343578   -0.593578 (VIOLATED)
_11627_/A                               0.750000    1.343578   -0.593578 (VIOLATED)
_11746_/A                               0.750000    1.343578   -0.593578 (VIOLATED)
_11827_/A                               0.750000    1.343578   -0.593578 (VIOLATED)
_12235_/A                               0.750000    1.343578   -0.593578 (VIOLATED)
_12251_/A                               0.750000    1.343578   -0.593578 (VIOLATED)
_12292_/A                               0.750000    1.343578   -0.593578 (VIOLATED)
_12302_/A                               0.750000    1.343578   -0.593578 (VIOLATED)
_12410_/A                               0.750000    1.343578   -0.593578 (VIOLATED)
_12587_/A                               0.750000    1.343578   -0.593578 (VIOLATED)
_12685_/A                               0.750000    1.343578   -0.593578 (VIOLATED)
_12795_/A                               0.750000    1.343578   -0.593578 (VIOLATED)
_12902_/A                               0.750000    1.343578   -0.593578 (VIOLATED)
_13008_/A                               0.750000    1.343578   -0.593578 (VIOLATED)
_13113_/A                               0.750000    1.343578   -0.593578 (VIOLATED)
_13260_/A                               0.750000    1.343578   -0.593578 (VIOLATED)
_13331_/A                               0.750000    1.343578   -0.593578 (VIOLATED)
_13458_/A                               0.750000    1.343578   -0.593578 (VIOLATED)
_13561_/A                               0.750000    1.343578   -0.593578 (VIOLATED)
_13733_/A                               0.750000    1.343578   -0.593578 (VIOLATED)
_14117_/A                               0.750000    1.343578   -0.593578 (VIOLATED)
_14246_/A                               0.750000    1.343578   -0.593578 (VIOLATED)
_14261_/A                               0.750000    1.343578   -0.593578 (VIOLATED)
_14295_/A                               0.750000    1.343578   -0.593578 (VIOLATED)
_14375_/A1                              0.750000    1.343578   -0.593578 (VIOLATED)
_14438_/A                               0.750000    1.343578   -0.593578 (VIOLATED)
_15055_/A                               0.750000    1.343578   -0.593578 (VIOLATED)
_15147_/A                               0.750000    1.343578   -0.593578 (VIOLATED)
_15248_/A                               0.750000    1.343578   -0.593578 (VIOLATED)
_15593_/A                               0.750000    1.343578   -0.593578 (VIOLATED)
_15606_/A                               0.750000    1.343578   -0.593578 (VIOLATED)
_15662_/A                               0.750000    1.343578   -0.593578 (VIOLATED)
_15762_/A                               0.750000    1.343578   -0.593578 (VIOLATED)
_15833_/A                               0.750000    1.343578   -0.593578 (VIOLATED)
_15893_/A                               0.750000    1.343578   -0.593578 (VIOLATED)
_16060_/A                               0.750000    1.343578   -0.593578 (VIOLATED)
_16158_/A                               0.750000    1.343578   -0.593578 (VIOLATED)
_16272_/A                               0.750000    1.343578   -0.593578 (VIOLATED)
_16331_/A                               0.750000    1.343578   -0.593578 (VIOLATED)
_16402_/A                               0.750000    1.343578   -0.593578 (VIOLATED)
_16451_/A                               0.750000    1.343578   -0.593578 (VIOLATED)
_16491_/A                               0.750000    1.343578   -0.593578 (VIOLATED)
_16689_/A                               0.750000    1.343578   -0.593578 (VIOLATED)
_16722_/A                               0.750000    1.343578   -0.593578 (VIOLATED)
_16866_/A                               0.750000    1.343578   -0.593578 (VIOLATED)
_18491_/Q                               0.750000    1.343578   -0.593578 (VIOLATED)
_09220_/B                               0.750000    1.335289   -0.585289 (VIOLATED)
_09223_/A1                              0.750000    1.335289   -0.585289 (VIOLATED)
_09249_/B                               0.750000    1.335289   -0.585289 (VIOLATED)
_09782_/A                               0.750000    1.335289   -0.585289 (VIOLATED)
_09785_/A                               0.750000    1.335289   -0.585289 (VIOLATED)
_09788_/A                               0.750000    1.335289   -0.585289 (VIOLATED)
_09811_/A                               0.750000    1.335289   -0.585289 (VIOLATED)
_09880_/A                               0.750000    1.335289   -0.585289 (VIOLATED)
_09955_/A                               0.750000    1.335289   -0.585289 (VIOLATED)
_10057_/A                               0.750000    1.335289   -0.585289 (VIOLATED)
_10160_/A                               0.750000    1.335289   -0.585289 (VIOLATED)
_10273_/A                               0.750000    1.335289   -0.585289 (VIOLATED)
_10383_/A                               0.750000    1.335289   -0.585289 (VIOLATED)
_10503_/A                               0.750000    1.335289   -0.585289 (VIOLATED)
_10614_/A                               0.750000    1.335289   -0.585289 (VIOLATED)
_10737_/A                               0.750000    1.335289   -0.585289 (VIOLATED)
_10850_/A                               0.750000    1.335289   -0.585289 (VIOLATED)
_10965_/A                               0.750000    1.335289   -0.585289 (VIOLATED)
_11085_/A                               0.750000    1.335289   -0.585289 (VIOLATED)
_11351_/A                               0.750000    1.335289   -0.585289 (VIOLATED)
_11352_/A                               0.750000    1.335289   -0.585289 (VIOLATED)
_11354_/B2                              0.750000    1.335289   -0.585289 (VIOLATED)
_11357_/A                               0.750000    1.335289   -0.585289 (VIOLATED)
_11382_/A                               0.750000    1.335289   -0.585289 (VIOLATED)
_11406_/A                               0.750000    1.335289   -0.585289 (VIOLATED)
_11526_/A                               0.750000    1.335289   -0.585289 (VIOLATED)
_11608_/A                               0.750000    1.335289   -0.585289 (VIOLATED)
_11726_/A                               0.750000    1.335289   -0.585289 (VIOLATED)
_12334_/A                               0.750000    1.335289   -0.585289 (VIOLATED)
_12337_/A                               0.750000    1.335289   -0.585289 (VIOLATED)
_12342_/A                               0.750000    1.335289   -0.585289 (VIOLATED)
_12367_/A                               0.750000    1.335289   -0.585289 (VIOLATED)
_12435_/A                               0.750000    1.335289   -0.585289 (VIOLATED)
_12446_/A                               0.750000    1.335289   -0.585289 (VIOLATED)
_12614_/A                               0.750000    1.335289   -0.585289 (VIOLATED)
_12712_/A                               0.750000    1.335289   -0.585289 (VIOLATED)
_12819_/A                               0.750000    1.335289   -0.585289 (VIOLATED)
_12922_/A                               0.750000    1.335289   -0.585289 (VIOLATED)
_13029_/A                               0.750000    1.335289   -0.585289 (VIOLATED)
_13134_/A                               0.750000    1.335289   -0.585289 (VIOLATED)
_13287_/A                               0.750000    1.335289   -0.585289 (VIOLATED)
_13357_/A                               0.750000    1.335289   -0.585289 (VIOLATED)
_13359_/B2                              0.750000    1.335289   -0.585289 (VIOLATED)
_13483_/A                               0.750000    1.335289   -0.585289 (VIOLATED)
_13485_/B2                              0.750000    1.335289   -0.585289 (VIOLATED)
_13589_/A                               0.750000    1.335289   -0.585289 (VIOLATED)
_13590_/A                               0.750000    1.335289   -0.585289 (VIOLATED)
_13592_/B2                              0.750000    1.335289   -0.585289 (VIOLATED)
_14091_/A                               0.750000    1.335289   -0.585289 (VIOLATED)
_14094_/A                               0.750000    1.335289   -0.585289 (VIOLATED)
_14098_/A                               0.750000    1.335289   -0.585289 (VIOLATED)
_14139_/A                               0.750000    1.335289   -0.585289 (VIOLATED)
_14196_/A                               0.750000    1.335289   -0.585289 (VIOLATED)
_14239_/A                               0.750000    1.335289   -0.585289 (VIOLATED)
_14275_/A                               0.750000    1.335289   -0.585289 (VIOLATED)
_14382_/A                               0.750000    1.335289   -0.585289 (VIOLATED)
_14445_/A                               0.750000    1.335289   -0.585289 (VIOLATED)
_14510_/A                               0.750000    1.335289   -0.585289 (VIOLATED)
_15080_/A                               0.750000    1.335289   -0.585289 (VIOLATED)
_15137_/A                               0.750000    1.335289   -0.585289 (VIOLATED)
_15643_/A                               0.750000    1.335289   -0.585289 (VIOLATED)
_15645_/A                               0.750000    1.335289   -0.585289 (VIOLATED)
_15646_/B2                              0.750000    1.335289   -0.585289 (VIOLATED)
_15651_/A                               0.750000    1.335289   -0.585289 (VIOLATED)
_15680_/A                               0.750000    1.335289   -0.585289 (VIOLATED)
_15721_/A                               0.750000    1.335289   -0.585289 (VIOLATED)
_15788_/A                               0.750000    1.335289   -0.585289 (VIOLATED)
_15857_/B                               0.750000    1.335289   -0.585289 (VIOLATED)
_16081_/A                               0.750000    1.335289   -0.585289 (VIOLATED)
_16180_/A                               0.750000    1.335289   -0.585289 (VIOLATED)
_16356_/A2                              0.750000    1.335289   -0.585289 (VIOLATED)
_18487_/Q                               0.750000    1.335289   -0.585289 (VIOLATED)
_09267_/B                               0.750000    1.332299   -0.582299 (VIOLATED)
_09269_/A1                              0.750000    1.332299   -0.582299 (VIOLATED)
_09279_/A                               0.750000    1.332299   -0.582299 (VIOLATED)
_09684_/A                               0.750000    1.332299   -0.582299 (VIOLATED)
_09686_/B2                              0.750000    1.332299   -0.582299 (VIOLATED)
_09700_/A                               0.750000    1.332299   -0.582299 (VIOLATED)
_09741_/A                               0.750000    1.332299   -0.582299 (VIOLATED)
_09762_/A                               0.750000    1.332299   -0.582299 (VIOLATED)
_10031_/A                               0.750000    1.332299   -0.582299 (VIOLATED)
_10032_/B2                              0.750000    1.332299   -0.582299 (VIOLATED)
_10134_/A                               0.750000    1.332299   -0.582299 (VIOLATED)
_10250_/A                               0.750000    1.332299   -0.582299 (VIOLATED)
_10362_/A                               0.750000    1.332299   -0.582299 (VIOLATED)
_10479_/A                               0.750000    1.332299   -0.582299 (VIOLATED)
_10593_/A                               0.750000    1.332299   -0.582299 (VIOLATED)
_10716_/A                               0.750000    1.332299   -0.582299 (VIOLATED)
_10830_/A                               0.750000    1.332299   -0.582299 (VIOLATED)
_10945_/A                               0.750000    1.332299   -0.582299 (VIOLATED)
_11060_/A                               0.750000    1.332299   -0.582299 (VIOLATED)
_11255_/A                               0.750000    1.332299   -0.582299 (VIOLATED)
_11256_/A                               0.750000    1.332299   -0.582299 (VIOLATED)
_11270_/A                               0.750000    1.332299   -0.582299 (VIOLATED)
_11271_/B2                              0.750000    1.332299   -0.582299 (VIOLATED)
_11285_/A                               0.750000    1.332299   -0.582299 (VIOLATED)
_11365_/A                               0.750000    1.332299   -0.582299 (VIOLATED)
_11628_/A                               0.750000    1.332299   -0.582299 (VIOLATED)
_11629_/B2                              0.750000    1.332299   -0.582299 (VIOLATED)
_11747_/A                               0.750000    1.332299   -0.582299 (VIOLATED)
_12236_/A                               0.750000    1.332299   -0.582299 (VIOLATED)
_12239_/A                               0.750000    1.332299   -0.582299 (VIOLATED)
_12252_/A                               0.750000    1.332299   -0.582299 (VIOLATED)
_12293_/A                               0.750000    1.332299   -0.582299 (VIOLATED)
_12301_/A                               0.750000    1.332299   -0.582299 (VIOLATED)
_12411_/A                               0.750000    1.332299   -0.582299 (VIOLATED)
_12588_/A                               0.750000    1.332299   -0.582299 (VIOLATED)
_12686_/A                               0.750000    1.332299   -0.582299 (VIOLATED)
_12794_/A                               0.750000    1.332299   -0.582299 (VIOLATED)
_12901_/A                               0.750000    1.332299   -0.582299 (VIOLATED)
_13007_/A                               0.750000    1.332299   -0.582299 (VIOLATED)
_13112_/A                               0.750000    1.332299   -0.582299 (VIOLATED)
_13261_/A                               0.750000    1.332299   -0.582299 (VIOLATED)
_13332_/A                               0.750000    1.332299   -0.582299 (VIOLATED)
_13459_/A                               0.750000    1.332299   -0.582299 (VIOLATED)
_13562_/A                               0.750000    1.332299   -0.582299 (VIOLATED)
_14244_/A                               0.750000    1.332299   -0.582299 (VIOLATED)
_14245_/A                               0.750000    1.332299   -0.582299 (VIOLATED)
_14262_/A                               0.750000    1.332299   -0.582299 (VIOLATED)
_14296_/A                               0.750000    1.332299   -0.582299 (VIOLATED)
_15056_/A                               0.750000    1.332299   -0.582299 (VIOLATED)
_15148_/A                               0.750000    1.332299   -0.582299 (VIOLATED)
_15594_/A                               0.750000    1.332299   -0.582299 (VIOLATED)
_15597_/A                               0.750000    1.332299   -0.582299 (VIOLATED)
_15608_/A                               0.750000    1.332299   -0.582299 (VIOLATED)
_15661_/A                               0.750000    1.332299   -0.582299 (VIOLATED)
_15763_/A                               0.750000    1.332299   -0.582299 (VIOLATED)
_15834_/A                               0.750000    1.332299   -0.582299 (VIOLATED)
_15894_/A                               0.750000    1.332299   -0.582299 (VIOLATED)
_16059_/A                               0.750000    1.332299   -0.582299 (VIOLATED)
_16157_/A                               0.750000    1.332299   -0.582299 (VIOLATED)
_16273_/A                               0.750000    1.332299   -0.582299 (VIOLATED)
_16332_/A                               0.750000    1.332299   -0.582299 (VIOLATED)
_16403_/A                               0.750000    1.332299   -0.582299 (VIOLATED)
_16452_/A                               0.750000    1.332299   -0.582299 (VIOLATED)
_16492_/A                               0.750000    1.332299   -0.582299 (VIOLATED)
_16690_/A                               0.750000    1.332299   -0.582299 (VIOLATED)
_16723_/A                               0.750000    1.332299   -0.582299 (VIOLATED)
_18493_/Q                               0.750000    1.332299   -0.582299 (VIOLATED)
_09348_/B                               0.750000    1.329240   -0.579240 (VIOLATED)
_09364_/A                               0.750000    1.329240   -0.579240 (VIOLATED)
_09377_/B                               0.750000    1.329240   -0.579240 (VIOLATED)
_09395_/A3                              0.750000    1.329240   -0.579240 (VIOLATED)
_09421_/B                               0.750000    1.329240   -0.579240 (VIOLATED)
_09450_/A                               0.750000    1.329240   -0.579240 (VIOLATED)
_09481_/A                               0.750000    1.329240   -0.579240 (VIOLATED)
_09532_/A                               0.750000    1.329240   -0.579240 (VIOLATED)
_09609_/A                               0.750000    1.329240   -0.579240 (VIOLATED)
_09611_/A                               0.750000    1.329240   -0.579240 (VIOLATED)
_09623_/A                               0.750000    1.329240   -0.579240 (VIOLATED)
_09650_/A                               0.750000    1.329240   -0.579240 (VIOLATED)
_09710_/A                               0.750000    1.329240   -0.579240 (VIOLATED)
_09824_/A                               0.750000    1.329240   -0.579240 (VIOLATED)
_09999_/A                               0.750000    1.329240   -0.579240 (VIOLATED)
_10106_/A                               0.750000    1.329240   -0.579240 (VIOLATED)
_10214_/A                               0.750000    1.329240   -0.579240 (VIOLATED)
_10326_/A                               0.750000    1.329240   -0.579240 (VIOLATED)
_10440_/A                               0.750000    1.329240   -0.579240 (VIOLATED)
_10557_/A                               0.750000    1.329240   -0.579240 (VIOLATED)
_10680_/A                               0.750000    1.329240   -0.579240 (VIOLATED)
_10794_/A                               0.750000    1.329240   -0.579240 (VIOLATED)
_10910_/A                               0.750000    1.329240   -0.579240 (VIOLATED)
_11024_/A                               0.750000    1.329240   -0.579240 (VIOLATED)
_11178_/A                               0.750000    1.329240   -0.579240 (VIOLATED)
_11180_/A                               0.750000    1.329240   -0.579240 (VIOLATED)
_11196_/A                               0.750000    1.329240   -0.579240 (VIOLATED)
_11232_/A                               0.750000    1.329240   -0.579240 (VIOLATED)
_11306_/A                               0.750000    1.329240   -0.579240 (VIOLATED)
_11445_/A                               0.750000    1.329240   -0.579240 (VIOLATED)
_11649_/A                               0.750000    1.329240   -0.579240 (VIOLATED)
_11770_/A                               0.750000    1.329240   -0.579240 (VIOLATED)
_12170_/A                               0.750000    1.329240   -0.579240 (VIOLATED)
_12177_/A                               0.750000    1.329240   -0.579240 (VIOLATED)
_12179_/A                               0.750000    1.329240   -0.579240 (VIOLATED)
_12205_/A                               0.750000    1.329240   -0.579240 (VIOLATED)
_12262_/A                               0.750000    1.329240   -0.579240 (VIOLATED)
_12379_/A                               0.750000    1.329240   -0.579240 (VIOLATED)
_12556_/A                               0.750000    1.329240   -0.579240 (VIOLATED)
_12654_/A                               0.750000    1.329240   -0.579240 (VIOLATED)
_13228_/A                               0.750000    1.329240   -0.579240 (VIOLATED)
_13300_/A                               0.750000    1.329240   -0.579240 (VIOLATED)
_13428_/A                               0.750000    1.329240   -0.579240 (VIOLATED)
_13529_/A                               0.750000    1.329240   -0.579240 (VIOLATED)
_15917_/A                               0.750000    1.329240   -0.579240 (VIOLATED)
_15923_/A                               0.750000    1.329240   -0.579240 (VIOLATED)
_15930_/A                               0.750000    1.329240   -0.579240 (VIOLATED)
_15943_/A                               0.750000    1.329240   -0.579240 (VIOLATED)
_15958_/A                               0.750000    1.329240   -0.579240 (VIOLATED)
_15977_/A                               0.750000    1.329240   -0.579240 (VIOLATED)
_15998_/A                               0.750000    1.329240   -0.579240 (VIOLATED)
_16025_/A                               0.750000    1.329240   -0.579240 (VIOLATED)
_16122_/A                               0.750000    1.329240   -0.579240 (VIOLATED)
_16293_/A                               0.750000    1.329240   -0.579240 (VIOLATED)
_16517_/A                               0.750000    1.329240   -0.579240 (VIOLATED)
_16523_/A                               0.750000    1.329240   -0.579240 (VIOLATED)
_16531_/A                               0.750000    1.329240   -0.579240 (VIOLATED)
_16541_/A                               0.750000    1.329240   -0.579240 (VIOLATED)
_16749_/A                               0.750000    1.329240   -0.579240 (VIOLATED)
_16755_/A                               0.750000    1.329240   -0.579240 (VIOLATED)
_17295_/A                               0.750000    1.329240   -0.579240 (VIOLATED)
_17302_/A                               0.750000    1.329240   -0.579240 (VIOLATED)
_17309_/A                               0.750000    1.329240   -0.579240 (VIOLATED)
_17321_/A                               0.750000    1.329240   -0.579240 (VIOLATED)
_17518_/A                               0.750000    1.329240   -0.579240 (VIOLATED)
_17525_/A                               0.750000    1.329240   -0.579240 (VIOLATED)
_18503_/Q                               0.750000    1.329240   -0.579240 (VIOLATED)
_09236_/B                               0.750000    1.319571   -0.569571 (VIOLATED)
_09893_/A                               0.750000    1.319571   -0.569571 (VIOLATED)
_09901_/A                               0.750000    1.319571   -0.569571 (VIOLATED)
_09910_/A                               0.750000    1.319571   -0.569571 (VIOLATED)
_09931_/A                               0.750000    1.319571   -0.569571 (VIOLATED)
_09971_/A                               0.750000    1.319571   -0.569571 (VIOLATED)
_10075_/A                               0.750000    1.319571   -0.569571 (VIOLATED)
_10177_/A                               0.750000    1.319571   -0.569571 (VIOLATED)
_10288_/A                               0.750000    1.319571   -0.569571 (VIOLATED)
_10399_/A                               0.750000    1.319571   -0.569571 (VIOLATED)
_10519_/A                               0.750000    1.319571   -0.569571 (VIOLATED)
_10630_/A                               0.750000    1.319571   -0.569571 (VIOLATED)
_10754_/A                               0.750000    1.319571   -0.569571 (VIOLATED)
_10868_/A                               0.750000    1.319571   -0.569571 (VIOLATED)
_10981_/A                               0.750000    1.319571   -0.569571 (VIOLATED)
_11102_/A                               0.750000    1.319571   -0.569571 (VIOLATED)
_11464_/A                               0.750000    1.319571   -0.569571 (VIOLATED)
_11472_/A                               0.750000    1.319571   -0.569571 (VIOLATED)
_11480_/A                               0.750000    1.319571   -0.569571 (VIOLATED)
_11501_/A                               0.750000    1.319571   -0.569571 (VIOLATED)
_11542_/A                               0.750000    1.319571   -0.569571 (VIOLATED)
_11571_/A                               0.750000    1.319571   -0.569571 (VIOLATED)
_11678_/A                               0.750000    1.319571   -0.569571 (VIOLATED)
_11857_/A                               0.750000    1.319571   -0.569571 (VIOLATED)
_12462_/A                               0.750000    1.319571   -0.569571 (VIOLATED)
_12467_/A                               0.750000    1.319571   -0.569571 (VIOLATED)
_12482_/A                               0.750000    1.319571   -0.569571 (VIOLATED)
_12494_/A                               0.750000    1.319571   -0.569571 (VIOLATED)
_12533_/A                               0.750000    1.319571   -0.569571 (VIOLATED)
_12631_/A                               0.750000    1.319571   -0.569571 (VIOLATED)
_12729_/A                               0.750000    1.319571   -0.569571 (VIOLATED)
_12836_/A                               0.750000    1.319571   -0.569571 (VIOLATED)
_12940_/A                               0.750000    1.319571   -0.569571 (VIOLATED)
_13045_/A                               0.750000    1.319571   -0.569571 (VIOLATED)
_13150_/A                               0.750000    1.319571   -0.569571 (VIOLATED)
_13374_/A                               0.750000    1.319571   -0.569571 (VIOLATED)
_13403_/A                               0.750000    1.319571   -0.569571 (VIOLATED)
_13505_/A                               0.750000    1.319571   -0.569571 (VIOLATED)
_13611_/A                               0.750000    1.319571   -0.569571 (VIOLATED)
_13767_/A                               0.750000    1.319571   -0.569571 (VIOLATED)
_14153_/A                               0.750000    1.319571   -0.569571 (VIOLATED)
_14156_/A                               0.750000    1.319571   -0.569571 (VIOLATED)
_14171_/A                               0.750000    1.319571   -0.569571 (VIOLATED)
_14183_/A                               0.750000    1.319571   -0.569571 (VIOLATED)
_14210_/A                               0.750000    1.319571   -0.569571 (VIOLATED)
_14318_/A                               0.750000    1.319571   -0.569571 (VIOLATED)
_14397_/A                               0.750000    1.319571   -0.569571 (VIOLATED)
_14459_/A                               0.750000    1.319571   -0.569571 (VIOLATED)
_14526_/A                               0.750000    1.319571   -0.569571 (VIOLATED)
_14590_/A                               0.750000    1.319571   -0.569571 (VIOLATED)
_14642_/A                               0.750000    1.319571   -0.569571 (VIOLATED)
_14694_/A                               0.750000    1.319571   -0.569571 (VIOLATED)
_14735_/A                               0.750000    1.319571   -0.569571 (VIOLATED)
_14779_/A                               0.750000    1.319571   -0.569571 (VIOLATED)
_14809_/A                               0.750000    1.319571   -0.569571 (VIOLATED)
_14848_/A                               0.750000    1.319571   -0.569571 (VIOLATED)
_14849_/B                               0.750000    1.319571   -0.569571 (VIOLATED)
_14947_/A1                              0.750000    1.319571   -0.569571 (VIOLATED)
_14968_/A                               0.750000    1.319571   -0.569571 (VIOLATED)
_14970_/A                               0.750000    1.319571   -0.569571 (VIOLATED)
_15099_/A                               0.750000    1.319571   -0.569571 (VIOLATED)
_15173_/A                               0.750000    1.319571   -0.569571 (VIOLATED)
_15277_/A                               0.750000    1.319571   -0.569571 (VIOLATED)
_15737_/B                               0.750000    1.319571   -0.569571 (VIOLATED)
_16097_/B                               0.750000    1.319571   -0.569571 (VIOLATED)
_16196_/B                               0.750000    1.319571   -0.569571 (VIOLATED)
_16891_/B                               0.750000    1.319571   -0.569571 (VIOLATED)
_18479_/Q                               0.750000    1.319571   -0.569571 (VIOLATED)
_09226_/B                               0.750000    1.318523   -0.568523 (VIOLATED)
_09227_/A1                              0.750000    1.318523   -0.568523 (VIOLATED)
_09775_/A                               0.750000    1.318523   -0.568523 (VIOLATED)
_09778_/A                               0.750000    1.318523   -0.568523 (VIOLATED)
_09875_/A                               0.750000    1.318523   -0.568523 (VIOLATED)
_09876_/B2                              0.750000    1.318523   -0.568523 (VIOLATED)
_09923_/A                               0.750000    1.318523   -0.568523 (VIOLATED)
_09963_/A                               0.750000    1.318523   -0.568523 (VIOLATED)
_10052_/A                               0.750000    1.318523   -0.568523 (VIOLATED)
_10155_/A                               0.750000    1.318523   -0.568523 (VIOLATED)
_10281_/A                               0.750000    1.318523   -0.568523 (VIOLATED)
_10392_/A                               0.750000    1.318523   -0.568523 (VIOLATED)
_10512_/A                               0.750000    1.318523   -0.568523 (VIOLATED)
_10623_/A                               0.750000    1.318523   -0.568523 (VIOLATED)
_10746_/A                               0.750000    1.318523   -0.568523 (VIOLATED)
_10860_/A                               0.750000    1.318523   -0.568523 (VIOLATED)
_10974_/A                               0.750000    1.318523   -0.568523 (VIOLATED)
_11094_/A                               0.750000    1.318523   -0.568523 (VIOLATED)
_11344_/A                               0.750000    1.318523   -0.568523 (VIOLATED)
_11377_/A                               0.750000    1.318523   -0.568523 (VIOLATED)
_11401_/A                               0.750000    1.318523   -0.568523 (VIOLATED)
_11402_/B2                              0.750000    1.318523   -0.568523 (VIOLATED)
_11493_/A                               0.750000    1.318523   -0.568523 (VIOLATED)
_11534_/A                               0.750000    1.318523   -0.568523 (VIOLATED)
_11603_/A                               0.750000    1.318523   -0.568523 (VIOLATED)
_11721_/A                               0.750000    1.318523   -0.568523 (VIOLATED)
_12328_/A                               0.750000    1.318523   -0.568523 (VIOLATED)
_12331_/A                               0.750000    1.318523   -0.568523 (VIOLATED)
_12360_/A                               0.750000    1.318523   -0.568523 (VIOLATED)
_12430_/A                               0.750000    1.318523   -0.568523 (VIOLATED)
_12453_/A                               0.750000    1.318523   -0.568523 (VIOLATED)
_12474_/A                               0.750000    1.318523   -0.568523 (VIOLATED)
_12608_/A                               0.750000    1.318523   -0.568523 (VIOLATED)
_12705_/A                               0.750000    1.318523   -0.568523 (VIOLATED)
_12829_/A                               0.750000    1.318523   -0.568523 (VIOLATED)
_12932_/A                               0.750000    1.318523   -0.568523 (VIOLATED)
_13037_/A                               0.750000    1.318523   -0.568523 (VIOLATED)
_13142_/A                               0.750000    1.318523   -0.568523 (VIOLATED)
_13281_/A                               0.750000    1.318523   -0.568523 (VIOLATED)
_13351_/A                               0.750000    1.318523   -0.568523 (VIOLATED)
_13478_/A                               0.750000    1.318523   -0.568523 (VIOLATED)
_13480_/B2                              0.750000    1.318523   -0.568523 (VIOLATED)
_13583_/A                               0.750000    1.318523   -0.568523 (VIOLATED)
_13584_/A                               0.750000    1.318523   -0.568523 (VIOLATED)
_13586_/B2                              0.750000    1.318523   -0.568523 (VIOLATED)
_14085_/A                               0.750000    1.318523   -0.568523 (VIOLATED)
_14088_/A                               0.750000    1.318523   -0.568523 (VIOLATED)
_14136_/A                               0.750000    1.318523   -0.568523 (VIOLATED)
_14164_/A                               0.750000    1.318523   -0.568523 (VIOLATED)
_14203_/A                               0.750000    1.318523   -0.568523 (VIOLATED)
_14234_/A                               0.750000    1.318523   -0.568523 (VIOLATED)
_14270_/A                               0.750000    1.318523   -0.568523 (VIOLATED)
_14390_/A                               0.750000    1.318523   -0.568523 (VIOLATED)
_14452_/A                               0.750000    1.318523   -0.568523 (VIOLATED)
_14520_/B2                              0.750000    1.318523   -0.568523 (VIOLATED)
_14582_/A                               0.750000    1.318523   -0.568523 (VIOLATED)
_14634_/A                               0.750000    1.318523   -0.568523 (VIOLATED)
_14686_/A                               0.750000    1.318523   -0.568523 (VIOLATED)
_15075_/A                               0.750000    1.318523   -0.568523 (VIOLATED)
_15132_/A                               0.750000    1.318523   -0.568523 (VIOLATED)
_15636_/B                               0.750000    1.318523   -0.568523 (VIOLATED)
_15639_/B                               0.750000    1.318523   -0.568523 (VIOLATED)
_15675_/A                               0.750000    1.318523   -0.568523 (VIOLATED)
_15704_/A                               0.750000    1.318523   -0.568523 (VIOLATED)
_15729_/A                               0.750000    1.318523   -0.568523 (VIOLATED)
_15782_/B                               0.750000    1.318523   -0.568523 (VIOLATED)
_16089_/A                               0.750000    1.318523   -0.568523 (VIOLATED)
_16188_/A                               0.750000    1.318523   -0.568523 (VIOLATED)
_18484_/Q                               0.750000    1.318523   -0.568523 (VIOLATED)
_09234_/B                               0.750000    1.317313   -0.567313 (VIOLATED)
_09235_/A1                              0.750000    1.317313   -0.567313 (VIOLATED)
_09894_/A                               0.750000    1.317313   -0.567313 (VIOLATED)
_09897_/A                               0.750000    1.317313   -0.567313 (VIOLATED)
_09900_/A                               0.750000    1.317313   -0.567313 (VIOLATED)
_09911_/A                               0.750000    1.317313   -0.567313 (VIOLATED)
_09930_/A                               0.750000    1.317313   -0.567313 (VIOLATED)
_09970_/A                               0.750000    1.317313   -0.567313 (VIOLATED)
_10076_/A                               0.750000    1.317313   -0.567313 (VIOLATED)
_10178_/A                               0.750000    1.317313   -0.567313 (VIOLATED)
_10287_/A                               0.750000    1.317313   -0.567313 (VIOLATED)
_10398_/A                               0.750000    1.317313   -0.567313 (VIOLATED)
_10518_/A                               0.750000    1.317313   -0.567313 (VIOLATED)
_10629_/A                               0.750000    1.317313   -0.567313 (VIOLATED)
_10753_/A                               0.750000    1.317313   -0.567313 (VIOLATED)
_10867_/A                               0.750000    1.317313   -0.567313 (VIOLATED)
_10980_/A                               0.750000    1.317313   -0.567313 (VIOLATED)
_11101_/A                               0.750000    1.317313   -0.567313 (VIOLATED)
_11466_/A                               0.750000    1.317313   -0.567313 (VIOLATED)
_11467_/A                               0.750000    1.317313   -0.567313 (VIOLATED)
_11471_/A                               0.750000    1.317313   -0.567313 (VIOLATED)
_11481_/A                               0.750000    1.317313   -0.567313 (VIOLATED)
_11500_/A                               0.750000    1.317313   -0.567313 (VIOLATED)
_11541_/A                               0.750000    1.317313   -0.567313 (VIOLATED)
_11572_/A                               0.750000    1.317313   -0.567313 (VIOLATED)
_11679_/A                               0.750000    1.317313   -0.567313 (VIOLATED)
_12458_/A                               0.750000    1.317313   -0.567313 (VIOLATED)
_12461_/A                               0.750000    1.317313   -0.567313 (VIOLATED)
_12468_/A                               0.750000    1.317313   -0.567313 (VIOLATED)
_12481_/A                               0.750000    1.317313   -0.567313 (VIOLATED)
_12495_/A                               0.750000    1.317313   -0.567313 (VIOLATED)
_12534_/A                               0.750000    1.317313   -0.567313 (VIOLATED)
_12632_/A                               0.750000    1.317313   -0.567313 (VIOLATED)
_12730_/A                               0.750000    1.317313   -0.567313 (VIOLATED)
_12835_/A                               0.750000    1.317313   -0.567313 (VIOLATED)
_12939_/A                               0.750000    1.317313   -0.567313 (VIOLATED)
_13044_/A                               0.750000    1.317313   -0.567313 (VIOLATED)
_13149_/A                               0.750000    1.317313   -0.567313 (VIOLATED)
_13375_/A                               0.750000    1.317313   -0.567313 (VIOLATED)
_13404_/A                               0.750000    1.317313   -0.567313 (VIOLATED)
_13506_/A                               0.750000    1.317313   -0.567313 (VIOLATED)
_13612_/A                               0.750000    1.317313   -0.567313 (VIOLATED)
_14149_/A                               0.750000    1.317313   -0.567313 (VIOLATED)
_14152_/A                               0.750000    1.317313   -0.567313 (VIOLATED)
_14157_/A                               0.750000    1.317313   -0.567313 (VIOLATED)
_14170_/A                               0.750000    1.317313   -0.567313 (VIOLATED)
_14184_/A                               0.750000    1.317313   -0.567313 (VIOLATED)
_14209_/A                               0.750000    1.317313   -0.567313 (VIOLATED)
_14319_/A                               0.750000    1.317313   -0.567313 (VIOLATED)
_14396_/A                               0.750000    1.317313   -0.567313 (VIOLATED)
_14460_/B2                              0.750000    1.317313   -0.567313 (VIOLATED)
_14525_/A                               0.750000    1.317313   -0.567313 (VIOLATED)
_14589_/A                               0.750000    1.317313   -0.567313 (VIOLATED)
_14641_/A                               0.750000    1.317313   -0.567313 (VIOLATED)
_14693_/A                               0.750000    1.317313   -0.567313 (VIOLATED)
_14734_/A                               0.750000    1.317313   -0.567313 (VIOLATED)
_14778_/A                               0.750000    1.317313   -0.567313 (VIOLATED)
_14808_/A                               0.750000    1.317313   -0.567313 (VIOLATED)
_15100_/A                               0.750000    1.317313   -0.567313 (VIOLATED)
_15174_/A                               0.750000    1.317313   -0.567313 (VIOLATED)
_15691_/B                               0.750000    1.317313   -0.567313 (VIOLATED)
_15710_/B                               0.750000    1.317313   -0.567313 (VIOLATED)
_15736_/B                               0.750000    1.317313   -0.567313 (VIOLATED)
_16096_/B                               0.750000    1.317313   -0.567313 (VIOLATED)
_16195_/A                               0.750000    1.317313   -0.567313 (VIOLATED)
_18481_/Q                               0.750000    1.317313   -0.567313 (VIOLATED)
_09349_/B                               0.750000    1.309390   -0.559390 (VIOLATED)
_09354_/A                               0.750000    1.309390   -0.559390 (VIOLATED)
_09363_/B                               0.750000    1.309390   -0.559390 (VIOLATED)
_09376_/B                               0.750000    1.309390   -0.559390 (VIOLATED)
_09395_/A2                              0.750000    1.309390   -0.559390 (VIOLATED)
_09420_/A                               0.750000    1.309390   -0.559390 (VIOLATED)
_09449_/A                               0.750000    1.309390   -0.559390 (VIOLATED)
_09480_/A                               0.750000    1.309390   -0.559390 (VIOLATED)
_09531_/A                               0.750000    1.309390   -0.559390 (VIOLATED)
_09608_/A                               0.750000    1.309390   -0.559390 (VIOLATED)
_09613_/A                               0.750000    1.309390   -0.559390 (VIOLATED)
_09625_/A                               0.750000    1.309390   -0.559390 (VIOLATED)
_09652_/A                               0.750000    1.309390   -0.559390 (VIOLATED)
_09712_/A                               0.750000    1.309390   -0.559390 (VIOLATED)
_09826_/A                               0.750000    1.309390   -0.559390 (VIOLATED)
_10001_/A                               0.750000    1.309390   -0.559390 (VIOLATED)
_10108_/A                               0.750000    1.309390   -0.559390 (VIOLATED)
_10213_/A                               0.750000    1.309390   -0.559390 (VIOLATED)
_10325_/A                               0.750000    1.309390   -0.559390 (VIOLATED)
_10439_/A                               0.750000    1.309390   -0.559390 (VIOLATED)
_10556_/A                               0.750000    1.309390   -0.559390 (VIOLATED)
_10679_/A                               0.750000    1.309390   -0.559390 (VIOLATED)
_10793_/A                               0.750000    1.309390   -0.559390 (VIOLATED)
_10909_/A                               0.750000    1.309390   -0.559390 (VIOLATED)
_11023_/A                               0.750000    1.309390   -0.559390 (VIOLATED)
_11177_/A                               0.750000    1.309390   -0.559390 (VIOLATED)
_11182_/A                               0.750000    1.309390   -0.559390 (VIOLATED)
_11198_/A                               0.750000    1.309390   -0.559390 (VIOLATED)
_11234_/A                               0.750000    1.309390   -0.559390 (VIOLATED)
_11308_/A                               0.750000    1.309390   -0.559390 (VIOLATED)
_11447_/A                               0.750000    1.309390   -0.559390 (VIOLATED)
_11651_/A                               0.750000    1.309390   -0.559390 (VIOLATED)
_11772_/A                               0.750000    1.309390   -0.559390 (VIOLATED)
_12178_/A                               0.750000    1.309390   -0.559390 (VIOLATED)
_12180_/A                               0.750000    1.309390   -0.559390 (VIOLATED)
_12264_/A                               0.750000    1.309390   -0.559390 (VIOLATED)
_12381_/A                               0.750000    1.309390   -0.559390 (VIOLATED)
_12558_/A                               0.750000    1.309390   -0.559390 (VIOLATED)
_12656_/A                               0.750000    1.309390   -0.559390 (VIOLATED)
_13230_/A                               0.750000    1.309390   -0.559390 (VIOLATED)
_13302_/A                               0.750000    1.309390   -0.559390 (VIOLATED)
_13430_/A                               0.750000    1.309390   -0.559390 (VIOLATED)
_13531_/A                               0.750000    1.309390   -0.559390 (VIOLATED)
_15919_/A                               0.750000    1.309390   -0.559390 (VIOLATED)
_15922_/A                               0.750000    1.309390   -0.559390 (VIOLATED)
_15929_/A                               0.750000    1.309390   -0.559390 (VIOLATED)
_15942_/A                               0.750000    1.309390   -0.559390 (VIOLATED)
_15957_/A                               0.750000    1.309390   -0.559390 (VIOLATED)
_15976_/A                               0.750000    1.309390   -0.559390 (VIOLATED)
_15997_/A                               0.750000    1.309390   -0.559390 (VIOLATED)
_16024_/A                               0.750000    1.309390   -0.559390 (VIOLATED)
_16121_/A                               0.750000    1.309390   -0.559390 (VIOLATED)
_16295_/A                               0.750000    1.309390   -0.559390 (VIOLATED)
_16519_/A                               0.750000    1.309390   -0.559390 (VIOLATED)
_16522_/A                               0.750000    1.309390   -0.559390 (VIOLATED)
_16530_/A                               0.750000    1.309390   -0.559390 (VIOLATED)
_16540_/A                               0.750000    1.309390   -0.559390 (VIOLATED)
_16751_/A                               0.750000    1.309390   -0.559390 (VIOLATED)
_16754_/A                               0.750000    1.309390   -0.559390 (VIOLATED)
_17297_/A                               0.750000    1.309390   -0.559390 (VIOLATED)
_17301_/A                               0.750000    1.309390   -0.559390 (VIOLATED)
_17308_/A                               0.750000    1.309390   -0.559390 (VIOLATED)
_17320_/A                               0.750000    1.309390   -0.559390 (VIOLATED)
_17517_/A                               0.750000    1.309390   -0.559390 (VIOLATED)
_17524_/A                               0.750000    1.309390   -0.559390 (VIOLATED)
_18504_/Q                               0.750000    1.309390   -0.559390 (VIOLATED)
_09205_/D                               0.750000    1.308027   -0.558027 (VIOLATED)
_09213_/B                               0.750000    1.308027   -0.558027 (VIOLATED)
_09579_/A                               0.750000    1.308027   -0.558027 (VIOLATED)
_09589_/A                               0.750000    1.308027   -0.558027 (VIOLATED)
_09596_/A                               0.750000    1.308027   -0.558027 (VIOLATED)
_09943_/A                               0.750000    1.308027   -0.558027 (VIOLATED)
_09983_/A                               0.750000    1.308027   -0.558027 (VIOLATED)
_10190_/A                               0.750000    1.308027   -0.558027 (VIOLATED)
_10302_/A                               0.750000    1.308027   -0.558027 (VIOLATED)
_10412_/A                               0.750000    1.308027   -0.558027 (VIOLATED)
_10531_/A                               0.750000    1.308027   -0.558027 (VIOLATED)
_10644_/A                               0.750000    1.308027   -0.558027 (VIOLATED)
_10766_/A                               0.750000    1.308027   -0.558027 (VIOLATED)
_10880_/A                               0.750000    1.308027   -0.558027 (VIOLATED)
_10996_/A                               0.750000    1.308027   -0.558027 (VIOLATED)
_11117_/A                               0.750000    1.308027   -0.558027 (VIOLATED)
_11153_/B                               0.750000    1.308027   -0.558027 (VIOLATED)
_11161_/B                               0.750000    1.308027   -0.558027 (VIOLATED)
_11168_/A                               0.750000    1.308027   -0.558027 (VIOLATED)
_11513_/A                               0.750000    1.308027   -0.558027 (VIOLATED)
_11554_/A                               0.750000    1.308027   -0.558027 (VIOLATED)
_11691_/B                               0.750000    1.308027   -0.558027 (VIOLATED)
_11869_/A                               0.750000    1.308027   -0.558027 (VIOLATED)
_11954_/A                               0.750000    1.308027   -0.558027 (VIOLATED)
_12145_/A                               0.750000    1.308027   -0.558027 (VIOLATED)
_12155_/A                               0.750000    1.308027   -0.558027 (VIOLATED)
_12162_/A                               0.750000    1.308027   -0.558027 (VIOLATED)
_12508_/A                               0.750000    1.308027   -0.558027 (VIOLATED)
_12514_/A                               0.750000    1.308027   -0.558027 (VIOLATED)
_12742_/A                               0.750000    1.308027   -0.558027 (VIOLATED)
_12848_/A                               0.750000    1.308027   -0.558027 (VIOLATED)
_12953_/A                               0.750000    1.308027   -0.558027 (VIOLATED)
_13058_/A                               0.750000    1.308027   -0.558027 (VIOLATED)
_13165_/A                               0.750000    1.308027   -0.558027 (VIOLATED)
_13166_/A                               0.750000    1.308027   -0.558027 (VIOLATED)
_13201_/A                               0.750000    1.308027   -0.558027 (VIOLATED)
_13211_/A                               0.750000    1.308027   -0.558027 (VIOLATED)
_13216_/A                               0.750000    1.308027   -0.558027 (VIOLATED)
_13625_/A                               0.750000    1.308027   -0.558027 (VIOLATED)
_13779_/A                               0.750000    1.308027   -0.558027 (VIOLATED)
_13858_/A                               0.750000    1.308027   -0.558027 (VIOLATED)
_14060_/A                               0.750000    1.308027   -0.558027 (VIOLATED)
_14069_/A                               0.750000    1.308027   -0.558027 (VIOLATED)
_14076_/A                               0.750000    1.308027   -0.558027 (VIOLATED)
_14222_/A                               0.750000    1.308027   -0.558027 (VIOLATED)
_14334_/A                               0.750000    1.308027   -0.558027 (VIOLATED)
_14411_/A                               0.750000    1.308027   -0.558027 (VIOLATED)
_14475_/A                               0.750000    1.308027   -0.558027 (VIOLATED)
_14538_/A                               0.750000    1.308027   -0.558027 (VIOLATED)
_14601_/A                               0.750000    1.308027   -0.558027 (VIOLATED)
_14657_/A                               0.750000    1.308027   -0.558027 (VIOLATED)
_14706_/A                               0.750000    1.308027   -0.558027 (VIOLATED)
_14748_/A                               0.750000    1.308027   -0.558027 (VIOLATED)
_14791_/A                               0.750000    1.308027   -0.558027 (VIOLATED)
_14822_/A                               0.750000    1.308027   -0.558027 (VIOLATED)
_14859_/A                               0.750000    1.308027   -0.558027 (VIOLATED)
_14886_/A                               0.750000    1.308027   -0.558027 (VIOLATED)
_14912_/A                               0.750000    1.308027   -0.558027 (VIOLATED)
_14938_/A                               0.750000    1.308027   -0.558027 (VIOLATED)
_14961_/A                               0.750000    1.308027   -0.558027 (VIOLATED)
_14987_/A1                              0.750000    1.308027   -0.558027 (VIOLATED)
_14993_/A                               0.750000    1.308027   -0.558027 (VIOLATED)
_14994_/A                               0.750000    1.308027   -0.558027 (VIOLATED)
_15039_/A                               0.750000    1.308027   -0.558027 (VIOLATED)
_15186_/A                               0.750000    1.308027   -0.558027 (VIOLATED)
_15292_/A                               0.750000    1.308027   -0.558027 (VIOLATED)
_15371_/A                               0.750000    1.308027   -0.558027 (VIOLATED)
_16980_/B                               0.750000    1.308027   -0.558027 (VIOLATED)
_18476_/Q                               0.750000    1.308027   -0.558027 (VIOLATED)
_09303_/B                               0.750000    1.306682   -0.556682 (VIOLATED)
_09316_/A2                              0.750000    1.306682   -0.556682 (VIOLATED)
_09638_/A                               0.750000    1.306682   -0.556682 (VIOLATED)
_09641_/A                               0.750000    1.306682   -0.556682 (VIOLATED)
_09663_/A                               0.750000    1.306682   -0.556682 (VIOLATED)
_09723_/A                               0.750000    1.306682   -0.556682 (VIOLATED)
_09838_/A                               0.750000    1.306682   -0.556682 (VIOLATED)
_10013_/A                               0.750000    1.306682   -0.556682 (VIOLATED)
_10115_/A                               0.750000    1.306682   -0.556682 (VIOLATED)
_10227_/A                               0.750000    1.306682   -0.556682 (VIOLATED)
_10339_/A                               0.750000    1.306682   -0.556682 (VIOLATED)
_10453_/A                               0.750000    1.306682   -0.556682 (VIOLATED)
_10454_/A                               0.750000    1.306682   -0.556682 (VIOLATED)
_10570_/A                               0.750000    1.306682   -0.556682 (VIOLATED)
_10693_/A                               0.750000    1.306682   -0.556682 (VIOLATED)
_10807_/A                               0.750000    1.306682   -0.556682 (VIOLATED)
_10923_/A                               0.750000    1.306682   -0.556682 (VIOLATED)
_11038_/A                               0.750000    1.306682   -0.556682 (VIOLATED)
_11203_/A                               0.750000    1.306682   -0.556682 (VIOLATED)
_11213_/A                               0.750000    1.306682   -0.556682 (VIOLATED)
_11219_/A                               0.750000    1.306682   -0.556682 (VIOLATED)
_11294_/A                               0.750000    1.306682   -0.556682 (VIOLATED)
_11432_/A                               0.750000    1.306682   -0.556682 (VIOLATED)
_11636_/A                               0.750000    1.306682   -0.556682 (VIOLATED)
_11755_/A                               0.750000    1.306682   -0.556682 (VIOLATED)
_11806_/A                               0.750000    1.306682   -0.556682 (VIOLATED)
_12195_/A                               0.750000    1.306682   -0.556682 (VIOLATED)
_12198_/A                               0.750000    1.306682   -0.556682 (VIOLATED)
_12216_/A                               0.750000    1.306682   -0.556682 (VIOLATED)
_12275_/A                               0.750000    1.306682   -0.556682 (VIOLATED)
_12393_/A                               0.750000    1.306682   -0.556682 (VIOLATED)
_12570_/A                               0.750000    1.306682   -0.556682 (VIOLATED)
_12667_/A                               0.750000    1.306682   -0.556682 (VIOLATED)
_12770_/A                               0.750000    1.306682   -0.556682 (VIOLATED)
_12875_/A                               0.750000    1.306682   -0.556682 (VIOLATED)
_12984_/A                               0.750000    1.306682   -0.556682 (VIOLATED)
_13087_/A                               0.750000    1.306682   -0.556682 (VIOLATED)
_13241_/A                               0.750000    1.306682   -0.556682 (VIOLATED)
_13314_/A                               0.750000    1.306682   -0.556682 (VIOLATED)
_13442_/A                               0.750000    1.306682   -0.556682 (VIOLATED)
_13543_/A                               0.750000    1.306682   -0.556682 (VIOLATED)
_13713_/A                               0.750000    1.306682   -0.556682 (VIOLATED)
_15146_/A                               0.750000    1.306682   -0.556682 (VIOLATED)
_15160_/A                               0.750000    1.306682   -0.556682 (VIOLATED)
_15229_/B                               0.750000    1.306682   -0.556682 (VIOLATED)
_15402_/A1                              0.750000    1.306682   -0.556682 (VIOLATED)
_15565_/A                               0.750000    1.306682   -0.556682 (VIOLATED)
_15574_/A                               0.750000    1.306682   -0.556682 (VIOLATED)
_15748_/A                               0.750000    1.306682   -0.556682 (VIOLATED)
_15817_/A                               0.750000    1.306682   -0.556682 (VIOLATED)
_15874_/A                               0.750000    1.306682   -0.556682 (VIOLATED)
_15906_/A                               0.750000    1.306682   -0.556682 (VIOLATED)
_16038_/A                               0.750000    1.306682   -0.556682 (VIOLATED)
_16136_/A                               0.750000    1.306682   -0.556682 (VIOLATED)
_16282_/A                               0.750000    1.306682   -0.556682 (VIOLATED)
_16386_/A                               0.750000    1.306682   -0.556682 (VIOLATED)
_16435_/A                               0.750000    1.306682   -0.556682 (VIOLATED)
_16477_/B                               0.750000    1.306682   -0.556682 (VIOLATED)
_16504_/B                               0.750000    1.306682   -0.556682 (VIOLATED)
_16707_/B                               0.750000    1.306682   -0.556682 (VIOLATED)
_16735_/B                               0.750000    1.306682   -0.556682 (VIOLATED)
_16847_/A                               0.750000    1.306682   -0.556682 (VIOLATED)
_17198_/B                               0.750000    1.306682   -0.556682 (VIOLATED)
_17233_/B                               0.750000    1.306682   -0.556682 (VIOLATED)
_17260_/B                               0.750000    1.306682   -0.556682 (VIOLATED)
_17282_/B                               0.750000    1.306682   -0.556682 (VIOLATED)
_17472_/B                               0.750000    1.306682   -0.556682 (VIOLATED)
_17491_/B                               0.750000    1.306682   -0.556682 (VIOLATED)
_18497_/Q                               0.750000    1.306682   -0.556682 (VIOLATED)
_09274_/B                               0.750000    1.282572   -0.532572 (VIOLATED)
_09286_/B                               0.750000    1.282572   -0.532572 (VIOLATED)
_09752_/A                               0.750000    1.282572   -0.532572 (VIOLATED)
_09755_/A                               0.750000    1.282572   -0.532572 (VIOLATED)
_09769_/A                               0.750000    1.282572   -0.532572 (VIOLATED)
_09798_/A                               0.750000    1.282572   -0.532572 (VIOLATED)
_09867_/A                               0.750000    1.282572   -0.532572 (VIOLATED)
_10042_/A                               0.750000    1.282572   -0.532572 (VIOLATED)
_10145_/A                               0.750000    1.282572   -0.532572 (VIOLATED)
_10256_/A                               0.750000    1.282572   -0.532572 (VIOLATED)
_10368_/A                               0.750000    1.282572   -0.532572 (VIOLATED)
_10487_/A                               0.750000    1.282572   -0.532572 (VIOLATED)
_10599_/A                               0.750000    1.282572   -0.532572 (VIOLATED)
_10722_/A                               0.750000    1.282572   -0.532572 (VIOLATED)
_10836_/A                               0.750000    1.282572   -0.532572 (VIOLATED)
_10951_/A                               0.750000    1.282572   -0.532572 (VIOLATED)
_11066_/A                               0.750000    1.282572   -0.532572 (VIOLATED)
_11322_/A                               0.750000    1.282572   -0.532572 (VIOLATED)
_11325_/A                               0.750000    1.282572   -0.532572 (VIOLATED)
_11337_/A                               0.750000    1.282572   -0.532572 (VIOLATED)
_11371_/A                               0.750000    1.282572   -0.532572 (VIOLATED)
_11393_/A                               0.750000    1.282572   -0.532572 (VIOLATED)
_11593_/A                               0.750000    1.282572   -0.532572 (VIOLATED)
_11711_/A                               0.750000    1.282572   -0.532572 (VIOLATED)
_11830_/A                               0.750000    1.282572   -0.532572 (VIOLATED)
_12304_/A                               0.750000    1.282572   -0.532572 (VIOLATED)
_12312_/A                               0.750000    1.282572   -0.532572 (VIOLATED)
_12318_/A                               0.750000    1.282572   -0.532572 (VIOLATED)
_12352_/A                               0.750000    1.282572   -0.532572 (VIOLATED)
_12423_/A                               0.750000    1.282572   -0.532572 (VIOLATED)
_12599_/A                               0.750000    1.282572   -0.532572 (VIOLATED)
_12698_/A                               0.750000    1.282572   -0.532572 (VIOLATED)
_12800_/A                               0.750000    1.282572   -0.532572 (VIOLATED)
_12907_/A                               0.750000    1.282572   -0.532572 (VIOLATED)
_13014_/A                               0.750000    1.282572   -0.532572 (VIOLATED)
_13119_/A                               0.750000    1.282572   -0.532572 (VIOLATED)
_13273_/A                               0.750000    1.282572   -0.532572 (VIOLATED)
_13344_/A                               0.750000    1.282572   -0.532572 (VIOLATED)
_13469_/A                               0.750000    1.282572   -0.532572 (VIOLATED)
_13573_/A                               0.750000    1.282572   -0.532572 (VIOLATED)
_13737_/A                               0.750000    1.282572   -0.532572 (VIOLATED)
_14108_/A                               0.750000    1.282572   -0.532572 (VIOLATED)
_14110_/A                               0.750000    1.282572   -0.532572 (VIOLATED)
_14119_/A                               0.750000    1.282572   -0.532572 (VIOLATED)
_14129_/A                               0.750000    1.282572   -0.532572 (VIOLATED)
_14249_/A                               0.750000    1.282572   -0.532572 (VIOLATED)
_14284_/A                               0.750000    1.282572   -0.532572 (VIOLATED)
_14366_/A                               0.750000    1.282572   -0.532572 (VIOLATED)
_14367_/B                               0.750000    1.282572   -0.532572 (VIOLATED)
_14501_/A1                              0.750000    1.282572   -0.532572 (VIOLATED)
_14568_/A                               0.750000    1.282572   -0.532572 (VIOLATED)
_15066_/A                               0.750000    1.282572   -0.532572 (VIOLATED)
_15123_/A                               0.750000    1.282572   -0.532572 (VIOLATED)
_15252_/A                               0.750000    1.282572   -0.532572 (VIOLATED)
_15616_/A                               0.750000    1.282572   -0.532572 (VIOLATED)
_15619_/A                               0.750000    1.282572   -0.532572 (VIOLATED)
_15629_/A                               0.750000    1.282572   -0.532572 (VIOLATED)
_15667_/A                               0.750000    1.282572   -0.532572 (VIOLATED)
_15772_/A                               0.750000    1.282572   -0.532572 (VIOLATED)
_15844_/A                               0.750000    1.282572   -0.532572 (VIOLATED)
_16065_/A                               0.750000    1.282572   -0.532572 (VIOLATED)
_16163_/A                               0.750000    1.282572   -0.532572 (VIOLATED)
_16244_/A                               0.750000    1.282572   -0.532572 (VIOLATED)
_16341_/B                               0.750000    1.282572   -0.532572 (VIOLATED)
_16344_/B                               0.750000    1.282572   -0.532572 (VIOLATED)
_16412_/B                               0.750000    1.282572   -0.532572 (VIOLATED)
_16869_/A                               0.750000    1.282572   -0.532572 (VIOLATED)
_18488_/Q                               0.750000    1.282572   -0.532572 (VIOLATED)
_09302_/Y                               0.750000    1.269609   -0.519609 (VIOLATED)
_09320_/A                               0.750000    1.269609   -0.519609 (VIOLATED)
_09321_/A                               0.750000    1.269609   -0.519609 (VIOLATED)
_09335_/A                               0.750000    1.269609   -0.519609 (VIOLATED)
_09336_/A                               0.750000    1.269609   -0.519609 (VIOLATED)
_09385_/A                               0.750000    1.269609   -0.519609 (VIOLATED)
_09386_/A                               0.750000    1.269609   -0.519609 (VIOLATED)
_09498_/A                               0.750000    1.269609   -0.519609 (VIOLATED)
_09503_/A                               0.750000    1.269609   -0.519609 (VIOLATED)
_09550_/A                               0.750000    1.269609   -0.519609 (VIOLATED)
_09554_/A                               0.750000    1.269609   -0.519609 (VIOLATED)
_17498_/A                               0.750000    1.269609   -0.519609 (VIOLATED)
_17612_/A                               0.750000    1.269609   -0.519609 (VIOLATED)
_17616_/A                               0.750000    1.269609   -0.519609 (VIOLATED)
_17678_/A                               0.750000    1.269609   -0.519609 (VIOLATED)
_17679_/A                               0.750000    1.269609   -0.519609 (VIOLATED)
_17711_/A                               0.750000    1.269609   -0.519609 (VIOLATED)
_09221_/A                               0.750000    1.255915   -0.505915 (VIOLATED)
_09222_/B                               0.750000    1.255915   -0.505915 (VIOLATED)
_09781_/A                               0.750000    1.255915   -0.505915 (VIOLATED)
_09789_/A                               0.750000    1.255915   -0.505915 (VIOLATED)
_09810_/A                               0.750000    1.255915   -0.505915 (VIOLATED)
_09879_/A                               0.750000    1.255915   -0.505915 (VIOLATED)
_09956_/A                               0.750000    1.255915   -0.505915 (VIOLATED)
_10056_/A                               0.750000    1.255915   -0.505915 (VIOLATED)
_10159_/A                               0.750000    1.255915   -0.505915 (VIOLATED)
_10274_/A                               0.750000    1.255915   -0.505915 (VIOLATED)
_10384_/A                               0.750000    1.255915   -0.505915 (VIOLATED)
_10504_/A                               0.750000    1.255915   -0.505915 (VIOLATED)
_10615_/A                               0.750000    1.255915   -0.505915 (VIOLATED)
_10738_/A                               0.750000    1.255915   -0.505915 (VIOLATED)
_10851_/A                               0.750000    1.255915   -0.505915 (VIOLATED)
_10966_/A                               0.750000    1.255915   -0.505915 (VIOLATED)
_11086_/A                               0.750000    1.255915   -0.505915 (VIOLATED)
_11349_/A                               0.750000    1.255915   -0.505915 (VIOLATED)
_11358_/A                               0.750000    1.255915   -0.505915 (VIOLATED)
_11383_/A                               0.750000    1.255915   -0.505915 (VIOLATED)
_11405_/A                               0.750000    1.255915   -0.505915 (VIOLATED)
_11527_/A                               0.750000    1.255915   -0.505915 (VIOLATED)
_11607_/A                               0.750000    1.255915   -0.505915 (VIOLATED)
_11725_/A                               0.750000    1.255915   -0.505915 (VIOLATED)
_11846_/A                               0.750000    1.255915   -0.505915 (VIOLATED)
_12338_/A                               0.750000    1.255915   -0.505915 (VIOLATED)
_12341_/A                               0.750000    1.255915   -0.505915 (VIOLATED)
_12366_/A                               0.750000    1.255915   -0.505915 (VIOLATED)
_12434_/A                               0.750000    1.255915   -0.505915 (VIOLATED)
_12447_/A                               0.750000    1.255915   -0.505915 (VIOLATED)
_12613_/A                               0.750000    1.255915   -0.505915 (VIOLATED)
_12711_/A                               0.750000    1.255915   -0.505915 (VIOLATED)
_12820_/A                               0.750000    1.255915   -0.505915 (VIOLATED)
_12923_/A                               0.750000    1.255915   -0.505915 (VIOLATED)
_13030_/A                               0.750000    1.255915   -0.505915 (VIOLATED)
_13135_/A                               0.750000    1.255915   -0.505915 (VIOLATED)
_13286_/A                               0.750000    1.255915   -0.505915 (VIOLATED)
_13356_/A                               0.750000    1.255915   -0.505915 (VIOLATED)
_13482_/A                               0.750000    1.255915   -0.505915 (VIOLATED)
_13588_/A                               0.750000    1.255915   -0.505915 (VIOLATED)
_13757_/A                               0.750000    1.255915   -0.505915 (VIOLATED)
_14095_/A                               0.750000    1.255915   -0.505915 (VIOLATED)
_14097_/A                               0.750000    1.255915   -0.505915 (VIOLATED)
_14140_/A                               0.750000    1.255915   -0.505915 (VIOLATED)
_14197_/A                               0.750000    1.255915   -0.505915 (VIOLATED)
_14238_/A                               0.750000    1.255915   -0.505915 (VIOLATED)
_14274_/A                               0.750000    1.255915   -0.505915 (VIOLATED)
_14383_/A                               0.750000    1.255915   -0.505915 (VIOLATED)
_14446_/A                               0.750000    1.255915   -0.505915 (VIOLATED)
_14511_/A                               0.750000    1.255915   -0.505915 (VIOLATED)
_14576_/B                               0.750000    1.255915   -0.505915 (VIOLATED)
_14628_/A1                              0.750000    1.255915   -0.505915 (VIOLATED)
_14683_/A                               0.750000    1.255915   -0.505915 (VIOLATED)
_14835_/A1                              0.750000    1.255915   -0.505915 (VIOLATED)
_15079_/A                               0.750000    1.255915   -0.505915 (VIOLATED)
_15136_/A                               0.750000    1.255915   -0.505915 (VIOLATED)
_15266_/A                               0.750000    1.255915   -0.505915 (VIOLATED)
_15642_/A                               0.750000    1.255915   -0.505915 (VIOLATED)
_15652_/A                               0.750000    1.255915   -0.505915 (VIOLATED)
_15681_/A                               0.750000    1.255915   -0.505915 (VIOLATED)
_15722_/A                               0.750000    1.255915   -0.505915 (VIOLATED)
_15787_/B                               0.750000    1.255915   -0.505915 (VIOLATED)
_15856_/B                               0.750000    1.255915   -0.505915 (VIOLATED)
_16082_/A                               0.750000    1.255915   -0.505915 (VIOLATED)
_16181_/A                               0.750000    1.255915   -0.505915 (VIOLATED)
_16253_/B                               0.750000    1.255915   -0.505915 (VIOLATED)
_16881_/A                               0.750000    1.255915   -0.505915 (VIOLATED)
_18485_/Q                               0.750000    1.255915   -0.505915 (VIOLATED)
_09294_/A                               0.750000    1.250675   -0.500675 (VIOLATED)
_09671_/A                               0.750000    1.250675   -0.500675 (VIOLATED)
_09679_/A                               0.750000    1.250675   -0.500675 (VIOLATED)
_09692_/A                               0.750000    1.250675   -0.500675 (VIOLATED)
_09733_/A                               0.750000    1.250675   -0.500675 (VIOLATED)
_09848_/A                               0.750000    1.250675   -0.500675 (VIOLATED)
_10022_/A                               0.750000    1.250675   -0.500675 (VIOLATED)
_10124_/A                               0.750000    1.250675   -0.500675 (VIOLATED)
_10239_/A                               0.750000    1.250675   -0.500675 (VIOLATED)
_10350_/A                               0.750000    1.250675   -0.500675 (VIOLATED)
_10465_/A                               0.750000    1.250675   -0.500675 (VIOLATED)
_10581_/A                               0.750000    1.250675   -0.500675 (VIOLATED)
_10704_/A                               0.750000    1.250675   -0.500675 (VIOLATED)
_10817_/A                               0.750000    1.250675   -0.500675 (VIOLATED)
_10933_/A                               0.750000    1.250675   -0.500675 (VIOLATED)
_11048_/A                               0.750000    1.250675   -0.500675 (VIOLATED)
_11242_/A                               0.750000    1.250675   -0.500675 (VIOLATED)
_11251_/A                               0.750000    1.250675   -0.500675 (VIOLATED)
_11264_/A                               0.750000    1.250675   -0.500675 (VIOLATED)
_11277_/A                               0.750000    1.250675   -0.500675 (VIOLATED)
_11418_/A                               0.750000    1.250675   -0.500675 (VIOLATED)
_11619_/A                               0.750000    1.250675   -0.500675 (VIOLATED)
_11737_/A                               0.750000    1.250675   -0.500675 (VIOLATED)
_11816_/A                               0.750000    1.250675   -0.500675 (VIOLATED)
_12228_/A                               0.750000    1.250675   -0.500675 (VIOLATED)
_12230_/A                               0.750000    1.250675   -0.500675 (VIOLATED)
_12244_/A                               0.750000    1.250675   -0.500675 (VIOLATED)
_12286_/A                               0.750000    1.250675   -0.500675 (VIOLATED)
_12403_/A                               0.750000    1.250675   -0.500675 (VIOLATED)
_12580_/A                               0.750000    1.250675   -0.500675 (VIOLATED)
_12678_/A                               0.750000    1.250675   -0.500675 (VIOLATED)
_12783_/A                               0.750000    1.250675   -0.500675 (VIOLATED)
_12887_/A                               0.750000    1.250675   -0.500675 (VIOLATED)
_12994_/A                               0.750000    1.250675   -0.500675 (VIOLATED)
_13097_/A                               0.750000    1.250675   -0.500675 (VIOLATED)
_13252_/A                               0.750000    1.250675   -0.500675 (VIOLATED)
_13324_/A                               0.750000    1.250675   -0.500675 (VIOLATED)
_13451_/A                               0.750000    1.250675   -0.500675 (VIOLATED)
_13552_/A                               0.750000    1.250675   -0.500675 (VIOLATED)
_13722_/A                               0.750000    1.250675   -0.500675 (VIOLATED)
_14260_/A                               0.750000    1.250675   -0.500675 (VIOLATED)
_14266_/A                               0.750000    1.250675   -0.500675 (VIOLATED)
_14301_/A                               0.750000    1.250675   -0.500675 (VIOLATED)
_15051_/A                               0.750000    1.250675   -0.500675 (VIOLATED)
_15151_/A                               0.750000    1.250675   -0.500675 (VIOLATED)
_15236_/A                               0.750000    1.250675   -0.500675 (VIOLATED)
_15577_/A                               0.750000    1.250675   -0.500675 (VIOLATED)
_15588_/A                               0.750000    1.250675   -0.500675 (VIOLATED)
_15604_/A                               0.750000    1.250675   -0.500675 (VIOLATED)
_15755_/A                               0.750000    1.250675   -0.500675 (VIOLATED)
_15826_/A                               0.750000    1.250675   -0.500675 (VIOLATED)
_15884_/A                               0.750000    1.250675   -0.500675 (VIOLATED)
_16049_/A                               0.750000    1.250675   -0.500675 (VIOLATED)
_16146_/A                               0.750000    1.250675   -0.500675 (VIOLATED)
_16266_/A                               0.750000    1.250675   -0.500675 (VIOLATED)
_16324_/A                               0.750000    1.250675   -0.500675 (VIOLATED)
_16395_/A                               0.750000    1.250675   -0.500675 (VIOLATED)
_16442_/A                               0.750000    1.250675   -0.500675 (VIOLATED)
_16485_/A                               0.750000    1.250675   -0.500675 (VIOLATED)
_16682_/A                               0.750000    1.250675   -0.500675 (VIOLATED)
_16715_/A                               0.750000    1.250675   -0.500675 (VIOLATED)
_16855_/A                               0.750000    1.250675   -0.500675 (VIOLATED)
_17166_/A                               0.750000    1.250675   -0.500675 (VIOLATED)
_17207_/A                               0.750000    1.250675   -0.500675 (VIOLATED)
_17241_/A                               0.750000    1.250675   -0.500675 (VIOLATED)
_18494_/Q                               0.750000    1.250675   -0.500675 (VIOLATED)
_09229_/B                               0.750000    1.232972   -0.482972 (VIOLATED)
_09774_/A                               0.750000    1.232972   -0.482972 (VIOLATED)
_09806_/A                               0.750000    1.232972   -0.482972 (VIOLATED)
_09874_/A                               0.750000    1.232972   -0.482972 (VIOLATED)
_09924_/A                               0.750000    1.232972   -0.482972 (VIOLATED)
_09964_/A                               0.750000    1.232972   -0.482972 (VIOLATED)
_10051_/A                               0.750000    1.232972   -0.482972 (VIOLATED)
_10154_/A                               0.750000    1.232972   -0.482972 (VIOLATED)
_10282_/A                               0.750000    1.232972   -0.482972 (VIOLATED)
_10393_/A                               0.750000    1.232972   -0.482972 (VIOLATED)
_10513_/A                               0.750000    1.232972   -0.482972 (VIOLATED)
_10624_/A                               0.750000    1.232972   -0.482972 (VIOLATED)
_10747_/A                               0.750000    1.232972   -0.482972 (VIOLATED)
_10861_/A                               0.750000    1.232972   -0.482972 (VIOLATED)
_10975_/A                               0.750000    1.232972   -0.482972 (VIOLATED)
_11095_/A                               0.750000    1.232972   -0.482972 (VIOLATED)
_11342_/A                               0.750000    1.232972   -0.482972 (VIOLATED)
_11375_/A                               0.750000    1.232972   -0.482972 (VIOLATED)
_11400_/A                               0.750000    1.232972   -0.482972 (VIOLATED)
_11494_/A                               0.750000    1.232972   -0.482972 (VIOLATED)
_11535_/A                               0.750000    1.232972   -0.482972 (VIOLATED)
_11602_/A                               0.750000    1.232972   -0.482972 (VIOLATED)
_11720_/A                               0.750000    1.232972   -0.482972 (VIOLATED)
_11852_/A                               0.750000    1.232972   -0.482972 (VIOLATED)
_12327_/A                               0.750000    1.232972   -0.482972 (VIOLATED)
_12359_/A                               0.750000    1.232972   -0.482972 (VIOLATED)
_12429_/A                               0.750000    1.232972   -0.482972 (VIOLATED)
_12451_/A                               0.750000    1.232972   -0.482972 (VIOLATED)
_12475_/A                               0.750000    1.232972   -0.482972 (VIOLATED)
_12607_/A                               0.750000    1.232972   -0.482972 (VIOLATED)
_12704_/A                               0.750000    1.232972   -0.482972 (VIOLATED)
_12830_/A                               0.750000    1.232972   -0.482972 (VIOLATED)
_12933_/A                               0.750000    1.232972   -0.482972 (VIOLATED)
_13038_/A                               0.750000    1.232972   -0.482972 (VIOLATED)
_13143_/A                               0.750000    1.232972   -0.482972 (VIOLATED)
_13280_/A                               0.750000    1.232972   -0.482972 (VIOLATED)
_13350_/A                               0.750000    1.232972   -0.482972 (VIOLATED)
_13477_/A                               0.750000    1.232972   -0.482972 (VIOLATED)
_13582_/A                               0.750000    1.232972   -0.482972 (VIOLATED)
_13763_/A                               0.750000    1.232972   -0.482972 (VIOLATED)
_14084_/A                               0.750000    1.232972   -0.482972 (VIOLATED)
_14134_/A                               0.750000    1.232972   -0.482972 (VIOLATED)
_14165_/A                               0.750000    1.232972   -0.482972 (VIOLATED)
_14204_/A                               0.750000    1.232972   -0.482972 (VIOLATED)
_14233_/A                               0.750000    1.232972   -0.482972 (VIOLATED)
_14269_/A                               0.750000    1.232972   -0.482972 (VIOLATED)
_14391_/A                               0.750000    1.232972   -0.482972 (VIOLATED)
_14453_/A                               0.750000    1.232972   -0.482972 (VIOLATED)
_14519_/A                               0.750000    1.232972   -0.482972 (VIOLATED)
_14583_/A                               0.750000    1.232972   -0.482972 (VIOLATED)
_14635_/A                               0.750000    1.232972   -0.482972 (VIOLATED)
_14687_/A                               0.750000    1.232972   -0.482972 (VIOLATED)
_14728_/A                               0.750000    1.232972   -0.482972 (VIOLATED)
_14896_/A1                              0.750000    1.232972   -0.482972 (VIOLATED)
_15074_/A                               0.750000    1.232972   -0.482972 (VIOLATED)
_15131_/A                               0.750000    1.232972   -0.482972 (VIOLATED)
_15272_/A                               0.750000    1.232972   -0.482972 (VIOLATED)
_15635_/B                               0.750000    1.232972   -0.482972 (VIOLATED)
_15673_/B                               0.750000    1.232972   -0.482972 (VIOLATED)
_15705_/B                               0.750000    1.232972   -0.482972 (VIOLATED)
_15730_/A                               0.750000    1.232972   -0.482972 (VIOLATED)
_16090_/A                               0.750000    1.232972   -0.482972 (VIOLATED)
_16189_/A                               0.750000    1.232972   -0.482972 (VIOLATED)
_16886_/A                               0.750000    1.232972   -0.482972 (VIOLATED)
_18482_/Q                               0.750000    1.232972   -0.482972 (VIOLATED)
_17915_/Y                               0.750000    1.197070   -0.447069 (VIOLATED)
_17916_/B2                              0.750000    1.197070   -0.447069 (VIOLATED)
_18226_/B1                              0.750000    1.197070   -0.447069 (VIOLATED)
_18125_/Y                               0.750000    1.192422   -0.442422 (VIOLATED)
_18126_/A                               0.750000    1.192422   -0.442422 (VIOLATED)
_18127_/B2                              0.750000    1.192422   -0.442422 (VIOLATED)
_09313_/B                               0.750000    1.176541   -0.426541 (VIOLATED)
_09343_/A2                              0.750000    1.176541   -0.426541 (VIOLATED)
_09488_/B                               0.750000    1.176541   -0.426541 (VIOLATED)
_09538_/B                               0.750000    1.176541   -0.426541 (VIOLATED)
_09615_/A                               0.750000    1.176541   -0.426541 (VIOLATED)
_09627_/A                               0.750000    1.176541   -0.426541 (VIOLATED)
_09654_/A                               0.750000    1.176541   -0.426541 (VIOLATED)
_09714_/A                               0.750000    1.176541   -0.426541 (VIOLATED)
_09828_/A                               0.750000    1.176541   -0.426541 (VIOLATED)
_10003_/A                               0.750000    1.176541   -0.426541 (VIOLATED)
_10103_/A                               0.750000    1.176541   -0.426541 (VIOLATED)
_10217_/A                               0.750000    1.176541   -0.426541 (VIOLATED)
_10329_/A                               0.750000    1.176541   -0.426541 (VIOLATED)
_10443_/A                               0.750000    1.176541   -0.426541 (VIOLATED)
_10560_/A                               0.750000    1.176541   -0.426541 (VIOLATED)
_10683_/A                               0.750000    1.176541   -0.426541 (VIOLATED)
_10797_/A                               0.750000    1.176541   -0.426541 (VIOLATED)
_10913_/A                               0.750000    1.176541   -0.426541 (VIOLATED)
_11027_/A                               0.750000    1.176541   -0.426541 (VIOLATED)
_11188_/A                               0.750000    1.176541   -0.426541 (VIOLATED)
_11193_/A                               0.750000    1.176541   -0.426541 (VIOLATED)
_11230_/A                               0.750000    1.176541   -0.426541 (VIOLATED)
_11304_/A                               0.750000    1.176541   -0.426541 (VIOLATED)
_11443_/A                               0.750000    1.176541   -0.426541 (VIOLATED)
_11647_/A                               0.750000    1.176541   -0.426541 (VIOLATED)
_11768_/A                               0.750000    1.176541   -0.426541 (VIOLATED)
_11798_/A                               0.750000    1.176541   -0.426541 (VIOLATED)
_12171_/A                               0.750000    1.176541   -0.426541 (VIOLATED)
_12183_/A                               0.750000    1.176541   -0.426541 (VIOLATED)
_12208_/A                               0.750000    1.176541   -0.426541 (VIOLATED)
_12266_/A                               0.750000    1.176541   -0.426541 (VIOLATED)
_12383_/A                               0.750000    1.176541   -0.426541 (VIOLATED)
_12560_/A                               0.750000    1.176541   -0.426541 (VIOLATED)
_12658_/A                               0.750000    1.176541   -0.426541 (VIOLATED)
_12773_/A                               0.750000    1.176541   -0.426541 (VIOLATED)
_12877_/A                               0.750000    1.176541   -0.426541 (VIOLATED)
_12879_/B                               0.750000    1.176541   -0.426541 (VIOLATED)
_12979_/A1                              0.750000    1.176541   -0.426541 (VIOLATED)
_13232_/A                               0.750000    1.176541   -0.426541 (VIOLATED)
_13304_/A                               0.750000    1.176541   -0.426541 (VIOLATED)
_13432_/A                               0.750000    1.176541   -0.426541 (VIOLATED)
_13533_/A                               0.750000    1.176541   -0.426541 (VIOLATED)
_13706_/A                               0.750000    1.176541   -0.426541 (VIOLATED)
_15563_/A                               0.750000    1.176541   -0.426541 (VIOLATED)
_15746_/A                               0.750000    1.176541   -0.426541 (VIOLATED)
_15815_/A                               0.750000    1.176541   -0.426541 (VIOLATED)
_15872_/A                               0.750000    1.176541   -0.426541 (VIOLATED)
_15904_/A                               0.750000    1.176541   -0.426541 (VIOLATED)
_15915_/A                               0.750000    1.176541   -0.426541 (VIOLATED)
_16028_/A                               0.750000    1.176541   -0.426541 (VIOLATED)
_16127_/A                               0.750000    1.176541   -0.426541 (VIOLATED)
_16291_/A                               0.750000    1.176541   -0.426541 (VIOLATED)
_16433_/A                               0.750000    1.176541   -0.426541 (VIOLATED)
_16475_/A                               0.750000    1.176541   -0.426541 (VIOLATED)
_16502_/A                               0.750000    1.176541   -0.426541 (VIOLATED)
_16515_/A                               0.750000    1.176541   -0.426541 (VIOLATED)
_16733_/A                               0.750000    1.176541   -0.426541 (VIOLATED)
_16747_/A                               0.750000    1.176541   -0.426541 (VIOLATED)
_16841_/A                               0.750000    1.176541   -0.426541 (VIOLATED)
_17231_/A                               0.750000    1.176541   -0.426541 (VIOLATED)
_17258_/A                               0.750000    1.176541   -0.426541 (VIOLATED)
_17280_/B                               0.750000    1.176541   -0.426541 (VIOLATED)
_17292_/B                               0.750000    1.176541   -0.426541 (VIOLATED)
_17489_/B                               0.750000    1.176541   -0.426541 (VIOLATED)
_17504_/B                               0.750000    1.176541   -0.426541 (VIOLATED)
_17513_/B                               0.750000    1.176541   -0.426541 (VIOLATED)
_18500_/Q                               0.750000    1.176541   -0.426541 (VIOLATED)
_18007_/X                               0.750000    1.146034   -0.396034 (VIOLATED)
_18010_/B                               0.750000    1.146034   -0.396034 (VIOLATED)
_18283_/A                               0.750000    1.146034   -0.396034 (VIOLATED)
_18284_/A                               0.750000    1.146034   -0.396034 (VIOLATED)
_18325_/A1                              0.750000    1.146034   -0.396034 (VIOLATED)
_17989_/Y                               0.750000    1.142910   -0.392910 (VIOLATED)
_17990_/B1                              0.750000    1.142910   -0.392910 (VIOLATED)
_18235_/B1_N                            0.750000    1.142910   -0.392910 (VIOLATED)
_17839_/X                               0.750000    1.142113   -0.392113 (VIOLATED)
_17840_/D                               0.750000    1.142113   -0.392113 (VIOLATED)
_18188_/A2                              0.750000    1.142113   -0.392113 (VIOLATED)
_18209_/A1                              0.750000    1.142113   -0.392113 (VIOLATED)
_18222_/A                               0.750000    1.142113   -0.392113 (VIOLATED)
_17904_/Y                               0.750000    1.117335   -0.367335 (VIOLATED)
_17914_/A                               0.750000    1.117335   -0.367335 (VIOLATED)
_18226_/A1                              0.750000    1.117335   -0.367335 (VIOLATED)
_18271_/A                               0.750000    1.117335   -0.367335 (VIOLATED)
_18276_/A1                              0.750000    1.117335   -0.367335 (VIOLATED)
_18113_/Y                               0.750000    1.116375   -0.366375 (VIOLATED)
_18114_/C                               0.750000    1.116375   -0.366375 (VIOLATED)
_18274_/B                               0.750000    1.116375   -0.366375 (VIOLATED)
_18296_/A2                              0.750000    1.116375   -0.366375 (VIOLATED)
_18322_/A3                              0.750000    1.116375   -0.366375 (VIOLATED)
_17859_/Y                               0.750000    1.114579   -0.364579 (VIOLATED)
_17863_/C                               0.750000    1.114579   -0.364579 (VIOLATED)
_18167_/A2                              0.750000    1.114579   -0.364579 (VIOLATED)
_18205_/A1                              0.750000    1.114579   -0.364579 (VIOLATED)
_18345_/A                               0.750000    1.114579   -0.364579 (VIOLATED)
_17885_/Y                               0.750000    1.099875   -0.349875 (VIOLATED)
_17886_/B                               0.750000    1.099875   -0.349875 (VIOLATED)
_18214_/A2                              0.750000    1.099875   -0.349875 (VIOLATED)
_18278_/A                               0.750000    1.099875   -0.349875 (VIOLATED)
_18336_/A1                              0.750000    1.099875   -0.349875 (VIOLATED)
_17982_/X                               0.750000    1.084727   -0.334727 (VIOLATED)
_17986_/A                               0.750000    1.084727   -0.334727 (VIOLATED)
_18234_/A2                              0.750000    1.084727   -0.334727 (VIOLATED)
_18251_/A                               0.750000    1.084727   -0.334727 (VIOLATED)
_17985_/X                               0.750000    1.084012   -0.334012 (VIOLATED)
_17986_/B                               0.750000    1.084012   -0.334012 (VIOLATED)
_18234_/A3                              0.750000    1.084012   -0.334012 (VIOLATED)
_18252_/B                               0.750000    1.084012   -0.334012 (VIOLATED)
_18367_/X                               0.750000    1.082123   -0.332123 (VIOLATED)
_18368_/A                               0.750000    1.082123   -0.332123 (VIOLATED)
_18369_/B                               0.750000    1.082123   -0.332123 (VIOLATED)
_18384_/B                               0.750000    1.082123   -0.332123 (VIOLATED)
_18057_/X                               0.750000    1.081980   -0.331980 (VIOLATED)
_18058_/C                               0.750000    1.081980   -0.331980 (VIOLATED)
_18303_/A                               0.750000    1.081980   -0.331980 (VIOLATED)
_18313_/A2                              0.750000    1.081980   -0.331980 (VIOLATED)
_17972_/X                               0.750000    1.081207   -0.331207 (VIOLATED)
_17973_/D                               0.750000    1.081207   -0.331207 (VIOLATED)
_18281_/A                               0.750000    1.081207   -0.331207 (VIOLATED)
_18330_/A2                              0.750000    1.081207   -0.331207 (VIOLATED)
_17827_/X                               0.750000    1.080949   -0.330949 (VIOLATED)
_17840_/A                               0.750000    1.080949   -0.330949 (VIOLATED)
_18177_/A                               0.750000    1.080949   -0.330949 (VIOLATED)
_18190_/A                               0.750000    1.080949   -0.330949 (VIOLATED)
_17831_/X                               0.750000    1.080377   -0.330377 (VIOLATED)
_17840_/B                               0.750000    1.080377   -0.330377 (VIOLATED)
_18177_/B                               0.750000    1.080377   -0.330377 (VIOLATED)
_18207_/A                               0.750000    1.080377   -0.330377 (VIOLATED)
_18092_/X                               0.750000    1.080033   -0.330033 (VIOLATED)
_18093_/A                               0.750000    1.080033   -0.330033 (VIOLATED)
_18291_/A                               0.750000    1.080033   -0.330033 (VIOLATED)
_18309_/A1                              0.750000    1.080033   -0.330033 (VIOLATED)
_18109_/X                               0.750000    1.079661   -0.329661 (VIOLATED)
_18114_/B                               0.750000    1.079661   -0.329661 (VIOLATED)
_18297_/A                               0.750000    1.079661   -0.329661 (VIOLATED)
_18322_/A2                              0.750000    1.079661   -0.329661 (VIOLATED)
_17968_/X                               0.750000    1.078717   -0.328717 (VIOLATED)
_17973_/C                               0.750000    1.078717   -0.328717 (VIOLATED)
_18237_/A                               0.750000    1.078717   -0.328717 (VIOLATED)
_18330_/A1                              0.750000    1.078717   -0.328717 (VIOLATED)
_18055_/X                               0.750000    1.075883   -0.325883 (VIOLATED)
_18058_/B                               0.750000    1.075883   -0.325883 (VIOLATED)
_18295_/A                               0.750000    1.075883   -0.325883 (VIOLATED)
_18313_/A1                              0.750000    1.075883   -0.325883 (VIOLATED)
_09261_/Y                               0.750000    1.069522   -0.319522 (VIOLATED)
_09325_/A2                              0.750000    1.069522   -0.319522 (VIOLATED)
_15717_/A                               0.750000    1.069522   -0.319522 (VIOLATED)
_15811_/A                               0.750000    1.069522   -0.319522 (VIOLATED)
_16075_/A                               0.750000    1.069522   -0.319522 (VIOLATED)
_16104_/A                               0.750000    1.069522   -0.319522 (VIOLATED)
_16236_/A                               0.750000    1.069522   -0.319522 (VIOLATED)
_16239_/A                               0.750000    1.069522   -0.319522 (VIOLATED)
_16375_/A                               0.750000    1.069522   -0.319522 (VIOLATED)
_16383_/A1                              0.750000    1.069522   -0.319522 (VIOLATED)
_16428_/A                               0.750000    1.069522   -0.319522 (VIOLATED)
_16610_/A                               0.750000    1.069522   -0.319522 (VIOLATED)
_16615_/A1                              0.750000    1.069522   -0.319522 (VIOLATED)
_16630_/A                               0.750000    1.069522   -0.319522 (VIOLATED)
_16633_/A                               0.750000    1.069522   -0.319522 (VIOLATED)
_17804_/A2                              0.750000    1.069522   -0.319522 (VIOLATED)
_17928_/Y                               0.750000    1.069072   -0.319072 (VIOLATED)
_17944_/A                               0.750000    1.069072   -0.319072 (VIOLATED)
_17946_/A2                              0.750000    1.069072   -0.319072 (VIOLATED)
_18259_/A                               0.750000    1.069072   -0.319072 (VIOLATED)
_18390_/X                               0.750000    1.067801   -0.317801 (VIOLATED)
_18397_/A                               0.750000    1.067801   -0.317801 (VIOLATED)
_18399_/A                               0.750000    1.067801   -0.317801 (VIOLATED)
_18401_/A                               0.750000    1.067801   -0.317801 (VIOLATED)
_18402_/B1                              0.750000    1.067801   -0.317801 (VIOLATED)
_18403_/B1                              0.750000    1.067801   -0.317801 (VIOLATED)
_18404_/B1                              0.750000    1.067801   -0.317801 (VIOLATED)
_18405_/B1                              0.750000    1.067801   -0.317801 (VIOLATED)
_18406_/B1                              0.750000    1.067801   -0.317801 (VIOLATED)
_18407_/B1                              0.750000    1.067801   -0.317801 (VIOLATED)
_18408_/B1                              0.750000    1.067801   -0.317801 (VIOLATED)
_18409_/B1                              0.750000    1.067801   -0.317801 (VIOLATED)
_18410_/B1                              0.750000    1.067801   -0.317801 (VIOLATED)
_18411_/B1                              0.750000    1.067801   -0.317801 (VIOLATED)
_18412_/B1                              0.750000    1.067801   -0.317801 (VIOLATED)
_18413_/B1                              0.750000    1.067801   -0.317801 (VIOLATED)
_18414_/B1                              0.750000    1.067801   -0.317801 (VIOLATED)
_18415_/B1                              0.750000    1.067801   -0.317801 (VIOLATED)
_18416_/B1                              0.750000    1.067801   -0.317801 (VIOLATED)
_18417_/B1                              0.750000    1.067801   -0.317801 (VIOLATED)
_18419_/A                               0.750000    1.067801   -0.317801 (VIOLATED)
_18420_/B1                              0.750000    1.067801   -0.317801 (VIOLATED)
_18421_/B1                              0.750000    1.067801   -0.317801 (VIOLATED)
_18422_/B1                              0.750000    1.067801   -0.317801 (VIOLATED)
_18423_/B1                              0.750000    1.067801   -0.317801 (VIOLATED)
_18424_/B1                              0.750000    1.067801   -0.317801 (VIOLATED)
_18425_/B1                              0.750000    1.067801   -0.317801 (VIOLATED)
_18426_/B1                              0.750000    1.067801   -0.317801 (VIOLATED)
_18427_/B1                              0.750000    1.067801   -0.317801 (VIOLATED)
_18428_/B1                              0.750000    1.067801   -0.317801 (VIOLATED)
_18429_/B1                              0.750000    1.067801   -0.317801 (VIOLATED)
_18430_/B1                              0.750000    1.067801   -0.317801 (VIOLATED)
_18431_/B1                              0.750000    1.067801   -0.317801 (VIOLATED)
_18432_/B1                              0.750000    1.067801   -0.317801 (VIOLATED)
_18433_/B1                              0.750000    1.067801   -0.317801 (VIOLATED)
_18434_/B1                              0.750000    1.067801   -0.317801 (VIOLATED)
_18436_/A                               0.750000    1.067801   -0.317801 (VIOLATED)
_18437_/B1                              0.750000    1.067801   -0.317801 (VIOLATED)
_18438_/B1_N                            0.750000    1.067801   -0.317801 (VIOLATED)
_18439_/B1                              0.750000    1.067801   -0.317801 (VIOLATED)
_18440_/B1                              0.750000    1.067801   -0.317801 (VIOLATED)
_18442_/A                               0.750000    1.067801   -0.317801 (VIOLATED)
_18443_/B1                              0.750000    1.067801   -0.317801 (VIOLATED)
_18444_/B1                              0.750000    1.067801   -0.317801 (VIOLATED)
_18445_/B1                              0.750000    1.067801   -0.317801 (VIOLATED)
_18446_/B1                              0.750000    1.067801   -0.317801 (VIOLATED)
_18447_/B1                              0.750000    1.067801   -0.317801 (VIOLATED)
_18449_/A                               0.750000    1.067801   -0.317801 (VIOLATED)
_18450_/B1                              0.750000    1.067801   -0.317801 (VIOLATED)
_18451_/B1                              0.750000    1.067801   -0.317801 (VIOLATED)
_18452_/B1                              0.750000    1.067801   -0.317801 (VIOLATED)
_18453_/B1                              0.750000    1.067801   -0.317801 (VIOLATED)
_18455_/A                               0.750000    1.067801   -0.317801 (VIOLATED)
_18456_/B1                              0.750000    1.067801   -0.317801 (VIOLATED)
_18457_/B1                              0.750000    1.067801   -0.317801 (VIOLATED)
_18458_/B1                              0.750000    1.067801   -0.317801 (VIOLATED)
_18459_/B1                              0.750000    1.067801   -0.317801 (VIOLATED)
_18460_/B1                              0.750000    1.067801   -0.317801 (VIOLATED)
_18462_/A                               0.750000    1.067801   -0.317801 (VIOLATED)
_18463_/B1                              0.750000    1.067801   -0.317801 (VIOLATED)
_18465_/A                               0.750000    1.067801   -0.317801 (VIOLATED)
_18467_/A                               0.750000    1.067801   -0.317801 (VIOLATED)
_18469_/A                               0.750000    1.067801   -0.317801 (VIOLATED)
_18471_/A                               0.750000    1.067801   -0.317801 (VIOLATED)
_18472_/B1                              0.750000    1.067801   -0.317801 (VIOLATED)
_17976_/Y                               0.750000    1.065110   -0.315110 (VIOLATED)
_17980_/A                               0.750000    1.065110   -0.315110 (VIOLATED)
_17990_/A1                              0.750000    1.065110   -0.315110 (VIOLATED)
_18286_/A                               0.750000    1.065110   -0.315110 (VIOLATED)
_18149_/Y                               0.750000    1.063779   -0.313779 (VIOLATED)
_18150_/A                               0.750000    1.063779   -0.313779 (VIOLATED)
_18163_/A                               0.750000    1.063779   -0.313779 (VIOLATED)
_18320_/A                               0.750000    1.063779   -0.313779 (VIOLATED)
_18157_/Y                               0.750000    1.063593   -0.313593 (VIOLATED)
_18158_/A                               0.750000    1.063593   -0.313593 (VIOLATED)
_18163_/C                               0.750000    1.063593   -0.313593 (VIOLATED)
_18305_/A                               0.750000    1.063593   -0.313593 (VIOLATED)
_18009_/Y                               0.750000    1.062850   -0.312850 (VIOLATED)
_18010_/C                               0.750000    1.062850   -0.312850 (VIOLATED)
_18293_/A                               0.750000    1.062850   -0.312850 (VIOLATED)
_18325_/A2                              0.750000    1.062850   -0.312850 (VIOLATED)
_18002_/X                               0.750000    1.062575   -0.312575 (VIOLATED)
_18003_/B                               0.750000    1.062575   -0.312575 (VIOLATED)
_18021_/X                               0.750000    1.062575   -0.312575 (VIOLATED)
_18022_/B                               0.750000    1.062575   -0.312575 (VIOLATED)
_18245_/A1                              0.750000    1.062575   -0.312575 (VIOLATED)
_18273_/A                               0.750000    1.062575   -0.312575 (VIOLATED)
_18326_/A1                              0.750000    1.062575   -0.312575 (VIOLATED)
_18339_/A                               0.750000    1.062575   -0.312575 (VIOLATED)
_18024_/Y                               0.750000    1.062200   -0.312200 (VIOLATED)
_18025_/B                               0.750000    1.062200   -0.312200 (VIOLATED)
_18244_/A3                              0.750000    1.062200   -0.312200 (VIOLATED)
_18270_/A                               0.750000    1.062200   -0.312200 (VIOLATED)
_17833_/Y                               0.750000    1.061271   -0.311271 (VIOLATED)
_17840_/C                               0.750000    1.061271   -0.311271 (VIOLATED)
_18188_/A1                              0.750000    1.061271   -0.311271 (VIOLATED)
_18210_/A                               0.750000    1.061271   -0.311271 (VIOLATED)
_17913_/Y                               0.750000    1.061240   -0.311240 (VIOLATED)
_17914_/C                               0.750000    1.061240   -0.311240 (VIOLATED)
_18226_/A2                              0.750000    1.061240   -0.311240 (VIOLATED)
_18277_/A                               0.750000    1.061240   -0.311240 (VIOLATED)
_18184_/Y                               0.750000    1.060683   -0.310683 (VIOLATED)
_18185_/B                               0.750000    1.060683   -0.310683 (VIOLATED)
_18359_/A2                              0.750000    1.060683   -0.310683 (VIOLATED)
_18382_/A2                              0.750000    1.060683   -0.310683 (VIOLATED)
_18083_/Y                               0.750000    1.060435   -0.310435 (VIOLATED)
_18090_/A                               0.750000    1.060435   -0.310435 (VIOLATED)
_18122_/A                               0.750000    1.060435   -0.310435 (VIOLATED)
_18311_/A                               0.750000    1.060435   -0.310435 (VIOLATED)
_18134_/Y                               0.750000    1.058454   -0.308454 (VIOLATED)
_18147_/A                               0.750000    1.058454   -0.308454 (VIOLATED)
_18174_/A1                              0.750000    1.058454   -0.308454 (VIOLATED)
_18202_/A                               0.750000    1.058454   -0.308454 (VIOLATED)
_17979_/Y                               0.750000    1.057649   -0.307649 (VIOLATED)
_17980_/B                               0.750000    1.057649   -0.307649 (VIOLATED)
_17990_/A2                              0.750000    1.057649   -0.307649 (VIOLATED)
_18248_/A                               0.750000    1.057649   -0.307649 (VIOLATED)
_17874_/X                               0.750000    1.056993   -0.306993 (VIOLATED)
_17875_/B_N                             0.750000    1.056993   -0.306993 (VIOLATED)
_18215_/A                               0.750000    1.056993   -0.306993 (VIOLATED)
_18229_/A                               0.750000    1.056993   -0.306993 (VIOLATED)
_17941_/Y                               0.750000    1.056875   -0.306875 (VIOLATED)
_17943_/A3                              0.750000    1.056875   -0.306875 (VIOLATED)
_18260_/A2                              0.750000    1.056875   -0.306875 (VIOLATED)
_18263_/B                               0.750000    1.056875   -0.306875 (VIOLATED)
_18162_/X                               0.750000    1.055591   -0.305591 (VIOLATED)
_18163_/D                               0.750000    1.055591   -0.305591 (VIOLATED)
_18238_/B1                              0.750000    1.055591   -0.305591 (VIOLATED)
_18239_/B                               0.750000    1.055591   -0.305591 (VIOLATED)
_17884_/Y                               0.750000    1.052265   -0.302265 (VIOLATED)
_17917_/B                               0.750000    1.052265   -0.302265 (VIOLATED)
_18214_/B1                              0.750000    1.052265   -0.302265 (VIOLATED)
_18336_/B1                              0.750000    1.052265   -0.302265 (VIOLATED)
_18014_/Y                               0.750000    1.051458   -0.301458 (VIOLATED)
_18015_/A                               0.750000    1.051458   -0.301458 (VIOLATED)
_18026_/B                               0.750000    1.051458   -0.301458 (VIOLATED)
_18269_/A2                              0.750000    1.051458   -0.301458 (VIOLATED)
_18282_/A2                              0.750000    1.051458   -0.301458 (VIOLATED)
_18072_/Y                               0.750000    1.048981   -0.298981 (VIOLATED)
_18078_/A                               0.750000    1.048981   -0.298981 (VIOLATED)
_18194_/A1                              0.750000    1.048981   -0.298981 (VIOLATED)
_18220_/A                               0.750000    1.048981   -0.298981 (VIOLATED)
_09319_/Y                               0.750000    1.044899   -0.294899 (VIOLATED)
_09321_/C                               0.750000    1.044899   -0.294899 (VIOLATED)
_09336_/B                               0.750000    1.044899   -0.294899 (VIOLATED)
_09387_/A                               0.750000    1.044899   -0.294899 (VIOLATED)
_09388_/A                               0.750000    1.044899   -0.294899 (VIOLATED)
_09431_/A                               0.750000    1.044899   -0.294899 (VIOLATED)
_09459_/A                               0.750000    1.044899   -0.294899 (VIOLATED)
_09499_/A                               0.750000    1.044899   -0.294899 (VIOLATED)
_09503_/B                               0.750000    1.044899   -0.294899 (VIOLATED)
_09551_/A                               0.750000    1.044899   -0.294899 (VIOLATED)
_09554_/B                               0.750000    1.044899   -0.294899 (VIOLATED)
_17617_/A                               0.750000    1.044899   -0.294899 (VIOLATED)
_17679_/B                               0.750000    1.044899   -0.294899 (VIOLATED)
_17692_/A                               0.750000    1.044899   -0.294899 (VIOLATED)
_17711_/B                               0.750000    1.044899   -0.294899 (VIOLATED)
_17879_/Y                               0.750000    1.044647   -0.294647 (VIOLATED)
_17886_/A                               0.750000    1.044647   -0.294647 (VIOLATED)
_18214_/A1                              0.750000    1.044647   -0.294647 (VIOLATED)
_18337_/A                               0.750000    1.044647   -0.294647 (VIOLATED)
_18257_/Y                               0.750000    1.041373   -0.291373 (VIOLATED)
_18258_/B                               0.750000    1.041373   -0.291373 (VIOLATED)
_18290_/Y                               0.750000    1.041373   -0.291373 (VIOLATED)
_18291_/B                               0.750000    1.041373   -0.291373 (VIOLATED)
_18045_/X                               0.750000    1.039477   -0.289477 (VIOLATED)
_18046_/B                               0.750000    1.039477   -0.289477 (VIOLATED)
_18314_/A1                              0.750000    1.039477   -0.289477 (VIOLATED)
_18329_/A                               0.750000    1.039477   -0.289477 (VIOLATED)
_17961_/Y                               0.750000    1.035824   -0.285824 (VIOLATED)
_17973_/A                               0.750000    1.035824   -0.285824 (VIOLATED)
_17992_/A                               0.750000    1.035824   -0.285824 (VIOLATED)
_18332_/A                               0.750000    1.035824   -0.285824 (VIOLATED)
_18138_/X                               0.750000    1.019900   -0.269900 (VIOLATED)
_18139_/A                               0.750000    1.019900   -0.269900 (VIOLATED)
_18147_/B                               0.750000    1.019900   -0.269900 (VIOLATED)
_18174_/A2                              0.750000    1.019900   -0.269900 (VIOLATED)
_18145_/X                               0.750000    1.016952   -0.266952 (VIOLATED)
_18146_/B                               0.750000    1.016952   -0.266952 (VIOLATED)
_18199_/B1                              0.750000    1.016952   -0.266952 (VIOLATED)
_18231_/A                               0.750000    1.016952   -0.266952 (VIOLATED)
_18017_/X                               0.750000    1.016666   -0.266666 (VIOLATED)
_18022_/A                               0.750000    1.016666   -0.266666 (VIOLATED)
_18246_/A                               0.750000    1.016666   -0.266666 (VIOLATED)
_17870_/X                               0.750000    1.016494   -0.266494 (VIOLATED)
_17875_/A                               0.750000    1.016494   -0.266494 (VIOLATED)
_18217_/A                               0.750000    1.016494   -0.266494 (VIOLATED)
_18064_/X                               0.750000    1.015951   -0.265951 (VIOLATED)
_18069_/A                               0.750000    1.015951   -0.265951 (VIOLATED)
_18196_/A                               0.750000    1.015951   -0.265951 (VIOLATED)
_09289_/Y                               0.750000    1.015726   -0.265726 (VIOLATED)
_09323_/A                               0.750000    1.015726   -0.265726 (VIOLATED)
_09337_/A                               0.750000    1.015726   -0.265726 (VIOLATED)
_09408_/A                               0.750000    1.015726   -0.265726 (VIOLATED)
_09504_/A                               0.750000    1.015726   -0.265726 (VIOLATED)
_09555_/A                               0.750000    1.015726   -0.265726 (VIOLATED)
_17452_/A                               0.750000    1.015726   -0.265726 (VIOLATED)
_17485_/A                               0.750000    1.015726   -0.265726 (VIOLATED)
_17613_/A                               0.750000    1.015726   -0.265726 (VIOLATED)
_17680_/A                               0.750000    1.015726   -0.265726 (VIOLATED)
_17712_/A                               0.750000    1.015726   -0.265726 (VIOLATED)
_17811_/A1                              0.750000    1.015726   -0.265726 (VIOLATED)
_18357_/X                               0.750000    1.014834   -0.264834 (VIOLATED)
_18359_/A3                              0.750000    1.014834   -0.264834 (VIOLATED)
_18383_/A                               0.750000    1.014834   -0.264834 (VIOLATED)
_18178_/Y                               0.750000    1.005932   -0.255932 (VIOLATED)
_18179_/D1                              0.750000    1.005932   -0.255932 (VIOLATED)
_18161_/Y                               0.750000    1.004057   -0.254057 (VIOLATED)
_18168_/B1                              0.750000    1.004057   -0.254057 (VIOLATED)
_18304_/A                               0.750000    1.004057   -0.254057 (VIOLATED)
_17945_/Y                               0.750000    1.000740   -0.250740 (VIOLATED)
_17946_/B1                              0.750000    1.000740   -0.250740 (VIOLATED)
_17951_/Y                               0.750000    0.995456   -0.245456 (VIOLATED)
_17957_/A                               0.750000    0.995456   -0.245456 (VIOLATED)
_17998_/Y                               0.750000    0.995456   -0.245456 (VIOLATED)
_18003_/A                               0.750000    0.995456   -0.245456 (VIOLATED)
_18254_/A                               0.750000    0.995456   -0.245456 (VIOLATED)
_18327_/A                               0.750000    0.995456   -0.245456 (VIOLATED)
_18100_/Y                               0.750000    0.994682   -0.244682 (VIOLATED)
_18107_/A                               0.750000    0.994682   -0.244682 (VIOLATED)
_18324_/A                               0.750000    0.994682   -0.244682 (VIOLATED)
_18363_/Y                               0.750000    0.994682   -0.244682 (VIOLATED)
_18369_/A                               0.750000    0.994682   -0.244682 (VIOLATED)
_18381_/A                               0.750000    0.994682   -0.244682 (VIOLATED)
_18096_/Y                               0.750000    0.994187   -0.244187 (VIOLATED)
_18097_/C                               0.750000    0.994187   -0.244187 (VIOLATED)
_18241_/B1                              0.750000    0.994187   -0.244187 (VIOLATED)
_18242_/A                               0.750000    0.994187   -0.244187 (VIOLATED)
_17930_/Y                               0.750000    0.994063   -0.244063 (VIOLATED)
_17943_/A1                              0.750000    0.994063   -0.244063 (VIOLATED)
_18261_/A                               0.750000    0.994063   -0.244063 (VIOLATED)
_18068_/Y                               0.750000    0.993629   -0.243629 (VIOLATED)
_18069_/B                               0.750000    0.993629   -0.243629 (VIOLATED)
_18317_/A                               0.750000    0.993629   -0.243629 (VIOLATED)
_17924_/Y                               0.750000    0.993258   -0.243258 (VIOLATED)
_17946_/A1                              0.750000    0.993258   -0.243258 (VIOLATED)
_18258_/A                               0.750000    0.993258   -0.243258 (VIOLATED)
_18354_/Y                               0.750000    0.992329   -0.242329 (VIOLATED)
_18376_/A1                              0.750000    0.992329   -0.242329 (VIOLATED)
_18378_/A                               0.750000    0.992329   -0.242329 (VIOLATED)
_18351_/Y                               0.750000    0.991617   -0.241617 (VIOLATED)
_18390_/A2                              0.750000    0.991617   -0.241617 (VIOLATED)
_18394_/A                               0.750000    0.991617   -0.241617 (VIOLATED)
_18041_/X                               0.750000    0.987091   -0.237091 (VIOLATED)
_18046_/A                               0.750000    0.987091   -0.237091 (VIOLATED)
_18315_/A                               0.750000    0.987091   -0.237091 (VIOLATED)
_17906_/X                               0.750000    0.981556   -0.231556 (VIOLATED)
_17911_/A                               0.750000    0.981556   -0.231556 (VIOLATED)
_18228_/A                               0.750000    0.981556   -0.231556 (VIOLATED)
_17965_/Y                               0.750000    0.979203   -0.229203 (VIOLATED)
_18331_/A1                              0.750000    0.979203   -0.229203 (VIOLATED)
_18335_/A                               0.750000    0.979203   -0.229203 (VIOLATED)
_17878_/Y                               0.750000    0.974746   -0.224746 (VIOLATED)
_17917_/A                               0.750000    0.974746   -0.224746 (VIOLATED)
_18214_/C1                              0.750000    0.974746   -0.224746 (VIOLATED)
_17858_/Y                               0.750000    0.972871   -0.222871 (VIOLATED)
_18112_/Y                               0.750000    0.972871   -0.222871 (VIOLATED)
_18119_/B1                              0.750000    0.972871   -0.222871 (VIOLATED)
_18166_/B1                              0.750000    0.972871   -0.222871 (VIOLATED)
_18205_/B1                              0.750000    0.972871   -0.222871 (VIOLATED)
_18296_/B1                              0.750000    0.972871   -0.222871 (VIOLATED)
_17873_/Y                               0.750000    0.970996   -0.220996 (VIOLATED)
_17918_/B1                              0.750000    0.970996   -0.220996 (VIOLATED)
_18006_/Y                               0.750000    0.970996   -0.220996 (VIOLATED)
_18031_/B1                              0.750000    0.970996   -0.220996 (VIOLATED)
_18216_/A                               0.750000    0.970996   -0.220996 (VIOLATED)
_18292_/A                               0.750000    0.970996   -0.220996 (VIOLATED)
_18366_/Y                               0.750000    0.969072   -0.219072 (VIOLATED)
_18370_/C1                              0.750000    0.969072   -0.219072 (VIOLATED)
_18380_/B1                              0.750000    0.969072   -0.219072 (VIOLATED)
_17910_/Y                               0.750000    0.959828   -0.209828 (VIOLATED)
_17911_/B                               0.750000    0.959828   -0.209828 (VIOLATED)
_18280_/A                               0.750000    0.959828   -0.209828 (VIOLATED)
_18086_/Y                               0.750000    0.959514   -0.209514 (VIOLATED)
_18089_/A                               0.750000    0.959514   -0.209514 (VIOLATED)
_18123_/C1                              0.750000    0.959514   -0.209514 (VIOLATED)
_18310_/B1                              0.750000    0.959514   -0.209514 (VIOLATED)
_17838_/Y                               0.750000    0.934720   -0.184720 (VIOLATED)
_18176_/B1                              0.750000    0.934720   -0.184720 (VIOLATED)
_18209_/B1_N                            0.750000    0.934720   -0.184720 (VIOLATED)
_18129_/Y                               0.750000    0.933873   -0.183873 (VIOLATED)
_18130_/B1                              0.750000    0.933873   -0.183873 (VIOLATED)
_18013_/Y                               0.750000    0.931619   -0.181619 (VIOLATED)
_18028_/B1                              0.750000    0.931619   -0.181619 (VIOLATED)
_18137_/Y                               0.750000    0.931619   -0.181619 (VIOLATED)
_18173_/B1                              0.750000    0.931619   -0.181619 (VIOLATED)
_18201_/B1                              0.750000    0.931619   -0.181619 (VIOLATED)
_18269_/B1                              0.750000    0.931619   -0.181619 (VIOLATED)
_18387_/Y                               0.750000    0.923026   -0.173026 (VIOLATED)
_18388_/B                               0.750000    0.923026   -0.173026 (VIOLATED)
_18088_/Y                               0.750000    0.910115   -0.160115 (VIOLATED)
_18090_/B                               0.750000    0.910115   -0.160115 (VIOLATED)
_18122_/B                               0.750000    0.910115   -0.160115 (VIOLATED)
_18141_/Y                               0.750000    0.908363   -0.158363 (VIOLATED)
_18142_/A                               0.750000    0.908363   -0.158363 (VIOLATED)
_18200_/A1                              0.750000    0.908363   -0.158363 (VIOLATED)
_18154_/Y                               0.750000    0.905227   -0.155227 (VIOLATED)
_18155_/A                               0.750000    0.905227   -0.155227 (VIOLATED)
_18170_/A2                              0.750000    0.905227   -0.155227 (VIOLATED)
_17955_/Y                               0.750000    0.904996   -0.154996 (VIOLATED)
_17956_/A                               0.750000    0.904996   -0.154996 (VIOLATED)
_17957_/B                               0.750000    0.904996   -0.154996 (VIOLATED)
_12170_/B                               0.750000    0.904171   -0.154171 (VIOLATED)
_12177_/B                               0.750000    0.904171   -0.154171 (VIOLATED)
_12180_/B                               0.750000    0.904171   -0.154171 (VIOLATED)
_12206_/A_N                             0.750000    0.904171   -0.154171 (VIOLATED)
_12772_/B                               0.750000    0.904171   -0.154171 (VIOLATED)
_12877_/B                               0.750000    0.904171   -0.154171 (VIOLATED)
_12879_/D                               0.750000    0.904171   -0.154171 (VIOLATED)
_12979_/B1                              0.750000    0.904171   -0.154171 (VIOLATED)
_13086_/B                               0.750000    0.904171   -0.154171 (VIOLATED)
_14117_/B                               0.750000    0.904171   -0.154171 (VIOLATED)
_14128_/B                               0.750000    0.904171   -0.154171 (VIOLATED)
_14245_/B                               0.750000    0.904171   -0.154171 (VIOLATED)
_14260_/B                               0.750000    0.904171   -0.154171 (VIOLATED)
_14266_/B                               0.750000    0.904171   -0.154171 (VIOLATED)
_14300_/B                               0.750000    0.904171   -0.154171 (VIOLATED)
_14366_/B                               0.750000    0.904171   -0.154171 (VIOLATED)
_14367_/D                               0.750000    0.904171   -0.154171 (VIOLATED)
_14375_/B1                              0.750000    0.904171   -0.154171 (VIOLATED)
_14438_/B                               0.750000    0.904171   -0.154171 (VIOLATED)
_14501_/B1                              0.750000    0.904171   -0.154171 (VIOLATED)
_14510_/B                               0.750000    0.904171   -0.154171 (VIOLATED)
_14568_/B                               0.750000    0.904171   -0.154171 (VIOLATED)
_14576_/D                               0.750000    0.904171   -0.154171 (VIOLATED)
_14628_/B1                              0.750000    0.904171   -0.154171 (VIOLATED)
_14683_/B                               0.750000    0.904171   -0.154171 (VIOLATED)
_14686_/B                               0.750000    0.904171   -0.154171 (VIOLATED)
_14728_/B                               0.750000    0.904171   -0.154171 (VIOLATED)
_14808_/B                               0.750000    0.904171   -0.154171 (VIOLATED)
_14835_/A2                              0.750000    0.904171   -0.154171 (VIOLATED)
_14848_/B                               0.750000    0.904171   -0.154171 (VIOLATED)
_14849_/D                               0.750000    0.904171   -0.154171 (VIOLATED)
_14896_/B1                              0.750000    0.904171   -0.154171 (VIOLATED)
_14937_/B                               0.750000    0.904171   -0.154171 (VIOLATED)
_14947_/B1                              0.750000    0.904171   -0.154171 (VIOLATED)
_14961_/B                               0.750000    0.904171   -0.154171 (VIOLATED)
_14968_/B                               0.750000    0.904171   -0.154171 (VIOLATED)
_14970_/B                               0.750000    0.904171   -0.154171 (VIOLATED)
_14987_/B1                              0.750000    0.904171   -0.154171 (VIOLATED)
_14992_/C                               0.750000    0.904171   -0.154171 (VIOLATED)
_15053_/B                               0.750000    0.904171   -0.154171 (VIOLATED)
_15146_/B                               0.750000    0.904171   -0.154171 (VIOLATED)
_15160_/B                               0.750000    0.904171   -0.154171 (VIOLATED)
_15229_/D                               0.750000    0.904171   -0.154171 (VIOLATED)
_15402_/B1                              0.750000    0.904171   -0.154171 (VIOLATED)
_18506_/Q                               0.750000    0.904171   -0.154171 (VIOLATED)
_17933_/Y                               0.750000    0.901261   -0.151261 (VIOLATED)
_18264_/A                               0.750000    0.901261   -0.151261 (VIOLATED)
_17966_/X                               0.750000    0.899690   -0.149690 (VIOLATED)
_17973_/B                               0.750000    0.899690   -0.149690 (VIOLATED)
_17992_/B                               0.750000    0.899690   -0.149690 (VIOLATED)
_09264_/Y                               0.750000    0.878751   -0.128751 (VIOLATED)
_09265_/A                               0.750000    0.878751   -0.128751 (VIOLATED)
_09289_/A                               0.750000    0.878751   -0.128751 (VIOLATED)
_16468_/A                               0.750000    0.878751   -0.128751 (VIOLATED)
_16674_/A                               0.750000    0.878751   -0.128751 (VIOLATED)
_16675_/A                               0.750000    0.878751   -0.128751 (VIOLATED)
_16704_/A                               0.750000    0.878751   -0.128751 (VIOLATED)
_17193_/A                               0.750000    0.878751   -0.128751 (VIOLATED)
_17253_/A                               0.750000    0.878751   -0.128751 (VIOLATED)
_17255_/A                               0.750000    0.878751   -0.128751 (VIOLATED)
_17388_/A                               0.750000    0.878751   -0.128751 (VIOLATED)
_17389_/A                               0.750000    0.878751   -0.128751 (VIOLATED)
_17453_/B2                              0.750000    0.878751   -0.128751 (VIOLATED)
_18001_/Y                               0.750000    0.870742   -0.120742 (VIOLATED)
_18033_/C1                              0.750000    0.870742   -0.120742 (VIOLATED)
_18326_/B1                              0.750000    0.870742   -0.120742 (VIOLATED)
_17964_/Y                               0.750000    0.868945   -0.118945 (VIOLATED)
_17993_/C1                              0.750000    0.868945   -0.118945 (VIOLATED)
_18331_/B1_N                            0.750000    0.868945   -0.118945 (VIOLATED)
_18044_/Y                               0.750000    0.866757   -0.116757 (VIOLATED)
_18127_/C1                              0.750000    0.866757   -0.116757 (VIOLATED)
_18314_/B1                              0.750000    0.866757   -0.116757 (VIOLATED)
_17997_/Y                               0.750000    0.851675   -0.101675 (VIOLATED)
_18033_/D1                              0.750000    0.851675   -0.101675 (VIOLATED)
_17960_/Y                               0.750000    0.847368   -0.097368 (VIOLATED)
_17993_/D1                              0.750000    0.847368   -0.097368 (VIOLATED)
_18104_/Y                               0.750000    0.846765   -0.096765 (VIOLATED)
_18120_/C1                              0.750000    0.846765   -0.096765 (VIOLATED)
_17909_/Y                               0.750000    0.842974   -0.092974 (VIOLATED)
_17916_/C1                              0.750000    0.842974   -0.092974 (VIOLATED)
_09204_/A                               0.750000    0.842814   -0.092814 (VIOLATED)
_09205_/A                               0.750000    0.842814   -0.092814 (VIOLATED)
_09206_/A                               0.750000    0.842814   -0.092814 (VIOLATED)
_09207_/A                               0.750000    0.842814   -0.092814 (VIOLATED)
_09208_/A                               0.750000    0.842814   -0.092814 (VIOLATED)
_09209_/B1                              0.750000    0.842814   -0.092814 (VIOLATED)
_09213_/A                               0.750000    0.842814   -0.092814 (VIOLATED)
_09214_/A                               0.750000    0.842814   -0.092814 (VIOLATED)
_09219_/A                               0.750000    0.842814   -0.092814 (VIOLATED)
_09220_/A                               0.750000    0.842814   -0.092814 (VIOLATED)
_09222_/A                               0.750000    0.842814   -0.092814 (VIOLATED)
_09223_/B1                              0.750000    0.842814   -0.092814 (VIOLATED)
_09225_/A                               0.750000    0.842814   -0.092814 (VIOLATED)
_09226_/A                               0.750000    0.842814   -0.092814 (VIOLATED)
_09227_/B1                              0.750000    0.842814   -0.092814 (VIOLATED)
_09229_/A                               0.750000    0.842814   -0.092814 (VIOLATED)
_09233_/A                               0.750000    0.842814   -0.092814 (VIOLATED)
_09234_/A                               0.750000    0.842814   -0.092814 (VIOLATED)
_09235_/B1                              0.750000    0.842814   -0.092814 (VIOLATED)
_09236_/A                               0.750000    0.842814   -0.092814 (VIOLATED)
_09266_/A                               0.750000    0.842814   -0.092814 (VIOLATED)
_09267_/A                               0.750000    0.842814   -0.092814 (VIOLATED)
_09268_/A                               0.750000    0.842814   -0.092814 (VIOLATED)
_09269_/B1                              0.750000    0.842814   -0.092814 (VIOLATED)
_09271_/A1                              0.750000    0.842814   -0.092814 (VIOLATED)
_09272_/A                               0.750000    0.842814   -0.092814 (VIOLATED)
_09273_/A                               0.750000    0.842814   -0.092814 (VIOLATED)
_09274_/A                               0.750000    0.842814   -0.092814 (VIOLATED)
_09275_/B1                              0.750000    0.842814   -0.092814 (VIOLATED)
_09286_/A                               0.750000    0.842814   -0.092814 (VIOLATED)
_09292_/A                               0.750000    0.842814   -0.092814 (VIOLATED)
_09294_/B                               0.750000    0.842814   -0.092814 (VIOLATED)
_09297_/B1                              0.750000    0.842814   -0.092814 (VIOLATED)
_09303_/A                               0.750000    0.842814   -0.092814 (VIOLATED)
_09304_/A                               0.750000    0.842814   -0.092814 (VIOLATED)
_09305_/A                               0.750000    0.842814   -0.092814 (VIOLATED)
_09306_/B1                              0.750000    0.842814   -0.092814 (VIOLATED)
_09313_/A                               0.750000    0.842814   -0.092814 (VIOLATED)
_09316_/A1                              0.750000    0.842814   -0.092814 (VIOLATED)
_09328_/A                               0.750000    0.842814   -0.092814 (VIOLATED)
_09329_/B2                              0.750000    0.842814   -0.092814 (VIOLATED)
_09341_/B1                              0.750000    0.842814   -0.092814 (VIOLATED)
_09343_/A1                              0.750000    0.842814   -0.092814 (VIOLATED)
_09348_/A                               0.750000    0.842814   -0.092814 (VIOLATED)
_09349_/A                               0.750000    0.842814   -0.092814 (VIOLATED)
_09392_/A_N                             0.750000    0.842814   -0.092814 (VIOLATED)
_09395_/A1                              0.750000    0.842814   -0.092814 (VIOLATED)
_18569_/Q                               0.750000    0.842814   -0.092814 (VIOLATED)
_18020_/Y                               0.750000    0.842518   -0.092518 (VIOLATED)
_18029_/B1                              0.750000    0.842518   -0.092518 (VIOLATED)
_18245_/B1                              0.750000    0.842518   -0.092518 (VIOLATED)
_18076_/Y                               0.750000    0.819311   -0.069311 (VIOLATED)
_18077_/B                               0.750000    0.819311   -0.069311 (VIOLATED)
_18105_/Y                               0.750000    0.819311   -0.069311 (VIOLATED)
_18106_/B                               0.750000    0.819311   -0.069311 (VIOLATED)
_18374_/Y                               0.750000    0.819311   -0.069311 (VIOLATED)
_18375_/B                               0.750000    0.819311   -0.069311 (VIOLATED)
_17854_/Y                               0.750000    0.799566   -0.049566 (VIOLATED)
_17855_/A                               0.750000    0.799566   -0.049566 (VIOLATED)
_17861_/Y                               0.750000    0.799566   -0.049566 (VIOLATED)
_17862_/A                               0.750000    0.799566   -0.049566 (VIOLATED)
_17903_/Y                               0.750000    0.791889   -0.041889 (VIOLATED)
_18276_/B1                              0.750000    0.791889   -0.041889 (VIOLATED)
_09291_/Y                               0.750000    0.781841   -0.031841 (VIOLATED)
_09302_/A                               0.750000    0.781841   -0.031841 (VIOLATED)
_09319_/A1                              0.750000    0.781841   -0.031841 (VIOLATED)
_17249_/A                               0.750000    0.781841   -0.031841 (VIOLATED)
_17274_/A                               0.750000    0.781841   -0.031841 (VIOLATED)
_17275_/A1                              0.750000    0.781841   -0.031841 (VIOLATED)
_17463_/A                               0.750000    0.781841   -0.031841 (VIOLATED)
_17465_/A1                              0.750000    0.781841   -0.031841 (VIOLATED)
_17482_/A                               0.750000    0.781841   -0.031841 (VIOLATED)
_17483_/A1                              0.750000    0.781841   -0.031841 (VIOLATED)
_17499_/A1                              0.750000    0.781841   -0.031841 (VIOLATED)
_10678_/A_N                             0.750000    0.776790   -0.026790 (VIOLATED)
_10793_/B                               0.750000    0.776790   -0.026790 (VIOLATED)
_10910_/B                               0.750000    0.776790   -0.026790 (VIOLATED)
_12236_/B                               0.750000    0.776790   -0.026790 (VIOLATED)
_12238_/B                               0.750000    0.776790   -0.026790 (VIOLATED)
_12286_/B                               0.750000    0.776790   -0.026790 (VIOLATED)
_12302_/B                               0.750000    0.776790   -0.026790 (VIOLATED)
_12404_/B                               0.750000    0.776790   -0.026790 (VIOLATED)
_12405_/B                               0.750000    0.776790   -0.026790 (VIOLATED)
_12406_/A2                              0.750000    0.776790   -0.026790 (VIOLATED)
_12407_/A2                              0.750000    0.776790   -0.026790 (VIOLATED)
_12583_/B1                              0.750000    0.776790   -0.026790 (VIOLATED)
_12667_/B                               0.750000    0.776790   -0.026790 (VIOLATED)
_12798_/B                               0.750000    0.776790   -0.026790 (VIOLATED)
_12799_/B                               0.750000    0.776790   -0.026790 (VIOLATED)
_13014_/B                               0.750000    0.776790   -0.026790 (VIOLATED)
_13133_/B                               0.750000    0.776790   -0.026790 (VIOLATED)
_13134_/B                               0.750000    0.776790   -0.026790 (VIOLATED)
_13242_/B                               0.750000    0.776790   -0.026790 (VIOLATED)
_13243_/B                               0.750000    0.776790   -0.026790 (VIOLATED)
_13432_/B                               0.750000    0.776790   -0.026790 (VIOLATED)
_13534_/B                               0.750000    0.776790   -0.026790 (VIOLATED)
_13535_/B                               0.750000    0.776790   -0.026790 (VIOLATED)
_13536_/A2                              0.750000    0.776790   -0.026790 (VIOLATED)
_13707_/B1                              0.750000    0.776790   -0.026790 (VIOLATED)
_14149_/B                               0.750000    0.776790   -0.026790 (VIOLATED)
_14151_/B                               0.750000    0.776790   -0.026790 (VIOLATED)
_14171_/B                               0.750000    0.776790   -0.026790 (VIOLATED)
_14233_/B                               0.750000    0.776790   -0.026790 (VIOLATED)
_14270_/B                               0.750000    0.776790   -0.026790 (VIOLATED)
_14271_/B                               0.750000    0.776790   -0.026790 (VIOLATED)
_14409_/B                               0.750000    0.776790   -0.026790 (VIOLATED)
_14410_/B                               0.750000    0.776790   -0.026790 (VIOLATED)
_14538_/B                               0.750000    0.776790   -0.026790 (VIOLATED)
_14651_/D                               0.750000    0.776790   -0.026790 (VIOLATED)
_14659_/B1                              0.750000    0.776790   -0.026790 (VIOLATED)
_14700_/C                               0.750000    0.776790   -0.026790 (VIOLATED)
_14708_/A2                              0.750000    0.776790   -0.026790 (VIOLATED)
_15136_/B                               0.750000    0.776790   -0.026790 (VIOLATED)
_18518_/Q                               0.750000    0.776790   -0.026790 (VIOLATED)
_09782_/B                               0.750000    0.774303   -0.024303 (VIOLATED)
_09784_/B                               0.750000    0.774303   -0.024303 (VIOLATED)
_09789_/B                               0.750000    0.774303   -0.024303 (VIOLATED)
_09867_/B                               0.750000    0.774303   -0.024303 (VIOLATED)
_09962_/B                               0.750000    0.774303   -0.024303 (VIOLATED)
_09963_/B                               0.750000    0.774303   -0.024303 (VIOLATED)
_10043_/B                               0.750000    0.774303   -0.024303 (VIOLATED)
_10044_/B                               0.750000    0.774303   -0.024303 (VIOLATED)
_10045_/B                               0.750000    0.774303   -0.024303 (VIOLATED)
_10393_/B                               0.750000    0.774303   -0.024303 (VIOLATED)
_10517_/B                               0.750000    0.774303   -0.024303 (VIOLATED)
_10518_/B                               0.750000    0.774303   -0.024303 (VIOLATED)
_10754_/B                               0.750000    0.774303   -0.024303 (VIOLATED)
_10994_/B                               0.750000    0.774303   -0.024303 (VIOLATED)
_10995_/B                               0.750000    0.774303   -0.024303 (VIOLATED)
_11242_/B                               0.750000    0.774303   -0.024303 (VIOLATED)
_11269_/B                               0.750000    0.774303   -0.024303 (VIOLATED)
_11270_/B                               0.750000    0.774303   -0.024303 (VIOLATED)
_11271_/B1                              0.750000    0.774303   -0.024303 (VIOLATED)
_11278_/B                               0.750000    0.774303   -0.024303 (VIOLATED)
_11279_/B                               0.750000    0.774303   -0.024303 (VIOLATED)
_11420_/B1                              0.750000    0.774303   -0.024303 (VIOLATED)
_11636_/B                               0.750000    0.774303   -0.024303 (VIOLATED)
_11756_/B                               0.750000    0.774303   -0.024303 (VIOLATED)
_11757_/B                               0.750000    0.774303   -0.024303 (VIOLATED)
_11758_/B                               0.750000    0.774303   -0.024303 (VIOLATED)
_11759_/A2                              0.750000    0.774303   -0.024303 (VIOLATED)
_11827_/B                               0.750000    0.774303   -0.024303 (VIOLATED)
_13621_/B                               0.750000    0.774303   -0.024303 (VIOLATED)
_13622_/C                               0.750000    0.774303   -0.024303 (VIOLATED)
_13779_/B                               0.750000    0.774303   -0.024303 (VIOLATED)
_13913_/D                               0.750000    0.774303   -0.024303 (VIOLATED)
_13918_/B1                              0.750000    0.774303   -0.024303 (VIOLATED)
_15560_/B                               0.750000    0.774303   -0.024303 (VIOLATED)
_15562_/B                               0.750000    0.774303   -0.024303 (VIOLATED)
_15928_/A_N                             0.750000    0.774303   -0.024303 (VIOLATED)
_15942_/B                               0.750000    0.774303   -0.024303 (VIOLATED)
_15958_/B                               0.750000    0.774303   -0.024303 (VIOLATED)
_16127_/B                               0.750000    0.774303   -0.024303 (VIOLATED)
_18545_/Q                               0.750000    0.774303   -0.024303 (VIOLATED)
_09752_/B                               0.750000    0.774090   -0.024090 (VIOLATED)
_09756_/B                               0.750000    0.774090   -0.024090 (VIOLATED)
_09757_/B                               0.750000    0.774090   -0.024090 (VIOLATED)
_09856_/B                               0.750000    0.774090   -0.024090 (VIOLATED)
_09954_/B                               0.750000    0.774090   -0.024090 (VIOLATED)
_09955_/B                               0.750000    0.774090   -0.024090 (VIOLATED)
_10031_/B                               0.750000    0.774090   -0.024090 (VIOLATED)
_10032_/A2                              0.750000    0.774090   -0.024090 (VIOLATED)
_10384_/B                               0.750000    0.774090   -0.024090 (VIOLATED)
_10511_/B                               0.750000    0.774090   -0.024090 (VIOLATED)
_10512_/B                               0.750000    0.774090   -0.024090 (VIOLATED)
_10747_/B                               0.750000    0.774090   -0.024090 (VIOLATED)
_10866_/B                               0.750000    0.774090   -0.024090 (VIOLATED)
_10867_/B                               0.750000    0.774090   -0.024090 (VIOLATED)
_11102_/B                               0.750000    0.774090   -0.024090 (VIOLATED)
_11219_/B                               0.750000    0.774090   -0.024090 (VIOLATED)
_11249_/B                               0.750000    0.774090   -0.024090 (VIOLATED)
_11250_/B                               0.750000    0.774090   -0.024090 (VIOLATED)
_11295_/B                               0.750000    0.774090   -0.024090 (VIOLATED)
_11296_/B                               0.750000    0.774090   -0.024090 (VIOLATED)
_11647_/B                               0.750000    0.774090   -0.024090 (VIOLATED)
_11764_/B                               0.750000    0.774090   -0.024090 (VIOLATED)
_11765_/B                               0.750000    0.774090   -0.024090 (VIOLATED)
_11766_/B                               0.750000    0.774090   -0.024090 (VIOLATED)
_11767_/A2                              0.750000    0.774090   -0.024090 (VIOLATED)
_11816_/B                               0.750000    0.774090   -0.024090 (VIOLATED)
_13201_/B                               0.750000    0.774090   -0.024090 (VIOLATED)
_13218_/D                               0.750000    0.774090   -0.024090 (VIOLATED)
_13219_/B1                              0.750000    0.774090   -0.024090 (VIOLATED)
_13385_/C                               0.750000    0.774090   -0.024090 (VIOLATED)
_13386_/A2                              0.750000    0.774090   -0.024090 (VIOLATED)
_13626_/B                               0.750000    0.774090   -0.024090 (VIOLATED)
_13627_/B                               0.750000    0.774090   -0.024090 (VIOLATED)
_13628_/B                               0.750000    0.774090   -0.024090 (VIOLATED)
_13629_/A2                              0.750000    0.774090   -0.024090 (VIOLATED)
_15975_/A_N                             0.750000    0.774090   -0.024090 (VIOLATED)
_15997_/B                               0.750000    0.774090   -0.024090 (VIOLATED)
_16025_/B                               0.750000    0.774090   -0.024090 (VIOLATED)
_18542_/Q                               0.750000    0.774090   -0.024090 (VIOLATED)
_09290_/Y                               0.750000    0.771303   -0.021303 (VIOLATED)
_09324_/A                               0.750000    0.771303   -0.021303 (VIOLATED)
_09338_/A                               0.750000    0.771303   -0.021303 (VIOLATED)
_09409_/A                               0.750000    0.771303   -0.021303 (VIOLATED)
_09509_/A                               0.750000    0.771303   -0.021303 (VIOLATED)
_09560_/A                               0.750000    0.771303   -0.021303 (VIOLATED)
_17455_/A1                              0.750000    0.771303   -0.021303 (VIOLATED)
_17467_/A                               0.750000    0.771303   -0.021303 (VIOLATED)
_17468_/A                               0.750000    0.771303   -0.021303 (VIOLATED)
_17609_/A                               0.750000    0.771303   -0.021303 (VIOLATED)
_17681_/A                               0.750000    0.771303   -0.021303 (VIOLATED)
_17717_/A                               0.750000    0.771303   -0.021303 (VIOLATED)
_17733_/A                               0.750000    0.771303   -0.021303 (VIOLATED)
_09607_/A                               0.750000    0.769983   -0.019983 (VIOLATED)
_10213_/B                               0.750000    0.769983   -0.019983 (VIOLATED)
_10326_/B                               0.750000    0.769983   -0.019983 (VIOLATED)
_10561_/B                               0.750000    0.769983   -0.019983 (VIOLATED)
_10562_/B                               0.750000    0.769983   -0.019983 (VIOLATED)
_10797_/B                               0.750000    0.769983   -0.019983 (VIOLATED)
_10921_/B                               0.750000    0.769983   -0.019983 (VIOLATED)
_10922_/B                               0.750000    0.769983   -0.019983 (VIOLATED)
_12318_/B                               0.750000    0.769983   -0.019983 (VIOLATED)
_12335_/B                               0.750000    0.769983   -0.019983 (VIOLATED)
_12337_/B                               0.750000    0.769983   -0.019983 (VIOLATED)
_12353_/B                               0.750000    0.769983   -0.019983 (VIOLATED)
_12354_/B                               0.750000    0.769983   -0.019983 (VIOLATED)
_12587_/B                               0.750000    0.769983   -0.019983 (VIOLATED)
_12686_/B                               0.750000    0.769983   -0.019983 (VIOLATED)
_12687_/B                               0.750000    0.769983   -0.019983 (VIOLATED)
_12820_/B                               0.750000    0.769983   -0.019983 (VIOLATED)
_12931_/B                               0.750000    0.769983   -0.019983 (VIOLATED)
_12932_/B                               0.750000    0.769983   -0.019983 (VIOLATED)
_13143_/B                               0.750000    0.769983   -0.019983 (VIOLATED)
_13324_/B                               0.750000    0.769983   -0.019983 (VIOLATED)
_13452_/B                               0.750000    0.769983   -0.019983 (VIOLATED)
_13453_/B                               0.750000    0.769983   -0.019983 (VIOLATED)
_13454_/A2                              0.750000    0.769983   -0.019983 (VIOLATED)
_13556_/B1                              0.750000    0.769983   -0.019983 (VIOLATED)
_13713_/B                               0.750000    0.769983   -0.019983 (VIOLATED)
_14061_/B                               0.750000    0.769983   -0.019983 (VIOLATED)
_14063_/B                               0.750000    0.769983   -0.019983 (VIOLATED)
_14064_/B                               0.750000    0.769983   -0.019983 (VIOLATED)
_14069_/B                               0.750000    0.769983   -0.019983 (VIOLATED)
_14216_/D                               0.750000    0.769983   -0.019983 (VIOLATED)
_14224_/B1                              0.750000    0.769983   -0.019983 (VIOLATED)
_14337_/B1                              0.750000    0.769983   -0.019983 (VIOLATED)
_14405_/C                               0.750000    0.769983   -0.019983 (VIOLATED)
_14413_/A2                              0.750000    0.769983   -0.019983 (VIOLATED)
_15099_/B                               0.750000    0.769983   -0.019983 (VIOLATED)
_15174_/B                               0.750000    0.769983   -0.019983 (VIOLATED)
_15175_/B                               0.750000    0.769983   -0.019983 (VIOLATED)
_18523_/Q                               0.750000    0.769983   -0.019983 (VIOLATED)
_09740_/B                               0.750000    0.767351   -0.017351 (VIOLATED)
_09748_/B                               0.750000    0.767351   -0.017351 (VIOLATED)
_09750_/B                               0.750000    0.767351   -0.017351 (VIOLATED)
_09769_/B                               0.750000    0.767351   -0.017351 (VIOLATED)
_09857_/B                               0.750000    0.767351   -0.017351 (VIOLATED)
_10032_/B1                              0.750000    0.767351   -0.017351 (VIOLATED)
_10124_/B                               0.750000    0.767351   -0.017351 (VIOLATED)
_10272_/B                               0.750000    0.767351   -0.017351 (VIOLATED)
_10273_/B                               0.750000    0.767351   -0.017351 (VIOLATED)
_10504_/B                               0.750000    0.767351   -0.017351 (VIOLATED)
_10622_/B                               0.750000    0.767351   -0.017351 (VIOLATED)
_10623_/B                               0.750000    0.767351   -0.017351 (VIOLATED)
_10861_/B                               0.750000    0.767351   -0.017351 (VIOLATED)
_10979_/B                               0.750000    0.767351   -0.017351 (VIOLATED)
_10980_/B                               0.750000    0.767351   -0.017351 (VIOLATED)
_11203_/B                               0.750000    0.767351   -0.017351 (VIOLATED)
_11220_/B                               0.750000    0.767351   -0.017351 (VIOLATED)
_11221_/B                               0.750000    0.767351   -0.017351 (VIOLATED)
_11262_/B                               0.750000    0.767351   -0.017351 (VIOLATED)
_11263_/B                               0.750000    0.767351   -0.017351 (VIOLATED)
_11443_/B                               0.750000    0.767351   -0.017351 (VIOLATED)
_11644_/B                               0.750000    0.767351   -0.017351 (VIOLATED)
_11645_/B                               0.750000    0.767351   -0.017351 (VIOLATED)
_11646_/B                               0.750000    0.767351   -0.017351 (VIOLATED)
_11767_/B1                              0.750000    0.767351   -0.017351 (VIOLATED)
_12738_/B                               0.750000    0.767351   -0.017351 (VIOLATED)
_12739_/C                               0.750000    0.767351   -0.017351 (VIOLATED)
_13202_/B                               0.750000    0.767351   -0.017351 (VIOLATED)
_13205_/B                               0.750000    0.767351   -0.017351 (VIOLATED)
_13207_/A2                              0.750000    0.767351   -0.017351 (VIOLATED)
_13211_/B                               0.750000    0.767351   -0.017351 (VIOLATED)
_13385_/D                               0.750000    0.767351   -0.017351 (VIOLATED)
_13386_/B1                              0.750000    0.767351   -0.017351 (VIOLATED)
_13629_/B1                              0.750000    0.767351   -0.017351 (VIOLATED)
_13767_/B                               0.750000    0.767351   -0.017351 (VIOLATED)
_15996_/A_N                             0.750000    0.767351   -0.017351 (VIOLATED)
_16024_/B                               0.750000    0.767351   -0.017351 (VIOLATED)
_16122_/B                               0.750000    0.767351   -0.017351 (VIOLATED)
_18541_/Q                               0.750000    0.767351   -0.017351 (VIOLATED)
_12173_/B                               0.750000    0.766303   -0.016303 (VIOLATED)
_12175_/B                               0.750000    0.766303   -0.016303 (VIOLATED)
_12178_/B                               0.750000    0.766303   -0.016303 (VIOLATED)
_12179_/B                               0.750000    0.766303   -0.016303 (VIOLATED)
_12263_/A_N                             0.750000    0.766303   -0.016303 (VIOLATED)
_12879_/C                               0.750000    0.766303   -0.016303 (VIOLATED)
_12979_/A2                              0.750000    0.766303   -0.016303 (VIOLATED)
_12982_/B                               0.750000    0.766303   -0.016303 (VIOLATED)
_12983_/B                               0.750000    0.766303   -0.016303 (VIOLATED)
_14105_/B                               0.750000    0.766303   -0.016303 (VIOLATED)
_14107_/B                               0.750000    0.766303   -0.016303 (VIOLATED)
_14116_/B                               0.750000    0.766303   -0.016303 (VIOLATED)
_14244_/B                               0.750000    0.766303   -0.016303 (VIOLATED)
_14299_/B                               0.750000    0.766303   -0.016303 (VIOLATED)
_14301_/B                               0.750000    0.766303   -0.016303 (VIOLATED)
_14367_/C                               0.750000    0.766303   -0.016303 (VIOLATED)
_14375_/A2                              0.750000    0.766303   -0.016303 (VIOLATED)
_14444_/B                               0.750000    0.766303   -0.016303 (VIOLATED)
_14445_/B                               0.750000    0.766303   -0.016303 (VIOLATED)
_14501_/A2                              0.750000    0.766303   -0.016303 (VIOLATED)
_14576_/C                               0.750000    0.766303   -0.016303 (VIOLATED)
_14628_/A2                              0.750000    0.766303   -0.016303 (VIOLATED)
_14633_/B                               0.750000    0.766303   -0.016303 (VIOLATED)
_14634_/B                               0.750000    0.766303   -0.016303 (VIOLATED)
_14777_/B                               0.750000    0.766303   -0.016303 (VIOLATED)
_14778_/B                               0.750000    0.766303   -0.016303 (VIOLATED)
_14849_/C                               0.750000    0.766303   -0.016303 (VIOLATED)
_14896_/A2                              0.750000    0.766303   -0.016303 (VIOLATED)
_14910_/B                               0.750000    0.766303   -0.016303 (VIOLATED)
_14911_/B                               0.750000    0.766303   -0.016303 (VIOLATED)
_14947_/A2                              0.750000    0.766303   -0.016303 (VIOLATED)
_14987_/A2                              0.750000    0.766303   -0.016303 (VIOLATED)
_14991_/B                               0.750000    0.766303   -0.016303 (VIOLATED)
_14992_/B                               0.750000    0.766303   -0.016303 (VIOLATED)
_15052_/B                               0.750000    0.766303   -0.016303 (VIOLATED)
_15229_/C                               0.750000    0.766303   -0.016303 (VIOLATED)
_15402_/A2                              0.750000    0.766303   -0.016303 (VIOLATED)
_18507_/Q                               0.750000    0.766303   -0.016303 (VIOLATED)
_09699_/B                               0.750000    0.765357   -0.015357 (VIOLATED)
_09741_/B                               0.750000    0.765357   -0.015357 (VIOLATED)
_09742_/B                               0.750000    0.765357   -0.015357 (VIOLATED)
_09749_/B                               0.750000    0.765357   -0.015357 (VIOLATED)
_09751_/B                               0.750000    0.765357   -0.015357 (VIOLATED)
_10022_/B                               0.750000    0.765357   -0.015357 (VIOLATED)
_10125_/B                               0.750000    0.765357   -0.015357 (VIOLATED)
_10126_/B                               0.750000    0.765357   -0.015357 (VIOLATED)
_10127_/B                               0.750000    0.765357   -0.015357 (VIOLATED)
_10128_/A2                              0.750000    0.765357   -0.015357 (VIOLATED)
_10256_/B                               0.750000    0.765357   -0.015357 (VIOLATED)
_10382_/B                               0.750000    0.765357   -0.015357 (VIOLATED)
_10383_/B                               0.750000    0.765357   -0.015357 (VIOLATED)
_10615_/B                               0.750000    0.765357   -0.015357 (VIOLATED)
_10745_/B                               0.750000    0.765357   -0.015357 (VIOLATED)
_10746_/B                               0.750000    0.765357   -0.015357 (VIOLATED)
_10975_/B                               0.750000    0.765357   -0.015357 (VIOLATED)
_11100_/B                               0.750000    0.765357   -0.015357 (VIOLATED)
_11101_/B                               0.750000    0.765357   -0.015357 (VIOLATED)
_11205_/B                               0.750000    0.765357   -0.015357 (VIOLATED)
_11207_/B                               0.750000    0.765357   -0.015357 (VIOLATED)
_11213_/B                               0.750000    0.765357   -0.015357 (VIOLATED)
_11304_/B                               0.750000    0.765357   -0.015357 (VIOLATED)
_11441_/B                               0.750000    0.765357   -0.015357 (VIOLATED)
_11442_/B                               0.750000    0.765357   -0.015357 (VIOLATED)
_11770_/B                               0.750000    0.765357   -0.015357 (VIOLATED)
_12139_/B                               0.750000    0.765357   -0.015357 (VIOLATED)
_12140_/B                               0.750000    0.765357   -0.015357 (VIOLATED)
_12142_/C                               0.750000    0.765357   -0.015357 (VIOLATED)
_12739_/D                               0.750000    0.765357   -0.015357 (VIOLATED)
_13203_/B                               0.750000    0.765357   -0.015357 (VIOLATED)
_13204_/B                               0.750000    0.765357   -0.015357 (VIOLATED)
_13206_/B                               0.750000    0.765357   -0.015357 (VIOLATED)
_13207_/B1                              0.750000    0.765357   -0.015357 (VIOLATED)
_13216_/B                               0.750000    0.765357   -0.015357 (VIOLATED)
_13611_/B                               0.750000    0.765357   -0.015357 (VIOLATED)
_16023_/A_N                             0.750000    0.765357   -0.015357 (VIOLATED)
_16121_/B                               0.750000    0.765357   -0.015357 (VIOLATED)
_18540_/Q                               0.750000    0.765357   -0.015357 (VIOLATED)
_09672_/B                               0.750000    0.761507   -0.011507 (VIOLATED)
_09674_/B                               0.750000    0.761507   -0.011507 (VIOLATED)
_09679_/B                               0.750000    0.761507   -0.011507 (VIOLATED)
_09723_/B                               0.750000    0.761507   -0.011507 (VIOLATED)
_09839_/B                               0.750000    0.761507   -0.011507 (VIOLATED)
_09840_/B                               0.750000    0.761507   -0.011507 (VIOLATED)
_10103_/B                               0.750000    0.761507   -0.011507 (VIOLATED)
_10249_/B                               0.750000    0.761507   -0.011507 (VIOLATED)
_10250_/B                               0.750000    0.761507   -0.011507 (VIOLATED)
_10480_/B                               0.750000    0.761507   -0.011507 (VIOLATED)
_10481_/B                               0.750000    0.761507   -0.011507 (VIOLATED)
_10597_/B                               0.750000    0.761507   -0.011507 (VIOLATED)
_10598_/B                               0.750000    0.761507   -0.011507 (VIOLATED)
_10836_/B                               0.750000    0.761507   -0.011507 (VIOLATED)
_10964_/B                               0.750000    0.761507   -0.011507 (VIOLATED)
_10965_/B                               0.750000    0.761507   -0.011507 (VIOLATED)
_11184_/B                               0.750000    0.761507   -0.011507 (VIOLATED)
_11186_/B                               0.750000    0.761507   -0.011507 (VIOLATED)
_11196_/B                               0.750000    0.761507   -0.011507 (VIOLATED)
_11234_/B                               0.750000    0.761507   -0.011507 (VIOLATED)
_11307_/A_N                             0.750000    0.761507   -0.011507 (VIOLATED)
_11797_/A2                              0.750000    0.761507   -0.011507 (VIOLATED)
_12153_/B                               0.750000    0.761507   -0.011507 (VIOLATED)
_12154_/B                               0.750000    0.761507   -0.011507 (VIOLATED)
_12508_/B                               0.750000    0.761507   -0.011507 (VIOLATED)
_12631_/B                               0.750000    0.761507   -0.011507 (VIOLATED)
_12730_/B                               0.750000    0.761507   -0.011507 (VIOLATED)
_12731_/B                               0.750000    0.761507   -0.011507 (VIOLATED)
_12843_/D                               0.750000    0.761507   -0.011507 (VIOLATED)
_12850_/B1                              0.750000    0.761507   -0.011507 (VIOLATED)
_12947_/C                               0.750000    0.761507   -0.011507 (VIOLATED)
_12955_/A2                              0.750000    0.761507   -0.011507 (VIOLATED)
_13350_/B                               0.750000    0.761507   -0.011507 (VIOLATED)
_13478_/B                               0.750000    0.761507   -0.011507 (VIOLATED)
_13479_/B                               0.750000    0.761507   -0.011507 (VIOLATED)
_13480_/A2                              0.750000    0.761507   -0.011507 (VIOLATED)
_13586_/B1                              0.750000    0.761507   -0.011507 (VIOLATED)
_13757_/B                               0.750000    0.761507   -0.011507 (VIOLATED)
_18535_/Q                               0.750000    0.761507   -0.011507 (VIOLATED)
_10555_/A_N                             0.750000    0.760919   -0.010919 (VIOLATED)
_10679_/B                               0.750000    0.760919   -0.010919 (VIOLATED)
_10794_/B                               0.750000    0.760919   -0.010919 (VIOLATED)
_11028_/B                               0.750000    0.760919   -0.010919 (VIOLATED)
_11029_/B                               0.750000    0.760919   -0.010919 (VIOLATED)
_11030_/B                               0.750000    0.760919   -0.010919 (VIOLATED)
_12235_/B                               0.750000    0.760919   -0.010919 (VIOLATED)
_12252_/B                               0.750000    0.760919   -0.010919 (VIOLATED)
_12253_/B                               0.750000    0.760919   -0.010919 (VIOLATED)
_12310_/B                               0.750000    0.760919   -0.010919 (VIOLATED)
_12311_/B                               0.750000    0.760919   -0.010919 (VIOLATED)
_12403_/B                               0.750000    0.760919   -0.010919 (VIOLATED)
_12581_/B                               0.750000    0.760919   -0.010919 (VIOLATED)
_12582_/B                               0.750000    0.760919   -0.010919 (VIOLATED)
_12583_/A2                              0.750000    0.760919   -0.010919 (VIOLATED)
_12681_/B1                              0.750000    0.760919   -0.010919 (VIOLATED)
_12907_/B                               0.750000    0.760919   -0.010919 (VIOLATED)
_13028_/B                               0.750000    0.760919   -0.010919 (VIOLATED)
_13029_/B                               0.750000    0.760919   -0.010919 (VIOLATED)
_13241_/B                               0.750000    0.760919   -0.010919 (VIOLATED)
_13315_/B                               0.750000    0.760919   -0.010919 (VIOLATED)
_13316_/B                               0.750000    0.760919   -0.010919 (VIOLATED)
_13533_/B                               0.750000    0.760919   -0.010919 (VIOLATED)
_13707_/A2                              0.750000    0.760919   -0.010919 (VIOLATED)
_14153_/B                               0.750000    0.760919   -0.010919 (VIOLATED)
_14157_/B                               0.750000    0.760919   -0.010919 (VIOLATED)
_14158_/B                               0.750000    0.760919   -0.010919 (VIOLATED)
_14220_/B                               0.750000    0.760919   -0.010919 (VIOLATED)
_14221_/B                               0.750000    0.760919   -0.010919 (VIOLATED)
_14269_/B                               0.750000    0.760919   -0.010919 (VIOLATED)
_14475_/B                               0.750000    0.760919   -0.010919 (VIOLATED)
_14596_/D                               0.750000    0.760919   -0.010919 (VIOLATED)
_14603_/B1                              0.750000    0.760919   -0.010919 (VIOLATED)
_14651_/C                               0.750000    0.760919   -0.010919 (VIOLATED)
_14659_/A2                              0.750000    0.760919   -0.010919 (VIOLATED)
_15075_/B                               0.750000    0.760919   -0.010919 (VIOLATED)
_15076_/B                               0.750000    0.760919   -0.010919 (VIOLATED)
_15266_/B                               0.750000    0.760919   -0.010919 (VIOLATED)
_18519_/Q                               0.750000    0.760919   -0.010919 (VIOLATED)
_09249_/A                               0.750000    0.760774   -0.010774 (VIOLATED)
_09278_/B                               0.750000    0.760774   -0.010774 (VIOLATED)
_09279_/B                               0.750000    0.760774   -0.010774 (VIOLATED)
_09293_/A                               0.750000    0.760774   -0.010774 (VIOLATED)
_09312_/A                               0.750000    0.760774   -0.010774 (VIOLATED)
_09329_/A1                              0.750000    0.760774   -0.010774 (VIOLATED)
_09330_/A1                              0.750000    0.760774   -0.010774 (VIOLATED)
_09332_/A1                              0.750000    0.760774   -0.010774 (VIOLATED)
_09350_/A_N                             0.750000    0.760774   -0.010774 (VIOLATED)
_09354_/B                               0.750000    0.760774   -0.010774 (VIOLATED)
_09364_/B                               0.750000    0.760774   -0.010774 (VIOLATED)
_09488_/A                               0.750000    0.760774   -0.010774 (VIOLATED)
_09543_/A                               0.750000    0.760774   -0.010774 (VIOLATED)
_11147_/A                               0.750000    0.760774   -0.010774 (VIOLATED)
_11149_/A                               0.750000    0.760774   -0.010774 (VIOLATED)
_11150_/B                               0.750000    0.760774   -0.010774 (VIOLATED)
_11688_/A                               0.750000    0.760774   -0.010774 (VIOLATED)
_15635_/A                               0.750000    0.760774   -0.010774 (VIOLATED)
_15690_/A                               0.750000    0.760774   -0.010774 (VIOLATED)
_15691_/A                               0.750000    0.760774   -0.010774 (VIOLATED)
_15737_/A                               0.750000    0.760774   -0.010774 (VIOLATED)
_15782_/A                               0.750000    0.760774   -0.010774 (VIOLATED)
_15783_/A                               0.750000    0.760774   -0.010774 (VIOLATED)
_16205_/A                               0.750000    0.760774   -0.010774 (VIOLATED)
_16206_/A                               0.750000    0.760774   -0.010774 (VIOLATED)
_16253_/A                               0.750000    0.760774   -0.010774 (VIOLATED)
_16356_/B2                              0.750000    0.760774   -0.010774 (VIOLATED)
_16412_/A                               0.750000    0.760774   -0.010774 (VIOLATED)
_16461_/A                               0.750000    0.760774   -0.010774 (VIOLATED)
_16462_/B2                              0.750000    0.760774   -0.010774 (VIOLATED)
_16722_/B                               0.750000    0.760774   -0.010774 (VIOLATED)
_16980_/A                               0.750000    0.760774   -0.010774 (VIOLATED)
_17241_/B                               0.750000    0.760774   -0.010774 (VIOLATED)
_17268_/B2                              0.750000    0.760774   -0.010774 (VIOLATED)
_17269_/A1                              0.750000    0.760774   -0.010774 (VIOLATED)
_17491_/A                               0.750000    0.760774   -0.010774 (VIOLATED)
_17506_/B2                              0.750000    0.760774   -0.010774 (VIOLATED)
_18568_/Q                               0.750000    0.760774   -0.010774 (VIOLATED)
_09218_/Y                               0.750000    0.757021   -0.007021 (VIOLATED)
_09571_/A1                              0.750000    0.757021   -0.007021 (VIOLATED)
_16623_/A                               0.750000    0.757021   -0.007021 (VIOLATED)
_16655_/A1                              0.750000    0.757021   -0.007021 (VIOLATED)
_16804_/A                               0.750000    0.757021   -0.007021 (VIOLATED)
_16808_/A                               0.750000    0.757021   -0.007021 (VIOLATED)
_16824_/A                               0.750000    0.757021   -0.007021 (VIOLATED)
_16916_/A1                              0.750000    0.757021   -0.007021 (VIOLATED)
_16995_/A                               0.750000    0.757021   -0.007021 (VIOLATED)
_17402_/A                               0.750000    0.757021   -0.007021 (VIOLATED)
_17418_/A1                              0.750000    0.757021   -0.007021 (VIOLATED)
_17431_/A1                              0.750000    0.757021   -0.007021 (VIOLATED)
_17435_/A                               0.750000    0.757021   -0.007021 (VIOLATED)
_17440_/A                               0.750000    0.757021   -0.007021 (VIOLATED)
_17595_/A                               0.750000    0.757021   -0.007021 (VIOLATED)
_17604_/A1                              0.750000    0.757021   -0.007021 (VIOLATED)
_17646_/A                               0.750000    0.757021   -0.007021 (VIOLATED)
_17661_/A                               0.750000    0.757021   -0.007021 (VIOLATED)
_17662_/A1                              0.750000    0.757021   -0.007021 (VIOLATED)
_17743_/A1                              0.750000    0.757021   -0.007021 (VIOLATED)
_17756_/A1                              0.750000    0.757021   -0.007021 (VIOLATED)
_17761_/A                               0.750000    0.757021   -0.007021 (VIOLATED)
_17766_/A1                              0.750000    0.757021   -0.007021 (VIOLATED)
_17781_/A                               0.750000    0.757021   -0.007021 (VIOLATED)
_17786_/A1                              0.750000    0.757021   -0.007021 (VIOLATED)
_17816_/A                               0.750000    0.757021   -0.007021 (VIOLATED)
_09684_/B                               0.750000    0.755637   -0.005637 (VIOLATED)
_09686_/A2                              0.750000    0.755637   -0.005637 (VIOLATED)
_09733_/B                               0.750000    0.755637   -0.005637 (VIOLATED)
_09763_/B                               0.750000    0.755637   -0.005637 (VIOLATED)
_09849_/B                               0.750000    0.755637   -0.005637 (VIOLATED)
_09850_/B                               0.750000    0.755637   -0.005637 (VIOLATED)
_09851_/A2                              0.750000    0.755637   -0.005637 (VIOLATED)
_10025_/B1                              0.750000    0.755637   -0.005637 (VIOLATED)
_10115_/B                               0.750000    0.755637   -0.005637 (VIOLATED)
_10254_/B                               0.750000    0.755637   -0.005637 (VIOLATED)
_10255_/B                               0.750000    0.755637   -0.005637 (VIOLATED)
_10487_/B                               0.750000    0.755637   -0.005637 (VIOLATED)
_10613_/B                               0.750000    0.755637   -0.005637 (VIOLATED)
_10614_/B                               0.750000    0.755637   -0.005637 (VIOLATED)
_10851_/B                               0.750000    0.755637   -0.005637 (VIOLATED)
_10973_/B                               0.750000    0.755637   -0.005637 (VIOLATED)
_10974_/B                               0.750000    0.755637   -0.005637 (VIOLATED)
_11193_/B                               0.750000    0.755637   -0.005637 (VIOLATED)
_11211_/B                               0.750000    0.755637   -0.005637 (VIOLATED)
_11212_/B                               0.750000    0.755637   -0.005637 (VIOLATED)
_11228_/B                               0.750000    0.755637   -0.005637 (VIOLATED)
_11229_/B                               0.750000    0.755637   -0.005637 (VIOLATED)
_11445_/B                               0.750000    0.755637   -0.005637 (VIOLATED)
_11651_/B                               0.750000    0.755637   -0.005637 (VIOLATED)
_11771_/A_N                             0.750000    0.755637   -0.005637 (VIOLATED)
_12145_/B                               0.750000    0.755637   -0.005637 (VIOLATED)
_12164_/D                               0.750000    0.755637   -0.005637 (VIOLATED)
_12165_/B1                              0.750000    0.755637   -0.005637 (VIOLATED)
_12502_/C                               0.750000    0.755637   -0.005637 (VIOLATED)
_12503_/A2                              0.750000    0.755637   -0.005637 (VIOLATED)
_12743_/B                               0.750000    0.755637   -0.005637 (VIOLATED)
_12744_/B                               0.750000    0.755637   -0.005637 (VIOLATED)
_12745_/B                               0.750000    0.755637   -0.005637 (VIOLATED)
_12746_/A2                              0.750000    0.755637   -0.005637 (VIOLATED)
_13403_/B                               0.750000    0.755637   -0.005637 (VIOLATED)
_13506_/B                               0.750000    0.755637   -0.005637 (VIOLATED)
_13507_/B                               0.750000    0.755637   -0.005637 (VIOLATED)
_13763_/B                               0.750000    0.755637   -0.005637 (VIOLATED)
_18538_/Q                               0.750000    0.755637   -0.005637 (VIOLATED)
_09608_/B                               0.750000    0.755305   -0.005305 (VIOLATED)
_09612_/A_N                             0.750000    0.755305   -0.005305 (VIOLATED)
_10214_/B                               0.750000    0.755305   -0.005305 (VIOLATED)
_10444_/B                               0.750000    0.755305   -0.005305 (VIOLATED)
_10445_/B                               0.750000    0.755305   -0.005305 (VIOLATED)
_10683_/B                               0.750000    0.755305   -0.005305 (VIOLATED)
_10805_/B                               0.750000    0.755305   -0.005305 (VIOLATED)
_10806_/B                               0.750000    0.755305   -0.005305 (VIOLATED)
_11038_/B                               0.750000    0.755305   -0.005305 (VIOLATED)
_12334_/B                               0.750000    0.755305   -0.005305 (VIOLATED)
_12336_/B                               0.750000    0.755305   -0.005305 (VIOLATED)
_12352_/B                               0.750000    0.755305   -0.005305 (VIOLATED)
_12424_/B                               0.750000    0.755305   -0.005305 (VIOLATED)
_12425_/B                               0.750000    0.755305   -0.005305 (VIOLATED)
_12447_/B                               0.750000    0.755305   -0.005305 (VIOLATED)
_12685_/B                               0.750000    0.755305   -0.005305 (VIOLATED)
_12828_/B                               0.750000    0.755305   -0.005305 (VIOLATED)
_12829_/B                               0.750000    0.755305   -0.005305 (VIOLATED)
_13038_/B                               0.750000    0.755305   -0.005305 (VIOLATED)
_13148_/B                               0.750000    0.755305   -0.005305 (VIOLATED)
_13149_/B                               0.750000    0.755305   -0.005305 (VIOLATED)
_13261_/B                               0.750000    0.755305   -0.005305 (VIOLATED)
_13262_/B                               0.750000    0.755305   -0.005305 (VIOLATED)
_13451_/B                               0.750000    0.755305   -0.005305 (VIOLATED)
_13553_/B                               0.750000    0.755305   -0.005305 (VIOLATED)
_13554_/B                               0.750000    0.755305   -0.005305 (VIOLATED)
_13555_/B                               0.750000    0.755305   -0.005305 (VIOLATED)
_13556_/A2                              0.750000    0.755305   -0.005305 (VIOLATED)
_14060_/B                               0.750000    0.755305   -0.005305 (VIOLATED)
_14078_/D                               0.750000    0.755305   -0.005305 (VIOLATED)
_14079_/B1                              0.750000    0.755305   -0.005305 (VIOLATED)
_14216_/C                               0.750000    0.755305   -0.005305 (VIOLATED)
_14224_/A2                              0.750000    0.755305   -0.005305 (VIOLATED)
_14335_/B                               0.750000    0.755305   -0.005305 (VIOLATED)
_14336_/B                               0.750000    0.755305   -0.005305 (VIOLATED)
_14337_/A2                              0.750000    0.755305   -0.005305 (VIOLATED)
_15042_/B1                              0.750000    0.755305   -0.005305 (VIOLATED)
_15173_/B                               0.750000    0.755305   -0.005305 (VIOLATED)
_18524_/Q                               0.750000    0.755305   -0.005305 (VIOLATED)
_09638_/B                               0.750000    0.755126   -0.005126 (VIOLATED)
_09642_/B                               0.750000    0.755126   -0.005126 (VIOLATED)
_09643_/B                               0.750000    0.755126   -0.005126 (VIOLATED)
_09714_/B                               0.750000    0.755126   -0.005126 (VIOLATED)
_09829_/B                               0.750000    0.755126   -0.005126 (VIOLATED)
_09830_/B                               0.750000    0.755126   -0.005126 (VIOLATED)
_09831_/A2                              0.750000    0.755126   -0.005126 (VIOLATED)
_10006_/B1                              0.750000    0.755126   -0.005126 (VIOLATED)
_10106_/B                               0.750000    0.755126   -0.005126 (VIOLATED)
_10237_/B                               0.750000    0.755126   -0.005126 (VIOLATED)
_10238_/B                               0.750000    0.755126   -0.005126 (VIOLATED)
_10465_/B                               0.750000    0.755126   -0.005126 (VIOLATED)
_10592_/B                               0.750000    0.755126   -0.005126 (VIOLATED)
_10593_/B                               0.750000    0.755126   -0.005126 (VIOLATED)
_10831_/B                               0.750000    0.755126   -0.005126 (VIOLATED)
_10949_/B                               0.750000    0.755126   -0.005126 (VIOLATED)
_10950_/B                               0.750000    0.755126   -0.005126 (VIOLATED)
_11177_/B                               0.750000    0.755126   -0.005126 (VIOLATED)
_11181_/A_N                             0.750000    0.755126   -0.005126 (VIOLATED)
_12467_/B                               0.750000    0.755126   -0.005126 (VIOLATED)
_12495_/B                               0.750000    0.755126   -0.005126 (VIOLATED)
_12496_/B                               0.750000    0.755126   -0.005126 (VIOLATED)
_12512_/B                               0.750000    0.755126   -0.005126 (VIOLATED)
_12513_/B                               0.750000    0.755126   -0.005126 (VIOLATED)
_12607_/B                               0.750000    0.755126   -0.005126 (VIOLATED)
_12705_/B                               0.750000    0.755126   -0.005126 (VIOLATED)
_12706_/B                               0.750000    0.755126   -0.005126 (VIOLATED)
_12953_/B                               0.750000    0.755126   -0.005126 (VIOLATED)
_13157_/B                               0.750000    0.755126   -0.005126 (VIOLATED)
_13158_/D                               0.750000    0.755126   -0.005126 (VIOLATED)
_13168_/B1                              0.750000    0.755126   -0.005126 (VIOLATED)
_13356_/B                               0.750000    0.755126   -0.005126 (VIOLATED)
_13483_/B                               0.750000    0.755126   -0.005126 (VIOLATED)
_13484_/B                               0.750000    0.755126   -0.005126 (VIOLATED)
_13485_/A2                              0.750000    0.755126   -0.005126 (VIOLATED)
_13592_/B1                              0.750000    0.755126   -0.005126 (VIOLATED)
_13737_/B                               0.750000    0.755126   -0.005126 (VIOLATED)
_15286_/C                               0.750000    0.755126   -0.005126 (VIOLATED)
_18532_/Q                               0.750000    0.755126   -0.005126 (VIOLATED)
_09641_/B                               0.750000    0.754512   -0.004512 (VIOLATED)
_09664_/B                               0.750000    0.754512   -0.004512 (VIOLATED)
_09665_/B                               0.750000    0.754512   -0.004512 (VIOLATED)
_09677_/B                               0.750000    0.754512   -0.004512 (VIOLATED)
_09678_/B                               0.750000    0.754512   -0.004512 (VIOLATED)
_09828_/B                               0.750000    0.754512   -0.004512 (VIOLATED)
_10004_/B                               0.750000    0.754512   -0.004512 (VIOLATED)
_10005_/B                               0.750000    0.754512   -0.004512 (VIOLATED)
_10006_/A2                              0.750000    0.754512   -0.004512 (VIOLATED)
_10102_/B1                              0.750000    0.754512   -0.004512 (VIOLATED)
_10350_/B                               0.750000    0.754512   -0.004512 (VIOLATED)
_10478_/B                               0.750000    0.754512   -0.004512 (VIOLATED)
_10479_/B                               0.750000    0.754512   -0.004512 (VIOLATED)
_10717_/B                               0.750000    0.754512   -0.004512 (VIOLATED)
_10834_/B                               0.750000    0.754512   -0.004512 (VIOLATED)
_10835_/B                               0.750000    0.754512   -0.004512 (VIOLATED)
_11066_/B                               0.750000    0.754512   -0.004512 (VIOLATED)
_11178_/B                               0.750000    0.754512   -0.004512 (VIOLATED)
_11182_/B                               0.750000    0.754512   -0.004512 (VIOLATED)
_11197_/A_N                             0.750000    0.754512   -0.004512 (VIOLATED)
_12494_/B                               0.750000    0.754512   -0.004512 (VIOLATED)
_12506_/B                               0.750000    0.754512   -0.004512 (VIOLATED)
_12507_/B                               0.750000    0.754512   -0.004512 (VIOLATED)
_12534_/B                               0.750000    0.754512   -0.004512 (VIOLATED)
_12535_/B                               0.750000    0.754512   -0.004512 (VIOLATED)
_12704_/B                               0.750000    0.754512   -0.004512 (VIOLATED)
_12848_/B                               0.750000    0.754512   -0.004512 (VIOLATED)
_13053_/D                               0.750000    0.754512   -0.004512 (VIOLATED)
_13061_/B1                              0.750000    0.754512   -0.004512 (VIOLATED)
_13158_/C                               0.750000    0.754512   -0.004512 (VIOLATED)
_13168_/A2                              0.750000    0.754512   -0.004512 (VIOLATED)
_13281_/B                               0.750000    0.754512   -0.004512 (VIOLATED)
_13282_/B                               0.750000    0.754512   -0.004512 (VIOLATED)
_13482_/B                               0.750000    0.754512   -0.004512 (VIOLATED)
_13589_/B                               0.750000    0.754512   -0.004512 (VIOLATED)
_13590_/B                               0.750000    0.754512   -0.004512 (VIOLATED)
_13591_/B                               0.750000    0.754512   -0.004512 (VIOLATED)
_13592_/A2                              0.750000    0.754512   -0.004512 (VIOLATED)
_18533_/Q                               0.750000    0.754512   -0.004512 (VIOLATED)

max fanout

Pin                                   Limit Fanout  Slack
---------------------------------------------------------
rst_n                                    10    163   -153 (VIOLATED)
_18474_/Q                                10    121   -111 (VIOLATED)
_18475_/Q                                10    120   -110 (VIOLATED)
_17821_/Y                                10    118   -108 (VIOLATED)
_18495_/Q                                10     87    -77 (VIOLATED)
_18496_/Q                                10     84    -74 (VIOLATED)
_18478_/Q                                10     80    -70 (VIOLATED)
_18501_/Q                                10     80    -70 (VIOLATED)
_18502_/Q                                10     79    -69 (VIOLATED)
_18477_/Q                                10     78    -68 (VIOLATED)
_18486_/Q                                10     72    -62 (VIOLATED)
_18483_/Q                                10     71    -61 (VIOLATED)
_18487_/Q                                10     71    -61 (VIOLATED)
_18489_/Q                                10     70    -60 (VIOLATED)
_18498_/Q                                10     70    -60 (VIOLATED)
_18476_/Q                                10     68    -58 (VIOLATED)
_18484_/Q                                10     68    -58 (VIOLATED)
_18490_/Q                                10     68    -58 (VIOLATED)
_18497_/Q                                10     68    -58 (VIOLATED)
_18499_/Q                                10     68    -58 (VIOLATED)
_18479_/Q                                10     67    -57 (VIOLATED)
_18480_/Q                                10     67    -57 (VIOLATED)
_18485_/Q                                10     67    -57 (VIOLATED)
_18488_/Q                                10     67    -57 (VIOLATED)
_18491_/Q                                10     67    -57 (VIOLATED)
_18492_/Q                                10     67    -57 (VIOLATED)
_18493_/Q                                10     66    -56 (VIOLATED)
_18500_/Q                                10     66    -56 (VIOLATED)
_18503_/Q                                10     66    -56 (VIOLATED)
_18505_/Q                                10     66    -56 (VIOLATED)
_18481_/Q                                10     65    -55 (VIOLATED)
_18494_/Q                                10     65    -55 (VIOLATED)
_18504_/Q                                10     65    -55 (VIOLATED)
_18390_/X                                10     64    -54 (VIOLATED)
_18482_/Q                                10     64    -54 (VIOLATED)
_18395_/Y                                10     63    -53 (VIOLATED)
_18569_/Q                                10     47    -37 (VIOLATED)
_18506_/Q                                10     44    -34 (VIOLATED)
_18518_/Q                                10     39    -29 (VIOLATED)
_18545_/Q                                10     39    -29 (VIOLATED)
_18519_/Q                                10     38    -28 (VIOLATED)
_18523_/Q                                10     38    -28 (VIOLATED)
_18524_/Q                                10     38    -28 (VIOLATED)
_18532_/Q                                10     38    -28 (VIOLATED)
_18533_/Q                                10     38    -28 (VIOLATED)
_18534_/Q                                10     38    -28 (VIOLATED)
_18535_/Q                                10     38    -28 (VIOLATED)
_18536_/Q                                10     38    -28 (VIOLATED)
_18537_/Q                                10     38    -28 (VIOLATED)
_18538_/Q                                10     38    -28 (VIOLATED)
_18540_/Q                                10     38    -28 (VIOLATED)
_18541_/Q                                10     38    -28 (VIOLATED)
_18542_/Q                                10     38    -28 (VIOLATED)
_18507_/Q                                10     37    -27 (VIOLATED)
_18515_/Q                                10     37    -27 (VIOLATED)
_18516_/Q                                10     37    -27 (VIOLATED)
_18517_/Q                                10     37    -27 (VIOLATED)
_18530_/Q                                10     37    -27 (VIOLATED)
_18531_/Q                                10     37    -27 (VIOLATED)
_18546_/Q                                10     37    -27 (VIOLATED)
_18553_/Q                                10     37    -27 (VIOLATED)
_18554_/Q                                10     37    -27 (VIOLATED)
_18557_/Q                                10     37    -27 (VIOLATED)
_18568_/Q                                10     37    -27 (VIOLATED)
_18511_/Q                                10     36    -26 (VIOLATED)
_18512_/Q                                10     36    -26 (VIOLATED)
_18522_/Q                                10     36    -26 (VIOLATED)
_18525_/Q                                10     36    -26 (VIOLATED)
_18526_/Q                                10     36    -26 (VIOLATED)
_18529_/Q                                10     36    -26 (VIOLATED)
_18539_/Q                                10     36    -26 (VIOLATED)
_18547_/Q                                10     36    -26 (VIOLATED)
_18548_/Q                                10     36    -26 (VIOLATED)
_18556_/Q                                10     36    -26 (VIOLATED)
_18558_/Q                                10     36    -26 (VIOLATED)
_18513_/Q                                10     35    -25 (VIOLATED)
_18520_/Q                                10     35    -25 (VIOLATED)
_18528_/Q                                10     35    -25 (VIOLATED)
_18543_/Q                                10     35    -25 (VIOLATED)
_18544_/Q                                10     35    -25 (VIOLATED)
_18549_/Q                                10     35    -25 (VIOLATED)
_18563_/Q                                10     35    -25 (VIOLATED)
_18564_/Q                                10     35    -25 (VIOLATED)
_18567_/Q                                10     35    -25 (VIOLATED)
_18510_/Q                                10     34    -24 (VIOLATED)
_18514_/Q                                10     34    -24 (VIOLATED)
_18521_/Q                                10     34    -24 (VIOLATED)
_18527_/Q                                10     34    -24 (VIOLATED)
_18550_/Q                                10     34    -24 (VIOLATED)
_18551_/Q                                10     34    -24 (VIOLATED)
_18552_/Q                                10     34    -24 (VIOLATED)
_18555_/Q                                10     34    -24 (VIOLATED)
_18559_/Q                                10     34    -24 (VIOLATED)
_18560_/Q                                10     34    -24 (VIOLATED)
_18561_/Q                                10     34    -24 (VIOLATED)
_18562_/Q                                10     34    -24 (VIOLATED)
_18565_/Q                                10     34    -24 (VIOLATED)
_18566_/Q                                10     34    -24 (VIOLATED)
_09263_/Y                                10     33    -23 (VIOLATED)
_18508_/Q                                10     33    -23 (VIOLATED)
_18509_/Q                                10     32    -22 (VIOLATED)
_09325_/Y                                10     31    -21 (VIOLATED)
_17822_/Y                                10     31    -21 (VIOLATED)
_09217_/Y                                10     29    -19 (VIOLATED)
_09218_/Y                                10     25    -15 (VIOLATED)
_09322_/Y                                10     21    -11 (VIOLATED)
_09302_/Y                                10     16     -6 (VIOLATED)
_09261_/Y                                10     15     -5 (VIOLATED)
_09319_/Y                                10     14     -4 (VIOLATED)
_09264_/Y                                10     12     -2 (VIOLATED)
_09290_/Y                                10     12     -2 (VIOLATED)
_09289_/Y                                10     11        (VIOLATED)

max capacitance

Pin                                        Limit         Cap       Slack
------------------------------------------------------------------------
rst_n                                   0.200000    0.592017   -0.392017 (VIOLATED)
_17821_/Y                               0.069590    0.424941   -0.355351 (VIOLATED)
_18474_/Q                               0.174876    0.290683   -0.115807 (VIOLATED)
_18475_/Q                               0.174876    0.284740   -0.109864 (VIOLATED)
_09263_/Y                               0.069590    0.120352   -0.050762 (VIOLATED)
_18395_/Y                               0.065928    0.110180   -0.044252 (VIOLATED)
_09325_/Y                               0.074168    0.113011   -0.038843 (VIOLATED)
_09217_/Y                               0.074168    0.109218   -0.035050 (VIOLATED)
_18495_/Q                               0.174876    0.198158   -0.023282 (VIOLATED)
_18496_/Q                               0.174876    0.195398   -0.020522 (VIOLATED)
_18478_/Q                               0.174876    0.182451   -0.007575 (VIOLATED)
_18477_/Q                               0.174876    0.178105   -0.003229 (VIOLATED)
_09322_/Y                               0.074168    0.075399   -0.001231 (VIOLATED)



===========================================================================
report_parasitic_annotation -report_unannotated
============================================================================
Found 9531 unannotated drivers.
 a[0]
 a[10]
 a[11]
 a[12]
 a[13]
 a[14]
 a[15]
 a[16]
 a[17]
 a[18]
 a[19]
 a[1]
 a[20]
 a[21]
 a[22]
 a[23]
 a[24]
 a[25]
 a[26]
 a[27]
 a[28]
 a[29]
 a[2]
 a[30]
 a[31]
 a[3]
 a[4]
 a[5]
 a[6]
 a[7]
 a[8]
 a[9]
 b[0]
 b[10]
 b[11]
 b[12]
 b[13]
 b[14]
 b[15]
 b[16]
 b[17]
 b[18]
 b[19]
 b[1]
 b[20]
 b[21]
 b[22]
 b[23]
 b[24]
 b[25]
 b[26]
 b[27]
 b[28]
 b[29]
 b[2]
 b[30]
 b[31]
 b[32]
 b[33]
 b[34]
 b[35]
 b[36]
 b[37]
 b[38]
 b[39]
 b[3]
 b[40]
 b[41]
 b[42]
 b[43]
 b[44]
 b[45]
 b[46]
 b[47]
 b[48]
 b[49]
 b[4]
 b[50]
 b[51]
 b[52]
 b[53]
 b[54]
 b[55]
 b[56]
 b[57]
 b[58]
 b[59]
 b[5]
 b[60]
 b[61]
 b[62]
 b[63]
 b[6]
 b[7]
 b[8]
 b[9]
 clk
 rst_n
 valid
 _09204_/Y
 _09205_/Y
 _09206_/Y
 _09207_/X
 _09208_/Y
 _09209_/Y
 _09210_/Y
 _09211_/X
 _09212_/Y
 _09213_/Y
 _09214_/Y
 _09215_/X
 _09216_/Y
 _09217_/Y
 _09218_/Y
 _09219_/Y
 _09220_/X
 _09221_/X
 _09222_/Y
 _09223_/Y
 _09224_/Y
 _09225_/Y
 _09226_/X
 _09227_/Y
 _09228_/Y
 _09229_/Y
 _09230_/Y
 _09231_/X
 _09232_/Y
 _09233_/Y
 _09234_/X
 _09235_/Y
 _09236_/Y
 _09237_/X
 _09238_/Y
 _09239_/Y
 _09240_/Y
 _09241_/Y
 _09242_/Y
 _09243_/X
 _09244_/Y
 _09245_/Y
 _09246_/Y
 _09247_/Y
 _09248_/X
 _09249_/Y
 _09250_/Y
 _09251_/X
 _09252_/Y
 _09253_/Y
 _09254_/X
 _09255_/X
 _09256_/X
 _09257_/Y
 _09258_/X
 _09259_/Y
 _09260_/Y
 _09261_/Y
 _09262_/Y
 _09263_/Y
 _09264_/Y
 _09265_/Y
 _09266_/Y
 _09267_/X
 _09268_/Y
 _09269_/Y
 _09270_/Y
 _09271_/Y
 _09272_/Y
 _09273_/X
 _09274_/Y
 _09275_/Y
 _09276_/Y
 _09277_/Y
 _09278_/Y
 _09279_/Y
 _09280_/X
 _09281_/X
 _09282_/Y
 _09283_/Y
 _09284_/X
 _09285_/Y
 _09286_/Y
 _09287_/Y
 _09288_/X
 _09289_/Y
 _09290_/Y
 _09291_/Y
 _09292_/Y
 _09293_/Y
 _09294_/Y
 _09295_/Y
 _09296_/X
 _09297_/Y
 _09298_/Y
 _09299_/X
 _09300_/Y
 _09301_/Y
 _09302_/Y
 _09303_/Y
 _09304_/Y
 _09305_/X
 _09306_/Y
 _09307_/Y
 _09308_/Y
 _09309_/X
 _09310_/Y
 _09311_/Y
 _09312_/Y
 _09313_/Y
 _09314_/Y
 _09315_/X
 _09316_/Y
 _09317_/Y
 _09318_/X
 _09319_/Y
 _09320_/Y
 _09321_/X
 _09322_/Y
 _09323_/Y
 _09324_/X
 _09325_/Y
 _09326_/X
 _09327_/X
 _09328_/X
 _09329_/Y
 _09330_/X
 _09331_/Y
 _09332_/Y
 _09333_/Y
 _09334_/X
 _09335_/Y
 _09336_/X
 _09337_/Y
 _09338_/X
 _09339_/X
 _09340_/Y
 _09341_/Y
 _09342_/Y
 _09343_/Y
 _09344_/Y
 _09345_/Y
 _09346_/Y
 _09347_/Y
 _09348_/Y
 _09349_/Y
 _09350_/Y
 _09351_/Y
 _09352_/X
 _09353_/Y
 _09354_/Y
 _09355_/X
 _09356_/X
 _09357_/Y
 _09358_/Y
 _09359_/Y
 _09360_/Y
 _09361_/Y
 _09362_/Y
 _09363_/Y
 _09364_/Y
 _09365_/X
 _09366_/X
 _09367_/Y
 _09368_/Y
 _09369_/Y
 _09370_/Y
 _09371_/X
 _09372_/Y
 _09373_/Y
 _09374_/X
 _09375_/Y
 _09376_/Y
 _09377_/Y
 _09378_/X
 _09379_/Y
 _09380_/X
 _09381_/Y
 _09382_/X
 _09383_/Y
 _09384_/X
 _09385_/Y
 _09386_/Y
 _09387_/Y
 _09388_/Y
 _09389_/Y
 _09390_/X
 _09391_/Y
 _09392_/Y
 _09393_/Y
 _09394_/X
 _09395_/Y
 _09396_/Y
 _09397_/X
 _09398_/Y
 _09399_/X
 _09400_/Y
 _09401_/Y
 _09402_/Y
 _09403_/X
 _09404_/Y
 _09405_/X
 _09406_/Y
 _09407_/Y
 _09408_/Y
 _09409_/Y
 _09410_/Y
 _09411_/Y
 _09412_/Y
 _09413_/Y
 _09414_/Y
 _09415_/Y
 _09416_/Y
 _09417_/Y
 _09418_/X
 _09419_/Y
 _09420_/Y
 _09421_/Y
 _09422_/Y
 _09423_/X
 _09424_/Y
 _09425_/Y
 _09426_/X
 _09427_/Y
 _09428_/X
 _09429_/Y
 _09430_/Y
 _09431_/X
 _09432_/X
 _09433_/X
 _09434_/Y
 _09435_/Y
 _09436_/Y
 _09437_/X
 _09438_/Y
 _09439_/X
 _09440_/X
 _09441_/Y
 _09442_/Y
 _09443_/Y
 _09444_/X
 _09445_/Y
 _09446_/Y
 _09447_/Y
 _09448_/Y
 _09449_/Y
 _09450_/Y
 _09451_/Y
 _09452_/X
 _09453_/Y
 _09454_/Y
 _09455_/X
 _09456_/Y
 _09457_/Y
 _09458_/X
 _09459_/Y
 _09460_/Y
 _09461_/X
 _09462_/Y
 _09463_/Y
 _09464_/Y
 _09465_/Y
 _09466_/Y
 _09467_/Y
 _09468_/X
 _09469_/Y
 _09470_/X
 _09471_/Y
 _09472_/Y
 _09473_/X
 _09474_/Y
 _09475_/X
 _09476_/Y
 _09477_/Y
 _09478_/Y
 _09479_/Y
 _09480_/Y
 _09481_/Y
 _09482_/Y
 _09483_/X
 _09484_/Y
 _09485_/Y
 _09486_/Y
 _09487_/Y
 _09488_/Y
 _09489_/Y
 _09490_/Y
 _09491_/X
 _09492_/X
 _09493_/Y
 _09494_/Y
 _09495_/Y
 _09496_/X
 _09497_/X
 _09498_/Y
 _09499_/Y
 _09500_/Y
 _09501_/X
 _09502_/Y
 _09503_/X
 _09504_/Y
 _09505_/Y
 _09506_/Y
 _09507_/Y
 _09508_/Y
 _09509_/X
 _09510_/X
 _09511_/Y
 _09512_/Y
 _09513_/Y
 _09514_/Y
 _09515_/X
 _09516_/Y
 _09517_/Y
 _09518_/Y
 _09519_/Y
 _09520_/Y
 _09521_/Y
 _09522_/Y
 _09523_/X
 _09524_/Y
 _09525_/X
 _09526_/Y
 _09527_/Y
 _09528_/Y
 _09529_/Y
 _09530_/Y
 _09531_/Y
 _09532_/Y
 _09533_/Y
 _09534_/X
 _09535_/Y
 _09536_/Y
 _09537_/Y
 _09538_/Y
 _09539_/Y
 _09540_/X
 _09541_/X
 _09542_/Y
 _09543_/Y
 _09544_/Y
 _09545_/X
 _09546_/Y
 _09547_/X
 _09548_/X
 _09549_/X
 _09550_/Y
 _09551_/Y
 _09552_/X
 _09553_/Y
 _09554_/X
 _09555_/Y
 _09556_/Y
 _09557_/Y
 _09558_/Y
 _09559_/Y
 _09560_/X
 _09561_/X
 _09562_/Y
 _09563_/Y
 _09564_/Y
 _09565_/Y
 _09566_/X
 _09567_/X
 _09568_/X
 _09569_/Y
 _09570_/X
 _09571_/Y
 _09572_/X
 _09573_/Y
 _09574_/Y
 _09575_/Y
 _09576_/Y
 _09577_/X
 _09578_/Y
 _09579_/X
 _09580_/X
 _09581_/X
 _09582_/Y
 _09583_/X
 _09584_/Y
 _09585_/X
 _09586_/X
 _09587_/Y
 _09588_/Y
 _09589_/Y
 _09590_/X
 _09591_/X
 _09592_/Y
 _09593_/X
 _09594_/Y
 _09595_/Y
 _09596_/Y
 _09597_/X
 _09598_/Y
 _09599_/Y
 _09600_/Y
 _09601_/X
 _09602_/Y
 _09603_/X
 _09604_/X
 _09605_/X
 _09606_/X
 _09607_/Y
 _09608_/X
 _09609_/X
 _09610_/X
 _09611_/Y
 _09612_/Y
 _09613_/Y
 _09614_/X
 _09615_/Y
 _09616_/X
 _09617_/X
 _09618_/Y
 _09619_/Y
 _09620_/X
 _09621_/X
 _09622_/X
 _09623_/Y
 _09624_/Y
 _09625_/Y
 _09626_/X
 _09627_/X
 _09628_/X
 _09629_/X
 _09630_/X
 _09631_/X
 _09632_/Y
 _09633_/Y
 _09634_/Y
 _09635_/Y
 _09636_/Y
 _09637_/Y
 _09638_/Y
 _09639_/X
 _09640_/X
 _09641_/Y
 _09642_/Y
 _09643_/Y
 _09644_/X
 _09645_/X
 _09646_/X
 _09647_/Y
 _09648_/X
 _09649_/X
 _09650_/Y
 _09651_/Y
 _09652_/Y
 _09653_/X
 _09654_/X
 _09655_/X
 _09656_/X
 _09657_/X
 _09658_/X
 _09659_/Y
 _09660_/Y
 _09661_/X
 _09662_/X
 _09663_/Y
 _09664_/Y
 _09665_/Y
 _09666_/X
 _09667_/Y
 _09668_/Y
 _09669_/X
 _09670_/X
 _09671_/Y
 _09672_/Y
 _09673_/Y
 _09674_/Y
 _09675_/Y
 _09676_/X
 _09677_/Y
 _09678_/Y
 _09679_/Y
 _09680_/X
 _09681_/Y
 _09682_/Y
 _09683_/Y
 _09684_/Y
 _09685_/Y
 _09686_/Y
 _09687_/X
 _09688_/Y
 _09689_/X
 _09690_/X
 _09691_/Y
 _09692_/Y
 _09693_/X
 _09694_/Y
 _09695_/X
 _09696_/X
 _09697_/Y
 _09698_/Y
 _09699_/Y
 _09700_/Y
 _09701_/Y
 _09702_/X
 _09703_/X
 _09704_/X
 _09705_/Y
 _09706_/X
 _09707_/X
 _09708_/X
 _09709_/X
 _09710_/Y
 _09711_/Y
 _09712_/Y
 _09713_/X
 _09714_/X
 _09715_/Y
 _09716_/X
 _09717_/X
 _09718_/X
 _09719_/Y
 _09720_/Y
 _09721_/X
 _09722_/X
 _09723_/Y
 _09724_/Y
 _09725_/Y
 _09726_/X
 _09727_/Y
 _09728_/Y
 _09729_/X
 _09730_/X
 _09731_/Y
 _09732_/X
 _09733_/Y
 _09734_/Y
 _09735_/Y
 _09736_/Y
 _09737_/Y
 _09738_/X
 _09739_/X
 _09740_/Y
 _09741_/Y
 _09742_/Y
 _09743_/Y
 _09744_/Y
 _09745_/X
 _09746_/X
 _09747_/X
 _09748_/Y
 _09749_/Y
 _09750_/Y
 _09751_/Y
 _09752_/Y
 _09753_/X
 _09754_/X
 _09755_/Y
 _09756_/Y
 _09757_/Y
 _09758_/X
 _09759_/X
 _09760_/Y
 _09761_/Y
 _09762_/Y
 _09763_/Y
 _09764_/X
 _09765_/Y
 _09766_/X
 _09767_/Y
 _09768_/Y
 _09769_/Y
 _09770_/X
 _09771_/Y
 _09772_/Y
 _09773_/X
 _09774_/Y
 _09775_/Y
 _09776_/Y
 _09777_/Y
 _09778_/Y
 _09779_/X
 _09780_/Y
 _09781_/Y
 _09782_/X
 _09783_/Y
 _09784_/Y
 _09785_/Y
 _09786_/X
 _09787_/Y
 _09788_/Y
 _09789_/Y
 _09790_/X
 _09791_/Y
 _09792_/X
 _09793_/Y
 _09794_/X
 _09795_/X
 _09796_/X
 _09797_/X
 _09798_/X
 _09799_/Y
 _09800_/Y
 _09801_/Y
 _09802_/X
 _09803_/Y
 _09804_/Y
 _09805_/X
 _09806_/Y
 _09807_/X
 _09808_/Y
 _09809_/X
 _09810_/X
 _09811_/X
 _09812_/X
 _09813_/X
 _09814_/X
 _09815_/Y
 _09816_/Y
 _09817_/X
 _09818_/X
 _09819_/X
 _09820_/X
 _09821_/Y
 _09822_/X
 _09823_/X
 _09824_/Y
 _09825_/Y
 _09826_/Y
 _09827_/X
 _09828_/X
 _09829_/X
 _09830_/X
 _09831_/X
 _09832_/X
 _09833_/X
 _09834_/Y
 _09835_/Y
 _09836_/X
 _09837_/X
 _09838_/Y
 _09839_/Y
 _09840_/Y
 _09841_/X
 _09842_/Y
 _09843_/Y
 _09844_/X
 _09845_/Y
 _09846_/X
 _09847_/X
 _09848_/Y
 _09849_/Y
 _09850_/X
 _09851_/Y
 _09852_/X
 _09853_/Y
 _09854_/Y
 _09855_/Y
 _09856_/Y
 _09857_/Y
 _09858_/Y
 _09859_/Y
 _09860_/Y
 _09861_/X
 _09862_/X
 _09863_/X
 _09864_/X
 _09865_/Y
 _09866_/X
 _09867_/Y
 _09868_/Y
 _09869_/Y
 _09870_/X
 _09871_/Y
 _09872_/Y
 _09873_/X
 _09874_/X
 _09875_/X
 _09876_/X
 _09877_/Y
 _09878_/Y
 _09879_/X
 _09880_/X
 _09881_/X
 _09882_/X
 _09883_/X
 _09884_/Y
 _09885_/Y
 _09886_/X
 _09887_/X
 _09888_/X
 _09889_/X
 _09890_/X
 _09891_/X
 _09892_/Y
 _09893_/Y
 _09894_/Y
 _09895_/Y
 _09896_/Y
 _09897_/Y
 _09898_/X
 _09899_/Y
 _09900_/Y
 _09901_/Y
 _09902_/X
 _09903_/Y
 _09904_/Y
 _09905_/X
 _09906_/X
 _09907_/Y
 _09908_/X
 _09909_/X
 _09910_/X
 _09911_/Y
 _09912_/Y
 _09913_/Y
 _09914_/X
 _09915_/X
 _09916_/Y
 _09917_/Y
 _09918_/Y
 _09919_/X
 _09920_/X
 _09921_/Y
 _09922_/Y
 _09923_/Y
 _09924_/Y
 _09925_/Y
 _09926_/X
 _09927_/Y
 _09928_/X
 _09929_/Y
 _09930_/Y
 _09931_/Y
 _09932_/X
 _09933_/Y
 _09934_/Y
 _09935_/X
 _09936_/X
 _09937_/Y
 _09938_/Y
 _09939_/Y
 _09940_/X
 _09941_/Y
 _09942_/Y
 _09943_/Y
 _09944_/X
 _09945_/Y
 _09946_/X
 _09947_/X
 _09948_/Y
 _09949_/X
 _09950_/Y
 _09951_/Y
 _09952_/X
 _09953_/X
 _09954_/Y
 _09955_/Y
 _09956_/Y
 _09957_/X
 _09958_/Y
 _09959_/Y
 _09960_/X
 _09961_/Y
 _09962_/Y
 _09963_/Y
 _09964_/Y
 _09965_/Y
 _09966_/X
 _09967_/X
 _09968_/Y
 _09969_/Y
 _09970_/Y
 _09971_/Y
 _09972_/X
 _09973_/X
 _09974_/X
 _09975_/X
 _09976_/Y
 _09977_/Y
 _09978_/X
 _09979_/Y
 _09980_/X
 _09981_/Y
 _09982_/Y
 _09983_/Y
 _09984_/X
 _09985_/X
 _09986_/Y
 _09987_/X
 _09988_/Y
 _09989_/Y
 _09990_/Y
 _09991_/X
 _09992_/X
 _09993_/X
 _09994_/X
 _09995_/X
 _09996_/Y
 _09997_/X
 _09998_/X
 _09999_/Y
 _10000_/Y
 _10001_/Y
 _10002_/X
 _10003_/X
 _10004_/X
 _10005_/X
 _10006_/X
 _10007_/X
 _10008_/X
 _10009_/Y
 _10010_/Y
 _10011_/X
 _10012_/Y
 _10013_/Y
 _10014_/Y
 _10015_/Y
 _10016_/X
 _10017_/X
 _10018_/Y
 _10019_/Y
 _10020_/X
 _10021_/X
 _10022_/X
 _10023_/X
 _10024_/X
 _10025_/X
 _10026_/X
 _10027_/Y
 _10028_/Y
 _10029_/Y
 _10030_/X
 _10031_/Y
 _10032_/X
 _10033_/X
 _10034_/Y
 _10035_/Y
 _10036_/X
 _10037_/X
 _10038_/X
 _10039_/X
 _10040_/X
 _10041_/X
 _10042_/X
 _10043_/Y
 _10044_/X
 _10045_/Y
 _10046_/Y
 _10047_/X
 _10048_/Y
 _10049_/Y
 _10050_/X
 _10051_/X
 _10052_/X
 _10053_/X
 _10054_/Y
 _10055_/X
 _10056_/X
 _10057_/Y
 _10058_/X
 _10059_/X
 _10060_/X
 _10061_/Y
 _10062_/Y
 _10063_/X
 _10064_/X
 _10065_/X
 _10066_/X
 _10067_/Y
 _10068_/X
 _10069_/X
 _10070_/Y
 _10071_/X
 _10072_/X
 _10073_/Y
 _10074_/Y
 _10075_/X
 _10076_/Y
 _10077_/Y
 _10078_/Y
 _10079_/X
 _10080_/X
 _10081_/Y
 _10082_/X
 _10083_/Y
 _10084_/X
 _10085_/X
 _10086_/Y
 _10087_/X
 _10088_/X
 _10089_/Y
 _10090_/Y
 _10091_/Y
 _10092_/X
 _10093_/X
 _10094_/X
 _10095_/X
 _10096_/Y
 _10097_/X
 _10098_/X
 _10099_/X
 _10100_/X
 _10101_/X
 _10102_/X
 _10103_/X
 _10104_/X
 _10105_/X
 _10106_/Y
 _10107_/Y
 _10108_/Y
 _10109_/X
 _10110_/X
 _10111_/Y
 _10112_/Y
 _10113_/X
 _10114_/Y
 _10115_/Y
 _10116_/Y
 _10117_/Y
 _10118_/X
 _10119_/X
 _10120_/Y
 _10121_/X
 _10122_/X
 _10123_/X
 _10124_/X
 _10125_/X
 _10126_/Y
 _10127_/Y
 _10128_/X
 _10129_/X
 _10130_/Y
 _10131_/Y
 _10132_/Y
 _10133_/Y
 _10134_/Y
 _10135_/Y
 _10136_/X
 _10137_/X
 _10138_/X
 _10139_/Y
 _10140_/X
 _10141_/X
 _10142_/X
 _10143_/Y
 _10144_/Y
 _10145_/X
 _10146_/X
 _10147_/Y
 _10148_/Y
 _10149_/Y
 _10150_/X
 _10151_/Y
 _10152_/Y
 _10153_/X
 _10154_/X
 _10155_/Y
 _10156_/X
 _10157_/Y
 _10158_/X
 _10159_/Y
 _10160_/Y
 _10161_/Y
 _10162_/X
 _10163_/X
 _10164_/Y
 _10165_/Y
 _10166_/X
 _10167_/X
 _10168_/X
 _10169_/X
 _10170_/X
 _10171_/X
 _10172_/Y
 _10173_/X
 _10174_/X
 _10175_/Y
 _10176_/X
 _10177_/Y
 _10178_/Y
 _10179_/Y
 _10180_/X
 _10181_/Y
 _10182_/Y
 _10183_/Y
 _10184_/X
 _10185_/X
 _10186_/Y
 _10187_/Y
 _10188_/X
 _10189_/Y
 _10190_/X
 _10191_/X
 _10192_/Y
 _10193_/Y
 _10194_/X
 _10195_/X
 _10196_/Y
 _10197_/X
 _10198_/Y
 _10199_/X
 _10200_/Y
 _10201_/Y
 _10202_/X
 _10203_/X
 _10204_/X
 _10205_/Y
 _10206_/X
 _10207_/Y
 _10208_/Y
 _10209_/Y
 _10210_/Y
 _10211_/X
 _10212_/Y
 _10213_/Y
 _10214_/Y
 _10215_/X
 _10216_/X
 _10217_/X
 _10218_/Y
 _10219_/X
 _10220_/X
 _10221_/X
 _10222_/X
 _10223_/Y
 _10224_/Y
 _10225_/Y
 _10226_/Y
 _10227_/Y
 _10228_/X
 _10229_/X
 _10230_/X
 _10231_/Y
 _10232_/Y
 _10233_/X
 _10234_/Y
 _10235_/Y
 _10236_/X
 _10237_/Y
 _10238_/Y
 _10239_/Y
 _10240_/X
 _10241_/X
 _10242_/X
 _10243_/X
 _10244_/Y
 _10245_/X
 _10246_/X
 _10247_/X
 _10248_/Y
 _10249_/Y
 _10250_/Y
 _10251_/Y
 _10252_/X
 _10253_/X
 _10254_/Y
 _10255_/Y
 _10256_/Y
 _10257_/X
 _10258_/X
 _10259_/X
 _10260_/Y
 _10261_/X
 _10262_/X
 _10263_/X
 _10264_/X
 _10265_/X
 _10266_/X
 _10267_/X
 _10268_/X
 _10269_/Y
 _10270_/X
 _10271_/X
 _10272_/Y
 _10273_/Y
 _10274_/Y
 _10275_/X
 _10276_/Y
 _10277_/Y
 _10278_/X
 _10279_/Y
 _10280_/Y
 _10281_/Y
 _10282_/Y
 _10283_/X
 _10284_/X
 _10285_/Y
 _10286_/Y
 _10287_/Y
 _10288_/Y
 _10289_/X
 _10290_/Y
 _10291_/Y
 _10292_/X
 _10293_/X
 _10294_/Y
 _10295_/Y
 _10296_/Y
 _10297_/X
 _10298_/Y
 _10299_/X
 _10300_/Y
 _10301_/Y
 _10302_/Y
 _10303_/X
 _10304_/Y
 _10305_/X
 _10306_/X
 _10307_/Y
 _10308_/X
 _10309_/X
 _10310_/X
 _10311_/X
 _10312_/X
 _10313_/X
 _10314_/X
 _10315_/Y
 _10316_/Y
 _10317_/X
 _10318_/Y
 _10319_/Y
 _10320_/Y
 _10321_/Y
 _10322_/Y
 _10323_/Y
 _10324_/Y
 _10325_/Y
 _10326_/Y
 _10327_/X
 _10328_/X
 _10329_/Y
 _10330_/Y
 _10331_/Y
 _10332_/X
 _10333_/X
 _10334_/X
 _10335_/Y
 _10336_/X
 _10337_/Y
 _10338_/Y
 _10339_/Y
 _10340_/X
 _10341_/X
 _10342_/X
 _10343_/X
 _10344_/X
 _10345_/Y
 _10346_/X
 _10347_/X
 _10348_/Y
 _10349_/Y
 _10350_/Y
 _10351_/X
 _10352_/X
 _10353_/X
 _10354_/X
 _10355_/X
 _10356_/X
 _10357_/Y
 _10358_/X
 _10359_/X
 _10360_/X
 _10361_/Y
 _10362_/Y
 _10363_/Y
 _10364_/X
 _10365_/X
 _10366_/Y
 _10367_/Y
 _10368_/Y
 _10369_/X
 _10370_/Y
 _10371_/X
 _10372_/Y
 _10373_/X
 _10374_/X
 _10375_/X
 _10376_/X
 _10377_/X
 _10378_/X
 _10379_/Y
 _10380_/X
 _10381_/X
 _10382_/Y
 _10383_/Y
 _10384_/Y
 _10385_/X
 _10386_/X
 _10387_/X
 _10388_/X
 _10389_/Y
 _10390_/Y
 _10391_/Y
 _10392_/Y
 _10393_/Y
 _10394_/X
 _10395_/Y
 _10396_/X
 _10397_/Y
 _10398_/Y
 _10399_/Y
 _10400_/X
 _10401_/Y
 _10402_/Y
 _10403_/X
 _10404_/X
 _10405_/Y
 _10406_/Y
 _10407_/X
 _10408_/Y
 _10409_/X
 _10410_/Y
 _10411_/Y
 _10412_/Y
 _10413_/X
 _10414_/X
 _10415_/Y
 _10416_/X
 _10417_/X
 _10418_/Y
 _10419_/Y
 _10420_/X
 _10421_/X
 _10422_/Y
 _10423_/X
 _10424_/X
 _10425_/X
 _10426_/X
 _10427_/X
 _10428_/Y
 _10429_/X
 _10430_/Y
 _10431_/Y
 _10432_/Y
 _10433_/X
 _10434_/Y
 _10435_/Y
 _10436_/Y
 _10437_/X
 _10438_/Y
 _10439_/Y
 _10440_/Y
 _10441_/X
 _10442_/X
 _10443_/Y
 _10444_/Y
 _10445_/Y
 _10446_/X
 _10447_/X
 _10448_/X
 _10449_/Y
 _10450_/X
 _10451_/Y
 _10452_/Y
 _10453_/X
 _10454_/Y
 _10455_/X
 _10456_/X
 _10457_/X
 _10458_/X
 _10459_/X
 _10460_/Y
 _10461_/X
 _10462_/X
 _10463_/Y
 _10464_/Y
 _10465_/Y
 _10466_/X
 _10467_/Y
 _10468_/Y
 _10469_/X
 _10470_/Y
 _10471_/X
 _10472_/X
 _10473_/X
 _10474_/Y
 _10475_/X
 _10476_/X
 _10477_/Y
 _10478_/Y
 _10479_/Y
 _10480_/X
 _10481_/Y
 _10482_/X
 _10483_/X
 _10484_/Y
 _10485_/Y
 _10486_/Y
 _10487_/Y
 _10488_/X
 _10489_/Y
 _10490_/X
 _10491_/Y
 _10492_/X
 _10493_/X
 _10494_/X
 _10495_/X
 _10496_/X
 _10497_/X
 _10498_/X
 _10499_/Y
 _10500_/X
 _10501_/X
 _10502_/Y
 _10503_/Y
 _10504_/Y
 _10505_/X
 _10506_/X
 _10507_/Y
 _10508_/X
 _10509_/Y
 _10510_/Y
 _10511_/Y
 _10512_/Y
 _10513_/Y
 _10514_/X
 _10515_/Y
 _10516_/X
 _10517_/Y
 _10518_/Y
 _10519_/Y
 _10520_/X
 _10521_/Y
 _10522_/Y
 _10523_/X
 _10524_/X
 _10525_/Y
 _10526_/Y
 _10527_/Y
 _10528_/X
 _10529_/Y
 _10530_/Y
 _10531_/Y
 _10532_/X
 _10533_/X
 _10534_/Y
 _10535_/X
 _10536_/X
 _10537_/Y
 _10538_/X
 _10539_/X
 _10540_/X
 _10541_/X
 _10542_/Y
 _10543_/Y
 _10544_/X
 _10545_/X
 _10546_/Y
 _10547_/X
 _10548_/Y
 _10549_/X
 _10550_/Y
 _10551_/X
 _10552_/Y
 _10553_/Y
 _10554_/X
 _10555_/Y
 _10556_/Y
 _10557_/Y
 _10558_/X
 _10559_/X
 _10560_/Y
 _10561_/Y
 _10562_/Y
 _10563_/X
 _10564_/X
 _10565_/X
 _10566_/Y
 _10567_/X
 _10568_/Y
 _10569_/Y
 _10570_/Y
 _10571_/X
 _10572_/X
 _10573_/X
 _10574_/X
 _10575_/X
 _10576_/Y
 _10577_/X
 _10578_/X
 _10579_/Y
 _10580_/Y
 _10581_/Y
 _10582_/X
 _10583_/X
 _10584_/X
 _10585_/X
 _10586_/X
 _10587_/X
 _10588_/Y
 _10589_/X
 _10590_/X
 _10591_/Y
 _10592_/Y
 _10593_/Y
 _10594_/Y
 _10595_/X
 _10596_/X
 _10597_/Y
 _10598_/Y
 _10599_/Y
 _10600_/X
 _10601_/Y
 _10602_/X
 _10603_/Y
 _10604_/X
 _10605_/X
 _10606_/X
 _10607_/X
 _10608_/X
 _10609_/X
 _10610_/Y
 _10611_/X
 _10612_/X
 _10613_/Y
 _10614_/Y
 _10615_/Y
 _10616_/X
 _10617_/X
 _10618_/Y
 _10619_/X
 _10620_/Y
 _10621_/Y
 _10622_/Y
 _10623_/Y
 _10624_/Y
 _10625_/X
 _10626_/Y
 _10627_/X
 _10628_/Y
 _10629_/Y
 _10630_/Y
 _10631_/X
 _10632_/Y
 _10633_/Y
 _10634_/X
 _10635_/X
 _10636_/Y
 _10637_/Y
 _10638_/Y
 _10639_/X
 _10640_/Y
 _10641_/X
 _10642_/Y
 _10643_/Y
 _10644_/Y
 _10645_/X
 _10646_/X
 _10647_/Y
 _10648_/X
 _10649_/X
 _10650_/Y
 _10651_/Y
 _10652_/X
 _10653_/X
 _10654_/Y
 _10655_/X
 _10656_/X
 _10657_/Y
 _10658_/X
 _10659_/Y
 _10660_/X
 _10661_/Y
 _10662_/X
 _10663_/Y
 _10664_/Y
 _10665_/X
 _10666_/Y
 _10667_/X
 _10668_/Y
 _10669_/Y
 _10670_/Y
 _10671_/Y
 _10672_/Y
 _10673_/Y
 _10674_/Y
 _10675_/Y
 _10676_/Y
 _10677_/Y
 _10678_/Y
 _10679_/Y
 _10680_/Y
 _10681_/X
 _10682_/X
 _10683_/Y
 _10684_/Y
 _10685_/Y
 _10686_/X
 _10687_/X
 _10688_/X
 _10689_/Y
 _10690_/X
 _10691_/Y
 _10692_/Y
 _10693_/Y
 _10694_/X
 _10695_/X
 _10696_/X
 _10697_/X
 _10698_/X
 _10699_/Y
 _10700_/X
 _10701_/X
 _10702_/Y
 _10703_/Y
 _10704_/Y
 _10705_/X
 _10706_/X
 _10707_/X
 _10708_/X
 _10709_/X
 _10710_/X
 _10711_/Y
 _10712_/X
 _10713_/X
 _10714_/Y
 _10715_/Y
 _10716_/Y
 _10717_/Y
 _10718_/X
 _10719_/X
 _10720_/Y
 _10721_/Y
 _10722_/Y
 _10723_/X
 _10724_/Y
 _10725_/X
 _10726_/Y
 _10727_/X
 _10728_/X
 _10729_/X
 _10730_/X
 _10731_/X
 _10732_/X
 _10733_/Y
 _10734_/X
 _10735_/X
 _10736_/Y
 _10737_/Y
 _10738_/Y
 _10739_/X
 _10740_/X
 _10741_/Y
 _10742_/X
 _10743_/Y
 _10744_/Y
 _10745_/Y
 _10746_/Y
 _10747_/Y
 _10748_/X
 _10749_/X
 _10750_/Y
 _10751_/X
 _10752_/Y
 _10753_/Y
 _10754_/Y
 _10755_/X
 _10756_/Y
 _10757_/Y
 _10758_/X
 _10759_/X
 _10760_/Y
 _10761_/Y
 _10762_/Y
 _10763_/X
 _10764_/Y
 _10765_/Y
 _10766_/Y
 _10767_/X
 _10768_/X
 _10769_/Y
 _10770_/X
 _10771_/X
 _10772_/X
 _10773_/Y
 _10774_/X
 _10775_/X
 _10776_/Y
 _10777_/X
 _10778_/X
 _10779_/Y
 _10780_/X
 _10781_/Y
 _10782_/X
 _10783_/Y
 _10784_/X
 _10785_/Y
 _10786_/Y
 _10787_/Y
 _10788_/X
 _10789_/Y
 _10790_/Y
 _10791_/Y
 _10792_/Y
 _10793_/Y
 _10794_/Y
 _10795_/X
 _10796_/X
 _10797_/Y
 _10798_/Y
 _10799_/Y
 _10800_/X
 _10801_/X
 _10802_/X
 _10803_/Y
 _10804_/X
 _10805_/Y
 _10806_/Y
 _10807_/Y
 _10808_/X
 _10809_/X
 _10810_/X
 _10811_/X
 _10812_/X
 _10813_/Y
 _10814_/X
 _10815_/Y
 _10816_/Y
 _10817_/Y
 _10818_/X
 _10819_/X
 _10820_/X
 _10821_/X
 _10822_/X
 _10823_/X
 _10824_/X
 _10825_/Y
 _10826_/X
 _10827_/X
 _10828_/Y
 _10829_/Y
 _10830_/Y
 _10831_/Y
 _10832_/X
 _10833_/X
 _10834_/Y
 _10835_/Y
 _10836_/Y
 _10837_/X
 _10838_/X
 _10839_/X
 _10840_/Y
 _10841_/Y
 _10842_/X
 _10843_/X
 _10844_/X
 _10845_/X
 _10846_/X
 _10847_/X
 _10848_/Y
 _10849_/Y
 _10850_/Y
 _10851_/Y
 _10852_/X
 _10853_/Y
 _10854_/X
 _10855_/Y
 _10856_/Y
 _10857_/X
 _10858_/Y
 _10859_/Y
 _10860_/Y
 _10861_/Y
 _10862_/Y
 _10863_/X
 _10864_/Y
 _10865_/X
 _10866_/Y
 _10867_/Y
 _10868_/Y
 _10869_/X
 _10870_/Y
 _10871_/Y
 _10872_/X
 _10873_/X
 _10874_/X
 _10875_/Y
 _10876_/Y
 _10877_/X
 _10878_/Y
 _10879_/Y
 _10880_/Y
 _10881_/X
 _10882_/X
 _10883_/Y
 _10884_/X
 _10885_/X
 _10886_/Y
 _10887_/X
 _10888_/X
 _10889_/Y
 _10890_/X
 _10891_/X
 _10892_/Y
 _10893_/X
 _10894_/Y
 _10895_/X
 _10896_/Y
 _10897_/X
 _10898_/Y
 _10899_/Y
 _10900_/X
 _10901_/Y
 _10902_/X
 _10903_/Y
 _10904_/Y
 _10905_/Y
 _10906_/Y
 _10907_/Y
 _10908_/Y
 _10909_/Y
 _10910_/Y
 _10911_/X
 _10912_/X
 _10913_/Y
 _10914_/Y
 _10915_/Y
 _10916_/X
 _10917_/X
 _10918_/X
 _10919_/Y
 _10920_/Y
 _10921_/Y
 _10922_/Y
 _10923_/Y
 _10924_/X
 _10925_/X
 _10926_/X
 _10927_/X
 _10928_/Y
 _10929_/Y
 _10930_/Y
 _10931_/Y
 _10932_/Y
 _10933_/Y
 _10934_/X
 _10935_/X
 _10936_/X
 _10937_/X
 _10938_/X
 _10939_/X
 _10940_/X
 _10941_/X
 _10942_/Y
 _10943_/X
 _10944_/Y
 _10945_/Y
 _10946_/Y
 _10947_/X
 _10948_/X
 _10949_/Y
 _10950_/Y
 _10951_/Y
 _10952_/X
 _10953_/X
 _10954_/X
 _10955_/X
 _10956_/X
 _10957_/Y
 _10958_/X
 _10959_/X
 _10960_/X
 _10961_/X
 _10962_/X
 _10963_/Y
 _10964_/Y
 _10965_/Y
 _10966_/Y
 _10967_/X
 _10968_/X
 _10969_/Y
 _10970_/X
 _10971_/X
 _10972_/Y
 _10973_/Y
 _10974_/Y
 _10975_/Y
 _10976_/X
 _10977_/X
 _10978_/Y
 _10979_/Y
 _10980_/Y
 _10981_/Y
 _10982_/X
 _10983_/Y
 _10984_/Y
 _10985_/X
 _10986_/X
 _10987_/Y
 _10988_/X
 _10989_/Y
 _10990_/Y
 _10991_/X
 _10992_/Y
 _10993_/X
 _10994_/Y
 _10995_/Y
 _10996_/Y
 _10997_/X
 _10998_/X
 _10999_/Y
 _11000_/X
 _11001_/Y
 _11002_/Y
 _11003_/X
 _11004_/X
 _11005_/Y
 _11006_/X
 _11007_/X
 _11008_/Y
 _11009_/X
 _11010_/Y
 _11011_/X
 _11012_/Y
 _11013_/X
 _11014_/Y
 _11015_/Y
 _11016_/X
 _11017_/Y
 _11018_/X
 _11019_/X
 _11020_/X
 _11021_/X
 _11022_/Y
 _11023_/Y
 _11024_/Y
 _11025_/X
 _11026_/X
 _11027_/Y
 _11028_/Y
 _11029_/X
 _11030_/Y
 _11031_/X
 _11032_/X
 _11033_/X
 _11034_/Y
 _11035_/Y
 _11036_/Y
 _11037_/Y
 _11038_/Y
 _11039_/X
 _11040_/X
 _11041_/X
 _11042_/X
 _11043_/Y
 _11044_/Y
 _11045_/Y
 _11046_/Y
 _11047_/Y
 _11048_/Y
 _11049_/X
 _11050_/X
 _11051_/X
 _11052_/X
 _11053_/X
 _11054_/X
 _11055_/X
 _11056_/X
 _11057_/X
 _11058_/X
 _11059_/Y
 _11060_/Y
 _11061_/Y
 _11062_/X
 _11063_/X
 _11064_/Y
 _11065_/Y
 _11066_/Y
 _11067_/X
 _11068_/X
 _11069_/X
 _11070_/Y
 _11071_/X
 _11072_/Y
 _11073_/X
 _11074_/X
 _11075_/X
 _11076_/Y
 _11077_/X
 _11078_/X
 _11079_/Y
 _11080_/X
 _11081_/X
 _11082_/Y
 _11083_/Y
 _11084_/Y
 _11085_/Y
 _11086_/Y
 _11087_/X
 _11088_/X
 _11089_/X
 _11090_/X
 _11091_/Y
 _11092_/Y
 _11093_/Y
 _11094_/Y
 _11095_/Y
 _11096_/Y
 _11097_/X
 _11098_/Y
 _11099_/X
 _11100_/Y
 _11101_/Y
 _11102_/Y
 _11103_/X
 _11104_/Y
 _11105_/Y
 _11106_/X
 _11107_/X
 _11108_/X
 _11109_/Y
 _11110_/Y
 _11111_/Y
 _11112_/X
 _11113_/Y
 _11114_/X
 _11115_/Y
 _11116_/Y
 _11117_/Y
 _11118_/X
 _11119_/X
 _11120_/Y
 _11121_/X
 _11122_/X
 _11123_/Y
 _11124_/Y
 _11125_/X
 _11126_/X
 _11127_/Y
 _11128_/X
 _11129_/X
 _11130_/X
 _11131_/X
 _11132_/X
 _11133_/X
 _11134_/X
 _11135_/Y
 _11136_/Y
 _11137_/X
 _11138_/Y
 _11139_/Y
 _11140_/Y
 _11141_/Y
 _11142_/Y
 _11143_/Y
 _11144_/Y
 _11145_/Y
 _11146_/Y
 _11147_/Y
 _11148_/Y
 _11149_/Y
 _11150_/Y
 _11151_/X
 _11152_/Y
 _11153_/Y
 _11154_/Y
 _11155_/X
 _11156_/Y
 _11157_/Y
 _11158_/X
 _11159_/Y
 _11160_/Y
 _11161_/Y
 _11162_/X
 _11163_/X
 _11164_/Y
 _11165_/X
 _11166_/Y
 _11167_/Y
 _11168_/Y
 _11169_/X
 _11170_/Y
 _11171_/X
 _11172_/Y
 _11173_/X
 _11174_/X
 _11175_/X
 _11176_/Y
 _11177_/Y
 _11178_/Y
 _11179_/X
 _11180_/Y
 _11181_/Y
 _11182_/Y
 _11183_/X
 _11184_/Y
 _11185_/X
 _11186_/X
 _11187_/X
 _11188_/X
 _11189_/X
 _11190_/X
 _11191_/X
 _11192_/X
 _11193_/X
 _11194_/X
 _11195_/X
 _11196_/Y
 _11197_/Y
 _11198_/Y
 _11199_/X
 _11200_/X
 _11201_/Y
 _11202_/X
 _11203_/Y
 _11204_/Y
 _11205_/Y
 _11206_/Y
 _11207_/Y
 _11208_/X
 _11209_/Y
 _11210_/Y
 _11211_/Y
 _11212_/Y
 _11213_/Y
 _11214_/X
 _11215_/X
 _11216_/Y
 _11217_/Y
 _11218_/X
 _11219_/Y
 _11220_/Y
 _11221_/Y
 _11222_/X
 _11223_/Y
 _11224_/Y
 _11225_/X
 _11226_/X
 _11227_/X
 _11228_/X
 _11229_/X
 _11230_/X
 _11231_/X
 _11232_/Y
 _11233_/Y
 _11234_/Y
 _11235_/X
 _11236_/X
 _11237_/X
 _11238_/Y
 _11239_/Y
 _11240_/Y
 _11241_/X
 _11242_/Y
 _11243_/Y
 _11244_/Y
 _11245_/Y
 _11246_/Y
 _11247_/Y
 _11248_/Y
 _11249_/Y
 _11250_/Y
 _11251_/Y
 _11252_/X
 _11253_/Y
 _11254_/Y
 _11255_/Y
 _11256_/Y
 _11257_/Y
 _11258_/Y
 _11259_/Y
 _11260_/X
 _11261_/X
 _11262_/Y
 _11263_/Y
 _11264_/Y
 _11265_/X
 _11266_/Y
 _11267_/Y
 _11268_/Y
 _11269_/Y
 _11270_/Y
 _11271_/Y
 _11272_/X
 _11273_/Y
 _11274_/X
 _11275_/X
 _11276_/X
 _11277_/X
 _11278_/X
 _11279_/Y
 _11280_/Y
 _11281_/Y
 _11282_/Y
 _11283_/X
 _11284_/Y
 _11285_/Y
 _11286_/Y
 _11287_/Y
 _11288_/Y
 _11289_/X
 _11290_/X
 _11291_/X
 _11292_/Y
 _11293_/X
 _11294_/Y
 _11295_/Y
 _11296_/Y
 _11297_/X
 _11298_/Y
 _11299_/Y
 _11300_/X
 _11301_/X
 _11302_/Y
 _11303_/X
 _11304_/X
 _11305_/X
 _11306_/Y
 _11307_/Y
 _11308_/Y
 _11309_/X
 _11310_/X
 _11311_/X
 _11312_/X
 _11313_/Y
 _11314_/Y
 _11315_/Y
 _11316_/X
 _11317_/X
 _11318_/Y
 _11319_/Y
 _11320_/Y
 _11321_/Y
 _11322_/Y
 _11323_/X
 _11324_/X
 _11325_/X
 _11326_/Y
 _11327_/Y
 _11328_/Y
 _11329_/X
 _11330_/Y
 _11331_/Y
 _11332_/Y
 _11333_/X
 _11334_/Y
 _11335_/Y
 _11336_/Y
 _11337_/Y
 _11338_/X
 _11339_/Y
 _11340_/X
 _11341_/X
 _11342_/Y
 _11343_/Y
 _11344_/Y
 _11345_/X
 _11346_/Y
 _11347_/Y
 _11348_/Y
 _11349_/Y
 _11350_/X
 _11351_/X
 _11352_/Y
 _11353_/Y
 _11354_/Y
 _11355_/X
 _11356_/Y
 _11357_/X
 _11358_/X
 _11359_/X
 _11360_/X
 _11361_/Y
 _11362_/X
 _11363_/X
 _11364_/Y
 _11365_/Y
 _11366_/Y
 _11367_/X
 _11368_/X
 _11369_/Y
 _11370_/Y
 _11371_/Y
 _11372_/X
 _11373_/Y
 _11374_/X
 _11375_/Y
 _11376_/Y
 _11377_/Y
 _11378_/Y
 _11379_/Y
 _11380_/X
 _11381_/Y
 _11382_/Y
 _11383_/Y
 _11384_/X
 _11385_/Y
 _11386_/Y
 _11387_/X
 _11388_/X
 _11389_/X
 _11390_/X
 _11391_/Y
 _11392_/X
 _11393_/Y
 _11394_/Y
 _11395_/Y
 _11396_/X
 _11397_/Y
 _11398_/Y
 _11399_/X
 _11400_/X
 _11401_/X
 _11402_/X
 _11403_/Y
 _11404_/Y
 _11405_/X
 _11406_/X
 _11407_/X
 _11408_/X
 _11409_/Y
 _11410_/Y
 _11411_/Y
 _11412_/X
 _11413_/X
 _11414_/X
 _11415_/X
 _11416_/X
 _11417_/X
 _11418_/Y
 _11419_/Y
 _11420_/Y
 _11421_/Y
 _11422_/X
 _11423_/Y
 _11424_/Y
 _11425_/Y
 _11426_/Y
 _11427_/Y
 _11428_/X
 _11429_/X
 _11430_/X
 _11431_/X
 _11432_/Y
 _11433_/Y
 _11434_/X
 _11435_/Y
 _11436_/X
 _11437_/Y
 _11438_/Y
 _11439_/X
 _11440_/X
 _11441_/Y
 _11442_/Y
 _11443_/Y
 _11444_/X
 _11445_/Y
 _11446_/Y
 _11447_/Y
 _11448_/X
 _11449_/X
 _11450_/X
 _11451_/X
 _11452_/Y
 _11453_/Y
 _11454_/Y
 _11455_/Y
 _11456_/X
 _11457_/Y
 _11458_/Y
 _11459_/X
 _11460_/Y
 _11461_/X
 _11462_/X
 _11463_/Y
 _11464_/Y
 _11465_/Y
 _11466_/Y
 _11467_/Y
 _11468_/Y
 _11469_/X
 _11470_/Y
 _11471_/Y
 _11472_/Y
 _11473_/X
 _11474_/Y
 _11475_/Y
 _11476_/X
 _11477_/X
 _11478_/X
 _11479_/X
 _11480_/X
 _11481_/Y
 _11482_/Y
 _11483_/Y
 _11484_/X
 _11485_/X
 _11486_/Y
 _11487_/Y
 _11488_/Y
 _11489_/X
 _11490_/X
 _11491_/Y
 _11492_/Y
 _11493_/Y
 _11494_/Y
 _11495_/Y
 _11496_/X
 _11497_/X
 _11498_/Y
 _11499_/Y
 _11500_/Y
 _11501_/Y
 _11502_/X
 _11503_/X
 _11504_/X
 _11505_/X
 _11506_/Y
 _11507_/Y
 _11508_/X
 _11509_/Y
 _11510_/X
 _11511_/Y
 _11512_/Y
 _11513_/Y
 _11514_/X
 _11515_/X
 _11516_/Y
 _11517_/X
 _11518_/Y
 _11519_/Y
 _11520_/X
 _11521_/Y
 _11522_/Y
 _11523_/X
 _11524_/X
 _11525_/Y
 _11526_/Y
 _11527_/Y
 _11528_/X
 _11529_/Y
 _11530_/Y
 _11531_/X
 _11532_/Y
 _11533_/Y
 _11534_/Y
 _11535_/Y
 _11536_/Y
 _11537_/X
 _11538_/X
 _11539_/Y
 _11540_/Y
 _11541_/Y
 _11542_/Y
 _11543_/X
 _11544_/X
 _11545_/X
 _11546_/X
 _11547_/Y
 _11548_/Y
 _11549_/X
 _11550_/Y
 _11551_/X
 _11552_/Y
 _11553_/Y
 _11554_/Y
 _11555_/X
 _11556_/X
 _11557_/Y
 _11558_/X
 _11559_/Y
 _11560_/Y
 _11561_/X
 _11562_/Y
 _11563_/Y
 _11564_/Y
 _11565_/X
 _11566_/X
 _11567_/X
 _11568_/X
 _11569_/Y
 _11570_/Y
 _11571_/X
 _11572_/Y
 _11573_/Y
 _11574_/Y
 _11575_/X
 _11576_/X
 _11577_/Y
 _11578_/X
 _11579_/Y
 _11580_/X
 _11581_/X
 _11582_/Y
 _11583_/X
 _11584_/Y
 _11585_/Y
 _11586_/X
 _11587_/Y
 _11588_/Y
 _11589_/Y
 _11590_/X
 _11591_/X
 _11592_/X
 _11593_/X
 _11594_/Y
 _11595_/X
 _11596_/Y
 _11597_/Y
 _11598_/X
 _11599_/Y
 _11600_/Y
 _11601_/X
 _11602_/X
 _11603_/X
 _11604_/X
 _11605_/Y
 _11606_/X
 _11607_/X
 _11608_/Y
 _11609_/X
 _11610_/X
 _11611_/X
 _11612_/Y
 _11613_/Y
 _11614_/X
 _11615_/X
 _11616_/X
 _11617_/X
 _11618_/X
 _11619_/Y
 _11620_/Y
 _11621_/X
 _11622_/Y
 _11623_/X
 _11624_/Y
 _11625_/Y
 _11626_/Y
 _11627_/X
 _11628_/Y
 _11629_/X
 _11630_/X
 _11631_/Y
 _11632_/Y
 _11633_/X
 _11634_/X
 _11635_/X
 _11636_/X
 _11637_/X
 _11638_/X
 _11639_/X
 _11640_/X
 _11641_/X
 _11642_/X
 _11643_/Y
 _11644_/Y
 _11645_/X
 _11646_/Y
 _11647_/Y
 _11648_/X
 _11649_/Y
 _11650_/Y
 _11651_/Y
 _11652_/X
 _11653_/X
 _11654_/X
 _11655_/X
 _11656_/Y
 _11657_/Y
 _11658_/Y
 _11659_/Y
 _11660_/X
 _11661_/X
 _11662_/Y
 _11663_/Y
 _11664_/X
 _11665_/Y
 _11666_/X
 _11667_/Y
 _11668_/Y
 _11669_/X
 _11670_/Y
 _11671_/Y
 _11672_/X
 _11673_/X
 _11674_/X
 _11675_/X
 _11676_/Y
 _11677_/X
 _11678_/Y
 _11679_/Y
 _11680_/Y
 _11681_/X
 _11682_/Y
 _11683_/Y
 _11684_/Y
 _11685_/X
 _11686_/X
 _11687_/Y
 _11688_/Y
 _11689_/X
 _11690_/Y
 _11691_/X
 _11692_/Y
 _11693_/X
 _11694_/X
 _11695_/X
 _11696_/X
 _11697_/Y
 _11698_/X
 _11699_/X
 _11700_/Y
 _11701_/X
 _11702_/Y
 _11703_/Y
 _11704_/X
 _11705_/Y
 _11706_/Y
 _11707_/Y
 _11708_/X
 _11709_/Y
 _11710_/Y
 _11711_/X
 _11712_/X
 _11713_/Y
 _11714_/Y
 _11715_/Y
 _11716_/X
 _11717_/Y
 _11718_/Y
 _11719_/X
 _11720_/X
 _11721_/Y
 _11722_/X
 _11723_/Y
 _11724_/X
 _11725_/Y
 _11726_/Y
 _11727_/Y
 _11728_/X
 _11729_/X
 _11730_/Y
 _11731_/Y
 _11732_/X
 _11733_/X
 _11734_/X
 _11735_/X
 _11736_/X
 _11737_/X
 _11738_/X
 _11739_/Y
 _11740_/Y
 _11741_/X
 _11742_/X
 _11743_/X
 _11744_/Y
 _11745_/Y
 _11746_/Y
 _11747_/Y
 _11748_/Y
 _11749_/X
 _11750_/X
 _11751_/Y
 _11752_/X
 _11753_/Y
 _11754_/X
 _11755_/X
 _11756_/X
 _11757_/Y
 _11758_/Y
 _11759_/X
 _11760_/X
 _11761_/X
 _11762_/Y
 _11763_/Y
 _11764_/X
 _11765_/Y
 _11766_/Y
 _11767_/X
 _11768_/X
 _11769_/X
 _11770_/Y
 _11771_/Y
 _11772_/Y
 _11773_/X
 _11774_/X
 _11775_/X
 _11776_/X
 _11777_/Y
 _11778_/Y
 _11779_/Y
 _11780_/Y
 _11781_/X
 _11782_/X
 _11783_/X
 _11784_/Y
 _11785_/Y
 _11786_/Y
 _11787_/X
 _11788_/Y
 _11789_/X
 _11790_/X
 _11791_/X
 _11792_/Y
 _11793_/X
 _11794_/Y
 _11795_/X
 _11796_/X
 _11797_/X
 _11798_/X
 _11799_/X
 _11800_/X
 _11801_/X
 _11802_/Y
 _11803_/Y
 _11804_/X
 _11805_/X
 _11806_/Y
 _11807_/X
 _11808_/Y
 _11809_/Y
 _11810_/Y
 _11811_/Y
 _11812_/X
 _11813_/X
 _11814_/Y
 _11815_/X
 _11816_/Y
 _11817_/X
 _11818_/X
 _11819_/X
 _11820_/Y
 _11821_/X
 _11822_/X
 _11823_/X
 _11824_/X
 _11825_/X
 _11826_/Y
 _11827_/Y
 _11828_/X
 _11829_/X
 _11830_/Y
 _11831_/X
 _11832_/Y
 _11833_/X
 _11834_/Y
 _11835_/X
 _11836_/X
 _11837_/X
 _11838_/X
 _11839_/Y
 _11840_/X
 _11841_/Y
 _11842_/X
 _11843_/Y
 _11844_/X
 _11845_/X
 _11846_/Y
 _11847_/X
 _11848_/Y
 _11849_/Y
 _11850_/X
 _11851_/Y
 _11852_/Y
 _11853_/Y
 _11854_/X
 _11855_/X
 _11856_/Y
 _11857_/Y
 _11858_/X
 _11859_/X
 _11860_/X
 _11861_/X
 _11862_/Y
 _11863_/Y
 _11864_/X
 _11865_/Y
 _11866_/X
 _11867_/Y
 _11868_/Y
 _11869_/Y
 _11870_/X
 _11871_/X
 _11872_/Y
 _11873_/X
 _11874_/Y
 _11875_/Y
 _11876_/X
 _11877_/Y
 _11878_/Y
 _11879_/Y
 _11880_/Y
 _11881_/Y
 _11882_/X
 _11883_/X
 _11884_/Y
 _11885_/X
 _11886_/X
 _11887_/X
 _11888_/X
 _11889_/Y
 _11890_/Y
 _11891_/Y
 _11892_/Y
 _11893_/X
 _11894_/X
 _11895_/X
 _11896_/Y
 _11897_/Y
 _11898_/X
 _11899_/X
 _11900_/X
 _11901_/Y
 _11902_/Y
 _11903_/Y
 _11904_/Y
 _11905_/X
 _11906_/X
 _11907_/Y
 _11908_/X
 _11909_/Y
 _11910_/X
 _11911_/X
 _11912_/Y
 _11913_/X
 _11914_/Y
 _11915_/Y
 _11916_/X
 _11917_/X
 _11918_/Y
 _11919_/X
 _11920_/X
 _11921_/Y
 _11922_/Y
 _11923_/X
 _11924_/Y
 _11925_/X
 _11926_/X
 _11927_/Y
 _11928_/X
 _11929_/X
 _11930_/X
 _11931_/Y
 _11932_/X
 _11933_/X
 _11934_/X
 _11935_/X
 _11936_/X
 _11937_/Y
 _11938_/Y
 _11939_/X
 _11940_/Y
 _11941_/X
 _11942_/X
 _11943_/Y
 _11944_/X
 _11945_/Y
 _11946_/X
 _11947_/X
 _11948_/X
 _11949_/Y
 _11950_/Y
 _11951_/X
 _11952_/Y
 _11953_/X
 _11954_/Y
 _11955_/X
 _11956_/X
 _11957_/Y
 _11958_/X
 _11959_/Y
 _11960_/Y
 _11961_/X
 _11962_/Y
 _11963_/X
 _11964_/Y
 _11965_/X
 _11966_/X
 _11967_/X
 _11968_/X
 _11969_/X
 _11970_/X
 _11971_/Y
 _11972_/X
 _11973_/Y
 _11974_/Y
 _11975_/Y
 _11976_/X
 _11977_/Y
 _11978_/Y
 _11979_/Y
 _11980_/X
 _11981_/X
 _11982_/Y
 _11983_/Y
 _11984_/X
 _11985_/Y
 _11986_/X
 _11987_/Y
 _11988_/X
 _11989_/Y
 _11990_/X
 _11991_/X
 _11992_/X
 _11993_/X
 _11994_/X
 _11995_/X
 _11996_/X
 _11997_/Y
 _11998_/X
 _11999_/X
 _12000_/X
 _12001_/X
 _12002_/X
 _12003_/X
 _12004_/X
 _12005_/Y
 _12006_/Y
 _12007_/X
 _12008_/Y
 _12009_/X
 _12010_/Y
 _12011_/X
 _12012_/Y
 _12013_/X
 _12014_/Y
 _12015_/Y
 _12016_/X
 _12017_/Y
 _12018_/X
 _12019_/X
 _12020_/X
 _12021_/Y
 _12022_/X
 _12023_/Y
 _12024_/Y
 _12025_/X
 _12026_/X
 _12027_/Y
 _12028_/Y
 _12029_/Y
 _12030_/Y
 _12031_/Y
 _12032_/X
 _12033_/X
 _12034_/X
 _12035_/X
 _12036_/X
 _12037_/X
 _12038_/X
 _12039_/X
 _12040_/X
 _12041_/Y
 _12042_/X
 _12043_/X
 _12044_/Y
 _12045_/Y
 _12046_/X
 _12047_/X
 _12048_/Y
 _12049_/X
 _12050_/Y
 _12051_/X
 _12052_/Y
 _12053_/Y
 _12054_/X
 _12055_/Y
 _12056_/X
 _12057_/X
 _12058_/X
 _12059_/Y
 _12060_/Y
 _12061_/X
 _12062_/Y
 _12063_/X
 _12064_/Y
 _12065_/Y
 _12066_/X
 _12067_/Y
 _12068_/Y
 _12069_/Y
 _12070_/Y
 _12071_/Y
 _12072_/X
 _12073_/Y
 _12074_/X
 _12075_/X
 _12076_/X
 _12077_/X
 _12078_/Y
 _12079_/Y
 _12080_/X
 _12081_/Y
 _12082_/X
 _12083_/X
 _12084_/Y
 _12085_/Y
 _12086_/X
 _12087_/X
 _12088_/Y
 _12089_/X
 _12090_/X
 _12091_/X
 _12092_/Y
 _12093_/Y
 _12094_/Y
 _12095_/Y
 _12096_/X
 _12097_/X
 _12098_/X
 _12099_/Y
 _12100_/X
 _12101_/Y
 _12102_/X
 _12103_/X
 _12104_/Y
 _12105_/X
 _12106_/Y
 _12107_/Y
 _12108_/Y
 _12109_/Y
 _12110_/Y
 _12111_/Y
 _12112_/Y
 _12113_/Y
 _12114_/Y
 _12115_/Y
 _12116_/Y
 _12117_/X
 _12118_/X
 _12119_/X
 _12120_/X
 _12121_/X
 _12122_/Y
 _12123_/Y
 _12124_/X
 _12125_/Y
 _12126_/Y
 _12127_/Y
 _12128_/Y
 _12129_/Y
 _12130_/Y
 _12131_/X
 _12132_/Y
 _12133_/Y
 _12134_/X
 _12135_/Y
 _12136_/X
 _12137_/Y
 _12138_/Y
 _12139_/Y
 _12140_/Y
 _12141_/Y
 _12142_/Y
 _12143_/X
 _12144_/Y
 _12145_/X
 _12146_/X
 _12147_/X
 _12148_/Y
 _12149_/X
 _12150_/Y
 _12151_/X
 _12152_/X
 _12153_/Y
 _12154_/Y
 _12155_/Y
 _12156_/X
 _12157_/X
 _12158_/Y
 _12159_/X
 _12160_/Y
 _12161_/Y
 _12162_/Y
 _12163_/X
 _12164_/Y
 _12165_/X
 _12166_/Y
 _12167_/X
 _12168_/X
 _12169_/X
 _12170_/Y
 _12171_/Y
 _12172_/Y
 _12173_/Y
 _12174_/Y
 _12175_/Y
 _12176_/X
 _12177_/Y
 _12178_/Y
 _12179_/Y
 _12180_/Y
 _12181_/Y
 _12182_/X
 _12183_/Y
 _12184_/X
 _12185_/Y
 _12186_/X
 _12187_/Y
 _12188_/Y
 _12189_/Y
 _12190_/X
 _12191_/Y
 _12192_/Y
 _12193_/Y
 _12194_/Y
 _12195_/Y
 _12196_/X
 _12197_/X
 _12198_/Y
 _12199_/Y
 _12200_/Y
 _12201_/X
 _12202_/X
 _12203_/Y
 _12204_/Y
 _12205_/Y
 _12206_/Y
 _12207_/X
 _12208_/X
 _12209_/Y
 _12210_/X
 _12211_/X
 _12212_/X
 _12213_/Y
 _12214_/X
 _12215_/X
 _12216_/X
 _12217_/Y
 _12218_/Y
 _12219_/Y
 _12220_/X
 _12221_/X
 _12222_/Y
 _12223_/Y
 _12224_/X
 _12225_/Y
 _12226_/Y
 _12227_/Y
 _12228_/Y
 _12229_/X
 _12230_/X
 _12231_/Y
 _12232_/X
 _12233_/Y
 _12234_/X
 _12235_/X
 _12236_/Y
 _12237_/Y
 _12238_/X
 _12239_/X
 _12240_/X
 _12241_/X
 _12242_/X
 _12243_/X
 _12244_/Y
 _12245_/Y
 _12246_/Y
 _12247_/Y
 _12248_/X
 _12249_/Y
 _12250_/X
 _12251_/Y
 _12252_/Y
 _12253_/Y
 _12254_/X
 _12255_/Y
 _12256_/Y
 _12257_/X
 _12258_/X
 _12259_/X
 _12260_/X
 _12261_/X
 _12262_/Y
 _12263_/Y
 _12264_/Y
 _12265_/X
 _12266_/X
 _12267_/X
 _12268_/X
 _12269_/X
 _12270_/X
 _12271_/X
 _12272_/Y
 _12273_/Y
 _12274_/X
 _12275_/Y
 _12276_/Y
 _12277_/Y
 _12278_/X
 _12279_/Y
 _12280_/Y
 _12281_/X
 _12282_/Y
 _12283_/Y
 _12284_/X
 _12285_/Y
 _12286_/Y
 _12287_/X
 _12288_/Y
 _12289_/X
 _12290_/Y
 _12291_/X
 _12292_/Y
 _12293_/Y
 _12294_/Y
 _12295_/X
 _12296_/Y
 _12297_/Y
 _12298_/X
 _12299_/X
 _12300_/Y
 _12301_/Y
 _12302_/Y
 _12303_/X
 _12304_/Y
 _12305_/Y
 _12306_/Y
 _12307_/Y
 _12308_/Y
 _12309_/X
 _12310_/Y
 _12311_/Y
 _12312_/Y
 _12313_/X
 _12314_/X
 _12315_/X
 _12316_/X
 _12317_/X
 _12318_/Y
 _12319_/Y
 _12320_/Y
 _12321_/X
 _12322_/Y
 _12323_/Y
 _12324_/X
 _12325_/X
 _12326_/X
 _12327_/Y
 _12328_/Y
 _12329_/Y
 _12330_/Y
 _12331_/Y
 _12332_/X
 _12333_/Y
 _12334_/Y
 _12335_/Y
 _12336_/Y
 _12337_/Y
 _12338_/Y
 _12339_/X
 _12340_/Y
 _12341_/Y
 _12342_/X
 _12343_/Y
 _12344_/X
 _12345_/Y
 _12346_/Y
 _12347_/X
 _12348_/X
 _12349_/X
 _12350_/X
 _12351_/X
 _12352_/X
 _12353_/Y
 _12354_/Y
 _12355_/Y
 _12356_/X
 _12357_/Y
 _12358_/Y
 _12359_/Y
 _12360_/X
 _12361_/Y
 _12362_/X
 _12363_/Y
 _12364_/X
 _12365_/Y
 _12366_/X
 _12367_/X
 _12368_/X
 _12369_/X
 _12370_/Y
 _12371_/Y
 _12372_/X
 _12373_/X
 _12374_/X
 _12375_/X
 _12376_/X
 _12377_/X
 _12378_/X
 _12379_/Y
 _12380_/Y
 _12381_/Y
 _12382_/X
 _12383_/X
 _12384_/X
 _12385_/X
 _12386_/X
 _12387_/X
 _12388_/X
 _12389_/Y
 _12390_/Y
 _12391_/X
 _12392_/Y
 _12393_/X
 _12394_/Y
 _12395_/Y
 _12396_/Y
 _12397_/X
 _12398_/X
 _12399_/Y
 _12400_/X
 _12401_/Y
 _12402_/X
 _12403_/Y
 _12404_/Y
 _12405_/Y
 _12406_/Y
 _12407_/Y
 _12408_/X
 _12409_/X
 _12410_/Y
 _12411_/Y
 _12412_/Y
 _12413_/Y
 _12414_/Y
 _12415_/X
 _12416_/X
 _12417_/X
 _12418_/X
 _12419_/X
 _12420_/X
 _12421_/Y
 _12422_/X
 _12423_/Y
 _12424_/Y
 _12425_/Y
 _12426_/X
 _12427_/Y
 _12428_/Y
 _12429_/X
 _12430_/Y
 _12431_/X
 _12432_/Y
 _12433_/X
 _12434_/X
 _12435_/Y
 _12436_/X
 _12437_/X
 _12438_/X
 _12439_/Y
 _12440_/Y
 _12441_/X
 _12442_/X
 _12443_/X
 _12444_/X
 _12445_/Y
 _12446_/Y
 _12447_/Y
 _12448_/X
 _12449_/Y
 _12450_/X
 _12451_/Y
 _12452_/Y
 _12453_/Y
 _12454_/X
 _12455_/Y
 _12456_/Y
 _12457_/X
 _12458_/Y
 _12459_/Y
 _12460_/Y
 _12461_/Y
 _12462_/Y
 _12463_/X
 _12464_/Y
 _12465_/X
 _12466_/Y
 _12467_/Y
 _12468_/Y
 _12469_/Y
 _12470_/X
 _12471_/Y
 _12472_/Y
 _12473_/Y
 _12474_/Y
 _12475_/Y
 _12476_/X
 _12477_/X
 _12478_/Y
 _12479_/X
 _12480_/Y
 _12481_/Y
 _12482_/Y
 _12483_/X
 _12484_/Y
 _12485_/Y
 _12486_/X
 _12487_/X
 _12488_/X
 _12489_/X
 _12490_/X
 _12491_/Y
 _12492_/X
 _12493_/Y
 _12494_/Y
 _12495_/Y
 _12496_/Y
 _12497_/X
 _12498_/Y
 _12499_/Y
 _12500_/X
 _12501_/X
 _12502_/Y
 _12503_/X
 _12504_/Y
 _12505_/X
 _12506_/Y
 _12507_/Y
 _12508_/Y
 _12509_/X
 _12510_/X
 _12511_/X
 _12512_/Y
 _12513_/Y
 _12514_/Y
 _12515_/X
 _12516_/X
 _12517_/X
 _12518_/Y
 _12519_/X
 _12520_/Y
 _12521_/Y
 _12522_/X
 _12523_/Y
 _12524_/X
 _12525_/X
 _12526_/X
 _12527_/Y
 _12528_/X
 _12529_/X
 _12530_/X
 _12531_/X
 _12532_/X
 _12533_/X
 _12534_/Y
 _12535_/Y
 _12536_/Y
 _12537_/X
 _12538_/X
 _12539_/Y
 _12540_/Y
 _12541_/Y
 _12542_/X
 _12543_/X
 _12544_/Y
 _12545_/X
 _12546_/Y
 _12547_/Y
 _12548_/X
 _12549_/X
 _12550_/X
 _12551_/X
 _12552_/X
 _12553_/X
 _12554_/X
 _12555_/X
 _12556_/Y
 _12557_/Y
 _12558_/Y
 _12559_/X
 _12560_/X
 _12561_/X
 _12562_/Y
 _12563_/X
 _12564_/X
 _12565_/X
 _12566_/Y
 _12567_/Y
 _12568_/Y
 _12569_/Y
 _12570_/Y
 _12571_/Y
 _12572_/Y
 _12573_/X
 _12574_/X
 _12575_/Y
 _12576_/X
 _12577_/X
 _12578_/X
 _12579_/Y
 _12580_/Y
 _12581_/Y
 _12582_/Y
 _12583_/Y
 _12584_/X
 _12585_/Y
 _12586_/X
 _12587_/Y
 _12588_/Y
 _12589_/Y
 _12590_/X
 _12591_/Y
 _12592_/Y
 _12593_/X
 _12594_/X
 _12595_/X
 _12596_/X
 _12597_/X
 _12598_/X
 _12599_/X
 _12600_/Y
 _12601_/Y
 _12602_/Y
 _12603_/X
 _12604_/Y
 _12605_/Y
 _12606_/X
 _12607_/Y
 _12608_/Y
 _12609_/Y
 _12610_/X
 _12611_/Y
 _12612_/X
 _12613_/Y
 _12614_/Y
 _12615_/Y
 _12616_/X
 _12617_/Y
 _12618_/X
 _12619_/Y
 _12620_/X
 _12621_/X
 _12622_/X
 _12623_/X
 _12624_/X
 _12625_/Y
 _12626_/X
 _12627_/X
 _12628_/X
 _12629_/Y
 _12630_/X
 _12631_/Y
 _12632_/Y
 _12633_/Y
 _12634_/X
 _12635_/Y
 _12636_/Y
 _12637_/Y
 _12638_/X
 _12639_/Y
 _12640_/X
 _12641_/X
 _12642_/X
 _12643_/Y
 _12644_/X
 _12645_/X
 _12646_/X
 _12647_/X
 _12648_/X
 _12649_/X
 _12650_/X
 _12651_/Y
 _12652_/X
 _12653_/X
 _12654_/Y
 _12655_/Y
 _12656_/Y
 _12657_/X
 _12658_/X
 _12659_/X
 _12660_/X
 _12661_/X
 _12662_/X
 _12663_/Y
 _12664_/Y
 _12665_/X
 _12666_/Y
 _12667_/X
 _12668_/Y
 _12669_/Y
 _12670_/Y
 _12671_/X
 _12672_/X
 _12673_/Y
 _12674_/Y
 _12675_/Y
 _12676_/X
 _12677_/Y
 _12678_/Y
 _12679_/Y
 _12680_/Y
 _12681_/Y
 _12682_/X
 _12683_/Y
 _12684_/X
 _12685_/Y
 _12686_/Y
 _12687_/Y
 _12688_/X
 _12689_/Y
 _12690_/Y
 _12691_/X
 _12692_/X
 _12693_/X
 _12694_/X
 _12695_/X
 _12696_/Y
 _12697_/X
 _12698_/Y
 _12699_/Y
 _12700_/Y
 _12701_/X
 _12702_/Y
 _12703_/Y
 _12704_/Y
 _12705_/Y
 _12706_/Y
 _12707_/X
 _12708_/Y
 _12709_/X
 _12710_/Y
 _12711_/Y
 _12712_/X
 _12713_/Y
 _12714_/X
 _12715_/Y
 _12716_/Y
 _12717_/X
 _12718_/X
 _12719_/X
 _12720_/X
 _12721_/X
 _12722_/Y
 _12723_/X
 _12724_/Y
 _12725_/X
 _12726_/Y
 _12727_/X
 _12728_/Y
 _12729_/Y
 _12730_/Y
 _12731_/Y
 _12732_/X
 _12733_/Y
 _12734_/Y
 _12735_/X
 _12736_/Y
 _12737_/X
 _12738_/Y
 _12739_/Y
 _12740_/X
 _12741_/Y
 _12742_/X
 _12743_/X
 _12744_/Y
 _12745_/Y
 _12746_/X
 _12747_/X
 _12748_/Y
 _12749_/X
 _12750_/Y
 _12751_/X
 _12752_/X
 _12753_/Y
 _12754_/Y
 _12755_/X
 _12756_/X
 _12757_/X
 _12758_/Y
 _12759_/X
 _12760_/Y
 _12761_/Y
 _12762_/Y
 _12763_/Y
 _12764_/X
 _12765_/Y
 _12766_/Y
 _12767_/Y
 _12768_/Y
 _12769_/Y
 _12770_/Y
 _12771_/X
 _12772_/Y
 _12773_/Y
 _12774_/X
 _12775_/X
 _12776_/X
 _12777_/X
 _12778_/Y
 _12779_/X
 _12780_/X
 _12781_/Y
 _12782_/Y
 _12783_/Y
 _12784_/X
 _12785_/X
 _12786_/X
 _12787_/X
 _12788_/X
 _12789_/X
 _12790_/X
 _12791_/X
 _12792_/X
 _12793_/Y
 _12794_/Y
 _12795_/Y
 _12796_/X
 _12797_/X
 _12798_/Y
 _12799_/Y
 _12800_/Y
 _12801_/X
 _12802_/X
 _12803_/X
 _12804_/Y
 _12805_/Y
 _12806_/X
 _12807_/X
 _12808_/Y
 _12809_/X
 _12810_/X
 _12811_/X
 _12812_/Y
 _12813_/X
 _12814_/Y
 _12815_/Y
 _12816_/X
 _12817_/X
 _12818_/Y
 _12819_/Y
 _12820_/Y
 _12821_/X
 _12822_/Y
 _12823_/X
 _12824_/Y
 _12825_/X
 _12826_/X
 _12827_/Y
 _12828_/Y
 _12829_/Y
 _12830_/Y
 _12831_/X
 _12832_/Y
 _12833_/X
 _12834_/Y
 _12835_/Y
 _12836_/Y
 _12837_/X
 _12838_/Y
 _12839_/Y
 _12840_/X
 _12841_/X
 _12842_/X
 _12843_/Y
 _12844_/Y
 _12845_/X
 _12846_/Y
 _12847_/Y
 _12848_/Y
 _12849_/X
 _12850_/X
 _12851_/Y
 _12852_/X
 _12853_/X
 _12854_/Y
 _12855_/X
 _12856_/X
 _12857_/Y
 _12858_/X
 _12859_/X
 _12860_/X
 _12861_/X
 _12862_/X
 _12863_/X
 _12864_/X
 _12865_/X
 _12866_/X
 _12867_/X
 _12868_/Y
 _12869_/Y
 _12870_/X
 _12871_/X
 _12872_/Y
 _12873_/Y
 _12874_/Y
 _12875_/Y
 _12876_/X
 _12877_/Y
 _12878_/Y
 _12879_/Y
 _12880_/X
 _12881_/Y
 _12882_/Y
 _12883_/X
 _12884_/X
 _12885_/Y
 _12886_/Y
 _12887_/Y
 _12888_/X
 _12889_/X
 _12890_/X
 _12891_/X
 _12892_/Y
 _12893_/X
 _12894_/Y
 _12895_/X
 _12896_/Y
 _12897_/Y
 _12898_/X
 _12899_/X
 _12900_/Y
 _12901_/Y
 _12902_/Y
 _12903_/X
 _12904_/X
 _12905_/Y
 _12906_/Y
 _12907_/Y
 _12908_/X
 _12909_/X
 _12910_/X
 _12911_/Y
 _12912_/Y
 _12913_/Y
 _12914_/X
 _12915_/X
 _12916_/X
 _12917_/X
 _12918_/X
 _12919_/X
 _12920_/Y
 _12921_/Y
 _12922_/Y
 _12923_/Y
 _12924_/Y
 _12925_/X
 _12926_/X
 _12927_/X
 _12928_/X
 _12929_/Y
 _12930_/Y
 _12931_/Y
 _12932_/Y
 _12933_/Y
 _12934_/Y
 _12935_/X
 _12936_/Y
 _12937_/X
 _12938_/Y
 _12939_/Y
 _12940_/Y
 _12941_/X
 _12942_/Y
 _12943_/Y
 _12944_/X
 _12945_/X
 _12946_/X
 _12947_/Y
 _12948_/X
 _12949_/Y
 _12950_/X
 _12951_/Y
 _12952_/Y
 _12953_/Y
 _12954_/X
 _12955_/X
 _12956_/Y
 _12957_/X
 _12958_/Y
 _12959_/Y
 _12960_/X
 _12961_/X
 _12962_/X
 _12963_/X
 _12964_/X
 _12965_/X
 _12966_/X
 _12967_/Y
 _12968_/X
 _12969_/Y
 _12970_/Y
 _12971_/Y
 _12972_/Y
 _12973_/X
 _12974_/X
 _12975_/Y
 _12976_/Y
 _12977_/Y
 _12978_/Y
 _12979_/Y
 _12980_/Y
 _12981_/X
 _12982_/Y
 _12983_/Y
 _12984_/Y
 _12985_/X
 _12986_/Y
 _12987_/Y
 _12988_/Y
 _12989_/Y
 _12990_/X
 _12991_/X
 _12992_/Y
 _12993_/Y
 _12994_/Y
 _12995_/X
 _12996_/Y
 _12997_/X
 _12998_/X
 _12999_/X
 _13000_/X
 _13001_/Y
 _13002_/Y
 _13003_/X
 _13004_/X
 _13005_/Y
 _13006_/Y
 _13007_/Y
 _13008_/Y
 _13009_/X
 _13010_/Y
 _13011_/X
 _13012_/Y
 _13013_/Y
 _13014_/Y
 _13015_/X
 _13016_/Y
 _13017_/Y
 _13018_/X
 _13019_/Y
 _13020_/X
 _13021_/X
 _13022_/X
 _13023_/X
 _13024_/X
 _13025_/X
 _13026_/X
 _13027_/Y
 _13028_/Y
 _13029_/Y
 _13030_/Y
 _13031_/X
 _13032_/Y
 _13033_/Y
 _13034_/X
 _13035_/Y
 _13036_/Y
 _13037_/Y
 _13038_/Y
 _13039_/Y
 _13040_/X
 _13041_/X
 _13042_/Y
 _13043_/Y
 _13044_/Y
 _13045_/Y
 _13046_/X
 _13047_/X
 _13048_/X
 _13049_/X
 _13050_/X
 _13051_/Y
 _13052_/X
 _13053_/X
 _13054_/X
 _13055_/X
 _13056_/Y
 _13057_/Y
 _13058_/Y
 _13059_/Y
 _13060_/X
 _13061_/Y
 _13062_/X
 _13063_/Y
 _13064_/X
 _13065_/Y
 _13066_/Y
 _13067_/X
 _13068_/X
 _13069_/X
 _13070_/X
 _13071_/Y
 _13072_/Y
 _13073_/X
 _13074_/Y
 _13075_/X
 _13076_/Y
 _13077_/X
 _13078_/Y
 _13079_/X
 _13080_/X
 _13081_/Y
 _13082_/Y
 _13083_/Y
 _13084_/Y
 _13085_/X
 _13086_/Y
 _13087_/Y
 _13088_/X
 _13089_/X
 _13090_/Y
 _13091_/Y
 _13092_/Y
 _13093_/X
 _13094_/Y
 _13095_/Y
 _13096_/Y
 _13097_/Y
 _13098_/X
 _13099_/X
 _13100_/X
 _13101_/X
 _13102_/X
 _13103_/Y
 _13104_/Y
 _13105_/X
 _13106_/Y
 _13107_/X
 _13108_/Y
 _13109_/Y
 _13110_/Y
 _13111_/Y
 _13112_/Y
 _13113_/Y
 _13114_/X
 _13115_/Y
 _13116_/X
 _13117_/Y
 _13118_/Y
 _13119_/Y
 _13120_/X
 _13121_/Y
 _13122_/Y
 _13123_/X
 _13124_/Y
 _13125_/X
 _13126_/X
 _13127_/Y
 _13128_/X
 _13129_/X
 _13130_/Y
 _13131_/Y
 _13132_/Y
 _13133_/Y
 _13134_/Y
 _13135_/Y
 _13136_/X
 _13137_/X
 _13138_/Y
 _13139_/X
 _13140_/Y
 _13141_/Y
 _13142_/Y
 _13143_/Y
 _13144_/Y
 _13145_/X
 _13146_/X
 _13147_/Y
 _13148_/Y
 _13149_/Y
 _13150_/Y
 _13151_/X
 _13152_/X
 _13153_/X
 _13154_/X
 _13155_/Y
 _13156_/Y
 _13157_/Y
 _13158_/Y
 _13159_/X
 _13160_/Y
 _13161_/Y
 _13162_/Y
 _13163_/X
 _13164_/Y
 _13165_/X
 _13166_/Y
 _13167_/X
 _13168_/X
 _13169_/X
 _13170_/Y
 _13171_/X
 _13172_/Y
 _13173_/Y
 _13174_/X
 _13175_/X
 _13176_/X
 _13177_/Y
 _13178_/Y
 _13179_/X
 _13180_/Y
 _13181_/X
 _13182_/Y
 _13183_/X
 _13184_/Y
 _13185_/X
 _13186_/X
 _13187_/X
 _13188_/Y
 _13189_/Y
 _13190_/Y
 _13191_/Y
 _13192_/Y
 _13193_/Y
 _13194_/Y
 _13195_/Y
 _13196_/Y
 _13197_/Y
 _13198_/Y
 _13199_/X
 _13200_/Y
 _13201_/X
 _13202_/X
 _13203_/X
 _13204_/Y
 _13205_/X
 _13206_/Y
 _13207_/X
 _13208_/X
 _13209_/Y
 _13210_/Y
 _13211_/Y
 _13212_/X
 _13213_/X
 _13214_/Y
 _13215_/X
 _13216_/Y
 _13217_/X
 _13218_/Y
 _13219_/X
 _13220_/Y
 _13221_/X
 _13222_/X
 _13223_/X
 _13224_/X
 _13225_/X
 _13226_/X
 _13227_/X
 _13228_/Y
 _13229_/Y
 _13230_/Y
 _13231_/X
 _13232_/X
 _13233_/Y
 _13234_/X
 _13235_/X
 _13236_/X
 _13237_/Y
 _13238_/Y
 _13239_/Y
 _13240_/X
 _13241_/Y
 _13242_/Y
 _13243_/Y
 _13244_/X
 _13245_/Y
 _13246_/Y
 _13247_/X
 _13248_/X
 _13249_/Y
 _13250_/X
 _13251_/Y
 _13252_/X
 _13253_/Y
 _13254_/Y
 _13255_/Y
 _13256_/Y
 _13257_/X
 _13258_/Y
 _13259_/X
 _13260_/Y
 _13261_/Y
 _13262_/Y
 _13263_/X
 _13264_/Y
 _13265_/Y
 _13266_/X
 _13267_/X
 _13268_/X
 _13269_/X
 _13270_/X
 _13271_/X
 _13272_/X
 _13273_/X
 _13274_/Y
 _13275_/Y
 _13276_/Y
 _13277_/X
 _13278_/Y
 _13279_/Y
 _13280_/Y
 _13281_/Y
 _13282_/Y
 _13283_/Y
 _13284_/Y
 _13285_/X
 _13286_/X
 _13287_/Y
 _13288_/X
 _13289_/Y
 _13290_/X
 _13291_/X
 _13292_/X
 _13293_/X
 _13294_/X
 _13295_/Y
 _13296_/X
 _13297_/Y
 _13298_/X
 _13299_/X
 _13300_/Y
 _13301_/Y
 _13302_/Y
 _13303_/X
 _13304_/X
 _13305_/X
 _13306_/X
 _13307_/X
 _13308_/X
 _13309_/X
 _13310_/Y
 _13311_/Y
 _13312_/X
 _13313_/X
 _13314_/Y
 _13315_/Y
 _13316_/Y
 _13317_/X
 _13318_/Y
 _13319_/Y
 _13320_/X
 _13321_/Y
 _13322_/Y
 _13323_/X
 _13324_/Y
 _13325_/Y
 _13326_/X
 _13327_/Y
 _13328_/Y
 _13329_/Y
 _13330_/Y
 _13331_/Y
 _13332_/Y
 _13333_/Y
 _13334_/Y
 _13335_/Y
 _13336_/X
 _13337_/X
 _13338_/X
 _13339_/X
 _13340_/X
 _13341_/X
 _13342_/Y
 _13343_/X
 _13344_/Y
 _13345_/Y
 _13346_/Y
 _13347_/X
 _13348_/Y
 _13349_/Y
 _13350_/Y
 _13351_/Y
 _13352_/X
 _13353_/Y
 _13354_/Y
 _13355_/Y
 _13356_/X
 _13357_/X
 _13358_/X
 _13359_/X
 _13360_/X
 _13361_/X
 _13362_/Y
 _13363_/Y
 _13364_/X
 _13365_/X
 _13366_/X
 _13367_/X
 _13368_/X
 _13369_/X
 _13370_/X
 _13371_/X
 _13372_/X
 _13373_/X
 _13374_/X
 _13375_/Y
 _13376_/Y
 _13377_/Y
 _13378_/X
 _13379_/X
 _13380_/Y
 _13381_/Y
 _13382_/Y
 _13383_/X
 _13384_/Y
 _13385_/Y
 _13386_/X
 _13387_/Y
 _13388_/X
 _13389_/Y
 _13390_/X
 _13391_/Y
 _13392_/X
 _13393_/Y
 _13394_/Y
 _13395_/Y
 _13396_/X
 _13397_/X
 _13398_/X
 _13399_/X
 _13400_/X
 _13401_/Y
 _13402_/X
 _13403_/Y
 _13404_/Y
 _13405_/Y
 _13406_/X
 _13407_/Y
 _13408_/Y
 _13409_/Y
 _13410_/X
 _13411_/X
 _13412_/X
 _13413_/Y
 _13414_/X
 _13415_/Y
 _13416_/Y
 _13417_/X
 _13418_/Y
 _13419_/Y
 _13420_/Y
 _13421_/Y
 _13422_/X
 _13423_/X
 _13424_/X
 _13425_/Y
 _13426_/X
 _13427_/X
 _13428_/Y
 _13429_/Y
 _13430_/Y
 _13431_/X
 _13432_/X
 _13433_/X
 _13434_/X
 _13435_/X
 _13436_/X
 _13437_/X
 _13438_/Y
 _13439_/Y
 _13440_/X
 _13441_/Y
 _13442_/Y
 _13443_/Y
 _13444_/Y
 _13445_/X
 _13446_/X
 _13447_/Y
 _13448_/Y
 _13449_/X
 _13450_/X
 _13451_/X
 _13452_/X
 _13453_/X
 _13454_/X
 _13455_/X
 _13456_/X
 _13457_/Y
 _13458_/Y
 _13459_/Y
 _13460_/Y
 _13461_/X
 _13462_/Y
 _13463_/X
 _13464_/X
 _13465_/X
 _13466_/X
 _13467_/X
 _13468_/X
 _13469_/Y
 _13470_/Y
 _13471_/X
 _13472_/Y
 _13473_/X
 _13474_/Y
 _13475_/Y
 _13476_/X
 _13477_/X
 _13478_/X
 _13479_/X
 _13480_/X
 _13481_/X
 _13482_/X
 _13483_/X
 _13484_/X
 _13485_/X
 _13486_/X
 _13487_/Y
 _13488_/Y
 _13489_/Y
 _13490_/X
 _13491_/Y
 _13492_/X
 _13493_/X
 _13494_/X
 _13495_/X
 _13496_/X
 _13497_/X
 _13498_/Y
 _13499_/X
 _13500_/X
 _13501_/X
 _13502_/Y
 _13503_/X
 _13504_/Y
 _13505_/Y
 _13506_/Y
 _13507_/Y
 _13508_/X
 _13509_/Y
 _13510_/Y
 _13511_/X
 _13512_/Y
 _13513_/X
 _13514_/Y
 _13515_/Y
 _13516_/Y
 _13517_/X
 _13518_/X
 _13519_/Y
 _13520_/Y
 _13521_/X
 _13522_/Y
 _13523_/X
 _13524_/X
 _13525_/X
 _13526_/Y
 _13527_/X
 _13528_/X
 _13529_/Y
 _13530_/Y
 _13531_/Y
 _13532_/X
 _13533_/X
 _13534_/X
 _13535_/X
 _13536_/X
 _13537_/X
 _13538_/X
 _13539_/Y
 _13540_/Y
 _13541_/X
 _13542_/Y
 _13543_/Y
 _13544_/Y
 _13545_/Y
 _13546_/X
 _13547_/X
 _13548_/Y
 _13549_/Y
 _13550_/X
 _13551_/X
 _13552_/X
 _13553_/X
 _13554_/Y
 _13555_/Y
 _13556_/X
 _13557_/X
 _13558_/Y
 _13559_/Y
 _13560_/Y
 _13561_/Y
 _13562_/Y
 _13563_/Y
 _13564_/X
 _13565_/X
 _13566_/Y
 _13567_/Y
 _13568_/X
 _13569_/X
 _13570_/X
 _13571_/X
 _13572_/X
 _13573_/X
 _13574_/X
 _13575_/Y
 _13576_/Y
 _13577_/Y
 _13578_/X
 _13579_/Y
 _13580_/Y
 _13581_/X
 _13582_/X
 _13583_/X
 _13584_/Y
 _13585_/Y
 _13586_/X
 _13587_/X
 _13588_/X
 _13589_/X
 _13590_/Y
 _13591_/Y
 _13592_/X
 _13593_/X
 _13594_/Y
 _13595_/Y
 _13596_/Y
 _13597_/X
 _13598_/X
 _13599_/X
 _13600_/Y
 _13601_/Y
 _13602_/X
 _13603_/X
 _13604_/X
 _13605_/X
 _13606_/Y
 _13607_/X
 _13608_/Y
 _13609_/Y
 _13610_/Y
 _13611_/Y
 _13612_/Y
 _13613_/Y
 _13614_/X
 _13615_/Y
 _13616_/Y
 _13617_/X
 _13618_/Y
 _13619_/X
 _13620_/X
 _13621_/Y
 _13622_/Y
 _13623_/X
 _13624_/Y
 _13625_/X
 _13626_/X
 _13627_/Y
 _13628_/Y
 _13629_/X
 _13630_/X
 _13631_/Y
 _13632_/X
 _13633_/Y
 _13634_/X
 _13635_/Y
 _13636_/X
 _13637_/X
 _13638_/Y
 _13639_/Y
 _13640_/Y
 _13641_/Y
 _13642_/Y
 _13643_/X
 _13644_/X
 _13645_/X
 _13646_/Y
 _13647_/Y
 _13648_/X
 _13649_/X
 _13650_/X
 _13651_/X
 _13652_/X
 _13653_/X
 _13654_/X
 _13655_/Y
 _13656_/Y
 _13657_/Y
 _13658_/Y
 _13659_/X
 _13660_/Y
 _13661_/Y
 _13662_/Y
 _13663_/X
 _13664_/X
 _13665_/Y
 _13666_/X
 _13667_/X
 _13668_/Y
 _13669_/Y
 _13670_/Y
 _13671_/Y
 _13672_/X
 _13673_/X
 _13674_/Y
 _13675_/Y
 _13676_/X
 _13677_/X
 _13678_/X
 _13679_/Y
 _13680_/Y
 _13681_/X
 _13682_/Y
 _13683_/Y
 _13684_/Y
 _13685_/Y
 _13686_/Y
 _13687_/Y
 _13688_/Y
 _13689_/Y
 _13690_/Y
 _13691_/Y
 _13692_/X
 _13693_/Y
 _13694_/Y
 _13695_/Y
 _13696_/Y
 _13697_/X
 _13698_/Y
 _13699_/X
 _13700_/Y
 _13701_/Y
 _13702_/Y
 _13703_/X
 _13704_/X
 _13705_/X
 _13706_/X
 _13707_/X
 _13708_/X
 _13709_/X
 _13710_/X
 _13711_/Y
 _13712_/X
 _13713_/Y
 _13714_/X
 _13715_/Y
 _13716_/X
 _13717_/X
 _13718_/X
 _13719_/Y
 _13720_/X
 _13721_/X
 _13722_/Y
 _13723_/X
 _13724_/X
 _13725_/X
 _13726_/X
 _13727_/X
 _13728_/X
 _13729_/Y
 _13730_/X
 _13731_/X
 _13732_/Y
 _13733_/Y
 _13734_/X
 _13735_/Y
 _13736_/X
 _13737_/Y
 _13738_/X
 _13739_/Y
 _13740_/Y
 _13741_/X
 _13742_/X
 _13743_/X
 _13744_/X
 _13745_/Y
 _13746_/X
 _13747_/X
 _13748_/X
 _13749_/X
 _13750_/Y
 _13751_/X
 _13752_/X
 _13753_/Y
 _13754_/Y
 _13755_/X
 _13756_/X
 _13757_/Y
 _13758_/X
 _13759_/Y
 _13760_/Y
 _13761_/X
 _13762_/Y
 _13763_/Y
 _13764_/X
 _13765_/X
 _13766_/Y
 _13767_/Y
 _13768_/X
 _13769_/Y
 _13770_/Y
 _13771_/X
 _13772_/X
 _13773_/Y
 _13774_/Y
 _13775_/Y
 _13776_/X
 _13777_/Y
 _13778_/Y
 _13779_/Y
 _13780_/X
 _13781_/X
 _13782_/Y
 _13783_/X
 _13784_/X
 _13785_/X
 _13786_/X
 _13787_/X
 _13788_/X
 _13789_/X
 _13790_/X
 _13791_/X
 _13792_/Y
 _13793_/Y
 _13794_/X
 _13795_/Y
 _13796_/Y
 _13797_/Y
 _13798_/X
 _13799_/X
 _13800_/Y
 _13801_/Y
 _13802_/Y
 _13803_/Y
 _13804_/X
 _13805_/X
 _13806_/X
 _13807_/Y
 _13808_/X
 _13809_/X
 _13810_/Y
 _13811_/X
 _13812_/X
 _13813_/X
 _13814_/Y
 _13815_/X
 _13816_/X
 _13817_/Y
 _13818_/X
 _13819_/X
 _13820_/X
 _13821_/X
 _13822_/X
 _13823_/Y
 _13824_/X
 _13825_/X
 _13826_/Y
 _13827_/X
 _13828_/X
 _13829_/Y
 _13830_/X
 _13831_/X
 _13832_/Y
 _13833_/X
 _13834_/X
 _13835_/X
 _13836_/X
 _13837_/X
 _13838_/X
 _13839_/X
 _13840_/X
 _13841_/Y
 _13842_/X
 _13843_/X
 _13844_/X
 _13845_/Y
 _13846_/Y
 _13847_/Y
 _13848_/Y
 _13849_/X
 _13850_/X
 _13851_/Y
 _13852_/Y
 _13853_/X
 _13854_/X
 _13855_/Y
 _13856_/Y
 _13857_/X
 _13858_/Y
 _13859_/X
 _13860_/X
 _13861_/Y
 _13862_/X
 _13863_/X
 _13864_/Y
 _13865_/X
 _13866_/X
 _13867_/X
 _13868_/Y
 _13869_/Y
 _13870_/X
 _13871_/X
 _13872_/Y
 _13873_/X
 _13874_/X
 _13875_/X
 _13876_/Y
 _13877_/X
 _13878_/Y
 _13879_/X
 _13880_/Y
 _13881_/Y
 _13882_/Y
 _13883_/Y
 _13884_/Y
 _13885_/Y
 _13886_/Y
 _13887_/X
 _13888_/X
 _13889_/Y
 _13890_/X
 _13891_/X
 _13892_/X
 _13893_/Y
 _13894_/X
 _13895_/X
 _13896_/X
 _13897_/X
 _13898_/X
 _13899_/X
 _13900_/X
 _13901_/X
 _13902_/X
 _13903_/X
 _13904_/X
 _13905_/X
 _13906_/X
 _13907_/X
 _13908_/X
 _13909_/Y
 _13910_/Y
 _13911_/X
 _13912_/X
 _13913_/Y
 _13914_/X
 _13915_/Y
 _13916_/X
 _13917_/Y
 _13918_/X
 _13919_/Y
 _13920_/X
 _13921_/Y
 _13922_/Y
 _13923_/X
 _13924_/X
 _13925_/Y
 _13926_/X
 _13927_/X
 _13928_/X
 _13929_/X
 _13930_/Y
 _13931_/X
 _13932_/X
 _13933_/Y
 _13934_/Y
 _13935_/Y
 _13936_/X
 _13937_/Y
 _13938_/X
 _13939_/Y
 _13940_/Y
 _13941_/X
 _13942_/X
 _13943_/X
 _13944_/X
 _13945_/X
 _13946_/X
 _13947_/Y
 _13948_/X
 _13949_/X
 _13950_/Y
 _13951_/X
 _13952_/X
 _13953_/X
 _13954_/Y
 _13955_/X
 _13956_/X
 _13957_/X
 _13958_/X
 _13959_/Y
 _13960_/X
 _13961_/Y
 _13962_/Y
 _13963_/X
 _13964_/X
 _13965_/Y
 _13966_/X
 _13967_/X
 _13968_/Y
 _13969_/X
 _13970_/X
 _13971_/X
 _13972_/Y
 _13973_/X
 _13974_/Y
 _13975_/X
 _13976_/X
 _13977_/Y
 _13978_/Y
 _13979_/Y
 _13980_/Y
 _13981_/X
 _13982_/Y
 _13983_/Y
 _13984_/Y
 _13985_/X
 _13986_/X
 _13987_/Y
 _13988_/X
 _13989_/Y
 _13990_/X
 _13991_/X
 _13992_/Y
 _13993_/Y
 _13994_/Y
 _13995_/X
 _13996_/Y
 _13997_/Y
 _13998_/X
 _13999_/Y
 _14000_/Y
 _14001_/X
 _14002_/Y
 _14003_/X
 _14004_/X
 _14005_/Y
 _14006_/Y
 _14007_/Y
 _14008_/Y
 _14009_/Y
 _14010_/X
 _14011_/X
 _14012_/Y
 _14013_/Y
 _14014_/X
 _14015_/X
 _14016_/Y
 _14017_/Y
 _14018_/Y
 _14019_/Y
 _14020_/X
 _14021_/Y
 _14022_/X
 _14023_/Y
 _14024_/Y
 _14025_/Y
 _14026_/Y
 _14027_/Y
 _14028_/X
 _14029_/Y
 _14030_/Y
 _14031_/Y
 _14032_/X
 _14033_/Y
 _14034_/Y
 _14035_/Y
 _14036_/Y
 _14037_/Y
 _14038_/Y
 _14039_/Y
 _14040_/Y
 _14041_/Y
 _14042_/Y
 _14043_/Y
 _14044_/Y
 _14045_/X
 _14046_/X
 _14047_/Y
 _14048_/Y
 _14049_/Y
 _14050_/Y
 _14051_/Y
 _14052_/X
 _14053_/X
 _14054_/Y
 _14055_/Y
 _14056_/Y
 _14057_/Y
 _14058_/X
 _14059_/X
 _14060_/Y
 _14061_/Y
 _14062_/X
 _14063_/X
 _14064_/Y
 _14065_/Y
 _14066_/X
 _14067_/Y
 _14068_/X
 _14069_/X
 _14070_/X
 _14071_/X
 _14072_/Y
 _14073_/X
 _14074_/Y
 _14075_/Y
 _14076_/Y
 _14077_/X
 _14078_/Y
 _14079_/X
 _14080_/Y
 _14081_/X
 _14082_/X
 _14083_/X
 _14084_/Y
 _14085_/Y
 _14086_/X
 _14087_/Y
 _14088_/Y
 _14089_/X
 _14090_/Y
 _14091_/Y
 _14092_/Y
 _14093_/X
 _14094_/X
 _14095_/X
 _14096_/X
 _14097_/Y
 _14098_/X
 _14099_/Y
 _14100_/X
 _14101_/Y
 _14102_/X
 _14103_/X
 _14104_/Y
 _14105_/Y
 _14106_/Y
 _14107_/Y
 _14108_/Y
 _14109_/X
 _14110_/Y
 _14111_/Y
 _14112_/Y
 _14113_/X
 _14114_/Y
 _14115_/X
 _14116_/Y
 _14117_/Y
 _14118_/Y
 _14119_/Y
 _14120_/Y
 _14121_/Y
 _14122_/X
 _14123_/Y
 _14124_/Y
 _14125_/X
 _14126_/Y
 _14127_/X
 _14128_/Y
 _14129_/Y
 _14130_/X
 _14131_/X
 _14132_/Y
 _14133_/Y
 _14134_/X
 _14135_/Y
 _14136_/X
 _14137_/X
 _14138_/Y
 _14139_/Y
 _14140_/Y
 _14141_/X
 _14142_/X
 _14143_/Y
 _14144_/Y
 _14145_/X
 _14146_/X
 _14147_/Y
 _14148_/Y
 _14149_/Y
 _14150_/Y
 _14151_/Y
 _14152_/Y
 _14153_/Y
 _14154_/X
 _14155_/X
 _14156_/Y
 _14157_/Y
 _14158_/Y
 _14159_/X
 _14160_/Y
 _14161_/Y
 _14162_/Y
 _14163_/Y
 _14164_/Y
 _14165_/Y
 _14166_/X
 _14167_/X
 _14168_/Y
 _14169_/Y
 _14170_/Y
 _14171_/Y
 _14172_/X
 _14173_/X
 _14174_/X
 _14175_/X
 _14176_/Y
 _14177_/X
 _14178_/Y
 _14179_/X
 _14180_/Y
 _14181_/X
 _14182_/Y
 _14183_/Y
 _14184_/Y
 _14185_/Y
 _14186_/X
 _14187_/Y
 _14188_/Y
 _14189_/X
 _14190_/Y
 _14191_/X
 _14192_/Y
 _14193_/X
 _14194_/X
 _14195_/Y
 _14196_/Y
 _14197_/Y
 _14198_/X
 _14199_/X
 _14200_/X
 _14201_/Y
 _14202_/Y
 _14203_/Y
 _14204_/Y
 _14205_/X
 _14206_/X
 _14207_/Y
 _14208_/Y
 _14209_/Y
 _14210_/Y
 _14211_/X
 _14212_/X
 _14213_/X
 _14214_/X
 _14215_/Y
 _14216_/Y
 _14217_/X
 _14218_/Y
 _14219_/X
 _14220_/Y
 _14221_/Y
 _14222_/Y
 _14223_/X
 _14224_/X
 _14225_/Y
 _14226_/X
 _14227_/Y
 _14228_/Y
 _14229_/Y
 _14230_/X
 _14231_/X
 _14232_/X
 _14233_/Y
 _14234_/Y
 _14235_/Y
 _14236_/X
 _14237_/X
 _14238_/X
 _14239_/X
 _14240_/X
 _14241_/X
 _14242_/X
 _14243_/X
 _14244_/Y
 _14245_/Y
 _14246_/Y
 _14247_/X
 _14248_/X
 _14249_/Y
 _14250_/Y
 _14251_/Y
 _14252_/X
 _14253_/Y
 _14254_/Y
 _14255_/X
 _14256_/X
 _14257_/X
 _14258_/Y
 _14259_/X
 _14260_/Y
 _14261_/Y
 _14262_/Y
 _14263_/Y
 _14264_/X
 _14265_/Y
 _14266_/Y
 _14267_/Y
 _14268_/Y
 _14269_/Y
 _14270_/X
 _14271_/Y
 _14272_/Y
 _14273_/Y
 _14274_/X
 _14275_/X
 _14276_/X
 _14277_/X
 _14278_/X
 _14279_/Y
 _14280_/Y
 _14281_/X
 _14282_/X
 _14283_/X
 _14284_/Y
 _14285_/Y
 _14286_/Y
 _14287_/X
 _14288_/X
 _14289_/X
 _14290_/X
 _14291_/X
 _14292_/X
 _14293_/Y
 _14294_/Y
 _14295_/Y
 _14296_/Y
 _14297_/Y
 _14298_/X
 _14299_/Y
 _14300_/Y
 _14301_/Y
 _14302_/Y
 _14303_/X
 _14304_/Y
 _14305_/X
 _14306_/X
 _14307_/Y
 _14308_/Y
 _14309_/Y
 _14310_/Y
 _14311_/X
 _14312_/X
 _14313_/X
 _14314_/X
 _14315_/Y
 _14316_/X
 _14317_/X
 _14318_/X
 _14319_/Y
 _14320_/Y
 _14321_/Y
 _14322_/X
 _14323_/X
 _14324_/Y
 _14325_/Y
 _14326_/Y
 _14327_/X
 _14328_/Y
 _14329_/Y
 _14330_/Y
 _14331_/Y
 _14332_/X
 _14333_/Y
 _14334_/X
 _14335_/X
 _14336_/X
 _14337_/X
 _14338_/X
 _14339_/X
 _14340_/Y
 _14341_/X
 _14342_/Y
 _14343_/Y
 _14344_/Y
 _14345_/Y
 _14346_/X
 _14347_/Y
 _14348_/Y
 _14349_/X
 _14350_/X
 _14351_/Y
 _14352_/X
 _14353_/Y
 _14354_/Y
 _14355_/Y
 _14356_/Y
 _14357_/X
 _14358_/Y
 _14359_/X
 _14360_/Y
 _14361_/Y
 _14362_/Y
 _14363_/X
 _14364_/X
 _14365_/X
 _14366_/Y
 _14367_/Y
 _14368_/X
 _14369_/Y
 _14370_/Y
 _14371_/X
 _14372_/X
 _14373_/Y
 _14374_/X
 _14375_/Y
 _14376_/Y
 _14377_/Y
 _14378_/Y
 _14379_/Y
 _14380_/X
 _14381_/Y
 _14382_/Y
 _14383_/Y
 _14384_/X
 _14385_/X
 _14386_/X
 _14387_/X
 _14388_/Y
 _14389_/Y
 _14390_/Y
 _14391_/Y
 _14392_/Y
 _14393_/X
 _14394_/X
 _14395_/Y
 _14396_/Y
 _14397_/Y
 _14398_/X
 _14399_/X
 _14400_/X
 _14401_/X
 _14402_/Y
 _14403_/X
 _14404_/Y
 _14405_/Y
 _14406_/X
 _14407_/Y
 _14408_/X
 _14409_/Y
 _14410_/Y
 _14411_/Y
 _14412_/X
 _14413_/X
 _14414_/Y
 _14415_/X
 _14416_/Y
 _14417_/Y
 _14418_/X
 _14419_/X
 _14420_/Y
 _14421_/Y
 _14422_/X
 _14423_/Y
 _14424_/X
 _14425_/X
 _14426_/Y
 _14427_/Y
 _14428_/Y
 _14429_/Y
 _14430_/Y
 _14431_/Y
 _14432_/X
 _14433_/Y
 _14434_/Y
 _14435_/X
 _14436_/Y
 _14437_/X
 _14438_/Y
 _14439_/X
 _14440_/Y
 _14441_/X
 _14442_/Y
 _14443_/Y
 _14444_/Y
 _14445_/Y
 _14446_/Y
 _14447_/X
 _14448_/X
 _14449_/Y
 _14450_/X
 _14451_/Y
 _14452_/Y
 _14453_/Y
 _14454_/Y
 _14455_/X
 _14456_/X
 _14457_/Y
 _14458_/Y
 _14459_/Y
 _14460_/Y
 _14461_/Y
 _14462_/X
 _14463_/X
 _14464_/X
 _14465_/X
 _14466_/X
 _14467_/Y
 _14468_/Y
 _14469_/Y
 _14470_/X
 _14471_/Y
 _14472_/X
 _14473_/Y
 _14474_/Y
 _14475_/Y
 _14476_/X
 _14477_/X
 _14478_/Y
 _14479_/X
 _14480_/X
 _14481_/Y
 _14482_/Y
 _14483_/Y
 _14484_/X
 _14485_/X
 _14486_/X
 _14487_/Y
 _14488_/Y
 _14489_/Y
 _14490_/Y
 _14491_/Y
 _14492_/Y
 _14493_/Y
 _14494_/Y
 _14495_/Y
 _14496_/X
 _14497_/Y
 _14498_/Y
 _14499_/Y
 _14500_/X
 _14501_/X
 _14502_/X
 _14503_/Y
 _14504_/Y
 _14505_/X
 _14506_/Y
 _14507_/Y
 _14508_/X
 _14509_/X
 _14510_/Y
 _14511_/Y
 _14512_/Y
 _14513_/X
 _14514_/Y
 _14515_/Y
 _14516_/X
 _14517_/Y
 _14518_/Y
 _14519_/Y
 _14520_/X
 _14521_/Y
 _14522_/X
 _14523_/Y
 _14524_/Y
 _14525_/Y
 _14526_/Y
 _14527_/X
 _14528_/X
 _14529_/X
 _14530_/Y
 _14531_/X
 _14532_/Y
 _14533_/Y
 _14534_/Y
 _14535_/X
 _14536_/Y
 _14537_/Y
 _14538_/Y
 _14539_/X
 _14540_/X
 _14541_/Y
 _14542_/Y
 _14543_/X
 _14544_/X
 _14545_/X
 _14546_/X
 _14547_/X
 _14548_/Y
 _14549_/Y
 _14550_/Y
 _14551_/X
 _14552_/Y
 _14553_/Y
 _14554_/Y
 _14555_/Y
 _14556_/X
 _14557_/Y
 _14558_/Y
 _14559_/X
 _14560_/Y
 _14561_/Y
 _14562_/Y
 _14563_/Y
 _14564_/Y
 _14565_/X
 _14566_/X
 _14567_/X
 _14568_/Y
 _14569_/Y
 _14570_/Y
 _14571_/X
 _14572_/Y
 _14573_/Y
 _14574_/Y
 _14575_/Y
 _14576_/Y
 _14577_/X
 _14578_/Y
 _14579_/X
 _14580_/X
 _14581_/Y
 _14582_/Y
 _14583_/Y
 _14584_/X
 _14585_/X
 _14586_/X
 _14587_/Y
 _14588_/Y
 _14589_/Y
 _14590_/Y
 _14591_/X
 _14592_/Y
 _14593_/Y
 _14594_/X
 _14595_/X
 _14596_/Y
 _14597_/X
 _14598_/X
 _14599_/Y
 _14600_/Y
 _14601_/Y
 _14602_/X
 _14603_/X
 _14604_/Y
 _14605_/X
 _14606_/Y
 _14607_/Y
 _14608_/Y
 _14609_/Y
 _14610_/Y
 _14611_/X
 _14612_/X
 _14613_/Y
 _14614_/X
 _14615_/Y
 _14616_/Y
 _14617_/X
 _14618_/Y
 _14619_/Y
 _14620_/X
 _14621_/Y
 _14622_/Y
 _14623_/Y
 _14624_/X
 _14625_/X
 _14626_/X
 _14627_/Y
 _14628_/X
 _14629_/X
 _14630_/X
 _14631_/Y
 _14632_/Y
 _14633_/Y
 _14634_/Y
 _14635_/Y
 _14636_/X
 _14637_/X
 _14638_/Y
 _14639_/X
 _14640_/Y
 _14641_/Y
 _14642_/Y
 _14643_/Y
 _14644_/X
 _14645_/Y
 _14646_/Y
 _14647_/Y
 _14648_/Y
 _14649_/X
 _14650_/Y
 _14651_/Y
 _14652_/X
 _14653_/Y
 _14654_/X
 _14655_/Y
 _14656_/Y
 _14657_/Y
 _14658_/X
 _14659_/X
 _14660_/Y
 _14661_/Y
 _14662_/X
 _14663_/Y
 _14664_/Y
 _14665_/X
 _14666_/Y
 _14667_/X
 _14668_/Y
 _14669_/Y
 _14670_/X
 _14671_/X
 _14672_/Y
 _14673_/X
 _14674_/Y
 _14675_/Y
 _14676_/Y
 _14677_/X
 _14678_/Y
 _14679_/Y
 _14680_/X
 _14681_/Y
 _14682_/Y
 _14683_/X
 _14684_/Y
 _14685_/Y
 _14686_/Y
 _14687_/Y
 _14688_/X
 _14689_/X
 _14690_/X
 _14691_/Y
 _14692_/Y
 _14693_/Y
 _14694_/Y
 _14695_/X
 _14696_/Y
 _14697_/X
 _14698_/Y
 _14699_/Y
 _14700_/Y
 _14701_/X
 _14702_/Y
 _14703_/X
 _14704_/Y
 _14705_/Y
 _14706_/Y
 _14707_/X
 _14708_/X
 _14709_/Y
 _14710_/X
 _14711_/Y
 _14712_/Y
 _14713_/X
 _14714_/Y
 _14715_/X
 _14716_/Y
 _14717_/X
 _14718_/Y
 _14719_/Y
 _14720_/Y
 _14721_/Y
 _14722_/X
 _14723_/Y
 _14724_/Y
 _14725_/Y
 _14726_/X
 _14727_/X
 _14728_/Y
 _14729_/Y
 _14730_/Y
 _14731_/X
 _14732_/Y
 _14733_/Y
 _14734_/Y
 _14735_/Y
 _14736_/X
 _14737_/Y
 _14738_/X
 _14739_/X
 _14740_/Y
 _14741_/Y
 _14742_/Y
 _14743_/X
 _14744_/Y
 _14745_/X
 _14746_/Y
 _14747_/Y
 _14748_/Y
 _14749_/X
 _14750_/X
 _14751_/Y
 _14752_/X
 _14753_/Y
 _14754_/Y
 _14755_/X
 _14756_/Y
 _14757_/X
 _14758_/Y
 _14759_/Y
 _14760_/Y
 _14761_/Y
 _14762_/Y
 _14763_/Y
 _14764_/Y
 _14765_/X
 _14766_/Y
 _14767_/Y
 _14768_/Y
 _14769_/Y
 _14770_/Y
 _14771_/X
 _14772_/Y
 _14773_/X
 _14774_/X
 _14775_/X
 _14776_/Y
 _14777_/Y
 _14778_/Y
 _14779_/Y
 _14780_/X
 _14781_/X
 _14782_/Y
 _14783_/Y
 _14784_/Y
 _14785_/Y
 _14786_/X
 _14787_/Y
 _14788_/X
 _14789_/Y
 _14790_/Y
 _14791_/Y
 _14792_/X
 _14793_/X
 _14794_/Y
 _14795_/X
 _14796_/X
 _14797_/Y
 _14798_/X
 _14799_/Y
 _14800_/X
 _14801_/Y
 _14802_/Y
 _14803_/Y
 _14804_/X
 _14805_/Y
 _14806_/X
 _14807_/Y
 _14808_/Y
 _14809_/Y
 _14810_/X
 _14811_/X
 _14812_/Y
 _14813_/Y
 _14814_/Y
 _14815_/Y
 _14816_/Y
 _14817_/X
 _14818_/Y
 _14819_/X
 _14820_/Y
 _14821_/Y
 _14822_/Y
 _14823_/X
 _14824_/X
 _14825_/Y
 _14826_/X
 _14827_/X
 _14828_/X
 _14829_/Y
 _14830_/Y
 _14831_/X
 _14832_/Y
 _14833_/Y
 _14834_/X
 _14835_/Y
 _14836_/Y
 _14837_/Y
 _14838_/X
 _14839_/Y
 _14840_/X
 _14841_/Y
 _14842_/Y
 _14843_/Y
 _14844_/Y
 _14845_/Y
 _14846_/Y
 _14847_/Y
 _14848_/Y
 _14849_/Y
 _14850_/X
 _14851_/Y
 _14852_/Y
 _14853_/Y
 _14854_/Y
 _14855_/Y
 _14856_/X
 _14857_/Y
 _14858_/Y
 _14859_/Y
 _14860_/X
 _14861_/X
 _14862_/Y
 _14863_/X
 _14864_/X
 _14865_/X
 _14866_/X
 _14867_/Y
 _14868_/X
 _14869_/X
 _14870_/Y
 _14871_/Y
 _14872_/Y
 _14873_/Y
 _14874_/Y
 _14875_/Y
 _14876_/X
 _14877_/X
 _14878_/X
 _14879_/Y
 _14880_/X
 _14881_/Y
 _14882_/Y
 _14883_/X
 _14884_/Y
 _14885_/Y
 _14886_/Y
 _14887_/X
 _14888_/X
 _14889_/Y
 _14890_/X
 _14891_/X
 _14892_/X
 _14893_/Y
 _14894_/Y
 _14895_/Y
 _14896_/Y
 _14897_/Y
 _14898_/X
 _14899_/Y
 _14900_/Y
 _14901_/X
 _14902_/X
 _14903_/X
 _14904_/Y
 _14905_/Y
 _14906_/X
 _14907_/Y
 _14908_/X
 _14909_/X
 _14910_/Y
 _14911_/Y
 _14912_/Y
 _14913_/X
 _14914_/X
 _14915_/Y
 _14916_/X
 _14917_/Y
 _14918_/Y
 _14919_/Y
 _14920_/Y
 _14921_/Y
 _14922_/X
 _14923_/X
 _14924_/X
 _14925_/Y
 _14926_/X
 _14927_/X
 _14928_/Y
 _14929_/X
 _14930_/Y
 _14931_/Y
 _14932_/X
 _14933_/Y
 _14934_/Y
 _14935_/X
 _14936_/X
 _14937_/Y
 _14938_/Y
 _14939_/X
 _14940_/X
 _14941_/Y
 _14942_/X
 _14943_/Y
 _14944_/Y
 _14945_/Y
 _14946_/Y
 _14947_/X
 _14948_/X
 _14949_/Y
 _14950_/X
 _14951_/Y
 _14952_/X
 _14953_/Y
 _14954_/X
 _14955_/Y
 _14956_/Y
 _14957_/Y
 _14958_/Y
 _14959_/X
 _14960_/X
 _14961_/Y
 _14962_/Y
 _14963_/X
 _14964_/Y
 _14965_/X
 _14966_/X
 _14967_/X
 _14968_/Y
 _14969_/X
 _14970_/Y
 _14971_/Y
 _14972_/Y
 _14973_/Y
 _14974_/X
 _14975_/X
 _14976_/Y
 _14977_/Y
 _14978_/X
 _14979_/Y
 _14980_/Y
 _14981_/X
 _14982_/X
 _14983_/Y
 _14984_/Y
 _14985_/Y
 _14986_/Y
 _14987_/Y
 _14988_/Y
 _14989_/Y
 _14990_/Y
 _14991_/Y
 _14992_/X
 _14993_/Y
 _14994_/X
 _14995_/Y
 _14996_/Y
 _14997_/Y
 _14998_/Y
 _14999_/Y
 _15000_/Y
 _15001_/Y
 _15002_/Y
 _15003_/Y
 _15004_/X
 _15005_/Y
 _15006_/Y
 _15007_/Y
 _15008_/Y
 _15009_/Y
 _15010_/Y
 _15011_/X
 _15012_/Y
 _15013_/Y
 _15014_/Y
 _15015_/Y
 _15016_/X
 _15017_/Y
 _15018_/Y
 _15019_/Y
 _15020_/Y
 _15021_/X
 _15022_/Y
 _15023_/X
 _15024_/Y
 _15025_/Y
 _15026_/Y
 _15027_/X
 _15028_/Y
 _15029_/Y
 _15030_/Y
 _15031_/Y
 _15032_/Y
 _15033_/Y
 _15034_/Y
 _15035_/Y
 _15036_/Y
 _15037_/X
 _15038_/Y
 _15039_/X
 _15040_/X
 _15041_/X
 _15042_/X
 _15043_/X
 _15044_/Y
 _15045_/X
 _15046_/Y
 _15047_/X
 _15048_/X
 _15049_/X
 _15050_/X
 _15051_/Y
 _15052_/Y
 _15053_/Y
 _15054_/X
 _15055_/Y
 _15056_/Y
 _15057_/Y
 _15058_/X
 _15059_/X
 _15060_/Y
 _15061_/Y
 _15062_/Y
 _15063_/X
 _15064_/X
 _15065_/X
 _15066_/Y
 _15067_/Y
 _15068_/Y
 _15069_/X
 _15070_/X
 _15071_/Y
 _15072_/X
 _15073_/Y
 _15074_/X
 _15075_/X
 _15076_/X
 _15077_/Y
 _15078_/X
 _15079_/X
 _15080_/Y
 _15081_/X
 _15082_/X
 _15083_/X
 _15084_/Y
 _15085_/Y
 _15086_/X
 _15087_/X
 _15088_/X
 _15089_/X
 _15090_/X
 _15091_/Y
 _15092_/Y
 _15093_/Y
 _15094_/X
 _15095_/X
 _15096_/X
 _15097_/Y
 _15098_/X
 _15099_/X
 _15100_/Y
 _15101_/X
 _15102_/Y
 _15103_/Y
 _15104_/X
 _15105_/Y
 _15106_/X
 _15107_/Y
 _15108_/X
 _15109_/Y
 _15110_/X
 _15111_/Y
 _15112_/Y
 _15113_/Y
 _15114_/Y
 _15115_/Y
 _15116_/Y
 _15117_/X
 _15118_/Y
 _15119_/Y
 _15120_/X
 _15121_/X
 _15122_/X
 _15123_/Y
 _15124_/Y
 _15125_/Y
 _15126_/X
 _15127_/X
 _15128_/Y
 _15129_/X
 _15130_/Y
 _15131_/X
 _15132_/Y
 _15133_/X
 _15134_/Y
 _15135_/X
 _15136_/Y
 _15137_/Y
 _15138_/Y
 _15139_/X
 _15140_/X
 _15141_/Y
 _15142_/Y
 _15143_/X
 _15144_/X
 _15145_/X
 _15146_/Y
 _15147_/Y
 _15148_/Y
 _15149_/Y
 _15150_/X
 _15151_/Y
 _15152_/Y
 _15153_/Y
 _15154_/X
 _15155_/X
 _15156_/X
 _15157_/X
 _15158_/X
 _15159_/X
 _15160_/Y
 _15161_/Y
 _15162_/X
 _15163_/Y
 _15164_/Y
 _15165_/Y
 _15166_/X
 _15167_/X
 _15168_/Y
 _15169_/X
 _15170_/X
 _15171_/Y
 _15172_/X
 _15173_/Y
 _15174_/Y
 _15175_/Y
 _15176_/X
 _15177_/Y
 _15178_/Y
 _15179_/Y
 _15180_/X
 _15181_/X
 _15182_/Y
 _15183_/Y
 _15184_/X
 _15185_/Y
 _15186_/X
 _15187_/X
 _15188_/Y
 _15189_/Y
 _15190_/X
 _15191_/X
 _15192_/Y
 _15193_/X
 _15194_/Y
 _15195_/X
 _15196_/X
 _15197_/Y
 _15198_/X
 _15199_/X
 _15200_/Y
 _15201_/Y
 _15202_/Y
 _15203_/X
 _15204_/Y
 _15205_/X
 _15206_/Y
 _15207_/Y
 _15208_/X
 _15209_/Y
 _15210_/Y
 _15211_/Y
 _15212_/Y
 _15213_/Y
 _15214_/Y
 _15215_/Y
 _15216_/Y
 _15217_/X
 _15218_/X
 _15219_/Y
 _15220_/X
 _15221_/Y
 _15222_/Y
 _15223_/Y
 _15224_/X
 _15225_/Y
 _15226_/X
 _15227_/X
 _15228_/Y
 _15229_/Y
 _15230_/X
 _15231_/X
 _15232_/X
 _15233_/Y
 _15234_/Y
 _15235_/X
 _15236_/Y
 _15237_/X
 _15238_/X
 _15239_/X
 _15240_/X
 _15241_/Y
 _15242_/X
 _15243_/Y
 _15244_/Y
 _15245_/Y
 _15246_/X
 _15247_/Y
 _15248_/Y
 _15249_/X
 _15250_/X
 _15251_/Y
 _15252_/Y
 _15253_/X
 _15254_/Y
 _15255_/Y
 _15256_/Y
 _15257_/X
 _15258_/X
 _15259_/X
 _15260_/Y
 _15261_/Y
 _15262_/X
 _15263_/X
 _15264_/X
 _15265_/X
 _15266_/Y
 _15267_/X
 _15268_/Y
 _15269_/Y
 _15270_/X
 _15271_/Y
 _15272_/Y
 _15273_/Y
 _15274_/X
 _15275_/X
 _15276_/Y
 _15277_/Y
 _15278_/X
 _15279_/X
 _15280_/X
 _15281_/X
 _15282_/Y
 _15283_/X
 _15284_/Y
 _15285_/Y
 _15286_/Y
 _15287_/X
 _15288_/Y
 _15289_/X
 _15290_/Y
 _15291_/Y
 _15292_/Y
 _15293_/X
 _15294_/Y
 _15295_/X
 _15296_/Y
 _15297_/Y
 _15298_/Y
 _15299_/Y
 _15300_/X
 _15301_/X
 _15302_/Y
 _15303_/X
 _15304_/Y
 _15305_/X
 _15306_/X
 _15307_/Y
 _15308_/Y
 _15309_/Y
 _15310_/Y
 _15311_/X
 _15312_/Y
 _15313_/X
 _15314_/X
 _15315_/Y
 _15316_/Y
 _15317_/Y
 _15318_/Y
 _15319_/X
 _15320_/X
 _15321_/X
 _15322_/X
 _15323_/X
 _15324_/X
 _15325_/Y
 _15326_/Y
 _15327_/Y
 _15328_/Y
 _15329_/Y
 _15330_/Y
 _15331_/X
 _15332_/Y
 _15333_/X
 _15334_/X
 _15335_/X
 _15336_/X
 _15337_/X
 _15338_/Y
 _15339_/X
 _15340_/X
 _15341_/X
 _15342_/Y
 _15343_/Y
 _15344_/X
 _15345_/X
 _15346_/Y
 _15347_/Y
 _15348_/Y
 _15349_/X
 _15350_/X
 _15351_/X
 _15352_/Y
 _15353_/Y
 _15354_/X
 _15355_/Y
 _15356_/X
 _15357_/X
 _15358_/Y
 _15359_/X
 _15360_/Y
 _15361_/X
 _15362_/X
 _15363_/X
 _15364_/Y
 _15365_/Y
 _15366_/Y
 _15367_/Y
 _15368_/Y
 _15369_/Y
 _15370_/X
 _15371_/Y
 _15372_/X
 _15373_/X
 _15374_/Y
 _15375_/X
 _15376_/X
 _15377_/X
 _15378_/Y
 _15379_/Y
 _15380_/X
 _15381_/X
 _15382_/Y
 _15383_/Y
 _15384_/X
 _15385_/Y
 _15386_/X
 _15387_/Y
 _15388_/X
 _15389_/Y
 _15390_/Y
 _15391_/Y
 _15392_/Y
 _15393_/Y
 _15394_/Y
 _15395_/X
 _15396_/Y
 _15397_/X
 _15398_/X
 _15399_/X
 _15400_/Y
 _15401_/Y
 _15402_/Y
 _15403_/Y
 _15404_/X
 _15405_/Y
 _15406_/Y
 _15407_/X
 _15408_/Y
 _15409_/X
 _15410_/X
 _15411_/X
 _15412_/X
 _15413_/X
 _15414_/X
 _15415_/X
 _15416_/Y
 _15417_/Y
 _15418_/X
 _15419_/X
 _15420_/X
 _15421_/X
 _15422_/X
 _15423_/X
 _15424_/Y
 _15425_/Y
 _15426_/X
 _15427_/Y
 _15428_/X
 _15429_/Y
 _15430_/X
 _15431_/X
 _15432_/X
 _15433_/X
 _15434_/X
 _15435_/Y
 _15436_/X
 _15437_/Y
 _15438_/X
 _15439_/X
 _15440_/Y
 _15441_/X
 _15442_/Y
 _15443_/X
 _15444_/Y
 _15445_/Y
 _15446_/Y
 _15447_/Y
 _15448_/Y
 _15449_/Y
 _15450_/X
 _15451_/Y
 _15452_/Y
 _15453_/Y
 _15454_/Y
 _15455_/Y
 _15456_/X
 _15457_/X
 _15458_/X
 _15459_/X
 _15460_/X
 _15461_/X
 _15462_/Y
 _15463_/Y
 _15464_/X
 _15465_/X
 _15466_/Y
 _15467_/X
 _15468_/X
 _15469_/X
 _15470_/X
 _15471_/X
 _15472_/X
 _15473_/Y
 _15474_/X
 _15475_/X
 _15476_/Y
 _15477_/X
 _15478_/X
 _15479_/Y
 _15480_/Y
 _15481_/Y
 _15482_/Y
 _15483_/X
 _15484_/Y
 _15485_/X
 _15486_/Y
 _15487_/Y
 _15488_/X
 _15489_/X
 _15490_/Y
 _15491_/Y
 _15492_/X
 _15493_/X
 _15494_/X
 _15495_/Y
 _15496_/X
 _15497_/X
 _15498_/Y
 _15499_/X
 _15500_/Y
 _15501_/X
 _15502_/Y
 _15503_/Y
 _15504_/Y
 _15505_/Y
 _15506_/Y
 _15507_/Y
 _15508_/X
 _15509_/X
 _15510_/X
 _15511_/X
 _15512_/Y
 _15513_/X
 _15514_/Y
 _15515_/Y
 _15516_/Y
 _15517_/Y
 _15518_/Y
 _15519_/Y
 _15520_/Y
 _15521_/X
 _15522_/Y
 _15523_/Y
 _15524_/X
 _15525_/X
 _15526_/Y
 _15527_/Y
 _15528_/Y
 _15529_/X
 _15530_/Y
 _15531_/X
 _15532_/Y
 _15533_/Y
 _15534_/X
 _15535_/X
 _15536_/X
 _15537_/Y
 _15538_/Y
 _15539_/Y
 _15540_/Y
 _15541_/X
 _15542_/Y
 _15543_/Y
 _15544_/X
 _15545_/Y
 _15546_/Y
 _15547_/X
 _15548_/Y
 _15549_/X
 _15550_/Y
 _15551_/Y
 _15552_/Y
 _15553_/X
 _15554_/Y
 _15555_/Y
 _15556_/Y
 _15557_/Y
 _15558_/Y
 _15559_/Y
 _15560_/Y
 _15561_/Y
 _15562_/Y
 _15563_/Y
 _15564_/X
 _15565_/Y
 _15566_/Y
 _15567_/Y
 _15568_/Y
 _15569_/Y
 _15570_/X
 _15571_/X
 _15572_/Y
 _15573_/Y
 _15574_/Y
 _15575_/X
 _15576_/X
 _15577_/X
 _15578_/X
 _15579_/Y
 _15580_/X
 _15581_/Y
 _15582_/Y
 _15583_/Y
 _15584_/X
 _15585_/X
 _15586_/Y
 _15587_/Y
 _15588_/Y
 _15589_/X
 _15590_/Y
 _15591_/Y
 _15592_/Y
 _15593_/Y
 _15594_/Y
 _15595_/Y
 _15596_/Y
 _15597_/Y
 _15598_/X
 _15599_/Y
 _15600_/X
 _15601_/X
 _15602_/Y
 _15603_/Y
 _15604_/Y
 _15605_/X
 _15606_/Y
 _15607_/Y
 _15608_/Y
 _15609_/X
 _15610_/X
 _15611_/X
 _15612_/Y
 _15613_/Y
 _15614_/Y
 _15615_/Y
 _15616_/Y
 _15617_/X
 _15618_/X
 _15619_/Y
 _15620_/Y
 _15621_/Y
 _15622_/X
 _15623_/X
 _15624_/X
 _15625_/X
 _15626_/X
 _15627_/Y
 _15628_/Y
 _15629_/Y
 _15630_/X
 _15631_/X
 _15632_/X
 _15633_/Y
 _15634_/Y
 _15635_/Y
 _15636_/Y
 _15637_/Y
 _15638_/Y
 _15639_/Y
 _15640_/X
 _15641_/Y
 _15642_/Y
 _15643_/Y
 _15644_/Y
 _15645_/X
 _15646_/Y
 _15647_/Y
 _15648_/Y
 _15649_/Y
 _15650_/Y
 _15651_/Y
 _15652_/Y
 _15653_/X
 _15654_/Y
 _15655_/Y
 _15656_/X
 _15657_/X
 _15658_/Y
 _15659_/Y
 _15660_/Y
 _15661_/Y
 _15662_/Y
 _15663_/X
 _15664_/X
 _15665_/Y
 _15666_/Y
 _15667_/Y
 _15668_/Y
 _15669_/X
 _15670_/Y
 _15671_/X
 _15672_/Y
 _15673_/Y
 _15674_/Y
 _15675_/Y
 _15676_/X
 _15677_/Y
 _15678_/X
 _15679_/Y
 _15680_/Y
 _15681_/Y
 _15682_/X
 _15683_/Y
 _15684_/X
 _15685_/Y
 _15686_/X
 _15687_/Y
 _15688_/X
 _15689_/X
 _15690_/Y
 _15691_/Y
 _15692_/X
 _15693_/Y
 _15694_/X
 _15695_/Y
 _15696_/X
 _15697_/Y
 _15698_/Y
 _15699_/X
 _15700_/X
 _15701_/Y
 _15702_/Y
 _15703_/Y
 _15704_/Y
 _15705_/Y
 _15706_/Y
 _15707_/X
 _15708_/X
 _15709_/Y
 _15710_/Y
 _15711_/X
 _15712_/X
 _15713_/X
 _15714_/X
 _15715_/Y
 _15716_/Y
 _15717_/Y
 _15718_/X
 _15719_/X
 _15720_/Y
 _15721_/Y
 _15722_/Y
 _15723_/X
 _15724_/Y
 _15725_/Y
 _15726_/X
 _15727_/X
 _15728_/Y
 _15729_/Y
 _15730_/Y
 _15731_/Y
 _15732_/X
 _15733_/X
 _15734_/Y
 _15735_/Y
 _15736_/Y
 _15737_/Y
 _15738_/X
 _15739_/X
 _15740_/X
 _15741_/X
 _15742_/X
 _15743_/X
 _15744_/Y
 _15745_/Y
 _15746_/Y
 _15747_/X
 _15748_/Y
 _15749_/Y
 _15750_/Y
 _15751_/X
 _15752_/X
 _15753_/X
 _15754_/X
 _15755_/Y
 _15756_/Y
 _15757_/Y
 _15758_/X
 _15759_/Y
 _15760_/Y
 _15761_/Y
 _15762_/Y
 _15763_/Y
 _15764_/Y
 _15765_/X
 _15766_/X
 _15767_/Y
 _15768_/Y
 _15769_/X
 _15770_/X
 _15771_/X
 _15772_/X
 _15773_/Y
 _15774_/Y
 _15775_/X
 _15776_/Y
 _15777_/X
 _15778_/X
 _15779_/X
 _15780_/Y
 _15781_/X
 _15782_/Y
 _15783_/Y
 _15784_/Y
 _15785_/Y
 _15786_/Y
 _15787_/Y
 _15788_/Y
 _15789_/Y
 _15790_/Y
 _15791_/Y
 _15792_/Y
 _15793_/X
 _15794_/Y
 _15795_/Y
 _15796_/X
 _15797_/Y
 _15798_/X
 _15799_/X
 _15800_/X
 _15801_/X
 _15802_/Y
 _15803_/Y
 _15804_/X
 _15805_/X
 _15806_/Y
 _15807_/Y
 _15808_/Y
 _15809_/Y
 _15810_/Y
 _15811_/X
 _15812_/Y
 _15813_/Y
 _15814_/Y
 _15815_/Y
 _15816_/X
 _15817_/X
 _15818_/Y
 _15819_/Y
 _15820_/X
 _15821_/X
 _15822_/Y
 _15823_/Y
 _15824_/X
 _15825_/X
 _15826_/Y
 _15827_/X
 _15828_/Y
 _15829_/X
 _15830_/X
 _15831_/Y
 _15832_/X
 _15833_/Y
 _15834_/Y
 _15835_/Y
 _15836_/X
 _15837_/Y
 _15838_/Y
 _15839_/Y
 _15840_/Y
 _15841_/X
 _15842_/Y
 _15843_/X
 _15844_/X
 _15845_/Y
 _15846_/Y
 _15847_/X
 _15848_/Y
 _15849_/X
 _15850_/X
 _15851_/X
 _15852_/Y
 _15853_/Y
 _15854_/Y
 _15855_/Y
 _15856_/Y
 _15857_/Y
 _15858_/Y
 _15859_/Y
 _15860_/Y
 _15861_/X
 _15862_/Y
 _15863_/X
 _15864_/X
 _15865_/Y
 _15866_/Y
 _15867_/Y
 _15868_/X
 _15869_/Y
 _15870_/Y
 _15871_/Y
 _15872_/Y
 _15873_/X
 _15874_/X
 _15875_/Y
 _15876_/X
 _15877_/Y
 _15878_/Y
 _15879_/X
 _15880_/Y
 _15881_/Y
 _15882_/Y
 _15883_/X
 _15884_/X
 _15885_/Y
 _15886_/Y
 _15887_/Y
 _15888_/Y
 _15889_/X
 _15890_/Y
 _15891_/Y
 _15892_/X
 _15893_/Y
 _15894_/Y
 _15895_/Y
 _15896_/X
 _15897_/Y
 _15898_/Y
 _15899_/Y
 _15900_/Y
 _15901_/Y
 _15902_/Y
 _15903_/Y
 _15904_/Y
 _15905_/X
 _15906_/Y
 _15907_/Y
 _15908_/Y
 _15909_/X
 _15910_/X
 _15911_/Y
 _15912_/Y
 _15913_/X
 _15914_/Y
 _15915_/Y
 _15916_/X
 _15917_/Y
 _15918_/Y
 _15919_/Y
 _15920_/X
 _15921_/Y
 _15922_/Y
 _15923_/Y
 _15924_/X
 _15925_/X
 _15926_/Y
 _15927_/X
 _15928_/Y
 _15929_/Y
 _15930_/Y
 _15931_/X
 _15932_/Y
 _15933_/X
 _15934_/Y
 _15935_/Y
 _15936_/Y
 _15937_/Y
 _15938_/Y
 _15939_/X
 _15940_/X
 _15941_/Y
 _15942_/Y
 _15943_/Y
 _15944_/X
 _15945_/X
 _15946_/X
 _15947_/Y
 _15948_/Y
 _15949_/Y
 _15950_/Y
 _15951_/Y
 _15952_/Y
 _15953_/Y
 _15954_/X
 _15955_/X
 _15956_/Y
 _15957_/Y
 _15958_/Y
 _15959_/X
 _15960_/X
 _15961_/X
 _15962_/Y
 _15963_/Y
 _15964_/Y
 _15965_/Y
 _15966_/Y
 _15967_/Y
 _15968_/X
 _15969_/Y
 _15970_/Y
 _15971_/Y
 _15972_/Y
 _15973_/X
 _15974_/X
 _15975_/Y
 _15976_/Y
 _15977_/Y
 _15978_/X
 _15979_/X
 _15980_/X
 _15981_/Y
 _15982_/Y
 _15983_/Y
 _15984_/Y
 _15985_/Y
 _15986_/X
 _15987_/X
 _15988_/X
 _15989_/X
 _15990_/Y
 _15991_/X
 _15992_/X
 _15993_/Y
 _15994_/X
 _15995_/X
 _15996_/Y
 _15997_/Y
 _15998_/Y
 _15999_/X
 _16000_/X
 _16001_/X
 _16002_/Y
 _16003_/Y
 _16004_/Y
 _16005_/Y
 _16006_/X
 _16007_/X
 _16008_/X
 _16009_/Y
 _16010_/X
 _16011_/X
 _16012_/Y
 _16013_/X
 _16014_/X
 _16015_/Y
 _16016_/X
 _16017_/Y
 _16018_/Y
 _16019_/X
 _16020_/Y
 _16021_/X
 _16022_/X
 _16023_/Y
 _16024_/Y
 _16025_/Y
 _16026_/X
 _16027_/Y
 _16028_/Y
 _16029_/X
 _16030_/Y
 _16031_/X
 _16032_/Y
 _16033_/X
 _16034_/X
 _16035_/X
 _16036_/Y
 _16037_/Y
 _16038_/Y
 _16039_/X
 _16040_/Y
 _16041_/Y
 _16042_/Y
 _16043_/X
 _16044_/X
 _16045_/Y
 _16046_/X
 _16047_/Y
 _16048_/Y
 _16049_/Y
 _16050_/X
 _16051_/X
 _16052_/X
 _16053_/Y
 _16054_/X
 _16055_/X
 _16056_/X
 _16057_/Y
 _16058_/Y
 _16059_/Y
 _16060_/Y
 _16061_/X
 _16062_/Y
 _16063_/Y
 _16064_/Y
 _16065_/Y
 _16066_/X
 _16067_/Y
 _16068_/X
 _16069_/Y
 _16070_/X
 _16071_/X
 _16072_/Y
 _16073_/X
 _16074_/X
 _16075_/X
 _16076_/Y
 _16077_/X
 _16078_/X
 _16079_/X
 _16080_/Y
 _16081_/Y
 _16082_/Y
 _16083_/X
 _16084_/Y
 _16085_/Y
 _16086_/X
 _16087_/Y
 _16088_/Y
 _16089_/Y
 _16090_/Y
 _16091_/Y
 _16092_/X
 _16093_/X
 _16094_/Y
 _16095_/Y
 _16096_/Y
 _16097_/Y
 _16098_/X
 _16099_/X
 _16100_/X
 _16101_/X
 _16102_/Y
 _16103_/Y
 _16104_/X
 _16105_/Y
 _16106_/Y
 _16107_/X
 _16108_/Y
 _16109_/Y
 _16110_/X
 _16111_/Y
 _16112_/Y
 _16113_/X
 _16114_/Y
 _16115_/Y
 _16116_/X
 _16117_/Y
 _16118_/Y
 _16119_/X
 _16120_/Y
 _16121_/Y
 _16122_/Y
 _16123_/X
 _16124_/Y
 _16125_/X
 _16126_/X
 _16127_/X
 _16128_/Y
 _16129_/Y
 _16130_/X
 _16131_/Y
 _16132_/X
 _16133_/X
 _16134_/Y
 _16135_/Y
 _16136_/Y
 _16137_/X
 _16138_/X
 _16139_/X
 _16140_/X
 _16141_/X
 _16142_/Y
 _16143_/X
 _16144_/Y
 _16145_/Y
 _16146_/Y
 _16147_/X
 _16148_/X
 _16149_/X
 _16150_/Y
 _16151_/Y
 _16152_/X
 _16153_/X
 _16154_/X
 _16155_/Y
 _16156_/Y
 _16157_/Y
 _16158_/Y
 _16159_/X
 _16160_/X
 _16161_/Y
 _16162_/Y
 _16163_/Y
 _16164_/X
 _16165_/Y
 _16166_/X
 _16167_/Y
 _16168_/X
 _16169_/X
 _16170_/Y
 _16171_/X
 _16172_/Y
 _16173_/X
 _16174_/Y
 _16175_/Y
 _16176_/Y
 _16177_/X
 _16178_/X
 _16179_/Y
 _16180_/Y
 _16181_/Y
 _16182_/X
 _16183_/Y
 _16184_/Y
 _16185_/X
 _16186_/Y
 _16187_/Y
 _16188_/Y
 _16189_/Y
 _16190_/Y
 _16191_/X
 _16192_/X
 _16193_/Y
 _16194_/Y
 _16195_/Y
 _16196_/Y
 _16197_/X
 _16198_/X
 _16199_/X
 _16200_/X
 _16201_/Y
 _16202_/Y
 _16203_/Y
 _16204_/Y
 _16205_/Y
 _16206_/Y
 _16207_/Y
 _16208_/Y
 _16209_/Y
 _16210_/Y
 _16211_/Y
 _16212_/Y
 _16213_/Y
 _16214_/Y
 _16215_/X
 _16216_/Y
 _16217_/X
 _16218_/Y
 _16219_/X
 _16220_/Y
 _16221_/X
 _16222_/Y
 _16223_/Y
 _16224_/Y
 _16225_/Y
 _16226_/X
 _16227_/X
 _16228_/X
 _16229_/Y
 _16230_/Y
 _16231_/X
 _16232_/Y
 _16233_/X
 _16234_/Y
 _16235_/Y
 _16236_/Y
 _16237_/Y
 _16238_/X
 _16239_/X
 _16240_/Y
 _16241_/X
 _16242_/Y
 _16243_/X
 _16244_/X
 _16245_/Y
 _16246_/Y
 _16247_/X
 _16248_/Y
 _16249_/X
 _16250_/Y
 _16251_/X
 _16252_/Y
 _16253_/Y
 _16254_/Y
 _16255_/Y
 _16256_/Y
 _16257_/X
 _16258_/X
 _16259_/Y
 _16260_/X
 _16261_/Y
 _16262_/X
 _16263_/Y
 _16264_/Y
 _16265_/X
 _16266_/Y
 _16267_/X
 _16268_/Y
 _16269_/Y
 _16270_/Y
 _16271_/Y
 _16272_/Y
 _16273_/Y
 _16274_/Y
 _16275_/Y
 _16276_/Y
 _16277_/X
 _16278_/Y
 _16279_/Y
 _16280_/Y
 _16281_/X
 _16282_/Y
 _16283_/Y
 _16284_/Y
 _16285_/X
 _16286_/X
 _16287_/X
 _16288_/Y
 _16289_/Y
 _16290_/X
 _16291_/X
 _16292_/X
 _16293_/Y
 _16294_/Y
 _16295_/Y
 _16296_/X
 _16297_/X
 _16298_/X
 _16299_/X
 _16300_/Y
 _16301_/Y
 _16302_/Y
 _16303_/Y
 _16304_/Y
 _16305_/Y
 _16306_/X
 _16307_/Y
 _16308_/Y
 _16309_/X
 _16310_/X
 _16311_/Y
 _16312_/Y
 _16313_/X
 _16314_/X
 _16315_/Y
 _16316_/X
 _16317_/Y
 _16318_/Y
 _16319_/X
 _16320_/Y
 _16321_/Y
 _16322_/Y
 _16323_/X
 _16324_/X
 _16325_/Y
 _16326_/X
 _16327_/X
 _16328_/X
 _16329_/Y
 _16330_/Y
 _16331_/Y
 _16332_/Y
 _16333_/Y
 _16334_/X
 _16335_/X
 _16336_/Y
 _16337_/X
 _16338_/X
 _16339_/Y
 _16340_/Y
 _16341_/Y
 _16342_/X
 _16343_/X
 _16344_/X
 _16345_/Y
 _16346_/Y
 _16347_/Y
 _16348_/X
 _16349_/Y
 _16350_/Y
 _16351_/X
 _16352_/X
 _16353_/Y
 _16354_/X
 _16355_/X
 _16356_/X
 _16357_/Y
 _16358_/X
 _16359_/Y
 _16360_/X
 _16361_/X
 _16362_/Y
 _16363_/X
 _16364_/X
 _16365_/Y
 _16366_/Y
 _16367_/X
 _16368_/X
 _16369_/X
 _16370_/X
 _16371_/X
 _16372_/X
 _16373_/X
 _16374_/X
 _16375_/X
 _16376_/X
 _16377_/X
 _16378_/X
 _16379_/X
 _16380_/X
 _16381_/Y
 _16382_/X
 _16383_/Y
 _16384_/X
 _16385_/X
 _16386_/Y
 _16387_/Y
 _16388_/Y
 _16389_/X
 _16390_/Y
 _16391_/Y
 _16392_/X
 _16393_/X
 _16394_/X
 _16395_/Y
 _16396_/Y
 _16397_/Y
 _16398_/X
 _16399_/X
 _16400_/Y
 _16401_/Y
 _16402_/Y
 _16403_/Y
 _16404_/Y
 _16405_/Y
 _16406_/Y
 _16407_/Y
 _16408_/Y
 _16409_/X
 _16410_/Y
 _16411_/X
 _16412_/Y
 _16413_/Y
 _16414_/X
 _16415_/X
 _16416_/X
 _16417_/X
 _16418_/Y
 _16419_/Y
 _16420_/Y
 _16421_/Y
 _16422_/X
 _16423_/X
 _16424_/X
 _16425_/X
 _16426_/X
 _16427_/X
 _16428_/Y
 _16429_/X
 _16430_/X
 _16431_/Y
 _16432_/Y
 _16433_/Y
 _16434_/X
 _16435_/Y
 _16436_/Y
 _16437_/Y
 _16438_/X
 _16439_/X
 _16440_/X
 _16441_/X
 _16442_/X
 _16443_/Y
 _16444_/Y
 _16445_/Y
 _16446_/Y
 _16447_/X
 _16448_/X
 _16449_/Y
 _16450_/Y
 _16451_/Y
 _16452_/Y
 _16453_/Y
 _16454_/X
 _16455_/X
 _16456_/Y
 _16457_/X
 _16458_/X
 _16459_/X
 _16460_/X
 _16461_/Y
 _16462_/X
 _16463_/Y
 _16464_/Y
 _16465_/X
 _16466_/X
 _16467_/X
 _16468_/X
 _16469_/Y
 _16470_/Y
 _16471_/Y
 _16472_/Y
 _16473_/X
 _16474_/Y
 _16475_/Y
 _16476_/X
 _16477_/X
 _16478_/Y
 _16479_/Y
 _16480_/Y
 _16481_/X
 _16482_/X
 _16483_/X
 _16484_/X
 _16485_/Y
 _16486_/Y
 _16487_/Y
 _16488_/Y
 _16489_/Y
 _16490_/Y
 _16491_/Y
 _16492_/Y
 _16493_/Y
 _16494_/Y
 _16495_/Y
 _16496_/X
 _16497_/Y
 _16498_/Y
 _16499_/Y
 _16500_/X
 _16501_/X
 _16502_/X
 _16503_/X
 _16504_/Y
 _16505_/Y
 _16506_/Y
 _16507_/X
 _16508_/Y
 _16509_/Y
 _16510_/Y
 _16511_/Y
 _16512_/Y
 _16513_/X
 _16514_/Y
 _16515_/X
 _16516_/X
 _16517_/Y
 _16518_/Y
 _16519_/Y
 _16520_/X
 _16521_/Y
 _16522_/X
 _16523_/X
 _16524_/X
 _16525_/Y
 _16526_/Y
 _16527_/Y
 _16528_/X
 _16529_/Y
 _16530_/Y
 _16531_/Y
 _16532_/X
 _16533_/X
 _16534_/X
 _16535_/Y
 _16536_/Y
 _16537_/X
 _16538_/X
 _16539_/Y
 _16540_/Y
 _16541_/Y
 _16542_/X
 _16543_/X
 _16544_/X
 _16545_/Y
 _16546_/Y
 _16547_/Y
 _16548_/Y
 _16549_/Y
 _16550_/Y
 _16551_/Y
 _16552_/X
 _16553_/X
 _16554_/X
 _16555_/X
 _16556_/X
 _16557_/Y
 _16558_/Y
 _16559_/Y
 _16560_/Y
 _16561_/Y
 _16562_/X
 _16563_/Y
 _16564_/Y
 _16565_/X
 _16566_/Y
 _16567_/X
 _16568_/X
 _16569_/Y
 _16570_/Y
 _16571_/Y
 _16572_/Y
 _16573_/X
 _16574_/X
 _16575_/X
 _16576_/X
 _16577_/X
 _16578_/X
 _16579_/Y
 _16580_/X
 _16581_/Y
 _16582_/Y
 _16583_/Y
 _16584_/Y
 _16585_/X
 _16586_/X
 _16587_/Y
 _16588_/X
 _16589_/Y
 _16590_/Y
 _16591_/Y
 _16592_/X
 _16593_/Y
 _16594_/Y
 _16595_/X
 _16596_/Y
 _16597_/Y
 _16598_/Y
 _16599_/Y
 _16600_/X
 _16601_/X
 _16602_/Y
 _16603_/Y
 _16604_/Y
 _16605_/X
 _16606_/X
 _16607_/Y
 _16608_/X
 _16609_/Y
 _16610_/Y
 _16611_/X
 _16612_/X
 _16613_/Y
 _16614_/Y
 _16615_/Y
 _16616_/X
 _16617_/X
 _16618_/X
 _16619_/X
 _16620_/Y
 _16621_/X
 _16622_/X
 _16623_/Y
 _16624_/X
 _16625_/Y
 _16626_/Y
 _16627_/Y
 _16628_/X
 _16629_/X
 _16630_/Y
 _16631_/Y
 _16632_/X
 _16633_/X
 _16634_/Y
 _16635_/X
 _16636_/X
 _16637_/Y
 _16638_/Y
 _16639_/X
 _16640_/Y
 _16641_/X
 _16642_/Y
 _16643_/Y
 _16644_/Y
 _16645_/Y
 _16646_/Y
 _16647_/Y
 _16648_/Y
 _16649_/X
 _16650_/Y
 _16651_/Y
 _16652_/X
 _16653_/Y
 _16654_/X
 _16655_/Y
 _16656_/Y
 _16657_/X
 _16658_/X
 _16659_/Y
 _16660_/Y
 _16661_/Y
 _16662_/X
 _16663_/X
 _16664_/X
 _16665_/X
 _16666_/X
 _16667_/X
 _16668_/Y
 _16669_/Y
 _16670_/Y
 _16671_/X
 _16672_/X
 _16673_/Y
 _16674_/Y
 _16675_/X
 _16676_/X
 _16677_/Y
 _16678_/X
 _16679_/Y
 _16680_/X
 _16681_/Y
 _16682_/Y
 _16683_/Y
 _16684_/Y
 _16685_/Y
 _16686_/Y
 _16687_/X
 _16688_/Y
 _16689_/Y
 _16690_/Y
 _16691_/Y
 _16692_/Y
 _16693_/Y
 _16694_/Y
 _16695_/Y
 _16696_/X
 _16697_/X
 _16698_/X
 _16699_/X
 _16700_/Y
 _16701_/Y
 _16702_/X
 _16703_/X
 _16704_/X
 _16705_/X
 _16706_/X
 _16707_/Y
 _16708_/Y
 _16709_/Y
 _16710_/X
 _16711_/Y
 _16712_/X
 _16713_/Y
 _16714_/Y
 _16715_/Y
 _16716_/Y
 _16717_/Y
 _16718_/Y
 _16719_/Y
 _16720_/X
 _16721_/Y
 _16722_/Y
 _16723_/Y
 _16724_/Y
 _16725_/Y
 _16726_/Y
 _16727_/Y
 _16728_/Y
 _16729_/X
 _16730_/X
 _16731_/Y
 _16732_/Y
 _16733_/Y
 _16734_/X
 _16735_/X
 _16736_/Y
 _16737_/Y
 _16738_/X
 _16739_/X
 _16740_/Y
 _16741_/Y
 _16742_/X
 _16743_/Y
 _16744_/Y
 _16745_/Y
 _16746_/X
 _16747_/X
 _16748_/Y
 _16749_/Y
 _16750_/Y
 _16751_/Y
 _16752_/X
 _16753_/Y
 _16754_/X
 _16755_/X
 _16756_/X
 _16757_/Y
 _16758_/Y
 _16759_/X
 _16760_/X
 _16761_/X
 _16762_/X
 _16763_/Y
 _16764_/X
 _16765_/Y
 _16766_/X
 _16767_/Y
 _16768_/Y
 _16769_/X
 _16770_/Y
 _16771_/X
 _16772_/Y
 _16773_/Y
 _16774_/X
 _16775_/X
 _16776_/X
 _16777_/Y
 _16778_/X
 _16779_/X
 _16780_/Y
 _16781_/X
 _16782_/X
 _16783_/Y
 _16784_/X
 _16785_/Y
 _16786_/Y
 _16787_/Y
 _16788_/X
 _16789_/Y
 _16790_/X
 _16791_/X
 _16792_/Y
 _16793_/X
 _16794_/Y
 _16795_/Y
 _16796_/Y
 _16797_/Y
 _16798_/Y
 _16799_/X
 _16800_/X
 _16801_/X
 _16802_/X
 _16803_/Y
 _16804_/Y
 _16805_/Y
 _16806_/Y
 _16807_/X
 _16808_/X
 _16809_/Y
 _16810_/Y
 _16811_/Y
 _16812_/X
 _16813_/Y
 _16814_/X
 _16815_/Y
 _16816_/Y
 _16817_/Y
 _16818_/X
 _16819_/Y
 _16820_/Y
 _16821_/X
 _16822_/Y
 _16823_/X
 _16824_/Y
 _16825_/X
 _16826_/Y
 _16827_/Y
 _16828_/Y
 _16829_/Y
 _16830_/Y
 _16831_/Y
 _16832_/Y
 _16833_/X
 _16834_/Y
 _16835_/Y
 _16836_/Y
 _16837_/X
 _16838_/Y
 _16839_/X
 _16840_/X
 _16841_/Y
 _16842_/X
 _16843_/X
 _16844_/X
 _16845_/X
 _16846_/X
 _16847_/Y
 _16848_/X
 _16849_/X
 _16850_/X
 _16851_/X
 _16852_/X
 _16853_/Y
 _16854_/X
 _16855_/Y
 _16856_/X
 _16857_/Y
 _16858_/Y
 _16859_/X
 _16860_/Y
 _16861_/Y
 _16862_/X
 _16863_/X
 _16864_/X
 _16865_/Y
 _16866_/Y
 _16867_/X
 _16868_/X
 _16869_/Y
 _16870_/X
 _16871_/Y
 _16872_/X
 _16873_/Y
 _16874_/X
 _16875_/X
 _16876_/X
 _16877_/X
 _16878_/Y
 _16879_/X
 _16880_/X
 _16881_/Y
 _16882_/X
 _16883_/Y
 _16884_/X
 _16885_/Y
 _16886_/Y
 _16887_/Y
 _16888_/X
 _16889_/X
 _16890_/Y
 _16891_/Y
 _16892_/X
 _16893_/X
 _16894_/X
 _16895_/X
 _16896_/Y
 _16897_/Y
 _16898_/Y
 _16899_/Y
 _16900_/Y
 _16901_/X
 _16902_/X
 _16903_/Y
 _16904_/Y
 _16905_/Y
 _16906_/X
 _16907_/Y
 _16908_/X
 _16909_/Y
 _16910_/X
 _16911_/X
 _16912_/Y
 _16913_/X
 _16914_/Y
 _16915_/Y
 _16916_/Y
 _16917_/Y
 _16918_/X
 _16919_/X
 _16920_/Y
 _16921_/Y
 _16922_/Y
 _16923_/X
 _16924_/X
 _16925_/X
 _16926_/X
 _16927_/X
 _16928_/Y
 _16929_/Y
 _16930_/X
 _16931_/X
 _16932_/Y
 _16933_/Y
 _16934_/Y
 _16935_/Y
 _16936_/X
 _16937_/X
 _16938_/Y
 _16939_/X
 _16940_/Y
 _16941_/X
 _16942_/X
 _16943_/Y
 _16944_/X
 _16945_/X
 _16946_/X
 _16947_/Y
 _16948_/X
 _16949_/X
 _16950_/Y
 _16951_/Y
 _16952_/X
 _16953_/X
 _16954_/X
 _16955_/X
 _16956_/X
 _16957_/X
 _16958_/Y
 _16959_/Y
 _16960_/X
 _16961_/X
 _16962_/X
 _16963_/X
 _16964_/Y
 _16965_/Y
 _16966_/X
 _16967_/Y
 _16968_/X
 _16969_/X
 _16970_/Y
 _16971_/X
 _16972_/Y
 _16973_/X
 _16974_/X
 _16975_/X
 _16976_/Y
 _16977_/X
 _16978_/Y
 _16979_/X
 _16980_/Y
 _16981_/X
 _16982_/X
 _16983_/X
 _16984_/X
 _16985_/Y
 _16986_/X
 _16987_/Y
 _16988_/X
 _16989_/X
 _16990_/Y
 _16991_/X
 _16992_/Y
 _16993_/Y
 _16994_/Y
 _16995_/Y
 _16996_/Y
 _16997_/X
 _16998_/X
 _16999_/X
 _17000_/X
 _17001_/Y
 _17002_/Y
 _17003_/X
 _17004_/X
 _17005_/Y
 _17006_/Y
 _17007_/Y
 _17008_/X
 _17009_/X
 _17010_/X
 _17011_/Y
 _17012_/X
 _17013_/Y
 _17014_/X
 _17015_/X
 _17016_/X
 _17017_/X
 _17018_/Y
 _17019_/Y
 _17020_/Y
 _17021_/X
 _17022_/X
 _17023_/X
 _17024_/X
 _17025_/X
 _17026_/Y
 _17027_/X
 _17028_/X
 _17029_/X
 _17030_/Y
 _17031_/X
 _17032_/Y
 _17033_/X
 _17034_/X
 _17035_/X
 _17036_/Y
 _17037_/X
 _17038_/Y
 _17039_/X
 _17040_/X
 _17041_/Y
 _17042_/X
 _17043_/X
 _17044_/X
 _17045_/X
 _17046_/Y
 _17047_/Y
 _17048_/Y
 _17049_/X
 _17050_/X
 _17051_/X
 _17052_/X
 _17053_/X
 _17054_/X
 _17055_/X
 _17056_/Y
 _17057_/X
 _17058_/X
 _17059_/X
 _17060_/Y
 _17061_/Y
 _17062_/X
 _17063_/X
 _17064_/Y
 _17065_/Y
 _17066_/X
 _17067_/X
 _17068_/Y
 _17069_/X
 _17070_/Y
 _17071_/Y
 _17072_/X
 _17073_/X
 _17074_/Y
 _17075_/Y
 _17076_/Y
 _17077_/Y
 _17078_/Y
 _17079_/X
 _17080_/X
 _17081_/X
 _17082_/Y
 _17083_/Y
 _17084_/Y
 _17085_/Y
 _17086_/X
 _17087_/Y
 _17088_/Y
 _17089_/X
 _17090_/Y
 _17091_/Y
 _17092_/X
 _17093_/X
 _17094_/X
 _17095_/Y
 _17096_/Y
 _17097_/X
 _17098_/Y
 _17099_/Y
 _17100_/X
 _17101_/X
 _17102_/Y
 _17103_/Y
 _17104_/X
 _17105_/Y
 _17106_/Y
 _17107_/Y
 _17108_/X
 _17109_/X
 _17110_/Y
 _17111_/X
 _17112_/Y
 _17113_/Y
 _17114_/Y
 _17115_/X
 _17116_/Y
 _17117_/X
 _17118_/Y
 _17119_/Y
 _17120_/Y
 _17121_/Y
 _17122_/X
 _17123_/X
 _17124_/X
 _17125_/Y
 _17126_/X
 _17127_/Y
 _17128_/Y
 _17129_/Y
 _17130_/X
 _17131_/Y
 _17132_/X
 _17133_/Y
 _17134_/Y
 _17135_/X
 _17136_/Y
 _17137_/Y
 _17138_/Y
 _17139_/Y
 _17140_/Y
 _17141_/X
 _17142_/Y
 _17143_/X
 _17144_/Y
 _17145_/X
 _17146_/Y
 _17147_/X
 _17148_/Y
 _17149_/Y
 _17150_/X
 _17151_/X
 _17152_/Y
 _17153_/Y
 _17154_/Y
 _17155_/X
 _17156_/Y
 _17157_/Y
 _17158_/Y
 _17159_/Y
 _17160_/X
 _17161_/Y
 _17162_/Y
 _17163_/X
 _17164_/Y
 _17165_/X
 _17166_/Y
 _17167_/Y
 _17168_/Y
 _17169_/Y
 _17170_/Y
 _17171_/X
 _17172_/Y
 _17173_/X
 _17174_/X
 _17175_/Y
 _17176_/Y
 _17177_/X
 _17178_/X
 _17179_/X
 _17180_/Y
 _17181_/X
 _17182_/Y
 _17183_/X
 _17184_/Y
 _17185_/X
 _17186_/Y
 _17187_/Y
 _17188_/X
 _17189_/Y
 _17190_/Y
 _17191_/X
 _17192_/Y
 _17193_/X
 _17194_/X
 _17195_/X
 _17196_/X
 _17197_/Y
 _17198_/X
 _17199_/Y
 _17200_/Y
 _17201_/Y
 _17202_/X
 _17203_/Y
 _17204_/Y
 _17205_/Y
 _17206_/X
 _17207_/Y
 _17208_/Y
 _17209_/Y
 _17210_/Y
 _17211_/Y
 _17212_/X
 _17213_/Y
 _17214_/X
 _17215_/Y
 _17216_/Y
 _17217_/Y
 _17218_/X
 _17219_/Y
 _17220_/Y
 _17221_/Y
 _17222_/X
 _17223_/Y
 _17224_/Y
 _17225_/X
 _17226_/X
 _17227_/Y
 _17228_/Y
 _17229_/Y
 _17230_/Y
 _17231_/Y
 _17232_/X
 _17233_/X
 _17234_/Y
 _17235_/Y
 _17236_/X
 _17237_/Y
 _17238_/X
 _17239_/Y
 _17240_/X
 _17241_/Y
 _17242_/X
 _17243_/Y
 _17244_/Y
 _17245_/Y
 _17246_/X
 _17247_/Y
 _17248_/X
 _17249_/Y
 _17250_/Y
 _17251_/X
 _17252_/X
 _17253_/Y
 _17254_/Y
 _17255_/X
 _17256_/Y
 _17257_/Y
 _17258_/Y
 _17259_/X
 _17260_/X
 _17261_/Y
 _17262_/Y
 _17263_/X
 _17264_/Y
 _17265_/X
 _17266_/Y
 _17267_/X
 _17268_/Y
 _17269_/Y
 _17270_/Y
 _17271_/X
 _17272_/Y
 _17273_/Y
 _17274_/Y
 _17275_/Y
 _17276_/X
 _17277_/Y
 _17278_/Y
 _17279_/Y
 _17280_/Y
 _17281_/X
 _17282_/Y
 _17283_/Y
 _17284_/Y
 _17285_/Y
 _17286_/X
 _17287_/Y
 _17288_/Y
 _17289_/Y
 _17290_/Y
 _17291_/X
 _17292_/Y
 _17293_/Y
 _17294_/Y
 _17295_/Y
 _17296_/Y
 _17297_/Y
 _17298_/X
 _17299_/Y
 _17300_/Y
 _17301_/Y
 _17302_/Y
 _17303_/X
 _17304_/X
 _17305_/Y
 _17306_/X
 _17307_/Y
 _17308_/Y
 _17309_/Y
 _17310_/X
 _17311_/Y
 _17312_/X
 _17313_/X
 _17314_/Y
 _17315_/Y
 _17316_/Y
 _17317_/Y
 _17318_/X
 _17319_/Y
 _17320_/Y
 _17321_/Y
 _17322_/Y
 _17323_/X
 _17324_/X
 _17325_/X
 _17326_/X
 _17327_/Y
 _17328_/Y
 _17329_/Y
 _17330_/Y
 _17331_/Y
 _17332_/Y
 _17333_/Y
 _17334_/Y
 _17335_/Y
 _17336_/X
 _17337_/Y
 _17338_/Y
 _17339_/X
 _17340_/Y
 _17341_/Y
 _17342_/Y
 _17343_/Y
 _17344_/X
 _17345_/Y
 _17346_/X
 _17347_/X
 _17348_/Y
 _17349_/Y
 _17350_/Y
 _17351_/Y
 _17352_/Y
 _17353_/X
 _17354_/X
 _17355_/Y
 _17356_/X
 _17357_/Y
 _17358_/Y
 _17359_/X
 _17360_/Y
 _17361_/Y
 _17362_/Y
 _17363_/Y
 _17364_/Y
 _17365_/Y
 _17366_/Y
 _17367_/X
 _17368_/Y
 _17369_/X
 _17370_/Y
 _17371_/X
 _17372_/X
 _17373_/X
 _17374_/Y
 _17375_/Y
 _17376_/Y
 _17377_/Y
 _17378_/Y
 _17379_/X
 _17380_/Y
 _17381_/Y
 _17382_/Y
 _17383_/Y
 _17384_/X
 _17385_/Y
 _17386_/X
 _17387_/X
 _17388_/Y
 _17389_/X
 _17390_/X
 _17391_/X
 _17392_/Y
 _17393_/X
 _17394_/X
 _17395_/Y
 _17396_/Y
 _17397_/Y
 _17398_/X
 _17399_/Y
 _17400_/X
 _17401_/X
 _17402_/Y
 _17403_/X
 _17404_/Y
 _17405_/X
 _17406_/X
 _17407_/Y
 _17408_/X
 _17409_/X
 _17410_/Y
 _17411_/Y
 _17412_/Y
 _17413_/X
 _17414_/Y
 _17415_/X
 _17416_/Y
 _17417_/Y
 _17418_/Y
 _17419_/Y
 _17420_/X
 _17421_/Y
 _17422_/Y
 _17423_/Y
 _17424_/Y
 _17425_/Y
 _17426_/Y
 _17427_/Y
 _17428_/X
 _17429_/Y
 _17430_/X
 _17431_/Y
 _17432_/Y
 _17433_/Y
 _17434_/Y
 _17435_/Y
 _17436_/X
 _17437_/Y
 _17438_/Y
 _17439_/Y
 _17440_/Y
 _17441_/Y
 _17442_/Y
 _17443_/Y
 _17444_/Y
 _17445_/Y
 _17446_/X
 _17447_/Y
 _17448_/Y
 _17449_/X
 _17450_/Y
 _17451_/X
 _17452_/Y
 _17453_/Y
 _17454_/Y
 _17455_/X
 _17456_/Y
 _17457_/X
 _17458_/X
 _17459_/Y
 _17460_/X
 _17461_/Y
 _17462_/X
 _17463_/Y
 _17464_/Y
 _17465_/Y
 _17466_/X
 _17467_/Y
 _17468_/X
 _17469_/Y
 _17470_/Y
 _17471_/X
 _17472_/X
 _17473_/Y
 _17474_/Y
 _17475_/X
 _17476_/X
 _17477_/Y
 _17478_/X
 _17479_/X
 _17480_/X
 _17481_/X
 _17482_/Y
 _17483_/Y
 _17484_/X
 _17485_/Y
 _17486_/Y
 _17487_/Y
 _17488_/Y
 _17489_/Y
 _17490_/X
 _17491_/Y
 _17492_/Y
 _17493_/Y
 _17494_/Y
 _17495_/X
 _17496_/Y
 _17497_/X
 _17498_/X
 _17499_/Y
 _17500_/Y
 _17501_/Y
 _17502_/X
 _17503_/Y
 _17504_/Y
 _17505_/X
 _17506_/X
 _17507_/Y
 _17508_/Y
 _17509_/X
 _17510_/X
 _17511_/Y
 _17512_/Y
 _17513_/Y
 _17514_/Y
 _17515_/Y
 _17516_/Y
 _17517_/Y
 _17518_/Y
 _17519_/Y
 _17520_/X
 _17521_/X
 _17522_/Y
 _17523_/Y
 _17524_/Y
 _17525_/Y
 _17526_/Y
 _17527_/X
 _17528_/Y
 _17529_/X
 _17530_/Y
 _17531_/Y
 _17532_/Y
 _17533_/Y
 _17534_/X
 _17535_/Y
 _17536_/X
 _17537_/Y
 _17538_/Y
 _17539_/X
 _17540_/Y
 _17541_/Y
 _17542_/Y
 _17543_/Y
 _17544_/Y
 _17545_/Y
 _17546_/Y
 _17547_/X
 _17548_/Y
 _17549_/Y
 _17550_/X
 _17551_/Y
 _17552_/Y
 _17553_/X
 _17554_/X
 _17555_/Y
 _17556_/X
 _17557_/Y
 _17558_/X
 _17559_/Y
 _17560_/Y
 _17561_/X
 _17562_/Y
 _17563_/Y
 _17564_/Y
 _17565_/X
 _17566_/Y
 _17567_/Y
 _17568_/X
 _17569_/Y
 _17570_/Y
 _17571_/Y
 _17572_/Y
 _17573_/X
 _17574_/Y
 _17575_/Y
 _17576_/X
 _17577_/Y
 _17578_/Y
 _17579_/X
 _17580_/Y
 _17581_/Y
 _17582_/Y
 _17583_/Y
 _17584_/X
 _17585_/Y
 _17586_/X
 _17587_/X
 _17588_/Y
 _17589_/X
 _17590_/Y
 _17591_/X
 _17592_/Y
 _17593_/X
 _17594_/X
 _17595_/Y
 _17596_/Y
 _17597_/Y
 _17598_/Y
 _17599_/X
 _17600_/X
 _17601_/X
 _17602_/Y
 _17603_/X
 _17604_/Y
 _17605_/Y
 _17606_/Y
 _17607_/Y
 _17608_/X
 _17609_/X
 _17610_/Y
 _17611_/Y
 _17612_/X
 _17613_/Y
 _17614_/Y
 _17615_/X
 _17616_/Y
 _17617_/Y
 _17618_/X
 _17619_/Y
 _17620_/X
 _17621_/X
 _17622_/Y
 _17623_/X
 _17624_/X
 _17625_/Y
 _17626_/Y
 _17627_/Y
 _17628_/Y
 _17629_/Y
 _17630_/Y
 _17631_/Y
 _17632_/Y
 _17633_/Y
 _17634_/Y
 _17635_/Y
 _17636_/X
 _17637_/Y
 _17638_/Y
 _17639_/Y
 _17640_/Y
 _17641_/X
 _17642_/Y
 _17643_/Y
 _17644_/X
 _17645_/X
 _17646_/Y
 _17647_/X
 _17648_/Y
 _17649_/Y
 _17650_/Y
 _17651_/X
 _17652_/Y
 _17653_/Y
 _17654_/Y
 _17655_/Y
 _17656_/Y
 _17657_/X
 _17658_/Y
 _17659_/Y
 _17660_/Y
 _17661_/Y
 _17662_/Y
 _17663_/Y
 _17664_/Y
 _17665_/Y
 _17666_/X
 _17667_/Y
 _17668_/Y
 _17669_/Y
 _17670_/Y
 _17671_/Y
 _17672_/Y
 _17673_/X
 _17674_/Y
 _17675_/Y
 _17676_/Y
 _17677_/X
 _17678_/Y
 _17679_/X
 _17680_/Y
 _17681_/X
 _17682_/X
 _17683_/X
 _17684_/Y
 _17685_/Y
 _17686_/X
 _17687_/X
 _17688_/Y
 _17689_/Y
 _17690_/Y
 _17691_/Y
 _17692_/Y
 _17693_/X
 _17694_/Y
 _17695_/Y
 _17696_/Y
 _17697_/Y
 _17698_/Y
 _17699_/X
 _17700_/Y
 _17701_/Y
 _17702_/Y
 _17703_/Y
 _17704_/X
 _17705_/Y
 _17706_/X
 _17707_/Y
 _17708_/Y
 _17709_/Y
 _17710_/Y
 _17711_/X
 _17712_/Y
 _17713_/Y
 _17714_/Y
 _17715_/Y
 _17716_/X
 _17717_/X
 _17718_/X
 _17719_/Y
 _17720_/Y
 _17721_/X
 _17722_/X
 _17723_/X
 _17724_/Y
 _17725_/X
 _17726_/Y
 _17727_/Y
 _17728_/X
 _17729_/Y
 _17730_/Y
 _17731_/Y
 _17732_/Y
 _17733_/X
 _17734_/X
 _17735_/Y
 _17736_/X
 _17737_/Y
 _17738_/X
 _17739_/Y
 _17740_/X
 _17741_/Y
 _17742_/X
 _17743_/Y
 _17744_/Y
 _17745_/Y
 _17746_/Y
 _17747_/Y
 _17748_/Y
 _17749_/Y
 _17750_/X
 _17751_/X
 _17752_/Y
 _17753_/X
 _17754_/Y
 _17755_/X
 _17756_/Y
 _17757_/Y
 _17758_/X
 _17759_/Y
 _17760_/Y
 _17761_/Y
 _17762_/X
 _17763_/X
 _17764_/Y
 _17765_/Y
 _17766_/Y
 _17767_/Y
 _17768_/Y
 _17769_/Y
 _17770_/Y
 _17771_/X
 _17772_/Y
 _17773_/Y
 _17774_/Y
 _17775_/Y
 _17776_/Y
 _17777_/Y
 _17778_/Y
 _17779_/Y
 _17780_/Y
 _17781_/Y
 _17782_/Y
 _17783_/X
 _17784_/Y
 _17785_/X
 _17786_/Y
 _17787_/Y
 _17788_/Y
 _17789_/Y
 _17790_/Y
 _17791_/X
 _17792_/Y
 _17793_/Y
 _17794_/Y
 _17795_/Y
 _17796_/X
 _17797_/Y
 _17798_/Y
 _17799_/Y
 _17800_/X
 _17801_/X
 _17802_/X
 _17803_/X
 _17804_/Y
 _17805_/Y
 _17806_/Y
 _17807_/Y
 _17808_/Y
 _17809_/Y
 _17810_/Y
 _17811_/Y
 _17812_/Y
 _17813_/Y
 _17814_/Y
 _17815_/Y
 _17816_/Y
 _17817_/Y
 _17818_/Y
 _17819_/Y
 _17820_/Y
 _17821_/Y
 _17822_/Y
 _17823_/Y
 _17824_/Y
 _17825_/Y
 _17826_/Y
 _17827_/X
 _17828_/Y
 _17829_/X
 _17830_/Y
 _17831_/X
 _17832_/X
 _17833_/Y
 _17834_/Y
 _17835_/Y
 _17836_/Y
 _17837_/Y
 _17838_/Y
 _17839_/X
 _17840_/Y
 _17841_/Y
 _17842_/Y
 _17843_/Y
 _17844_/Y
 _17845_/Y
 _17846_/Y
 _17847_/Y
 _17848_/Y
 _17849_/Y
 _17850_/X
 _17851_/Y
 _17852_/Y
 _17853_/X
 _17854_/Y
 _17855_/Y
 _17856_/Y
 _17857_/X
 _17858_/Y
 _17859_/Y
 _17860_/Y
 _17861_/Y
 _17862_/Y
 _17863_/Y
 _17864_/Y
 _17865_/Y
 _17866_/Y
 _17867_/Y
 _17868_/Y
 _17869_/Y
 _17870_/X
 _17871_/Y
 _17872_/Y
 _17873_/Y
 _17874_/X
 _17875_/Y
 _17876_/Y
 _17877_/Y
 _17878_/Y
 _17879_/Y
 _17880_/Y
 _17881_/Y
 _17882_/Y
 _17883_/Y
 _17884_/Y
 _17885_/Y
 _17886_/Y
 _17887_/X
 _17888_/X
 _17889_/Y
 _17890_/Y
 _17891_/Y
 _17892_/Y
 _17893_/Y
 _17894_/Y
 _17895_/Y
 _17896_/X
 _17897_/Y
 _17898_/Y
 _17899_/X
 _17900_/Y
 _17901_/Y
 _17902_/Y
 _17903_/Y
 _17904_/Y
 _17905_/Y
 _17906_/X
 _17907_/Y
 _17908_/Y
 _17909_/Y
 _17910_/Y
 _17911_/X
 _17912_/Y
 _17913_/Y
 _17914_/Y
 _17915_/Y
 _17916_/Y
 _17917_/Y
 _17918_/Y
 _17919_/Y
 _17920_/Y
 _17921_/Y
 _17922_/Y
 _17923_/Y
 _17924_/Y
 _17925_/Y
 _17926_/Y
 _17927_/X
 _17928_/Y
 _17929_/Y
 _17930_/Y
 _17931_/Y
 _17932_/Y
 _17933_/Y
 _17934_/X
 _17935_/Y
 _17936_/Y
 _17937_/X
 _17938_/Y
 _17939_/Y
 _17940_/Y
 _17941_/Y
 _17942_/Y
 _17943_/Y
 _17944_/Y
 _17945_/Y
 _17946_/Y
 _17947_/Y
 _17948_/X
 _17949_/Y
 _17950_/Y
 _17951_/Y
 _17952_/Y
 _17953_/Y
 _17954_/X
 _17955_/Y
 _17956_/Y
 _17957_/Y
 _17958_/Y
 _17959_/X
 _17960_/Y
 _17961_/Y
 _17962_/X
 _17963_/Y
 _17964_/Y
 _17965_/Y
 _17966_/X
 _17967_/Y
 _17968_/X
 _17969_/Y
 _17970_/Y
 _17971_/X
 _17972_/X
 _17973_/Y
 _17974_/Y
 _17975_/X
 _17976_/Y
 _17977_/Y
 _17978_/X
 _17979_/Y
 _17980_/Y
 _17981_/Y
 _17982_/X
 _17983_/Y
 _17984_/Y
 _17985_/X
 _17986_/Y
 _17987_/Y
 _17988_/X
 _17989_/Y
 _17990_/X
 _17991_/X
 _17992_/X
 _17993_/Y
 _17994_/X
 _17995_/Y
 _17996_/X
 _17997_/Y
 _17998_/Y
 _17999_/Y
 _18000_/X
 _18001_/Y
 _18002_/X
 _18003_/Y
 _18004_/Y
 _18005_/Y
 _18006_/Y
 _18007_/X
 _18008_/Y
 _18009_/Y
 _18010_/Y
 _18011_/Y
 _18012_/Y
 _18013_/Y
 _18014_/Y
 _18015_/Y
 _18016_/Y
 _18017_/X
 _18018_/X
 _18019_/Y
 _18020_/Y
 _18021_/X
 _18022_/Y
 _18023_/X
 _18024_/Y
 _18025_/Y
 _18026_/Y
 _18027_/Y
 _18028_/Y
 _18029_/Y
 _18030_/Y
 _18031_/Y
 _18032_/Y
 _18033_/X
 _18034_/Y
 _18035_/Y
 _18036_/X
 _18037_/X
 _18038_/Y
 _18039_/Y
 _18040_/Y
 _18041_/X
 _18042_/Y
 _18043_/Y
 _18044_/Y
 _18045_/X
 _18046_/X
 _18047_/Y
 _18048_/Y
 _18049_/Y
 _18050_/Y
 _18051_/Y
 _18052_/Y
 _18053_/Y
 _18054_/Y
 _18055_/X
 _18056_/X
 _18057_/X
 _18058_/Y
 _18059_/Y
 _18060_/Y
 _18061_/Y
 _18062_/Y
 _18063_/X
 _18064_/X
 _18065_/Y
 _18066_/Y
 _18067_/Y
 _18068_/Y
 _18069_/Y
 _18070_/Y
 _18071_/Y
 _18072_/Y
 _18073_/Y
 _18074_/Y
 _18075_/X
 _18076_/Y
 _18077_/Y
 _18078_/Y
 _18079_/Y
 _18080_/Y
 _18081_/Y
 _18082_/X
 _18083_/Y
 _18084_/X
 _18085_/X
 _18086_/Y
 _18087_/Y
 _18088_/Y
 _18089_/Y
 _18090_/Y
 _18091_/Y
 _18092_/X
 _18093_/Y
 _18094_/Y
 _18095_/Y
 _18096_/Y
 _18097_/Y
 _18098_/Y
 _18099_/Y
 _18100_/Y
 _18101_/Y
 _18102_/Y
 _18103_/X
 _18104_/Y
 _18105_/Y
 _18106_/Y
 _18107_/Y
 _18108_/Y
 _18109_/X
 _18110_/X
 _18111_/X
 _18112_/Y
 _18113_/Y
 _18114_/Y
 _18115_/X
 _18116_/Y
 _18117_/Y
 _18118_/Y
 _18119_/X
 _18120_/X
 _18121_/X
 _18122_/Y
 _18123_/Y
 _18124_/Y
 _18125_/Y
 _18126_/Y
 _18127_/Y
 _18128_/Y
 _18129_/Y
 _18130_/Y
 _18131_/X
 _18132_/Y
 _18133_/Y
 _18134_/Y
 _18135_/Y
 _18136_/Y
 _18137_/Y
 _18138_/X
 _18139_/Y
 _18140_/Y
 _18141_/Y
 _18142_/Y
 _18143_/Y
 _18144_/Y
 _18145_/X
 _18146_/Y
 _18147_/Y
 _18148_/Y
 _18149_/Y
 _18150_/Y
 _18151_/Y
 _18152_/X
 _18153_/X
 _18154_/Y
 _18155_/Y
 _18156_/Y
 _18157_/Y
 _18158_/Y
 _18159_/Y
 _18160_/Y
 _18161_/Y
 _18162_/X
 _18163_/Y
 _18164_/X
 _18165_/X
 _18166_/X
 _18167_/X
 _18168_/X
 _18169_/X
 _18170_/X
 _18171_/Y
 _18172_/Y
 _18173_/Y
 _18174_/X
 _18175_/Y
 _18176_/Y
 _18177_/Y
 _18178_/Y
 _18179_/X
 _18180_/Y
 _18181_/Y
 _18182_/Y
 _18183_/Y
 _18184_/Y
 _18185_/X
 _18186_/X
 _18187_/Y
 _18188_/X
 _18189_/X
 _18190_/Y
 _18191_/Y
 _18192_/X
 _18193_/X
 _18194_/Y
 _18195_/X
 _18196_/Y
 _18197_/Y
 _18198_/Y
 _18199_/Y
 _18200_/Y
 _18201_/Y
 _18202_/X
 _18203_/Y
 _18204_/X
 _18205_/Y
 _18206_/Y
 _18207_/X
 _18208_/Y
 _18209_/X
 _18210_/X
 _18211_/Y
 _18212_/Y
 _18213_/Y
 _18214_/Y
 _18215_/Y
 _18216_/Y
 _18217_/Y
 _18218_/Y
 _18219_/Y
 _18220_/Y
 _18221_/Y
 _18222_/X
 _18223_/Y
 _18224_/Y
 _18225_/X
 _18226_/Y
 _18227_/X
 _18228_/X
 _18229_/Y
 _18230_/Y
 _18231_/Y
 _18232_/Y
 _18233_/X
 _18234_/Y
 _18235_/Y
 _18236_/X
 _18237_/Y
 _18238_/Y
 _18239_/X
 _18240_/X
 _18241_/Y
 _18242_/Y
 _18243_/Y
 _18244_/Y
 _18245_/Y
 _18246_/Y
 _18247_/Y
 _18248_/X
 _18249_/Y
 _18250_/X
 _18251_/Y
 _18252_/Y
 _18253_/X
 _18254_/Y
 _18255_/Y
 _18256_/Y
 _18257_/Y
 _18258_/Y
 _18259_/Y
 _18260_/Y
 _18261_/Y
 _18262_/Y
 _18263_/X
 _18264_/Y
 _18265_/Y
 _18266_/Y
 _18267_/Y
 _18268_/X
 _18269_/Y
 _18270_/Y
 _18271_/Y
 _18272_/X
 _18273_/Y
 _18274_/Y
 _18275_/Y
 _18276_/Y
 _18277_/X
 _18278_/Y
 _18279_/Y
 _18280_/X
 _18281_/Y
 _18282_/Y
 _18283_/Y
 _18284_/Y
 _18285_/X
 _18286_/Y
 _18287_/Y
 _18288_/Y
 _18289_/Y
 _18290_/Y
 _18291_/Y
 _18292_/Y
 _18293_/X
 _18294_/Y
 _18295_/X
 _18296_/Y
 _18297_/X
 _18298_/Y
 _18299_/Y
 _18300_/Y
 _18301_/Y
 _18302_/X
 _18303_/Y
 _18304_/Y
 _18305_/Y
 _18306_/Y
 _18307_/Y
 _18308_/Y
 _18309_/Y
 _18310_/Y
 _18311_/X
 _18312_/Y
 _18313_/Y
 _18314_/Y
 _18315_/Y
 _18316_/Y
 _18317_/Y
 _18318_/Y
 _18319_/Y
 _18320_/Y
 _18321_/Y
 _18322_/Y
 _18323_/Y
 _18324_/Y
 _18325_/Y
 _18326_/Y
 _18327_/Y
 _18328_/Y
 _18329_/Y
 _18330_/Y
 _18331_/Y
 _18332_/X
 _18333_/Y
 _18334_/Y
 _18335_/Y
 _18336_/Y
 _18337_/X
 _18338_/Y
 _18339_/Y
 _18340_/X
 _18341_/Y
 _18342_/Y
 _18343_/Y
 _18344_/Y
 _18345_/Y
 _18346_/Y
 _18347_/X
 _18348_/Y
 _18349_/Y
 _18350_/Y
 _18351_/Y
 _18352_/Y
 _18353_/Y
 _18354_/Y
 _18355_/Y
 _18356_/Y
 _18357_/X
 _18358_/X
 _18359_/Y
 _18360_/Y
 _18361_/Y
 _18362_/X
 _18363_/Y
 _18364_/Y
 _18365_/X
 _18366_/Y
 _18367_/X
 _18368_/Y
 _18369_/Y
 _18370_/Y
 _18371_/Y
 _18372_/X
 _18373_/X
 _18374_/Y
 _18375_/Y
 _18376_/Y
 _18377_/X
 _18378_/X
 _18379_/X
 _18380_/Y
 _18381_/Y
 _18382_/Y
 _18383_/Y
 _18384_/Y
 _18385_/Y
 _18386_/Y
 _18387_/Y
 _18388_/Y
 _18389_/Y
 _18390_/X
 _18391_/X
 _18392_/Y
 _18393_/Y
 _18394_/X
 _18395_/Y
 _18396_/Y
 _18397_/Y
 _18398_/Y
 _18399_/Y
 _18400_/Y
 _18401_/Y
 _18402_/Y
 _18403_/Y
 _18404_/Y
 _18405_/Y
 _18406_/Y
 _18407_/Y
 _18408_/Y
 _18409_/Y
 _18410_/Y
 _18411_/Y
 _18412_/Y
 _18413_/Y
 _18414_/Y
 _18415_/Y
 _18416_/Y
 _18417_/Y
 _18418_/Y
 _18419_/Y
 _18420_/Y
 _18421_/Y
 _18422_/Y
 _18423_/Y
 _18424_/Y
 _18425_/Y
 _18426_/Y
 _18427_/Y
 _18428_/Y
 _18429_/Y
 _18430_/Y
 _18431_/Y
 _18432_/Y
 _18433_/Y
 _18434_/Y
 _18435_/Y
 _18436_/Y
 _18437_/Y
 _18438_/X
 _18439_/Y
 _18440_/Y
 _18441_/Y
 _18442_/Y
 _18443_/Y
 _18444_/Y
 _18445_/Y
 _18446_/Y
 _18447_/Y
 _18448_/Y
 _18449_/Y
 _18450_/Y
 _18451_/Y
 _18452_/Y
 _18453_/Y
 _18454_/Y
 _18455_/Y
 _18456_/Y
 _18457_/Y
 _18458_/Y
 _18459_/Y
 _18460_/Y
 _18461_/Y
 _18462_/Y
 _18463_/Y
 _18464_/Y
 _18465_/Y
 _18466_/Y
 _18467_/Y
 _18468_/Y
 _18469_/Y
 _18470_/Y
 _18471_/Y
 _18472_/Y
 _18473_/Q
 _18474_/Q
 _18475_/Q
 _18476_/Q
 _18477_/Q
 _18478_/Q
 _18479_/Q
 _18480_/Q
 _18481_/Q
 _18482_/Q
 _18483_/Q
 _18484_/Q
 _18485_/Q
 _18486_/Q
 _18487_/Q
 _18488_/Q
 _18489_/Q
 _18490_/Q
 _18491_/Q
 _18492_/Q
 _18493_/Q
 _18494_/Q
 _18495_/Q
 _18496_/Q
 _18497_/Q
 _18498_/Q
 _18499_/Q
 _18500_/Q
 _18501_/Q
 _18502_/Q
 _18503_/Q
 _18504_/Q
 _18505_/Q
 _18506_/Q
 _18507_/Q
 _18508_/Q
 _18509_/Q
 _18510_/Q
 _18511_/Q
 _18512_/Q
 _18513_/Q
 _18514_/Q
 _18515_/Q
 _18516_/Q
 _18517_/Q
 _18518_/Q
 _18519_/Q
 _18520_/Q
 _18521_/Q
 _18522_/Q
 _18523_/Q
 _18524_/Q
 _18525_/Q
 _18526_/Q
 _18527_/Q
 _18528_/Q
 _18529_/Q
 _18530_/Q
 _18531_/Q
 _18532_/Q
 _18533_/Q
 _18534_/Q
 _18535_/Q
 _18536_/Q
 _18537_/Q
 _18538_/Q
 _18539_/Q
 _18540_/Q
 _18541_/Q
 _18542_/Q
 _18543_/Q
 _18544_/Q
 _18545_/Q
 _18546_/Q
 _18547_/Q
 _18548_/Q
 _18549_/Q
 _18550_/Q
 _18551_/Q
 _18552_/Q
 _18553_/Q
 _18554_/Q
 _18555_/Q
 _18556_/Q
 _18557_/Q
 _18558_/Q
 _18559_/Q
 _18560_/Q
 _18561_/Q
 _18562_/Q
 _18563_/Q
 _18564_/Q
 _18565_/Q
 _18566_/Q
 _18567_/Q
 _18568_/Q
 _18569_/Q
 _18570_/Q
 _18571_/Q
 _18572_/Q
 _18573_/Q
 _18574_/Q
 _18575_/Q
 _18576_/Q
 _18577_/Q
 _18578_/Q
 _18579_/Q
 _18580_/Q
 _18581_/Q
 _18582_/Q
 _18583_/Q
 _18584_/Q
 _18585_/Q
 _18586_/Q
 _18587_/Q
 _18588_/Q
 _18589_/Q
 _18590_/Q
 _18591_/Q
 _18592_/Q
 _18593_/Q
 _18594_/Q
 _18595_/Q
 _18596_/Q
 _18597_/Q
 _18598_/Q
 _18599_/Q
 _18600_/Q
 _18601_/Q
 _18602_/Q
 _18603_/Q
 _18604_/Q
 _18605_/Q
 _18606_/Q
 _18607_/Q
 _18608_/Q
 _18609_/Q
 _18610_/Q
 _18611_/Q
 _18612_/Q
 _18613_/Q
 _18614_/Q
 _18615_/Q
 _18616_/Q
 _18617_/Q
 _18618_/Q
 _18619_/Q
 _18620_/Q
 _18621_/Q
 _18622_/Q
 _18623_/Q
 _18624_/Q
 _18625_/Q
 _18626_/Q
 _18627_/Q
 _18628_/Q
 _18629_/Q
 _18630_/Q
 _18631_/Q
 _18632_/Q
 _18633_/Q
 _18634_/Q
 _18635_/Q
Found 0 partially unannotated drivers.

===========================================================================
max slew violation count 4044
max fanout violation count 112
max cap violation count 13
============================================================================

===========================================================================
check_setup -verbose -unconstrained_endpoints -multiple_clock -no_clock -no_input_delay -loops -generated_clocks
===========================================================================
