Net: fixed_pkg::s_narrow48$func$\/headless\/otolith\/hdl\/rtl\/fixed_pkg.sv:130$9.$unnamed_block$1.v\[19\]
  Pin:   wire178/A (sky130_fd_sc_hd__clkbuf_2)
    Layer: mcon
      Partial area ratio:    0.14
      Required ratio:    3.00 (Gate area) 
      Cumulative area ratio:    0.14
      Required ratio:    0.00 (Cumulative area) 

    Layer: met1
      Partial area ratio:  101.43
      Required ratio:    0.00 (Gate area) 
      Cumulative area ratio:  101.43
      Required ratio:    0.00 (Cumulative area) 
      Partial area ratio:  506.30
      Required ratio:  400.00 (Side area) (VIOLATED)
      Cumulative area ratio:  506.30
      Required ratio:    0.00 (Cumulative side area) 

    Layer: via
      Partial area ratio:    0.21
      Required ratio:    6.00 (Gate area) 
      Cumulative area ratio:    0.35
      Required ratio:    0.00 (Cumulative area) 

    Layer: met2
      Partial area ratio:    5.89
      Required ratio:    0.00 (Gate area) 
      Cumulative area ratio:  107.32
      Required ratio:    0.00 (Cumulative area) 
      Partial area ratio:   28.79
      Required ratio: 2896.80 (Side area) 
      Cumulative area ratio:  535.09
      Required ratio:    0.00 (Cumulative side area) 



Net: fixed_pkg::s_narrow48$func$\/headless\/otolith\/hdl\/rtl\/fixed_pkg.sv:130$9.$unnamed_block$1.v\[20\]
  Pin:   wire177/A (sky130_fd_sc_hd__clkbuf_2)
    Layer: mcon
      Partial area ratio:    0.14
      Required ratio:    3.00 (Gate area) 
      Cumulative area ratio:    0.14
      Required ratio:    0.00 (Cumulative area) 

    Layer: met1
      Partial area ratio:   96.37
      Required ratio:    0.00 (Gate area) 
      Cumulative area ratio:   96.37
      Required ratio:    0.00 (Cumulative area) 
      Partial area ratio:  481.00
      Required ratio:  400.00 (Side area) (VIOLATED)
      Cumulative area ratio:  481.00
      Required ratio:    0.00 (Cumulative side area) 

    Layer: via
      Partial area ratio:    0.21
      Required ratio:    6.00 (Gate area) 
      Cumulative area ratio:    0.35
      Required ratio:    0.00 (Cumulative area) 

    Layer: met2
      Partial area ratio:    5.89
      Required ratio:    0.00 (Gate area) 
      Cumulative area ratio:  102.26
      Required ratio:    0.00 (Cumulative area) 
      Partial area ratio:   28.79
      Required ratio: 2896.80 (Side area) 
      Cumulative area ratio:  509.78
      Required ratio:    0.00 (Cumulative side area) 



Net: fixed_pkg::s_narrow48$func$\/headless\/otolith\/hdl\/rtl\/fixed_pkg.sv:130$9.$unnamed_block$1.v\[21\]
  Pin:   wire176/A (sky130_fd_sc_hd__clkbuf_2)
    Layer: mcon
      Partial area ratio:    0.14
      Required ratio:    3.00 (Gate area) 
      Cumulative area ratio:    0.14
      Required ratio:    0.00 (Cumulative area) 

    Layer: met1
      Partial area ratio:   88.02
      Required ratio:    0.00 (Gate area) 
      Cumulative area ratio:   88.02
      Required ratio:    0.00 (Cumulative area) 
      Partial area ratio:  439.23
      Required ratio:  400.00 (Side area) (VIOLATED)
      Cumulative area ratio:  439.23
      Required ratio:    0.00 (Cumulative side area) 

    Layer: via
      Partial area ratio:    0.21
      Required ratio:    6.00 (Gate area) 
      Cumulative area ratio:    0.35
      Required ratio:    0.00 (Cumulative area) 

    Layer: met2
      Partial area ratio:    5.89
      Required ratio:    0.00 (Gate area) 
      Cumulative area ratio:   93.91
      Required ratio:    0.00 (Cumulative area) 
      Partial area ratio:   28.79
      Required ratio: 2896.80 (Side area) 
      Cumulative area ratio:  468.01
      Required ratio:    0.00 (Cumulative side area) 



Net: fixed_pkg::s_narrow48$func$\/headless\/otolith\/hdl\/rtl\/fixed_pkg.sv:130$9.$unnamed_block$1.v\[24\]
  Pin:   wire173/A (sky130_fd_sc_hd__clkbuf_2)
    Layer: mcon
      Partial area ratio:    0.14
      Required ratio:    3.00 (Gate area) 
      Cumulative area ratio:    0.14
      Required ratio:    0.00 (Cumulative area) 

    Layer: met1
      Partial area ratio:   91.84
      Required ratio:    0.00 (Gate area) 
      Cumulative area ratio:   91.84
      Required ratio:    0.00 (Cumulative area) 
      Partial area ratio:  458.32
      Required ratio:  400.00 (Side area) (VIOLATED)
      Cumulative area ratio:  458.32
      Required ratio:    0.00 (Cumulative side area) 

    Layer: via
      Partial area ratio:    0.21
      Required ratio:    6.00 (Gate area) 
      Cumulative area ratio:    0.35
      Required ratio:    0.00 (Cumulative area) 

    Layer: met2
      Partial area ratio:    5.89
      Required ratio:    0.00 (Gate area) 
      Cumulative area ratio:   97.73
      Required ratio:    0.00 (Cumulative area) 
      Partial area ratio:   28.79
      Required ratio: 2896.80 (Side area) 
      Cumulative area ratio:  487.11
      Required ratio:    0.00 (Cumulative side area) 



Net: fixed_pkg::s_narrow48$func$\/headless\/otolith\/hdl\/rtl\/fixed_pkg.sv:130$9.$unnamed_block$1.v\[25\]
  Pin:   wire172/A (sky130_fd_sc_hd__clkbuf_2)
    Layer: mcon
      Partial area ratio:    0.14
      Required ratio:    3.00 (Gate area) 
      Cumulative area ratio:    0.14
      Required ratio:    0.00 (Cumulative area) 

    Layer: met1
      Partial area ratio:   89.95
      Required ratio:    0.00 (Gate area) 
      Cumulative area ratio:   89.95
      Required ratio:    0.00 (Cumulative area) 
      Partial area ratio:  448.87
      Required ratio:  400.00 (Side area) (VIOLATED)
      Cumulative area ratio:  448.87
      Required ratio:    0.00 (Cumulative side area) 

    Layer: via
      Partial area ratio:    0.21
      Required ratio:    6.00 (Gate area) 
      Cumulative area ratio:    0.35
      Required ratio:    0.00 (Cumulative area) 

    Layer: met2
      Partial area ratio:    5.89
      Required ratio:    0.00 (Gate area) 
      Cumulative area ratio:   95.84
      Required ratio:    0.00 (Cumulative area) 
      Partial area ratio:   28.79
      Required ratio: 2896.80 (Side area) 
      Cumulative area ratio:  477.66
      Required ratio:    0.00 (Cumulative side area) 



Net: fixed_pkg::s_narrow48$func$\/headless\/otolith\/hdl\/rtl\/fixed_pkg.sv:130$9.$unnamed_block$1.v\[36\]
  Pin:   _18608_/D (sky130_fd_sc_hd__dfrtp_1)
    Layer: mcon
      Partial area ratio:    0.23
      Required ratio:    3.00 (Gate area) 
      Cumulative area ratio:    0.23
      Required ratio:    0.00 (Cumulative area) 

    Layer: met1
      Partial area ratio:    2.48
      Required ratio:    0.00 (Gate area) 
      Cumulative area ratio:    2.48
      Required ratio:    0.00 (Cumulative area) 
      Partial area ratio:   10.28
      Required ratio:  400.00 (Side area) 
      Cumulative area ratio:   10.28
      Required ratio:    0.00 (Cumulative side area) 

    Layer: via
      Partial area ratio:    0.36
      Required ratio:    6.00 (Gate area) 
      Cumulative area ratio:    0.59
      Required ratio:    0.00 (Cumulative area) 

    Layer: met2
      Partial area ratio:    1.48
      Required ratio:    0.00 (Gate area) 
      Cumulative area ratio:    3.96
      Required ratio:    0.00 (Cumulative area) 
      Partial area ratio:    6.83
      Required ratio:  400.00 (Side area) 
      Cumulative area ratio:   17.11
      Required ratio:    0.00 (Cumulative side area) 

    Layer: via2
      Partial area ratio:    0.32
      Required ratio:    6.00 (Gate area) 
      Cumulative area ratio:    0.90
      Required ratio:    0.00 (Cumulative area) 

    Layer: met3
      Partial area ratio:    0.99
      Required ratio:    0.00 (Gate area) 
      Cumulative area ratio:    4.95
      Required ratio:    0.00 (Cumulative area) 
      Partial area ratio:    9.02
      Required ratio:  400.00 (Side area) 
      Cumulative area ratio:   26.13
      Required ratio:    0.00 (Cumulative side area) 

    Layer: via3
      Partial area ratio:    0.32
      Required ratio:    6.00 (Gate area) 
      Cumulative area ratio:    1.22
      Required ratio:    0.00 (Cumulative area) 

    Layer: met4
      Partial area ratio:  740.23
      Required ratio:    0.00 (Gate area) 
      Cumulative area ratio:  745.18
      Required ratio:    0.00 (Cumulative area) 
      Partial area ratio: 3951.62
      Required ratio: 2969.60 (Side area) (VIOLATED)
      Cumulative area ratio: 3977.75
      Required ratio:    0.00 (Cumulative side area) 



Net: fixed_pkg::s_narrow48$func$\/headless\/otolith\/hdl\/rtl\/fixed_pkg.sv:130$9.$unnamed_block$1.v\[39\]
  Pin:   _18611_/D (sky130_fd_sc_hd__dfrtp_1)
    Layer: mcon
      Partial area ratio:    0.23
      Required ratio:    3.00 (Gate area) 
      Cumulative area ratio:    0.23
      Required ratio:    0.00 (Cumulative area) 

    Layer: met1
      Partial area ratio:    4.95
      Required ratio:    0.00 (Gate area) 
      Cumulative area ratio:    4.95
      Required ratio:    0.00 (Cumulative area) 
      Partial area ratio:   22.67
      Required ratio:  400.00 (Side area) 
      Cumulative area ratio:   22.67
      Required ratio:    0.00 (Cumulative side area) 

    Layer: via
      Partial area ratio:    0.36
      Required ratio:    6.00 (Gate area) 
      Cumulative area ratio:    0.59
      Required ratio:    0.00 (Cumulative area) 

    Layer: met2
      Partial area ratio:    1.48
      Required ratio:    0.00 (Gate area) 
      Cumulative area ratio:    6.44
      Required ratio:    0.00 (Cumulative area) 
      Partial area ratio:    6.83
      Required ratio:  400.00 (Side area) 
      Cumulative area ratio:   29.50
      Required ratio:    0.00 (Cumulative side area) 

    Layer: via2
      Partial area ratio:    0.32
      Required ratio:    6.00 (Gate area) 
      Cumulative area ratio:    0.90
      Required ratio:    0.00 (Cumulative area) 

    Layer: met3
      Partial area ratio:    0.99
      Required ratio:    0.00 (Gate area) 
      Cumulative area ratio:    7.43
      Required ratio:    0.00 (Cumulative area) 
      Partial area ratio:    9.02
      Required ratio:  400.00 (Side area) 
      Cumulative area ratio:   38.52
      Required ratio:    0.00 (Cumulative side area) 

    Layer: via3
      Partial area ratio:    0.32
      Required ratio:    6.00 (Gate area) 
      Cumulative area ratio:    1.22
      Required ratio:    0.00 (Cumulative area) 

    Layer: met4
      Partial area ratio:  723.80
      Required ratio:    0.00 (Gate area) 
      Cumulative area ratio:  731.23
      Required ratio:    0.00 (Cumulative area) 
      Partial area ratio: 3864.00
      Required ratio: 2886.20 (Side area) (VIOLATED)
      Cumulative area ratio: 3902.52
      Required ratio:    0.00 (Cumulative side area) 



Net: net165
  Pin:   _18613_/D (sky130_fd_sc_hd__dfrtp_1)
    Layer: mcon
      Partial area ratio:    0.23
      Required ratio:    3.00 (Gate area) 
      Cumulative area ratio:    0.23
      Required ratio:    0.00 (Cumulative area) 

    Layer: met1
      Partial area ratio:    1.76
      Required ratio:    0.00 (Gate area) 
      Cumulative area ratio:    1.76
      Required ratio:    0.00 (Cumulative area) 
      Partial area ratio:    7.39
      Required ratio:  400.00 (Side area) 
      Cumulative area ratio:    7.39
      Required ratio:    0.00 (Cumulative side area) 

    Layer: via
      Partial area ratio:    0.36
      Required ratio:    6.00 (Gate area) 
      Cumulative area ratio:    0.59
      Required ratio:    0.00 (Cumulative area) 

    Layer: met2
      Partial area ratio:    1.48
      Required ratio:    0.00 (Gate area) 
      Cumulative area ratio:    3.24
      Required ratio:    0.00 (Cumulative area) 
      Partial area ratio:    6.83
      Required ratio:  400.00 (Side area) 
      Cumulative area ratio:   14.22
      Required ratio:    0.00 (Cumulative side area) 

    Layer: via2
      Partial area ratio:    0.32
      Required ratio:    6.00 (Gate area) 
      Cumulative area ratio:    0.90
      Required ratio:    0.00 (Cumulative area) 

    Layer: met3
      Partial area ratio:  543.09
      Required ratio:    0.00 (Gate area) 
      Cumulative area ratio:  546.33
      Required ratio:    0.00 (Cumulative area) 
      Partial area ratio: 2900.19
      Required ratio: 2778.20 (Side area) (VIOLATED)
      Cumulative area ratio: 2914.41
      Required ratio:    0.00 (Cumulative side area) 



Net: net168
  Pin:   _18603_/D (sky130_fd_sc_hd__dfrtp_1)
    Layer: mcon
      Partial area ratio:    0.23
      Required ratio:    3.00 (Gate area) 
      Cumulative area ratio:    0.23
      Required ratio:    0.00 (Cumulative area) 

    Layer: met1
      Partial area ratio:  304.49
      Required ratio:    0.00 (Gate area) 
      Cumulative area ratio:  304.49
      Required ratio:    0.00 (Cumulative area) 
      Partial area ratio: 1520.97
      Required ratio:  400.00 (Side area) (VIOLATED)
      Cumulative area ratio: 1520.97
      Required ratio:    0.00 (Cumulative side area) 

    Layer: via
      Partial area ratio:    0.36
      Required ratio:    6.00 (Gate area) 
      Cumulative area ratio:    0.59
      Required ratio:    0.00 (Cumulative area) 

    Layer: met2
      Partial area ratio:    9.95
      Required ratio:    0.00 (Gate area) 
      Cumulative area ratio:  314.44
      Required ratio:    0.00 (Cumulative area) 
      Partial area ratio:   48.67
      Required ratio: 2778.20 (Side area) 
      Cumulative area ratio: 1569.64
      Required ratio:    0.00 (Cumulative side area) 



Net: net171
  Pin:   _18598_/D (sky130_fd_sc_hd__dfrtp_1)
    Layer: mcon
      Partial area ratio:    0.23
      Required ratio:    3.00 (Gate area) 
      Cumulative area ratio:    0.23
      Required ratio:    0.00 (Cumulative area) 

    Layer: met1
      Partial area ratio:    5.16
      Required ratio:    0.00 (Gate area) 
      Cumulative area ratio:    5.16
      Required ratio:    0.00 (Cumulative area) 
      Partial area ratio:   24.33
      Required ratio:  400.00 (Side area) 
      Cumulative area ratio:   24.33
      Required ratio:    0.00 (Cumulative side area) 

    Layer: via
      Partial area ratio:    0.36
      Required ratio:    6.00 (Gate area) 
      Cumulative area ratio:    0.59
      Required ratio:    0.00 (Cumulative area) 

    Layer: met2
      Partial area ratio:    1.48
      Required ratio:    0.00 (Gate area) 
      Cumulative area ratio:    6.64
      Required ratio:    0.00 (Cumulative area) 
      Partial area ratio:    6.83
      Required ratio:  400.00 (Side area) 
      Cumulative area ratio:   31.17
      Required ratio:    0.00 (Cumulative side area) 

    Layer: via2
      Partial area ratio:    0.32
      Required ratio:    6.00 (Gate area) 
      Cumulative area ratio:    0.90
      Required ratio:    0.00 (Cumulative area) 

    Layer: met3
      Partial area ratio:  789.51
      Required ratio:    0.00 (Gate area) 
      Cumulative area ratio:  796.16
      Required ratio:    0.00 (Cumulative area) 
      Partial area ratio: 4214.48
      Required ratio: 2778.20 (Side area) (VIOLATED)
      Cumulative area ratio: 4245.64
      Required ratio:    0.00 (Cumulative side area) 



Net: net172
  Pin:   _18597_/D (sky130_fd_sc_hd__dfrtp_1)
    Layer: mcon
      Partial area ratio:    0.23
      Required ratio:    3.00 (Gate area) 
      Cumulative area ratio:    0.23
      Required ratio:    0.00 (Cumulative area) 

    Layer: met1
      Partial area ratio:  205.18
      Required ratio:    0.00 (Gate area) 
      Cumulative area ratio:  205.18
      Required ratio:    0.00 (Cumulative area) 
      Partial area ratio: 1024.44
      Required ratio:  400.00 (Side area) (VIOLATED)
      Cumulative area ratio: 1024.44
      Required ratio:    0.00 (Cumulative side area) 

    Layer: via
      Partial area ratio:    0.36
      Required ratio:    6.00 (Gate area) 
      Cumulative area ratio:    0.59
      Required ratio:    0.00 (Cumulative area) 

    Layer: met2
      Partial area ratio:    9.95
      Required ratio:    0.00 (Gate area) 
      Cumulative area ratio:  215.14
      Required ratio:    0.00 (Cumulative area) 
      Partial area ratio:   48.67
      Required ratio: 2753.36 (Side area) 
      Cumulative area ratio: 1073.11
      Required ratio:    0.00 (Cumulative side area) 



Net: net173
  Pin:   _18596_/D (sky130_fd_sc_hd__dfrtp_1)
    Layer: mcon
      Partial area ratio:    0.23
      Required ratio:    3.00 (Gate area) 
      Cumulative area ratio:    0.23
      Required ratio:    0.00 (Cumulative area) 

    Layer: met1
      Partial area ratio:  207.09
      Required ratio:    0.00 (Gate area) 
      Cumulative area ratio:  207.09
      Required ratio:    0.00 (Cumulative area) 
      Partial area ratio: 1034.00
      Required ratio:  400.00 (Side area) (VIOLATED)
      Cumulative area ratio: 1034.00
      Required ratio:    0.00 (Cumulative side area) 

    Layer: via
      Partial area ratio:    0.36
      Required ratio:    6.00 (Gate area) 
      Cumulative area ratio:    0.59
      Required ratio:    0.00 (Cumulative area) 

    Layer: met2
      Partial area ratio:    9.95
      Required ratio:    0.00 (Gate area) 
      Cumulative area ratio:  217.05
      Required ratio:    0.00 (Cumulative area) 
      Partial area ratio:   48.67
      Required ratio: 2753.36 (Side area) 
      Cumulative area ratio: 1082.67
      Required ratio:    0.00 (Cumulative side area) 



Net: net177
  Pin:   _18592_/D (sky130_fd_sc_hd__dfrtp_1)
    Layer: mcon
      Partial area ratio:    0.23
      Required ratio:    3.00 (Gate area) 
      Cumulative area ratio:    0.23
      Required ratio:    0.00 (Cumulative area) 

    Layer: met1
      Partial area ratio:  212.58
      Required ratio:    0.00 (Gate area) 
      Cumulative area ratio:  212.58
      Required ratio:    0.00 (Cumulative area) 
      Partial area ratio: 1061.42
      Required ratio:  400.00 (Side area) (VIOLATED)
      Cumulative area ratio: 1061.42
      Required ratio:    0.00 (Cumulative side area) 

    Layer: via
      Partial area ratio:    0.36
      Required ratio:    6.00 (Gate area) 
      Cumulative area ratio:    0.59
      Required ratio:    0.00 (Cumulative area) 

    Layer: met2
      Partial area ratio:    9.95
      Required ratio:    0.00 (Gate area) 
      Cumulative area ratio:  222.53
      Required ratio:    0.00 (Cumulative area) 
      Partial area ratio:   48.67
      Required ratio: 2753.36 (Side area) 
      Cumulative area ratio: 1110.08
      Required ratio:    0.00 (Cumulative side area) 



Net: net179
  Pin:   _18589_/D (sky130_fd_sc_hd__dfrtp_1)
    Layer: mcon
      Partial area ratio:    0.23
      Required ratio:    3.00 (Gate area) 
      Cumulative area ratio:    0.23
      Required ratio:    0.00 (Cumulative area) 

    Layer: met1
      Partial area ratio:    5.42
      Required ratio:    0.00 (Gate area) 
      Cumulative area ratio:    5.42
      Required ratio:    0.00 (Cumulative area) 
      Partial area ratio:   25.61
      Required ratio:  400.00 (Side area) 
      Cumulative area ratio:   25.61
      Required ratio:    0.00 (Cumulative side area) 

    Layer: via
      Partial area ratio:    0.36
      Required ratio:    6.00 (Gate area) 
      Cumulative area ratio:    0.59
      Required ratio:    0.00 (Cumulative area) 

    Layer: met2
      Partial area ratio:    1.48
      Required ratio:    0.00 (Gate area) 
      Cumulative area ratio:    6.90
      Required ratio:    0.00 (Cumulative area) 
      Partial area ratio:    6.83
      Required ratio:  400.00 (Side area) 
      Cumulative area ratio:   32.44
      Required ratio:    0.00 (Cumulative side area) 

    Layer: via2
      Partial area ratio:    0.32
      Required ratio:    6.00 (Gate area) 
      Cumulative area ratio:    0.90
      Required ratio:    0.00 (Cumulative area) 

    Layer: met3
      Partial area ratio:  805.94
      Required ratio:    0.00 (Gate area) 
      Cumulative area ratio:  812.84
      Required ratio:    0.00 (Cumulative area) 
      Partial area ratio: 4302.10
      Required ratio: 2778.20 (Side area) (VIOLATED)
      Cumulative area ratio: 4334.54
      Required ratio:    0.00 (Cumulative side area) 



Net: net216
  Pin:   _18452_/A1 (sky130_fd_sc_hd__o21ai_0)
    Layer: mcon
      Partial area ratio:    0.18
      Required ratio:    3.00 (Gate area) 
      Cumulative area ratio:    0.18
      Required ratio:    0.00 (Cumulative area) 

    Layer: met1
      Partial area ratio:    3.64
      Required ratio:    0.00 (Gate area) 
      Cumulative area ratio:    3.64
      Required ratio:    0.00 (Cumulative area) 
      Partial area ratio:   17.04
      Required ratio:  400.00 (Side area) 
      Cumulative area ratio:   17.04
      Required ratio:    0.00 (Cumulative side area) 

    Layer: via
      Partial area ratio:    0.28
      Required ratio:    6.00 (Gate area) 
      Cumulative area ratio:    0.46
      Required ratio:    0.00 (Cumulative area) 

    Layer: met2
      Partial area ratio:    1.17
      Required ratio:    0.00 (Gate area) 
      Cumulative area ratio:    4.82
      Required ratio:    0.00 (Cumulative area) 
      Partial area ratio:    5.42
      Required ratio:  400.00 (Side area) 
      Cumulative area ratio:   22.45
      Required ratio:    0.00 (Cumulative side area) 

    Layer: via2
      Partial area ratio:    0.25
      Required ratio:    6.00 (Gate area) 
      Cumulative area ratio:    0.72
      Required ratio:    0.00 (Cumulative area) 

    Layer: met3
      Partial area ratio:    0.79
      Required ratio:    0.00 (Gate area) 
      Cumulative area ratio:    5.60
      Required ratio:    0.00 (Cumulative area) 
      Partial area ratio:    7.14
      Required ratio:  400.00 (Side area) 
      Cumulative area ratio:   29.60
      Required ratio:    0.00 (Cumulative side area) 

    Layer: via3
      Partial area ratio:    0.25
      Required ratio:    6.00 (Gate area) 
      Cumulative area ratio:    0.97
      Required ratio:    0.00 (Cumulative area) 

    Layer: met4
      Partial area ratio:  573.58
      Required ratio:    0.00 (Gate area) 
      Cumulative area ratio:  579.18
      Required ratio:    0.00 (Cumulative area) 
      Partial area ratio: 3062.04
      Required ratio: 2778.20 (Side area) (VIOLATED)
      Cumulative area ratio: 3091.64
      Required ratio:    0.00 (Cumulative side area) 



Net: net445
  Pin:   _09479_/A_N (sky130_fd_sc_hd__nand2b_1)
    Layer: mcon
      Partial area ratio:    0.23
      Required ratio:    3.00 (Gate area) 
      Cumulative area ratio:    0.23
      Required ratio:    0.00 (Cumulative area) 

    Layer: met1
      Partial area ratio:  145.81
      Required ratio:    0.00 (Gate area) 
      Cumulative area ratio:  145.81
      Required ratio:    0.00 (Cumulative area) 
      Partial area ratio:  727.58
      Required ratio:  400.00 (Side area) (VIOLATED)
      Cumulative area ratio:  727.58
      Required ratio:    0.00 (Cumulative side area) 

    Layer: via
      Partial area ratio:    0.36
      Required ratio:    6.00 (Gate area) 
      Cumulative area ratio:    0.59
      Required ratio:    0.00 (Cumulative area) 

    Layer: met2
      Partial area ratio:   22.36
      Required ratio:    0.00 (Gate area) 
      Cumulative area ratio:  168.17
      Required ratio:    0.00 (Cumulative area) 
      Partial area ratio:  111.33
      Required ratio: 2956.40 (Side area) 
      Cumulative area ratio:  838.91
      Required ratio:    0.00 (Cumulative side area) 


  Pin:   _09531_/B (sky130_fd_sc_hd__nand2_1)
    Layer: mcon
      Partial area ratio:    0.12
      Required ratio:    3.00 (Gate area) 
      Cumulative area ratio:    0.12
      Required ratio:    0.00 (Cumulative area) 

    Layer: met1
      Partial area ratio:    2.29
      Required ratio:    0.00 (Gate area) 
      Cumulative area ratio:    2.29
      Required ratio:    0.00 (Cumulative area) 
      Partial area ratio:   10.71
      Required ratio:  400.00 (Side area) 
      Cumulative area ratio:   10.71
      Required ratio:    0.00 (Cumulative side area) 

    Layer: via
      Partial area ratio:    0.18
      Required ratio:    6.00 (Gate area) 
      Cumulative area ratio:    0.30
      Required ratio:    0.00 (Cumulative area) 

    Layer: met2
      Partial area ratio:   22.36
      Required ratio:    0.00 (Gate area) 
      Cumulative area ratio:   24.65
      Required ratio:    0.00 (Cumulative area) 
      Partial area ratio:  111.33
      Required ratio: 2956.40 (Side area) 
      Cumulative area ratio:  122.04
      Required ratio:    0.00 (Cumulative side area) 


  Pin:   _16442_/B (sky130_fd_sc_hd__and2_0)
    Layer: mcon
      Partial area ratio:    0.23
      Required ratio:    3.00 (Gate area) 
      Cumulative area ratio:    0.23
      Required ratio:    0.00 (Cumulative area) 

    Layer: met1
      Partial area ratio:   28.73
      Required ratio:    0.00 (Gate area) 
      Cumulative area ratio:   28.73
      Required ratio:    0.00 (Cumulative area) 
      Partial area ratio:  140.77
      Required ratio: 2956.40 (Side area) 
      Cumulative area ratio:  140.77
      Required ratio:    0.00 (Cumulative side area) 

    Layer: via
      Partial area ratio:    0.54
      Required ratio:   38.08 (Gate area) 
      Cumulative area ratio:    0.77
      Required ratio:    0.00 (Cumulative area) 

    Layer: met2
      Partial area ratio:   22.36
      Required ratio:    0.00 (Gate area) 
      Cumulative area ratio:   51.08
      Required ratio:    0.00 (Cumulative area) 
      Partial area ratio:  111.33
      Required ratio: 2956.40 (Side area) 
      Cumulative area ratio:  252.09
      Required ratio:    0.00 (Cumulative side area) 


  Pin:   _16735_/A (sky130_fd_sc_hd__and2_0)
    Layer: mcon
      Partial area ratio:    0.23
      Required ratio:    3.00 (Gate area) 
      Cumulative area ratio:    0.23
      Required ratio:    0.00 (Cumulative area) 

    Layer: met1
      Partial area ratio:    2.27
      Required ratio:    0.00 (Gate area) 
      Cumulative area ratio:    2.27
      Required ratio:    0.00 (Cumulative area) 
      Partial area ratio:    9.90
      Required ratio:  400.00 (Side area) 
      Cumulative area ratio:    9.90
      Required ratio:    0.00 (Cumulative side area) 

    Layer: via
      Partial area ratio:    0.36
      Required ratio:    6.00 (Gate area) 
      Cumulative area ratio:    0.59
      Required ratio:    0.00 (Cumulative area) 

    Layer: met2
      Partial area ratio:   22.36
      Required ratio:    0.00 (Gate area) 
      Cumulative area ratio:   24.63
      Required ratio:    0.00 (Cumulative area) 
      Partial area ratio:  111.33
      Required ratio: 2956.40 (Side area) 
      Cumulative area ratio:  121.23
      Required ratio:    0.00 (Cumulative side area) 


  Pin:   _17199_/A (sky130_fd_sc_hd__nand2_1)
    Layer: mcon
      Partial area ratio:    0.12
      Required ratio:    3.00 (Gate area) 
      Cumulative area ratio:    0.12
      Required ratio:    0.00 (Cumulative area) 

    Layer: met1
      Partial area ratio:    9.57
      Required ratio:    0.00 (Gate area) 
      Cumulative area ratio:    9.57
      Required ratio:    0.00 (Cumulative area) 
      Partial area ratio:   46.88
      Required ratio:  400.00 (Side area) 
      Cumulative area ratio:   46.88
      Required ratio:    0.00 (Cumulative side area) 

    Layer: via
      Partial area ratio:    0.18
      Required ratio:    6.00 (Gate area) 
      Cumulative area ratio:    0.30
      Required ratio:    0.00 (Cumulative area) 

    Layer: met2
      Partial area ratio:   22.36
      Required ratio:    0.00 (Gate area) 
      Cumulative area ratio:   31.92
      Required ratio:    0.00 (Cumulative area) 
      Partial area ratio:  111.33
      Required ratio: 2956.40 (Side area) 
      Cumulative area ratio:  158.20
      Required ratio:    0.00 (Cumulative side area) 


  Pin:   _17200_/A (sky130_fd_sc_hd__nand2_1)
    Layer: mcon
      Partial area ratio:    0.12
      Required ratio:    3.00 (Gate area) 
      Cumulative area ratio:    0.12
      Required ratio:    0.00 (Cumulative area) 

    Layer: met1
      Partial area ratio:    9.57
      Required ratio:    0.00 (Gate area) 
      Cumulative area ratio:    9.57
      Required ratio:    0.00 (Cumulative area) 
      Partial area ratio:   46.88
      Required ratio:  400.00 (Side area) 
      Cumulative area ratio:   46.88
      Required ratio:    0.00 (Cumulative side area) 

    Layer: via
      Partial area ratio:    0.18
      Required ratio:    6.00 (Gate area) 
      Cumulative area ratio:    0.30
      Required ratio:    0.00 (Cumulative area) 

    Layer: met2
      Partial area ratio:   22.36
      Required ratio:    0.00 (Gate area) 
      Cumulative area ratio:   31.92
      Required ratio:    0.00 (Cumulative area) 
      Partial area ratio:  111.33
      Required ratio: 2956.40 (Side area) 
      Cumulative area ratio:  158.20
      Required ratio:    0.00 (Cumulative side area) 



Net: net515
  Pin:   _16059_/B (sky130_fd_sc_hd__nand2_1)
    Layer: mcon
      Partial area ratio:    0.12
      Required ratio:    3.00 (Gate area) 
      Cumulative area ratio:    0.12
      Required ratio:    0.00 (Cumulative area) 

    Layer: met1
      Partial area ratio:    7.13
      Required ratio:    0.00 (Gate area) 
      Cumulative area ratio:    7.13
      Required ratio:    0.00 (Cumulative area) 
      Partial area ratio:   34.92
      Required ratio:  400.00 (Side area) 
      Cumulative area ratio:   34.92
      Required ratio:    0.00 (Cumulative side area) 

    Layer: via
      Partial area ratio:    0.18
      Required ratio:    6.00 (Gate area) 
      Cumulative area ratio:    0.30
      Required ratio:    0.00 (Cumulative area) 

    Layer: met2
      Partial area ratio:   16.51
      Required ratio:    0.00 (Gate area) 
      Cumulative area ratio:   23.64
      Required ratio:    0.00 (Cumulative area) 
      Partial area ratio:   81.81
      Required ratio:  400.00 (Side area) 
      Cumulative area ratio:  116.73
      Required ratio:    0.00 (Cumulative side area) 

    Layer: via2
      Partial area ratio:    0.16
      Required ratio:    6.00 (Gate area) 
      Cumulative area ratio:    0.46
      Required ratio:    0.00 (Cumulative area) 

    Layer: met3
      Partial area ratio:  100.86
      Required ratio:    0.00 (Gate area) 
      Cumulative area ratio:  124.51
      Required ratio:    0.00 (Cumulative area) 
      Partial area ratio:  539.83
      Required ratio:  400.00 (Side area) (VIOLATED)
      Cumulative area ratio:  656.56
      Required ratio:    0.00 (Cumulative side area) 

    Layer: via3
      Partial area ratio:    0.16
      Required ratio:    6.00 (Gate area) 
      Cumulative area ratio:    0.62
      Required ratio:    0.00 (Cumulative area) 

    Layer: met4
      Partial area ratio:   45.21
      Required ratio:    0.00 (Gate area) 
      Cumulative area ratio:  169.72
      Required ratio:    0.00 (Cumulative area) 
      Partial area ratio:  242.14
      Required ratio: 2956.40 (Side area) 
      Cumulative area ratio:  898.70
      Required ratio:    0.00 (Cumulative side area) 


  Pin:   fanout512/A (sky130_fd_sc_hd__clkdlybuf4s50_1)
    Layer: mcon
      Partial area ratio:    0.14
      Required ratio:    3.00 (Gate area) 
      Cumulative area ratio:    0.14
      Required ratio:    0.00 (Cumulative area) 

    Layer: met1
      Partial area ratio:    2.78
      Required ratio:    0.00 (Gate area) 
      Cumulative area ratio:    2.78
      Required ratio:    0.00 (Cumulative area) 
      Partial area ratio:   13.02
      Required ratio:  400.00 (Side area) 
      Cumulative area ratio:   13.02
      Required ratio:    0.00 (Cumulative side area) 

    Layer: via
      Partial area ratio:    0.21
      Required ratio:    6.00 (Gate area) 
      Cumulative area ratio:    0.35
      Required ratio:    0.00 (Cumulative area) 

    Layer: met2
      Partial area ratio:   23.72
      Required ratio:    0.00 (Gate area) 
      Cumulative area ratio:   26.50
      Required ratio:    0.00 (Cumulative area) 
      Partial area ratio:  117.73
      Required ratio:  400.00 (Side area) 
      Cumulative area ratio:  130.76
      Required ratio:    0.00 (Cumulative side area) 

    Layer: via2
      Partial area ratio:    0.19
      Required ratio:    6.00 (Gate area) 
      Cumulative area ratio:    0.53
      Required ratio:    0.00 (Cumulative area) 

    Layer: met3
      Partial area ratio:  165.81
      Required ratio:    0.00 (Gate area) 
      Cumulative area ratio:  192.30
      Required ratio:    0.00 (Cumulative area) 
      Partial area ratio:  886.50
      Required ratio: 2956.40 (Side area) 
      Cumulative area ratio: 1017.26
      Required ratio:    0.00 (Cumulative side area) 

    Layer: via3
      Partial area ratio:    0.19
      Required ratio:   38.08 (Gate area) 
      Cumulative area ratio:    0.72
      Required ratio:    0.00 (Cumulative area) 

    Layer: met4
      Partial area ratio:   45.21
      Required ratio:    0.00 (Gate area) 
      Cumulative area ratio:  237.51
      Required ratio:    0.00 (Cumulative area) 
      Partial area ratio:  242.14
      Required ratio: 2956.40 (Side area) 
      Cumulative area ratio: 1259.39
      Required ratio:    0.00 (Cumulative side area) 



Net: net540
  Pin:   _15566_/B (sky130_fd_sc_hd__nand2_1)
    Layer: mcon
      Partial area ratio:    0.12
      Required ratio:    3.00 (Gate area) 
      Cumulative area ratio:    0.12
      Required ratio:    0.00 (Cumulative area) 

    Layer: met1
      Partial area ratio:    2.30
      Required ratio:    0.00 (Gate area) 
      Cumulative area ratio:    2.30
      Required ratio:    0.00 (Cumulative area) 
      Partial area ratio:   10.77
      Required ratio:  400.00 (Side area) 
      Cumulative area ratio:   10.77
      Required ratio:    0.00 (Cumulative side area) 

    Layer: via
      Partial area ratio:    0.18
      Required ratio:    6.00 (Gate area) 
      Cumulative area ratio:    0.30
      Required ratio:    0.00 (Cumulative area) 

    Layer: met2
      Partial area ratio:   17.15
      Required ratio:    0.00 (Gate area) 
      Cumulative area ratio:   19.46
      Required ratio:    0.00 (Cumulative area) 
      Partial area ratio:   85.26
      Required ratio: 2956.40 (Side area) 
      Cumulative area ratio:   96.03
      Required ratio:    0.00 (Cumulative side area) 


  Pin:   _15568_/B (sky130_fd_sc_hd__nand2_1)
    Layer: mcon
      Partial area ratio:    0.12
      Required ratio:    3.00 (Gate area) 
      Cumulative area ratio:    0.12
      Required ratio:    0.00 (Cumulative area) 

    Layer: met1
      Partial area ratio:  115.76
      Required ratio:    0.00 (Gate area) 
      Cumulative area ratio:  115.76
      Required ratio:    0.00 (Cumulative area) 
      Partial area ratio:  577.18
      Required ratio:  400.00 (Side area) (VIOLATED)
      Cumulative area ratio:  577.18
      Required ratio:    0.00 (Cumulative side area) 

    Layer: via
      Partial area ratio:    0.36
      Required ratio:    6.00 (Gate area) 
      Cumulative area ratio:    0.48
      Required ratio:    0.00 (Cumulative area) 

    Layer: met2
      Partial area ratio:   17.15
      Required ratio:    0.00 (Gate area) 
      Cumulative area ratio:  132.91
      Required ratio:    0.00 (Cumulative area) 
      Partial area ratio:   85.26
      Required ratio: 2956.40 (Side area) 
      Cumulative area ratio:  662.44
      Required ratio:    0.00 (Cumulative side area) 


  Pin:   _15574_/B (sky130_fd_sc_hd__nand2_1)
    Layer: mcon
      Partial area ratio:    0.12
      Required ratio:    3.00 (Gate area) 
      Cumulative area ratio:    0.12
      Required ratio:    0.00 (Cumulative area) 

    Layer: met1
      Partial area ratio:    3.15
      Required ratio:    0.00 (Gate area) 
      Cumulative area ratio:    3.15
      Required ratio:    0.00 (Cumulative area) 
      Partial area ratio:   15.01
      Required ratio:  400.00 (Side area) 
      Cumulative area ratio:   15.01
      Required ratio:    0.00 (Cumulative side area) 

    Layer: via
      Partial area ratio:    0.18
      Required ratio:    6.00 (Gate area) 
      Cumulative area ratio:    0.30
      Required ratio:    0.00 (Cumulative area) 

    Layer: met2
      Partial area ratio:   17.15
      Required ratio:    0.00 (Gate area) 
      Cumulative area ratio:   20.30
      Required ratio:    0.00 (Cumulative area) 
      Partial area ratio:   85.26
      Required ratio: 2956.40 (Side area) 
      Cumulative area ratio:  100.27
      Required ratio:    0.00 (Cumulative side area) 


  Pin:   _15872_/B (sky130_fd_sc_hd__nand2_1)
    Layer: mcon
      Partial area ratio:    0.12
      Required ratio:    3.00 (Gate area) 
      Cumulative area ratio:    0.12
      Required ratio:    0.00 (Cumulative area) 

    Layer: met1
      Partial area ratio:    7.47
      Required ratio:    0.00 (Gate area) 
      Cumulative area ratio:    7.47
      Required ratio:    0.00 (Cumulative area) 
      Partial area ratio:   36.62
      Required ratio:  400.00 (Side area) 
      Cumulative area ratio:   36.62
      Required ratio:    0.00 (Cumulative side area) 

    Layer: via
      Partial area ratio:    0.18
      Required ratio:    6.00 (Gate area) 
      Cumulative area ratio:    0.30
      Required ratio:    0.00 (Cumulative area) 

    Layer: met2
      Partial area ratio:   17.15
      Required ratio:    0.00 (Gate area) 
      Cumulative area ratio:   24.63
      Required ratio:    0.00 (Cumulative area) 
      Partial area ratio:   85.26
      Required ratio: 2956.40 (Side area) 
      Cumulative area ratio:  121.87
      Required ratio:    0.00 (Cumulative side area) 


  Pin:   _15902_/B (sky130_fd_sc_hd__nand2_1)
    Layer: mcon
      Partial area ratio:    0.12
      Required ratio:    3.00 (Gate area) 
      Cumulative area ratio:    0.12
      Required ratio:    0.00 (Cumulative area) 

    Layer: met1
      Partial area ratio:    2.68
      Required ratio:    0.00 (Gate area) 
      Cumulative area ratio:    2.68
      Required ratio:    0.00 (Cumulative area) 
      Partial area ratio:   12.63
      Required ratio:  400.00 (Side area) 
      Cumulative area ratio:   12.63
      Required ratio:    0.00 (Cumulative side area) 

    Layer: via
      Partial area ratio:    0.18
      Required ratio:    6.00 (Gate area) 
      Cumulative area ratio:    0.30
      Required ratio:    0.00 (Cumulative area) 

    Layer: met2
      Partial area ratio:   17.15
      Required ratio:    0.00 (Gate area) 
      Cumulative area ratio:   19.83
      Required ratio:    0.00 (Cumulative area) 
      Partial area ratio:   85.26
      Required ratio: 2956.40 (Side area) 
      Cumulative area ratio:   97.89
      Required ratio:    0.00 (Cumulative side area) 



Net: net582
  Pin:   _09963_/B (sky130_fd_sc_hd__nand2_1)
    Layer: mcon
      Partial area ratio:    0.12
      Required ratio:    3.00 (Gate area) 
      Cumulative area ratio:    0.12
      Required ratio:    0.00 (Cumulative area) 

    Layer: met1
      Partial area ratio:   81.41
      Required ratio:    0.00 (Gate area) 
      Cumulative area ratio:   81.41
      Required ratio:    0.00 (Cumulative area) 
      Partial area ratio:  406.28
      Required ratio:  400.00 (Side area) (VIOLATED)
      Cumulative area ratio:  406.28
      Required ratio:    0.00 (Cumulative side area) 

    Layer: via
      Partial area ratio:    0.18
      Required ratio:    6.00 (Gate area) 
      Cumulative area ratio:    0.30
      Required ratio:    0.00 (Cumulative area) 

    Layer: met2
      Partial area ratio:   27.98
      Required ratio:    0.00 (Gate area) 
      Cumulative area ratio:  109.39
      Required ratio:    0.00 (Cumulative area) 
      Partial area ratio:  139.55
      Required ratio: 2918.08 (Side area) 
      Cumulative area ratio:  545.82
      Required ratio:    0.00 (Cumulative side area) 


  Pin:   fanout578/A (sky130_fd_sc_hd__clkdlybuf4s50_1)
    Layer: mcon
      Partial area ratio:    0.14
      Required ratio:    3.00 (Gate area) 
      Cumulative area ratio:    0.14
      Required ratio:    0.00 (Cumulative area) 

    Layer: met1
      Partial area ratio:    2.35
      Required ratio:    0.00 (Gate area) 
      Cumulative area ratio:    2.35
      Required ratio:    0.00 (Cumulative area) 
      Partial area ratio:   10.98
      Required ratio: 2918.08 (Side area) 
      Cumulative area ratio:   10.98
      Required ratio:    0.00 (Cumulative side area) 

    Layer: via
      Partial area ratio:    0.15
      Required ratio:   34.63 (Gate area) 
      Cumulative area ratio:    0.28
      Required ratio:    0.00 (Cumulative area) 

    Layer: met2
      Partial area ratio:   27.98
      Required ratio:    0.00 (Gate area) 
      Cumulative area ratio:   30.34
      Required ratio:    0.00 (Cumulative area) 
      Partial area ratio:  139.55
      Required ratio: 2918.08 (Side area) 
      Cumulative area ratio:  150.52
      Required ratio:    0.00 (Cumulative side area) 


  Pin:   load_slew583/A (sky130_fd_sc_hd__buf_4)
    Layer: mcon
      Partial area ratio:    0.12
      Required ratio:    3.00 (Gate area) 
      Cumulative area ratio:    0.12
      Required ratio:    0.00 (Cumulative area) 

    Layer: met1
      Partial area ratio:    2.35
      Required ratio:    0.00 (Gate area) 
      Cumulative area ratio:    2.35
      Required ratio:    0.00 (Cumulative area) 
      Partial area ratio:   10.98
      Required ratio: 2918.08 (Side area) 
      Cumulative area ratio:   10.98
      Required ratio:    0.00 (Cumulative side area) 

    Layer: via
      Partial area ratio:    0.15
      Required ratio:   34.63 (Gate area) 
      Cumulative area ratio:    0.26
      Required ratio:    0.00 (Cumulative area) 

    Layer: met2
      Partial area ratio:   27.98
      Required ratio:    0.00 (Gate area) 
      Cumulative area ratio:   30.34
      Required ratio:    0.00 (Cumulative area) 
      Partial area ratio:  139.55
      Required ratio: 2918.08 (Side area) 
      Cumulative area ratio:  150.52
      Required ratio:    0.00 (Cumulative side area) 



Net: net617
  Pin:   _10979_/B (sky130_fd_sc_hd__nand2_1)
    Layer: mcon
      Partial area ratio:    0.12
      Required ratio:    3.00 (Gate area) 
      Cumulative area ratio:    0.12
      Required ratio:    0.00 (Cumulative area) 

    Layer: met1
      Partial area ratio:    2.93
      Required ratio:    0.00 (Gate area) 
      Cumulative area ratio:    2.93
      Required ratio:    0.00 (Cumulative area) 
      Partial area ratio:   13.92
      Required ratio:  400.00 (Side area) 
      Cumulative area ratio:   13.92
      Required ratio:    0.00 (Cumulative side area) 

    Layer: via
      Partial area ratio:    0.18
      Required ratio:    6.00 (Gate area) 
      Cumulative area ratio:    0.30
      Required ratio:    0.00 (Cumulative area) 

    Layer: met2
      Partial area ratio:    7.16
      Required ratio:    0.00 (Gate area) 
      Cumulative area ratio:   10.09
      Required ratio:    0.00 (Cumulative area) 
      Partial area ratio:   35.32
      Required ratio: 2778.20 (Side area) 
      Cumulative area ratio:   49.24
      Required ratio:    0.00 (Cumulative side area) 


  Pin:   _12738_/B (sky130_fd_sc_hd__nand2_1)
    Layer: mcon
      Partial area ratio:    0.12
      Required ratio:    3.00 (Gate area) 
      Cumulative area ratio:    0.12
      Required ratio:    0.00 (Cumulative area) 

    Layer: met1
      Partial area ratio:    1.84
      Required ratio:    0.00 (Gate area) 
      Cumulative area ratio:    1.84
      Required ratio:    0.00 (Cumulative area) 
      Partial area ratio:    8.65
      Required ratio:  400.00 (Side area) 
      Cumulative area ratio:    8.65
      Required ratio:    0.00 (Cumulative side area) 

    Layer: via
      Partial area ratio:    0.18
      Required ratio:    6.00 (Gate area) 
      Cumulative area ratio:    0.30
      Required ratio:    0.00 (Cumulative area) 

    Layer: met2
      Partial area ratio:    7.16
      Required ratio:    0.00 (Gate area) 
      Cumulative area ratio:    9.00
      Required ratio:    0.00 (Cumulative area) 
      Partial area ratio:   35.32
      Required ratio: 2778.20 (Side area) 
      Cumulative area ratio:   43.96
      Required ratio:    0.00 (Cumulative side area) 


  Pin:   _12739_/C (sky130_fd_sc_hd__nand4_1)
    Layer: mcon
      Partial area ratio:    0.12
      Required ratio:    3.00 (Gate area) 
      Cumulative area ratio:    0.12
      Required ratio:    0.00 (Cumulative area) 

    Layer: met1
      Partial area ratio:    5.06
      Required ratio:    0.00 (Gate area) 
      Cumulative area ratio:    5.06
      Required ratio:    0.00 (Cumulative area) 
      Partial area ratio:   24.57
      Required ratio:  400.00 (Side area) 
      Cumulative area ratio:   24.57
      Required ratio:    0.00 (Cumulative side area) 

    Layer: via
      Partial area ratio:    0.18
      Required ratio:    6.00 (Gate area) 
      Cumulative area ratio:    0.30
      Required ratio:    0.00 (Cumulative area) 

    Layer: met2
      Partial area ratio:    7.16
      Required ratio:    0.00 (Gate area) 
      Cumulative area ratio:   12.22
      Required ratio:    0.00 (Cumulative area) 
      Partial area ratio:   35.32
      Required ratio: 2778.20 (Side area) 
      Cumulative area ratio:   59.89
      Required ratio:    0.00 (Cumulative side area) 


  Pin:   _13202_/B (sky130_fd_sc_hd__and2_0)
    Layer: mcon
      Partial area ratio:    0.23
      Required ratio:    3.00 (Gate area) 
      Cumulative area ratio:    0.23
      Required ratio:    0.00 (Cumulative area) 

    Layer: met1
      Partial area ratio:    6.69
      Required ratio:    0.00 (Gate area) 
      Cumulative area ratio:    6.69
      Required ratio:    0.00 (Cumulative area) 
      Partial area ratio:   31.75
      Required ratio: 2778.20 (Side area) 
      Cumulative area ratio:   31.75
      Required ratio:    0.00 (Cumulative side area) 

    Layer: via
      Partial area ratio:    0.30
      Required ratio:   22.04 (Gate area) 
      Cumulative area ratio:    0.53
      Required ratio:    0.00 (Cumulative area) 

    Layer: met2
      Partial area ratio:    7.16
      Required ratio:    0.00 (Gate area) 
      Cumulative area ratio:   13.85
      Required ratio:    0.00 (Cumulative area) 
      Partial area ratio:   35.32
      Required ratio: 2778.20 (Side area) 
      Cumulative area ratio:   67.06
      Required ratio:    0.00 (Cumulative side area) 


  Pin:   _13205_/B (sky130_fd_sc_hd__and2_0)
    Layer: mcon
      Partial area ratio:    0.23
      Required ratio:    3.00 (Gate area) 
      Cumulative area ratio:    0.23
      Required ratio:    0.00 (Cumulative area) 

    Layer: met1
      Partial area ratio:  112.01
      Required ratio:    0.00 (Gate area) 
      Cumulative area ratio:  112.01
      Required ratio:    0.00 (Cumulative area) 
      Partial area ratio:  557.74
      Required ratio:  400.00 (Side area) (VIOLATED)
      Cumulative area ratio:  557.74
      Required ratio:    0.00 (Cumulative side area) 

    Layer: via
      Partial area ratio:    0.54
      Required ratio:    6.00 (Gate area) 
      Cumulative area ratio:    0.77
      Required ratio:    0.00 (Cumulative area) 

    Layer: met2
      Partial area ratio:    7.16
      Required ratio:    0.00 (Gate area) 
      Cumulative area ratio:  119.17
      Required ratio:    0.00 (Cumulative area) 
      Partial area ratio:   35.32
      Required ratio: 2778.20 (Side area) 
      Cumulative area ratio:  593.06
      Required ratio:    0.00 (Cumulative side area) 


  Pin:   _13207_/A2 (sky130_fd_sc_hd__a22o_1)
    Layer: mcon
      Partial area ratio:    0.12
      Required ratio:    3.00 (Gate area) 
      Cumulative area ratio:    0.12
      Required ratio:    0.00 (Cumulative area) 

    Layer: met1
      Partial area ratio:    6.69
      Required ratio:    0.00 (Gate area) 
      Cumulative area ratio:    6.69
      Required ratio:    0.00 (Cumulative area) 
      Partial area ratio:   31.75
      Required ratio: 2778.20 (Side area) 
      Cumulative area ratio:   31.75
      Required ratio:    0.00 (Cumulative side area) 

    Layer: via
      Partial area ratio:    0.30
      Required ratio:   22.04 (Gate area) 
      Cumulative area ratio:    0.42
      Required ratio:    0.00 (Cumulative area) 

    Layer: met2
      Partial area ratio:    7.16
      Required ratio:    0.00 (Gate area) 
      Cumulative area ratio:   13.85
      Required ratio:    0.00 (Cumulative area) 
      Partial area ratio:   35.32
      Required ratio: 2778.20 (Side area) 
      Cumulative area ratio:   67.06
      Required ratio:    0.00 (Cumulative side area) 


  Pin:   _13211_/B (sky130_fd_sc_hd__nand2_1)
    Layer: mcon
      Partial area ratio:    0.12
      Required ratio:    3.00 (Gate area) 
      Cumulative area ratio:    0.12
      Required ratio:    0.00 (Cumulative area) 

    Layer: met1
      Partial area ratio:    2.90
      Required ratio:    0.00 (Gate area) 
      Cumulative area ratio:    2.90
      Required ratio:    0.00 (Cumulative area) 
      Partial area ratio:   13.75
      Required ratio:  400.00 (Side area) 
      Cumulative area ratio:   13.75
      Required ratio:    0.00 (Cumulative side area) 

    Layer: via
      Partial area ratio:    0.18
      Required ratio:    6.00 (Gate area) 
      Cumulative area ratio:    0.30
      Required ratio:    0.00 (Cumulative area) 

    Layer: met2
      Partial area ratio:    7.16
      Required ratio:    0.00 (Gate area) 
      Cumulative area ratio:   10.06
      Required ratio:    0.00 (Cumulative area) 
      Partial area ratio:   35.32
      Required ratio: 2778.20 (Side area) 
      Cumulative area ratio:   49.07
      Required ratio:    0.00 (Cumulative side area) 


  Pin:   _13385_/D (sky130_fd_sc_hd__nand4_1)
    Layer: mcon
      Partial area ratio:    0.12
      Required ratio:    3.00 (Gate area) 
      Cumulative area ratio:    0.12
      Required ratio:    0.00 (Cumulative area) 

    Layer: met1
      Partial area ratio:    4.98
      Required ratio:    0.00 (Gate area) 
      Cumulative area ratio:    4.98
      Required ratio:    0.00 (Cumulative area) 
      Partial area ratio:   23.72
      Required ratio:  400.00 (Side area) 
      Cumulative area ratio:   23.72
      Required ratio:    0.00 (Cumulative side area) 

    Layer: via
      Partial area ratio:    0.27
      Required ratio:    6.00 (Gate area) 
      Cumulative area ratio:    0.39
      Required ratio:    0.00 (Cumulative area) 

    Layer: met2
      Partial area ratio:    7.16
      Required ratio:    0.00 (Gate area) 
      Cumulative area ratio:   12.14
      Required ratio:    0.00 (Cumulative area) 
      Partial area ratio:   35.32
      Required ratio: 2778.20 (Side area) 
      Cumulative area ratio:   59.03
      Required ratio:    0.00 (Cumulative side area) 


  Pin:   _13386_/B1 (sky130_fd_sc_hd__a22o_1)
    Layer: mcon
      Partial area ratio:    0.12
      Required ratio:    3.00 (Gate area) 
      Cumulative area ratio:    0.12
      Required ratio:    0.00 (Cumulative area) 

    Layer: met1
      Partial area ratio:    2.83
      Required ratio:    0.00 (Gate area) 
      Cumulative area ratio:    2.83
      Required ratio:    0.00 (Cumulative area) 
      Partial area ratio:   13.41
      Required ratio:  400.00 (Side area) 
      Cumulative area ratio:   13.41
      Required ratio:    0.00 (Cumulative side area) 

    Layer: via
      Partial area ratio:    0.18
      Required ratio:    6.00 (Gate area) 
      Cumulative area ratio:    0.30
      Required ratio:    0.00 (Cumulative area) 

    Layer: met2
      Partial area ratio:    7.16
      Required ratio:    0.00 (Gate area) 
      Cumulative area ratio:    9.99
      Required ratio:    0.00 (Cumulative area) 
      Partial area ratio:   35.32
      Required ratio: 2778.20 (Side area) 
      Cumulative area ratio:   48.72
      Required ratio:    0.00 (Cumulative side area) 


  Pin:   _13767_/B (sky130_fd_sc_hd__nand2_1)
    Layer: mcon
      Partial area ratio:    0.12
      Required ratio:    3.00 (Gate area) 
      Cumulative area ratio:    0.12
      Required ratio:    0.00 (Cumulative area) 

    Layer: met1
      Partial area ratio:    1.19
      Required ratio:    0.00 (Gate area) 
      Cumulative area ratio:    1.19
      Required ratio:    0.00 (Cumulative area) 
      Partial area ratio:    5.57
      Required ratio:  400.00 (Side area) 
      Cumulative area ratio:    5.57
      Required ratio:    0.00 (Cumulative side area) 

    Layer: via
      Partial area ratio:    0.11
      Required ratio:    6.00 (Gate area) 
      Cumulative area ratio:    0.23
      Required ratio:    0.00 (Cumulative area) 

    Layer: met2
      Partial area ratio:    7.16
      Required ratio:    0.00 (Gate area) 
      Cumulative area ratio:    8.35
      Required ratio:    0.00 (Cumulative area) 
      Partial area ratio:   35.32
      Required ratio: 2778.20 (Side area) 
      Cumulative area ratio:   40.88
      Required ratio:    0.00 (Cumulative side area) 



Net: net631
  Pin:   _11770_/B (sky130_fd_sc_hd__nand2_1)
    Layer: mcon
      Partial area ratio:    0.12
      Required ratio:    3.00 (Gate area) 
      Cumulative area ratio:    0.12
      Required ratio:    0.00 (Cumulative area) 

    Layer: met1
      Partial area ratio:    2.67
      Required ratio:    0.00 (Gate area) 
      Cumulative area ratio:    2.67
      Required ratio:    0.00 (Cumulative area) 
      Partial area ratio:   12.58
      Required ratio:  400.00 (Side area) 
      Cumulative area ratio:   12.58
      Required ratio:    0.00 (Cumulative side area) 

    Layer: via
      Partial area ratio:    0.18
      Required ratio:    6.00 (Gate area) 
      Cumulative area ratio:    0.30
      Required ratio:    0.00 (Cumulative area) 

    Layer: met2
      Partial area ratio:   31.98
      Required ratio:    0.00 (Gate area) 
      Cumulative area ratio:   34.65
      Required ratio:    0.00 (Cumulative area) 
      Partial area ratio:  159.27
      Required ratio: 2918.08 (Side area) 
      Cumulative area ratio:  171.85
      Required ratio:    0.00 (Cumulative side area) 


  Pin:   _16023_/A_N (sky130_fd_sc_hd__nand2b_1)
    Layer: mcon
      Partial area ratio:    0.23
      Required ratio:    3.00 (Gate area) 
      Cumulative area ratio:    0.23
      Required ratio:    0.00 (Cumulative area) 

    Layer: met1
      Partial area ratio:  129.54
      Required ratio:    0.00 (Gate area) 
      Cumulative area ratio:  129.54
      Required ratio:    0.00 (Cumulative area) 
      Partial area ratio:  645.36
      Required ratio:  400.00 (Side area) (VIOLATED)
      Cumulative area ratio:  645.36
      Required ratio:    0.00 (Cumulative side area) 

    Layer: via
      Partial area ratio:    0.54
      Required ratio:    6.00 (Gate area) 
      Cumulative area ratio:    0.77
      Required ratio:    0.00 (Cumulative area) 

    Layer: met2
      Partial area ratio:   31.98
      Required ratio:    0.00 (Gate area) 
      Cumulative area ratio:  161.52
      Required ratio:    0.00 (Cumulative area) 
      Partial area ratio:  159.27
      Required ratio: 2918.08 (Side area) 
      Cumulative area ratio:  804.63
      Required ratio:    0.00 (Cumulative side area) 


  Pin:   _16121_/B (sky130_fd_sc_hd__nand2_1)
    Layer: mcon
      Partial area ratio:    0.12
      Required ratio:    3.00 (Gate area) 
      Cumulative area ratio:    0.12
      Required ratio:    0.00 (Cumulative area) 

    Layer: met1
      Partial area ratio:    2.45
      Required ratio:    0.00 (Gate area) 
      Cumulative area ratio:    2.45
      Required ratio:    0.00 (Cumulative area) 
      Partial area ratio:   11.84
      Required ratio:  400.00 (Side area) 
      Cumulative area ratio:   11.84
      Required ratio:    0.00 (Cumulative side area) 

    Layer: via
      Partial area ratio:    0.11
      Required ratio:    6.00 (Gate area) 
      Cumulative area ratio:    0.23
      Required ratio:    0.00 (Cumulative area) 

    Layer: met2
      Partial area ratio:   31.98
      Required ratio:    0.00 (Gate area) 
      Cumulative area ratio:   34.43
      Required ratio:    0.00 (Cumulative area) 
      Partial area ratio:  159.27
      Required ratio: 2918.08 (Side area) 
      Cumulative area ratio:  171.11
      Required ratio:    0.00 (Cumulative side area) 



Net: net640
  Pin:   _11649_/B (sky130_fd_sc_hd__nand2_1)
    Layer: mcon
      Partial area ratio:    0.12
      Required ratio:    3.00 (Gate area) 
      Cumulative area ratio:    0.12
      Required ratio:    0.00 (Cumulative area) 

    Layer: met1
      Partial area ratio:    6.27
      Required ratio:    0.00 (Gate area) 
      Cumulative area ratio:    6.27
      Required ratio:    0.00 (Cumulative area) 
      Partial area ratio:   30.62
      Required ratio:  400.00 (Side area) 
      Cumulative area ratio:   30.62
      Required ratio:    0.00 (Cumulative side area) 

    Layer: via
      Partial area ratio:    0.18
      Required ratio:    6.00 (Gate area) 
      Cumulative area ratio:    0.30
      Required ratio:    0.00 (Cumulative area) 

    Layer: met2
      Partial area ratio:   44.54
      Required ratio:    0.00 (Gate area) 
      Cumulative area ratio:   50.82
      Required ratio:    0.00 (Cumulative area) 
      Partial area ratio:  222.11
      Required ratio: 2956.40 (Side area) 
      Cumulative area ratio:  252.72
      Required ratio:    0.00 (Cumulative side area) 


  Pin:   _11772_/B (sky130_fd_sc_hd__nand2_1)
    Layer: mcon
      Partial area ratio:    0.12
      Required ratio:    3.00 (Gate area) 
      Cumulative area ratio:    0.12
      Required ratio:    0.00 (Cumulative area) 

    Layer: met1
      Partial area ratio:    1.61
      Required ratio:    0.00 (Gate area) 
      Cumulative area ratio:    1.61
      Required ratio:    0.00 (Cumulative area) 
      Partial area ratio:    7.31
      Required ratio:  400.00 (Side area) 
      Cumulative area ratio:    7.31
      Required ratio:    0.00 (Cumulative side area) 

    Layer: via
      Partial area ratio:    0.18
      Required ratio:    6.00 (Gate area) 
      Cumulative area ratio:    0.30
      Required ratio:    0.00 (Cumulative area) 

    Layer: met2
      Partial area ratio:   44.54
      Required ratio:    0.00 (Gate area) 
      Cumulative area ratio:   46.16
      Required ratio:    0.00 (Cumulative area) 
      Partial area ratio:  222.11
      Required ratio: 2956.40 (Side area) 
      Cumulative area ratio:  229.41
      Required ratio:    0.00 (Cumulative side area) 


  Pin:   _16120_/A_N (sky130_fd_sc_hd__nand2b_1)
    Layer: mcon
      Partial area ratio:    0.23
      Required ratio:    3.00 (Gate area) 
      Cumulative area ratio:    0.23
      Required ratio:    0.00 (Cumulative area) 

    Layer: met1
      Partial area ratio:  188.04
      Required ratio:    0.00 (Gate area) 
      Cumulative area ratio:  188.04
      Required ratio:    0.00 (Cumulative area) 
      Partial area ratio:  937.86
      Required ratio:  400.00 (Side area) (VIOLATED)
      Cumulative area ratio:  937.86
      Required ratio:    0.00 (Cumulative side area) 

    Layer: via
      Partial area ratio:    0.54
      Required ratio:    6.00 (Gate area) 
      Cumulative area ratio:    0.77
      Required ratio:    0.00 (Cumulative area) 

    Layer: met2
      Partial area ratio:   44.54
      Required ratio:    0.00 (Gate area) 
      Cumulative area ratio:  232.58
      Required ratio:    0.00 (Cumulative area) 
      Partial area ratio:  222.11
      Required ratio: 2956.40 (Side area) 
      Cumulative area ratio: 1159.97
      Required ratio:    0.00 (Cumulative side area) 



Net: net655
  Pin:   _10116_/B (sky130_fd_sc_hd__nand2_1)
    Layer: mcon
      Partial area ratio:    0.12
      Required ratio:    3.00 (Gate area) 
      Cumulative area ratio:    0.12
      Required ratio:    0.00 (Cumulative area) 

    Layer: met1
      Partial area ratio:   32.60
      Required ratio:    0.00 (Gate area) 
      Cumulative area ratio:   32.60
      Required ratio:    0.00 (Cumulative area) 
      Partial area ratio:  161.82
      Required ratio:  400.00 (Side area) 
      Cumulative area ratio:  161.82
      Required ratio:    0.00 (Cumulative side area) 

    Layer: via
      Partial area ratio:    0.27
      Required ratio:    6.00 (Gate area) 
      Cumulative area ratio:    0.39
      Required ratio:    0.00 (Cumulative area) 

    Layer: met2
      Partial area ratio:   18.04
      Required ratio:    0.00 (Gate area) 
      Cumulative area ratio:   50.65
      Required ratio:    0.00 (Cumulative area) 
      Partial area ratio:   89.58
      Required ratio: 2956.40 (Side area) 
      Cumulative area ratio:  251.40
      Required ratio:    0.00 (Cumulative side area) 


  Pin:   _11188_/B (sky130_fd_sc_hd__and2_0)
    Layer: mcon
      Partial area ratio:    0.23
      Required ratio:    3.00 (Gate area) 
      Cumulative area ratio:    0.23
      Required ratio:    0.00 (Cumulative area) 

    Layer: met1
      Partial area ratio:    3.84
      Required ratio:    0.00 (Gate area) 
      Cumulative area ratio:    3.84
      Required ratio:    0.00 (Cumulative area) 
      Partial area ratio:   17.71
      Required ratio:  400.00 (Side area) 
      Cumulative area ratio:   17.71
      Required ratio:    0.00 (Cumulative side area) 

    Layer: via
      Partial area ratio:    0.36
      Required ratio:    6.00 (Gate area) 
      Cumulative area ratio:    0.59
      Required ratio:    0.00 (Cumulative area) 

    Layer: met2
      Partial area ratio:   18.04
      Required ratio:    0.00 (Gate area) 
      Cumulative area ratio:   21.88
      Required ratio:    0.00 (Cumulative area) 
      Partial area ratio:   89.58
      Required ratio: 2956.40 (Side area) 
      Cumulative area ratio:  107.28
      Required ratio:    0.00 (Cumulative side area) 


  Pin:   _11191_/B (sky130_fd_sc_hd__and2_0)
    Layer: mcon
      Partial area ratio:    0.23
      Required ratio:    3.00 (Gate area) 
      Cumulative area ratio:    0.23
      Required ratio:    0.00 (Cumulative area) 

    Layer: met1
      Partial area ratio:   12.81
      Required ratio:    0.00 (Gate area) 
      Cumulative area ratio:   12.81
      Required ratio:    0.00 (Cumulative area) 
      Partial area ratio:   62.80
      Required ratio:  400.00 (Side area) 
      Cumulative area ratio:   62.80
      Required ratio:    0.00 (Cumulative side area) 

    Layer: via
      Partial area ratio:    0.24
      Required ratio:    6.00 (Gate area) 
      Cumulative area ratio:    0.47
      Required ratio:    0.00 (Cumulative area) 

    Layer: met2
      Partial area ratio:   18.04
      Required ratio:    0.00 (Gate area) 
      Cumulative area ratio:   30.85
      Required ratio:    0.00 (Cumulative area) 
      Partial area ratio:   89.58
      Required ratio: 2956.40 (Side area) 
      Cumulative area ratio:  152.38
      Required ratio:    0.00 (Cumulative side area) 


  Pin:   _11192_/B (sky130_fd_sc_hd__and2_0)
    Layer: mcon
      Partial area ratio:    0.23
      Required ratio:    3.00 (Gate area) 
      Cumulative area ratio:    0.23
      Required ratio:    0.00 (Cumulative area) 

    Layer: met1
      Partial area ratio:   96.50
      Required ratio:    0.00 (Gate area) 
      Cumulative area ratio:   96.50
      Required ratio:    0.00 (Cumulative area) 
      Partial area ratio:  480.18
      Required ratio:  400.00 (Side area) (VIOLATED)
      Cumulative area ratio:  480.18
      Required ratio:    0.00 (Cumulative side area) 

    Layer: via
      Partial area ratio:    0.54
      Required ratio:    6.00 (Gate area) 
      Cumulative area ratio:    0.77
      Required ratio:    0.00 (Cumulative area) 

    Layer: met2
      Partial area ratio:   18.04
      Required ratio:    0.00 (Gate area) 
      Cumulative area ratio:  114.55
      Required ratio:    0.00 (Cumulative area) 
      Partial area ratio:   89.58
      Required ratio: 2956.40 (Side area) 
      Cumulative area ratio:  569.76
      Required ratio:    0.00 (Cumulative side area) 


  Pin:   _11306_/B (sky130_fd_sc_hd__nand2_1)
    Layer: mcon
      Partial area ratio:    0.12
      Required ratio:    3.00 (Gate area) 
      Cumulative area ratio:    0.12
      Required ratio:    0.00 (Cumulative area) 

    Layer: met1
      Partial area ratio:   12.81
      Required ratio:    0.00 (Gate area) 
      Cumulative area ratio:   12.81
      Required ratio:    0.00 (Cumulative area) 
      Partial area ratio:   62.80
      Required ratio:  400.00 (Side area) 
      Cumulative area ratio:   62.80
      Required ratio:    0.00 (Cumulative side area) 

    Layer: via
      Partial area ratio:    0.24
      Required ratio:    6.00 (Gate area) 
      Cumulative area ratio:    0.36
      Required ratio:    0.00 (Cumulative area) 

    Layer: met2
      Partial area ratio:   18.04
      Required ratio:    0.00 (Gate area) 
      Cumulative area ratio:   30.85
      Required ratio:    0.00 (Cumulative area) 
      Partial area ratio:   89.58
      Required ratio: 2956.40 (Side area) 
      Cumulative area ratio:  152.38
      Required ratio:    0.00 (Cumulative side area) 


  Pin:   _11447_/B (sky130_fd_sc_hd__nand2_1)
    Layer: mcon
      Partial area ratio:    0.12
      Required ratio:    3.00 (Gate area) 
      Cumulative area ratio:    0.12
      Required ratio:    0.00 (Cumulative area) 

    Layer: met1
      Partial area ratio:   10.53
      Required ratio:    0.00 (Gate area) 
      Cumulative area ratio:   10.53
      Required ratio:    0.00 (Cumulative area) 
      Partial area ratio:   51.46
      Required ratio:  400.00 (Side area) 
      Cumulative area ratio:   51.46
      Required ratio:    0.00 (Cumulative side area) 

    Layer: via
      Partial area ratio:    0.27
      Required ratio:    6.00 (Gate area) 
      Cumulative area ratio:    0.39
      Required ratio:    0.00 (Cumulative area) 

    Layer: met2
      Partial area ratio:   18.04
      Required ratio:    0.00 (Gate area) 
      Cumulative area ratio:   28.57
      Required ratio:    0.00 (Cumulative area) 
      Partial area ratio:   89.58
      Required ratio: 2956.40 (Side area) 
      Cumulative area ratio:  141.04
      Required ratio:    0.00 (Cumulative side area) 


  Pin:   _11650_/A_N (sky130_fd_sc_hd__nand2b_1)
    Layer: mcon
      Partial area ratio:    0.23
      Required ratio:    3.00 (Gate area) 
      Cumulative area ratio:    0.23
      Required ratio:    0.00 (Cumulative area) 

    Layer: met1
      Partial area ratio:    0.99
      Required ratio:    0.00 (Gate area) 
      Cumulative area ratio:    0.99
      Required ratio:    0.00 (Cumulative area) 
      Partial area ratio:    4.03
      Required ratio:  400.00 (Side area) 
      Cumulative area ratio:    4.03
      Required ratio:    0.00 (Cumulative side area) 

    Layer: via
      Partial area ratio:    0.22
      Required ratio:    6.00 (Gate area) 
      Cumulative area ratio:    0.45
      Required ratio:    0.00 (Cumulative area) 

    Layer: met2
      Partial area ratio:   18.04
      Required ratio:    0.00 (Gate area) 
      Cumulative area ratio:   19.03
      Required ratio:    0.00 (Cumulative area) 
      Partial area ratio:   89.58
      Required ratio: 2956.40 (Side area) 
      Cumulative area ratio:   93.61
      Required ratio:    0.00 (Cumulative side area) 



Net: net665
  Pin:   _10849_/B (sky130_fd_sc_hd__nand2_1)
    Layer: mcon
      Partial area ratio:    0.12
      Required ratio:    3.00 (Gate area) 
      Cumulative area ratio:    0.12
      Required ratio:    0.00 (Cumulative area) 

    Layer: met1
      Partial area ratio:    5.62
      Required ratio:    0.00 (Gate area) 
      Cumulative area ratio:    5.62
      Required ratio:    0.00 (Cumulative area) 
      Partial area ratio:   27.34
      Required ratio:  400.00 (Side area) 
      Cumulative area ratio:   27.34
      Required ratio:    0.00 (Cumulative side area) 

    Layer: via
      Partial area ratio:    0.18
      Required ratio:    6.00 (Gate area) 
      Cumulative area ratio:    0.30
      Required ratio:    0.00 (Cumulative area) 

    Layer: met2
      Partial area ratio:   11.37
      Required ratio:    0.00 (Gate area) 
      Cumulative area ratio:   16.99
      Required ratio:    0.00 (Cumulative area) 
      Partial area ratio:   56.28
      Required ratio: 2956.40 (Side area) 
      Cumulative area ratio:   83.61
      Required ratio:    0.00 (Cumulative side area) 


  Pin:   _11086_/B (sky130_fd_sc_hd__nand2_1)
    Layer: mcon
      Partial area ratio:    0.12
      Required ratio:    3.00 (Gate area) 
      Cumulative area ratio:    0.12
      Required ratio:    0.00 (Cumulative area) 

    Layer: met1
      Partial area ratio:   23.54
      Required ratio:    0.00 (Gate area) 
      Cumulative area ratio:   23.54
      Required ratio:    0.00 (Cumulative area) 
      Partial area ratio:  116.53
      Required ratio:  400.00 (Side area) 
      Cumulative area ratio:  116.53
      Required ratio:    0.00 (Cumulative side area) 

    Layer: via
      Partial area ratio:    0.27
      Required ratio:    6.00 (Gate area) 
      Cumulative area ratio:    0.39
      Required ratio:    0.00 (Cumulative area) 

    Layer: met2
      Partial area ratio:   11.37
      Required ratio:    0.00 (Gate area) 
      Cumulative area ratio:   34.92
      Required ratio:    0.00 (Cumulative area) 
      Partial area ratio:   56.28
      Required ratio: 2956.40 (Side area) 
      Cumulative area ratio:  172.81
      Required ratio:    0.00 (Cumulative side area) 


  Pin:   _13375_/B (sky130_fd_sc_hd__nand2_1)
    Layer: mcon
      Partial area ratio:    0.12
      Required ratio:    3.00 (Gate area) 
      Cumulative area ratio:    0.12
      Required ratio:    0.00 (Cumulative area) 

    Layer: met1
      Partial area ratio:    3.54
      Required ratio:    0.00 (Gate area) 
      Cumulative area ratio:    3.54
      Required ratio:    0.00 (Cumulative area) 
      Partial area ratio:   16.94
      Required ratio:  400.00 (Side area) 
      Cumulative area ratio:   16.94
      Required ratio:    0.00 (Cumulative side area) 

    Layer: via
      Partial area ratio:    0.18
      Required ratio:    6.00 (Gate area) 
      Cumulative area ratio:    0.30
      Required ratio:    0.00 (Cumulative area) 

    Layer: met2
      Partial area ratio:   11.37
      Required ratio:    0.00 (Gate area) 
      Cumulative area ratio:   14.91
      Required ratio:    0.00 (Cumulative area) 
      Partial area ratio:   56.28
      Required ratio: 2956.40 (Side area) 
      Cumulative area ratio:   73.21
      Required ratio:    0.00 (Cumulative side area) 


  Pin:   _13477_/B (sky130_fd_sc_hd__and2_1)
    Layer: mcon
      Partial area ratio:    0.23
      Required ratio:    3.00 (Gate area) 
      Cumulative area ratio:    0.23
      Required ratio:    0.00 (Cumulative area) 

    Layer: met1
      Partial area ratio:  105.15
      Required ratio:    0.00 (Gate area) 
      Cumulative area ratio:  105.15
      Required ratio:    0.00 (Cumulative area) 
      Partial area ratio:  522.58
      Required ratio:  400.00 (Side area) (VIOLATED)
      Cumulative area ratio:  522.58
      Required ratio:    0.00 (Cumulative side area) 

    Layer: via
      Partial area ratio:    0.71
      Required ratio:    6.00 (Gate area) 
      Cumulative area ratio:    0.94
      Required ratio:    0.00 (Cumulative area) 

    Layer: met2
      Partial area ratio:   11.37
      Required ratio:    0.00 (Gate area) 
      Cumulative area ratio:  116.53
      Required ratio:    0.00 (Cumulative area) 
      Partial area ratio:   56.28
      Required ratio: 2956.40 (Side area) 
      Cumulative area ratio:  578.86
      Required ratio:    0.00 (Cumulative side area) 


  Pin:   _13583_/B (sky130_fd_sc_hd__and2_1)
    Layer: mcon
      Partial area ratio:    0.23
      Required ratio:    3.00 (Gate area) 
      Cumulative area ratio:    0.23
      Required ratio:    0.00 (Cumulative area) 

    Layer: met1
      Partial area ratio:    4.17
      Required ratio:    0.00 (Gate area) 
      Cumulative area ratio:    4.17
      Required ratio:    0.00 (Cumulative area) 
      Partial area ratio:   20.12
      Required ratio:  400.00 (Side area) 
      Cumulative area ratio:   20.12
      Required ratio:    0.00 (Cumulative side area) 

    Layer: via
      Partial area ratio:    0.13
      Required ratio:    6.00 (Gate area) 
      Cumulative area ratio:    0.36
      Required ratio:    0.00 (Cumulative area) 

    Layer: met2
      Partial area ratio:   11.37
      Required ratio:    0.00 (Gate area) 
      Cumulative area ratio:   15.54
      Required ratio:    0.00 (Cumulative area) 
      Partial area ratio:   56.28
      Required ratio: 2956.40 (Side area) 
      Cumulative area ratio:   76.40
      Required ratio:    0.00 (Cumulative side area) 


  Pin:   _13584_/B (sky130_fd_sc_hd__nand2_1)
    Layer: mcon
      Partial area ratio:    0.12
      Required ratio:    3.00 (Gate area) 
      Cumulative area ratio:    0.12
      Required ratio:    0.00 (Cumulative area) 

    Layer: met1
      Partial area ratio:    3.50
      Required ratio:    0.00 (Gate area) 
      Cumulative area ratio:    3.50
      Required ratio:    0.00 (Cumulative area) 
      Partial area ratio:   16.75
      Required ratio:  400.00 (Side area) 
      Cumulative area ratio:   16.75
      Required ratio:    0.00 (Cumulative side area) 

    Layer: via
      Partial area ratio:    0.18
      Required ratio:    6.00 (Gate area) 
      Cumulative area ratio:    0.30
      Required ratio:    0.00 (Cumulative area) 

    Layer: met2
      Partial area ratio:   11.37
      Required ratio:    0.00 (Gate area) 
      Cumulative area ratio:   14.87
      Required ratio:    0.00 (Cumulative area) 
      Partial area ratio:   56.28
      Required ratio: 2956.40 (Side area) 
      Cumulative area ratio:   73.03
      Required ratio:    0.00 (Cumulative side area) 


  Pin:   _13585_/B (sky130_fd_sc_hd__nand2_1)
    Layer: mcon
      Partial area ratio:    0.12
      Required ratio:    3.00 (Gate area) 
      Cumulative area ratio:    0.12
      Required ratio:    0.00 (Cumulative area) 

    Layer: met1
      Partial area ratio:    8.87
      Required ratio:    0.00 (Gate area) 
      Cumulative area ratio:    8.87
      Required ratio:    0.00 (Cumulative area) 
      Partial area ratio:   43.54
      Required ratio:  400.00 (Side area) 
      Cumulative area ratio:   43.54
      Required ratio:    0.00 (Cumulative side area) 

    Layer: via
      Partial area ratio:    0.20
      Required ratio:    6.00 (Gate area) 
      Cumulative area ratio:    0.32
      Required ratio:    0.00 (Cumulative area) 

    Layer: met2
      Partial area ratio:   11.37
      Required ratio:    0.00 (Gate area) 
      Cumulative area ratio:   20.25
      Required ratio:    0.00 (Cumulative area) 
      Partial area ratio:   56.28
      Required ratio: 2956.40 (Side area) 
      Cumulative area ratio:   99.82
      Required ratio:    0.00 (Cumulative side area) 


  Pin:   _13586_/A2 (sky130_fd_sc_hd__a22o_1)
    Layer: mcon
      Partial area ratio:    0.12
      Required ratio:    3.00 (Gate area) 
      Cumulative area ratio:    0.12
      Required ratio:    0.00 (Cumulative area) 

    Layer: met1
      Partial area ratio:    4.17
      Required ratio:    0.00 (Gate area) 
      Cumulative area ratio:    4.17
      Required ratio:    0.00 (Cumulative area) 
      Partial area ratio:   20.12
      Required ratio:  400.00 (Side area) 
      Cumulative area ratio:   20.12
      Required ratio:    0.00 (Cumulative side area) 

    Layer: via
      Partial area ratio:    0.13
      Required ratio:    6.00 (Gate area) 
      Cumulative area ratio:    0.24
      Required ratio:    0.00 (Cumulative area) 

    Layer: met2
      Partial area ratio:   11.37
      Required ratio:    0.00 (Gate area) 
      Cumulative area ratio:   15.54
      Required ratio:    0.00 (Cumulative area) 
      Partial area ratio:   56.28
      Required ratio: 2956.40 (Side area) 
      Cumulative area ratio:   76.40
      Required ratio:    0.00 (Cumulative side area) 



Net: net693
  Pin:   fanout687/A (sky130_fd_sc_hd__buf_4)
    Layer: mcon
      Partial area ratio:    0.12
      Required ratio:    3.00 (Gate area) 
      Cumulative area ratio:    0.12
      Required ratio:    0.00 (Cumulative area) 

    Layer: met1
      Partial area ratio:    2.93
      Required ratio:    0.00 (Gate area) 
      Cumulative area ratio:    2.93
      Required ratio:    0.00 (Cumulative area) 
      Partial area ratio:   13.89
      Required ratio:  400.00 (Side area) 
      Cumulative area ratio:   13.89
      Required ratio:    0.00 (Cumulative side area) 

    Layer: via
      Partial area ratio:    0.18
      Required ratio:    6.00 (Gate area) 
      Cumulative area ratio:    0.30
      Required ratio:    0.00 (Cumulative area) 

    Layer: met2
      Partial area ratio:    0.75
      Required ratio:    0.00 (Gate area) 
      Cumulative area ratio:    3.68
      Required ratio:    0.00 (Cumulative area) 
      Partial area ratio:    3.48
      Required ratio:  400.00 (Side area) 
      Cumulative area ratio:   17.37
      Required ratio:    0.00 (Cumulative side area) 

    Layer: via2
      Partial area ratio:    0.16
      Required ratio:    6.00 (Gate area) 
      Cumulative area ratio:    0.46
      Required ratio:    0.00 (Cumulative area) 

    Layer: met3
      Partial area ratio:   99.42
      Required ratio:    0.00 (Gate area) 
      Cumulative area ratio:  103.10
      Required ratio:    0.00 (Cumulative area) 
      Partial area ratio:  532.29
      Required ratio:  400.00 (Side area) (VIOLATED)
      Cumulative area ratio:  549.66
      Required ratio:    0.00 (Cumulative side area) 

    Layer: via3
      Partial area ratio:    0.09
      Required ratio:    6.00 (Gate area) 
      Cumulative area ratio:    0.55
      Required ratio:    0.00 (Cumulative area) 

    Layer: met4
      Partial area ratio:   76.67
      Required ratio:    0.00 (Gate area) 
      Cumulative area ratio:  179.78
      Required ratio:    0.00 (Cumulative area) 
      Partial area ratio:  409.95
      Required ratio: 3134.60 (Side area) 
      Cumulative area ratio:  959.61
      Required ratio:    0.00 (Cumulative side area) 


  Pin:   fanout689/A (sky130_fd_sc_hd__clkdlybuf4s50_1)
    Layer: mcon
      Partial area ratio:    0.14
      Required ratio:    3.00 (Gate area) 
      Cumulative area ratio:    0.14
      Required ratio:    0.00 (Cumulative area) 

    Layer: met1
      Partial area ratio:   16.38
      Required ratio:    0.00 (Gate area) 
      Cumulative area ratio:   16.38
      Required ratio:    0.00 (Cumulative area) 
      Partial area ratio:   81.04
      Required ratio:  400.00 (Side area) 
      Cumulative area ratio:   81.04
      Required ratio:    0.00 (Cumulative side area) 

    Layer: via
      Partial area ratio:    0.21
      Required ratio:    6.00 (Gate area) 
      Cumulative area ratio:    0.35
      Required ratio:    0.00 (Cumulative area) 

    Layer: met2
      Partial area ratio:  141.71
      Required ratio:    0.00 (Gate area) 
      Cumulative area ratio:  158.09
      Required ratio:    0.00 (Cumulative area) 
      Partial area ratio:  707.46
      Required ratio:  400.00 (Side area) (VIOLATED)
      Cumulative area ratio:  788.50
      Required ratio:    0.00 (Cumulative side area) 

    Layer: via2
      Partial area ratio:    0.38
      Required ratio:    6.00 (Gate area) 
      Cumulative area ratio:    0.72
      Required ratio:    0.00 (Cumulative area) 

    Layer: met3
      Partial area ratio:   99.42
      Required ratio:    0.00 (Gate area) 
      Cumulative area ratio:  257.51
      Required ratio:    0.00 (Cumulative area) 
      Partial area ratio:  532.29
      Required ratio:  400.00 (Side area) (VIOLATED)
      Cumulative area ratio: 1320.79
      Required ratio:    0.00 (Cumulative side area) 

    Layer: via3
      Partial area ratio:    0.09
      Required ratio:    6.00 (Gate area) 
      Cumulative area ratio:    0.81
      Required ratio:    0.00 (Cumulative area) 

    Layer: met4
      Partial area ratio:   76.67
      Required ratio:    0.00 (Gate area) 
      Cumulative area ratio:  334.19
      Required ratio:    0.00 (Cumulative area) 
      Partial area ratio:  409.95
      Required ratio: 3134.60 (Side area) 
      Cumulative area ratio: 1730.74
      Required ratio:    0.00 (Cumulative side area) 



Net: net699
  Pin:   _12607_/B (sky130_fd_sc_hd__nand2_1)
    Layer: mcon
      Partial area ratio:    0.12
      Required ratio:    3.00 (Gate area) 
      Cumulative area ratio:    0.12
      Required ratio:    0.00 (Cumulative area) 

    Layer: met1
      Partial area ratio:    6.08
      Required ratio:    0.00 (Gate area) 
      Cumulative area ratio:    6.08
      Required ratio:    0.00 (Cumulative area) 
      Partial area ratio:   29.23
      Required ratio:  400.00 (Side area) 
      Cumulative area ratio:   29.23
      Required ratio:    0.00 (Cumulative side area) 

    Layer: via
      Partial area ratio:    0.27
      Required ratio:    6.00 (Gate area) 
      Cumulative area ratio:    0.39
      Required ratio:    0.00 (Cumulative area) 

    Layer: met2
      Partial area ratio:   11.65
      Required ratio:    0.00 (Gate area) 
      Cumulative area ratio:   17.74
      Required ratio:    0.00 (Cumulative area) 
      Partial area ratio:   57.71
      Required ratio: 2956.40 (Side area) 
      Cumulative area ratio:   86.94
      Required ratio:    0.00 (Cumulative side area) 


  Pin:   _12705_/B (sky130_fd_sc_hd__nand2_1)
    Layer: mcon
      Partial area ratio:    0.12
      Required ratio:    3.00 (Gate area) 
      Cumulative area ratio:    0.12
      Required ratio:    0.00 (Cumulative area) 

    Layer: met1
      Partial area ratio:    2.01
      Required ratio:    0.00 (Gate area) 
      Cumulative area ratio:    2.01
      Required ratio:    0.00 (Cumulative area) 
      Partial area ratio:    9.29
      Required ratio:  400.00 (Side area) 
      Cumulative area ratio:    9.29
      Required ratio:    0.00 (Cumulative side area) 

    Layer: via
      Partial area ratio:    0.18
      Required ratio:    6.00 (Gate area) 
      Cumulative area ratio:    0.30
      Required ratio:    0.00 (Cumulative area) 

    Layer: met2
      Partial area ratio:   11.65
      Required ratio:    0.00 (Gate area) 
      Cumulative area ratio:   13.66
      Required ratio:    0.00 (Cumulative area) 
      Partial area ratio:   57.71
      Required ratio: 2956.40 (Side area) 
      Cumulative area ratio:   66.99
      Required ratio:    0.00 (Cumulative side area) 


  Pin:   _13356_/B (sky130_fd_sc_hd__and2_0)
    Layer: mcon
      Partial area ratio:    0.23
      Required ratio:    3.00 (Gate area) 
      Cumulative area ratio:    0.23
      Required ratio:    0.00 (Cumulative area) 

    Layer: met1
      Partial area ratio:   84.70
      Required ratio:    0.00 (Gate area) 
      Cumulative area ratio:   84.70
      Required ratio:    0.00 (Cumulative area) 
      Partial area ratio:  420.29
      Required ratio:  400.00 (Side area) (VIOLATED)
      Cumulative area ratio:  420.29
      Required ratio:    0.00 (Cumulative side area) 

    Layer: via
      Partial area ratio:    0.71
      Required ratio:    6.00 (Gate area) 
      Cumulative area ratio:    0.94
      Required ratio:    0.00 (Cumulative area) 

    Layer: met2
      Partial area ratio:   11.65
      Required ratio:    0.00 (Gate area) 
      Cumulative area ratio:   96.35
      Required ratio:    0.00 (Cumulative area) 
      Partial area ratio:   57.71
      Required ratio: 2956.40 (Side area) 
      Cumulative area ratio:  478.00
      Required ratio:    0.00 (Cumulative side area) 


  Pin:   _13483_/B (sky130_fd_sc_hd__and2_0)
    Layer: mcon
      Partial area ratio:    0.23
      Required ratio:    3.00 (Gate area) 
      Cumulative area ratio:    0.23
      Required ratio:    0.00 (Cumulative area) 

    Layer: met1
      Partial area ratio:    3.98
      Required ratio:    0.00 (Gate area) 
      Cumulative area ratio:    3.98
      Required ratio:    0.00 (Cumulative area) 
      Partial area ratio:   18.43
      Required ratio:  400.00 (Side area) 
      Cumulative area ratio:   18.43
      Required ratio:    0.00 (Cumulative side area) 

    Layer: via
      Partial area ratio:    0.36
      Required ratio:    6.00 (Gate area) 
      Cumulative area ratio:    0.59
      Required ratio:    0.00 (Cumulative area) 

    Layer: met2
      Partial area ratio:   11.65
      Required ratio:    0.00 (Gate area) 
      Cumulative area ratio:   15.63
      Required ratio:    0.00 (Cumulative area) 
      Partial area ratio:   57.71
      Required ratio: 2956.40 (Side area) 
      Cumulative area ratio:   76.13
      Required ratio:    0.00 (Cumulative side area) 


  Pin:   _13484_/B (sky130_fd_sc_hd__and2_0)
    Layer: mcon
      Partial area ratio:    0.23
      Required ratio:    3.00 (Gate area) 
      Cumulative area ratio:    0.23
      Required ratio:    0.00 (Cumulative area) 

    Layer: met1
      Partial area ratio:   18.10
      Required ratio:    0.00 (Gate area) 
      Cumulative area ratio:   18.10
      Required ratio:    0.00 (Cumulative area) 
      Partial area ratio:   89.20
      Required ratio:  400.00 (Side area) 
      Cumulative area ratio:   89.20
      Required ratio:    0.00 (Cumulative side area) 

    Layer: via
      Partial area ratio:    0.25
      Required ratio:    6.00 (Gate area) 
      Cumulative area ratio:    0.48
      Required ratio:    0.00 (Cumulative area) 

    Layer: met2
      Partial area ratio:   11.65
      Required ratio:    0.00 (Gate area) 
      Cumulative area ratio:   29.75
      Required ratio:    0.00 (Cumulative area) 
      Partial area ratio:   57.71
      Required ratio: 2956.40 (Side area) 
      Cumulative area ratio:  146.91
      Required ratio:    0.00 (Cumulative side area) 


  Pin:   _13485_/A2 (sky130_fd_sc_hd__a22o_1)
    Layer: mcon
      Partial area ratio:    0.12
      Required ratio:    3.00 (Gate area) 
      Cumulative area ratio:    0.12
      Required ratio:    0.00 (Cumulative area) 

    Layer: met1
      Partial area ratio:    2.10
      Required ratio:    0.00 (Gate area) 
      Cumulative area ratio:    2.10
      Required ratio:    0.00 (Cumulative area) 
      Partial area ratio:    9.76
      Required ratio:  400.00 (Side area) 
      Cumulative area ratio:    9.76
      Required ratio:    0.00 (Cumulative side area) 

    Layer: via
      Partial area ratio:    0.18
      Required ratio:    6.00 (Gate area) 
      Cumulative area ratio:    0.30
      Required ratio:    0.00 (Cumulative area) 

    Layer: met2
      Partial area ratio:   11.65
      Required ratio:    0.00 (Gate area) 
      Cumulative area ratio:   13.76
      Required ratio:    0.00 (Cumulative area) 
      Partial area ratio:   57.71
      Required ratio: 2956.40 (Side area) 
      Cumulative area ratio:   67.47
      Required ratio:    0.00 (Cumulative side area) 


  Pin:   _13592_/B1 (sky130_fd_sc_hd__a22o_1)
    Layer: mcon
      Partial area ratio:    0.12
      Required ratio:    3.00 (Gate area) 
      Cumulative area ratio:    0.12
      Required ratio:    0.00 (Cumulative area) 

    Layer: met1
      Partial area ratio:   18.10
      Required ratio:    0.00 (Gate area) 
      Cumulative area ratio:   18.10
      Required ratio:    0.00 (Cumulative area) 
      Partial area ratio:   89.20
      Required ratio:  400.00 (Side area) 
      Cumulative area ratio:   89.20
      Required ratio:    0.00 (Cumulative side area) 

    Layer: via
      Partial area ratio:    0.25
      Required ratio:    6.00 (Gate area) 
      Cumulative area ratio:    0.37
      Required ratio:    0.00 (Cumulative area) 

    Layer: met2
      Partial area ratio:   11.65
      Required ratio:    0.00 (Gate area) 
      Cumulative area ratio:   29.75
      Required ratio:    0.00 (Cumulative area) 
      Partial area ratio:   57.71
      Required ratio: 2956.40 (Side area) 
      Cumulative area ratio:  146.91
      Required ratio:    0.00 (Cumulative side area) 


  Pin:   _13737_/B (sky130_fd_sc_hd__nand2_1)
    Layer: mcon
      Partial area ratio:    0.12
      Required ratio:    3.00 (Gate area) 
      Cumulative area ratio:    0.12
      Required ratio:    0.00 (Cumulative area) 

    Layer: met1
      Partial area ratio:   28.84
      Required ratio:    0.00 (Gate area) 
      Cumulative area ratio:   28.84
      Required ratio:    0.00 (Cumulative area) 
      Partial area ratio:  143.46
      Required ratio:  400.00 (Side area) 
      Cumulative area ratio:  143.46
      Required ratio:    0.00 (Cumulative side area) 

    Layer: via
      Partial area ratio:    0.18
      Required ratio:    6.00 (Gate area) 
      Cumulative area ratio:    0.30
      Required ratio:    0.00 (Cumulative area) 

    Layer: met2
      Partial area ratio:   11.65
      Required ratio:    0.00 (Gate area) 
      Cumulative area ratio:   40.50
      Required ratio:    0.00 (Cumulative area) 
      Partial area ratio:   57.71
      Required ratio: 2956.40 (Side area) 
      Cumulative area ratio:  201.17
      Required ratio:    0.00 (Cumulative side area) 



Net: net702
  Pin:   fanout696/A (sky130_fd_sc_hd__buf_4)
    Layer: mcon
      Partial area ratio:    0.12
      Required ratio:    3.00 (Gate area) 
      Cumulative area ratio:    0.12
      Required ratio:    0.00 (Cumulative area) 

    Layer: met1
      Partial area ratio:   12.25
      Required ratio:    0.00 (Gate area) 
      Cumulative area ratio:   12.25
      Required ratio:    0.00 (Cumulative area) 
      Partial area ratio:   60.53
      Required ratio:  400.00 (Side area) 
      Cumulative area ratio:   60.53
      Required ratio:    0.00 (Cumulative side area) 

    Layer: via
      Partial area ratio:    0.18
      Required ratio:    6.00 (Gate area) 
      Cumulative area ratio:    0.30
      Required ratio:    0.00 (Cumulative area) 

    Layer: met2
      Partial area ratio:   98.47
      Required ratio:    0.00 (Gate area) 
      Cumulative area ratio:  110.73
      Required ratio:    0.00 (Cumulative area) 
      Partial area ratio:  491.63
      Required ratio:  400.00 (Side area) (VIOLATED)
      Cumulative area ratio:  552.15
      Required ratio:    0.00 (Cumulative side area) 

    Layer: via2
      Partial area ratio:    0.16
      Required ratio:    6.00 (Gate area) 
      Cumulative area ratio:    0.46
      Required ratio:    0.00 (Cumulative area) 

    Layer: met3
      Partial area ratio:  176.14
      Required ratio:    0.00 (Gate area) 
      Cumulative area ratio:  286.86
      Required ratio:    0.00 (Cumulative area) 
      Partial area ratio:  941.28
      Required ratio:  400.00 (Side area) (VIOLATED)
      Cumulative area ratio: 1493.44
      Required ratio:    0.00 (Cumulative side area) 

    Layer: via3
      Partial area ratio:    0.16
      Required ratio:    6.00 (Gate area) 
      Cumulative area ratio:    0.62
      Required ratio:    0.00 (Cumulative area) 

    Layer: met4
      Partial area ratio:   81.17
      Required ratio:    0.00 (Gate area) 
      Cumulative area ratio:  368.03
      Required ratio:    0.00 (Cumulative area) 
      Partial area ratio:  433.93
      Required ratio: 3134.60 (Side area) 
      Cumulative area ratio: 1927.36
      Required ratio:    0.00 (Cumulative side area) 


  Pin:   fanout700/A (sky130_fd_sc_hd__clkbuf_4)
    Layer: mcon
      Partial area ratio:    0.14
      Required ratio:    3.00 (Gate area) 
      Cumulative area ratio:    0.14
      Required ratio:    0.00 (Cumulative area) 

    Layer: met1
      Partial area ratio:   11.37
      Required ratio:    0.00 (Gate area) 
      Cumulative area ratio:   11.37
      Required ratio:    0.00 (Cumulative area) 
      Partial area ratio:   55.46
      Required ratio:  400.00 (Side area) 
      Cumulative area ratio:   55.46
      Required ratio:    0.00 (Cumulative side area) 

    Layer: via
      Partial area ratio:    0.32
      Required ratio:    6.00 (Gate area) 
      Cumulative area ratio:    0.45
      Required ratio:    0.00 (Cumulative area) 

    Layer: met2
      Partial area ratio:   15.44
      Required ratio:    0.00 (Gate area) 
      Cumulative area ratio:   26.81
      Required ratio:    0.00 (Cumulative area) 
      Partial area ratio:   76.28
      Required ratio: 3134.60 (Side area) 
      Cumulative area ratio:  131.73
      Required ratio:    0.00 (Cumulative side area) 

    Layer: via2
      Partial area ratio:    0.19
      Required ratio:   54.11 (Gate area) 
      Cumulative area ratio:    0.64
      Required ratio:    0.00 (Cumulative area) 

    Layer: met3
      Partial area ratio:    0.59
      Required ratio:    0.00 (Gate area) 
      Cumulative area ratio:   27.40
      Required ratio:    0.00 (Cumulative area) 
      Partial area ratio:    5.33
      Required ratio: 3134.60 (Side area) 
      Cumulative area ratio:  137.07
      Required ratio:    0.00 (Cumulative side area) 

    Layer: via3
      Partial area ratio:    0.19
      Required ratio:   54.11 (Gate area) 
      Cumulative area ratio:    0.83
      Required ratio:    0.00 (Cumulative area) 

    Layer: met4
      Partial area ratio:   81.17
      Required ratio:    0.00 (Gate area) 
      Cumulative area ratio:  108.57
      Required ratio:    0.00 (Cumulative area) 
      Partial area ratio:  433.93
      Required ratio: 3134.60 (Side area) 
      Cumulative area ratio:  571.00
      Required ratio:    0.00 (Cumulative side area) 



Net: net708
  Pin:   _11064_/B (sky130_fd_sc_hd__nand2_1)
    Layer: mcon
      Partial area ratio:    0.12
      Required ratio:    3.00 (Gate area) 
      Cumulative area ratio:    0.12
      Required ratio:    0.00 (Cumulative area) 

    Layer: met1
      Partial area ratio:    6.50
      Required ratio:    0.00 (Gate area) 
      Cumulative area ratio:    6.50
      Required ratio:    0.00 (Cumulative area) 
      Partial area ratio:   31.74
      Required ratio:  400.00 (Side area) 
      Cumulative area ratio:   31.74
      Required ratio:    0.00 (Cumulative side area) 

    Layer: via
      Partial area ratio:    0.18
      Required ratio:    6.00 (Gate area) 
      Cumulative area ratio:    0.30
      Required ratio:    0.00 (Cumulative area) 

    Layer: met2
      Partial area ratio:   11.70
      Required ratio:    0.00 (Gate area) 
      Cumulative area ratio:   18.20
      Required ratio:    0.00 (Cumulative area) 
      Partial area ratio:   57.95
      Required ratio: 2956.40 (Side area) 
      Cumulative area ratio:   89.69
      Required ratio:    0.00 (Cumulative side area) 


  Pin:   _12608_/B (sky130_fd_sc_hd__nand2_1)
    Layer: mcon
      Partial area ratio:    0.12
      Required ratio:    3.00 (Gate area) 
      Cumulative area ratio:    0.12
      Required ratio:    0.00 (Cumulative area) 

    Layer: met1
      Partial area ratio:    6.07
      Required ratio:    0.00 (Gate area) 
      Cumulative area ratio:    6.07
      Required ratio:    0.00 (Cumulative area) 
      Partial area ratio:   29.14
      Required ratio:  400.00 (Side area) 
      Cumulative area ratio:   29.14
      Required ratio:    0.00 (Cumulative side area) 

    Layer: via
      Partial area ratio:    0.27
      Required ratio:    6.00 (Gate area) 
      Cumulative area ratio:    0.39
      Required ratio:    0.00 (Cumulative area) 

    Layer: met2
      Partial area ratio:   11.70
      Required ratio:    0.00 (Gate area) 
      Cumulative area ratio:   17.77
      Required ratio:    0.00 (Cumulative area) 
      Partial area ratio:   57.95
      Required ratio: 2956.40 (Side area) 
      Cumulative area ratio:   87.09
      Required ratio:    0.00 (Cumulative side area) 


  Pin:   _12609_/B (sky130_fd_sc_hd__nand2_1)
    Layer: mcon
      Partial area ratio:    0.12
      Required ratio:    3.00 (Gate area) 
      Cumulative area ratio:    0.12
      Required ratio:    0.00 (Cumulative area) 

    Layer: met1
      Partial area ratio:    4.65
      Required ratio:    0.00 (Gate area) 
      Cumulative area ratio:    4.65
      Required ratio:    0.00 (Cumulative area) 
      Partial area ratio:   22.07
      Required ratio:  400.00 (Side area) 
      Cumulative area ratio:   22.07
      Required ratio:    0.00 (Cumulative side area) 

    Layer: via
      Partial area ratio:    0.27
      Required ratio:    6.00 (Gate area) 
      Cumulative area ratio:    0.39
      Required ratio:    0.00 (Cumulative area) 

    Layer: met2
      Partial area ratio:   11.70
      Required ratio:    0.00 (Gate area) 
      Cumulative area ratio:   16.35
      Required ratio:    0.00 (Cumulative area) 
      Partial area ratio:   57.95
      Required ratio: 2956.40 (Side area) 
      Cumulative area ratio:   80.02
      Required ratio:    0.00 (Cumulative side area) 


  Pin:   _13357_/B (sky130_fd_sc_hd__and2_0)
    Layer: mcon
      Partial area ratio:    0.23
      Required ratio:    3.00 (Gate area) 
      Cumulative area ratio:    0.23
      Required ratio:    0.00 (Cumulative area) 

    Layer: met1
      Partial area ratio:    3.70
      Required ratio:    0.00 (Gate area) 
      Cumulative area ratio:    3.70
      Required ratio:    0.00 (Cumulative area) 
      Partial area ratio:   17.52
      Required ratio:  400.00 (Side area) 
      Cumulative area ratio:   17.52
      Required ratio:    0.00 (Cumulative side area) 

    Layer: via
      Partial area ratio:    0.18
      Required ratio:    6.00 (Gate area) 
      Cumulative area ratio:    0.41
      Required ratio:    0.00 (Cumulative area) 

    Layer: met2
      Partial area ratio:   11.70
      Required ratio:    0.00 (Gate area) 
      Cumulative area ratio:   15.40
      Required ratio:    0.00 (Cumulative area) 
      Partial area ratio:   57.95
      Required ratio: 2956.40 (Side area) 
      Cumulative area ratio:   75.47
      Required ratio:    0.00 (Cumulative side area) 


  Pin:   _13358_/B (sky130_fd_sc_hd__and2_0)
    Layer: mcon
      Partial area ratio:    0.23
      Required ratio:    3.00 (Gate area) 
      Cumulative area ratio:    0.23
      Required ratio:    0.00 (Cumulative area) 

    Layer: met1
      Partial area ratio:   88.28
      Required ratio:    0.00 (Gate area) 
      Cumulative area ratio:   88.28
      Required ratio:    0.00 (Cumulative area) 
      Partial area ratio:  439.07
      Required ratio:  400.00 (Side area) (VIOLATED)
      Cumulative area ratio:  439.07
      Required ratio:    0.00 (Cumulative side area) 

    Layer: via
      Partial area ratio:    0.54
      Required ratio:    6.00 (Gate area) 
      Cumulative area ratio:    0.77
      Required ratio:    0.00 (Cumulative area) 

    Layer: met2
      Partial area ratio:   11.70
      Required ratio:    0.00 (Gate area) 
      Cumulative area ratio:   99.98
      Required ratio:    0.00 (Cumulative area) 
      Partial area ratio:   57.95
      Required ratio: 2956.40 (Side area) 
      Cumulative area ratio:  497.02
      Required ratio:    0.00 (Cumulative side area) 


  Pin:   _13359_/A2 (sky130_fd_sc_hd__a22o_1)
    Layer: mcon
      Partial area ratio:    0.12
      Required ratio:    3.00 (Gate area) 
      Cumulative area ratio:    0.12
      Required ratio:    0.00 (Cumulative area) 

    Layer: met1
      Partial area ratio:    3.70
      Required ratio:    0.00 (Gate area) 
      Cumulative area ratio:    3.70
      Required ratio:    0.00 (Cumulative area) 
      Partial area ratio:   17.52
      Required ratio:  400.00 (Side area) 
      Cumulative area ratio:   17.52
      Required ratio:    0.00 (Cumulative side area) 

    Layer: via
      Partial area ratio:    0.18
      Required ratio:    6.00 (Gate area) 
      Cumulative area ratio:    0.30
      Required ratio:    0.00 (Cumulative area) 

    Layer: met2
      Partial area ratio:   11.70
      Required ratio:    0.00 (Gate area) 
      Cumulative area ratio:   15.40
      Required ratio:    0.00 (Cumulative area) 
      Partial area ratio:   57.95
      Required ratio: 2956.40 (Side area) 
      Cumulative area ratio:   75.47
      Required ratio:    0.00 (Cumulative side area) 


  Pin:   _13485_/B1 (sky130_fd_sc_hd__a22o_1)
    Layer: mcon
      Partial area ratio:    0.12
      Required ratio:    3.00 (Gate area) 
      Cumulative area ratio:    0.12
      Required ratio:    0.00 (Cumulative area) 

    Layer: met1
      Partial area ratio:    6.94
      Required ratio:    0.00 (Gate area) 
      Cumulative area ratio:    6.94
      Required ratio:    0.00 (Cumulative area) 
      Partial area ratio:   33.52
      Required ratio:  400.00 (Side area) 
      Cumulative area ratio:   33.52
      Required ratio:    0.00 (Cumulative side area) 

    Layer: via
      Partial area ratio:    0.27
      Required ratio:    6.00 (Gate area) 
      Cumulative area ratio:    0.39
      Required ratio:    0.00 (Cumulative area) 

    Layer: met2
      Partial area ratio:   11.70
      Required ratio:    0.00 (Gate area) 
      Cumulative area ratio:   18.64
      Required ratio:    0.00 (Cumulative area) 
      Partial area ratio:   57.95
      Required ratio: 2956.40 (Side area) 
      Cumulative area ratio:   91.47
      Required ratio:    0.00 (Cumulative side area) 


  Pin:   _13573_/B (sky130_fd_sc_hd__and2_0)
    Layer: mcon
      Partial area ratio:    0.23
      Required ratio:    3.00 (Gate area) 
      Cumulative area ratio:    0.23
      Required ratio:    0.00 (Cumulative area) 

    Layer: met1
      Partial area ratio:   75.77
      Required ratio:    0.00 (Gate area) 
      Cumulative area ratio:   75.77
      Required ratio:    0.00 (Cumulative area) 
      Partial area ratio:  376.54
      Required ratio:  400.00 (Side area) 
      Cumulative area ratio:  376.54
      Required ratio:    0.00 (Cumulative side area) 

    Layer: via
      Partial area ratio:    0.54
      Required ratio:    6.00 (Gate area) 
      Cumulative area ratio:    0.77
      Required ratio:    0.00 (Cumulative area) 

    Layer: met2
      Partial area ratio:   11.70
      Required ratio:    0.00 (Gate area) 
      Cumulative area ratio:   87.48
      Required ratio:    0.00 (Cumulative area) 
      Partial area ratio:   57.95
      Required ratio: 2956.40 (Side area) 
      Cumulative area ratio:  434.49
      Required ratio:    0.00 (Cumulative side area) 



Net: net711
  Pin:   _15368_/C (sky130_fd_sc_hd__nand4_1)
    Layer: mcon
      Partial area ratio:    0.12
      Required ratio:    3.00 (Gate area) 
      Cumulative area ratio:    0.12
      Required ratio:    0.00 (Cumulative area) 

    Layer: met1
      Partial area ratio:    2.09
      Required ratio:    0.00 (Gate area) 
      Cumulative area ratio:    2.09
      Required ratio:    0.00 (Cumulative area) 
      Partial area ratio:    9.70
      Required ratio:  400.00 (Side area) 
      Cumulative area ratio:    9.70
      Required ratio:    0.00 (Cumulative side area) 

    Layer: via
      Partial area ratio:    0.18
      Required ratio:    6.00 (Gate area) 
      Cumulative area ratio:    0.30
      Required ratio:    0.00 (Cumulative area) 

    Layer: met2
      Partial area ratio:    5.13
      Required ratio:    0.00 (Gate area) 
      Cumulative area ratio:    7.23
      Required ratio:    0.00 (Cumulative area) 
      Partial area ratio:   24.90
      Required ratio: 2956.40 (Side area) 
      Cumulative area ratio:   34.61
      Required ratio:    0.00 (Cumulative side area) 

    Layer: via2
      Partial area ratio:    0.16
      Required ratio:   38.08 (Gate area) 
      Cumulative area ratio:    0.46
      Required ratio:    0.00 (Cumulative area) 

    Layer: met3
      Partial area ratio:    0.50
      Required ratio:    0.00 (Gate area) 
      Cumulative area ratio:    7.73
      Required ratio:    0.00 (Cumulative area) 
      Partial area ratio:    4.59
      Required ratio: 2956.40 (Side area) 
      Cumulative area ratio:   39.20
      Required ratio:    0.00 (Cumulative side area) 

    Layer: via3
      Partial area ratio:    0.16
      Required ratio:   38.08 (Gate area) 
      Cumulative area ratio:    0.62
      Required ratio:    0.00 (Cumulative area) 

    Layer: met4
      Partial area ratio:   79.69
      Required ratio:    0.00 (Gate area) 
      Cumulative area ratio:   87.42
      Required ratio:    0.00 (Cumulative area) 
      Partial area ratio:  425.99
      Required ratio: 2956.40 (Side area) 
      Cumulative area ratio:  465.18
      Required ratio:    0.00 (Cumulative side area) 


  Pin:   fanout705/A (sky130_fd_sc_hd__buf_4)
    Layer: mcon
      Partial area ratio:    0.12
      Required ratio:    3.00 (Gate area) 
      Cumulative area ratio:    0.12
      Required ratio:    0.00 (Cumulative area) 

    Layer: met1
      Partial area ratio:    6.19
      Required ratio:    0.00 (Gate area) 
      Cumulative area ratio:    6.19
      Required ratio:    0.00 (Cumulative area) 
      Partial area ratio:   30.18
      Required ratio:  400.00 (Side area) 
      Cumulative area ratio:   30.18
      Required ratio:    0.00 (Cumulative side area) 

    Layer: via
      Partial area ratio:    0.18
      Required ratio:    6.00 (Gate area) 
      Cumulative area ratio:    0.30
      Required ratio:    0.00 (Cumulative area) 

    Layer: met2
      Partial area ratio:  141.40
      Required ratio:    0.00 (Gate area) 
      Cumulative area ratio:  147.59
      Required ratio:    0.00 (Cumulative area) 
      Partial area ratio:  706.29
      Required ratio:  400.00 (Side area) (VIOLATED)
      Cumulative area ratio:  736.47
      Required ratio:    0.00 (Cumulative side area) 

    Layer: via2
      Partial area ratio:    0.16
      Required ratio:    6.00 (Gate area) 
      Cumulative area ratio:    0.46
      Required ratio:    0.00 (Cumulative area) 

    Layer: met3
      Partial area ratio:   59.05
      Required ratio:    0.00 (Gate area) 
      Cumulative area ratio:  206.64
      Required ratio:    0.00 (Cumulative area) 
      Partial area ratio:  316.80
      Required ratio:  400.00 (Side area) 
      Cumulative area ratio: 1053.27
      Required ratio:    0.00 (Cumulative side area) 

    Layer: via3
      Partial area ratio:    0.16
      Required ratio:    6.00 (Gate area) 
      Cumulative area ratio:    0.62
      Required ratio:    0.00 (Cumulative area) 

    Layer: met4
      Partial area ratio:   79.69
      Required ratio:    0.00 (Gate area) 
      Cumulative area ratio:  286.33
      Required ratio:    0.00 (Cumulative area) 
      Partial area ratio:  425.99
      Required ratio: 2956.40 (Side area) 
      Cumulative area ratio: 1479.26
      Required ratio:    0.00 (Cumulative side area) 



Net: net768
  Pin:   fanout764/A (sky130_fd_sc_hd__buf_4)
    Layer: mcon
      Partial area ratio:    0.12
      Required ratio:    3.00 (Gate area) 
      Cumulative area ratio:    0.12
      Required ratio:    0.00 (Cumulative area) 

    Layer: met1
      Partial area ratio:   90.29
      Required ratio:    0.00 (Gate area) 
      Cumulative area ratio:   90.29
      Required ratio:    0.00 (Cumulative area) 
      Partial area ratio:  450.77
      Required ratio:  400.00 (Side area) (VIOLATED)
      Cumulative area ratio:  450.77
      Required ratio:    0.00 (Cumulative side area) 

    Layer: via
      Partial area ratio:    0.18
      Required ratio:    6.00 (Gate area) 
      Cumulative area ratio:    0.30
      Required ratio:    0.00 (Cumulative area) 

    Layer: met2
      Partial area ratio:   70.11
      Required ratio:    0.00 (Gate area) 
      Cumulative area ratio:  160.41
      Required ratio:    0.00 (Cumulative area) 
      Partial area ratio:  350.02
      Required ratio: 3134.60 (Side area) 
      Cumulative area ratio:  800.79
      Required ratio:    0.00 (Cumulative side area) 


  Pin:   fanout766/A (sky130_fd_sc_hd__clkbuf_4)
    Layer: mcon
      Partial area ratio:    0.14
      Required ratio:    3.00 (Gate area) 
      Cumulative area ratio:    0.14
      Required ratio:    0.00 (Cumulative area) 

    Layer: met1
      Partial area ratio:    2.26
      Required ratio:    0.00 (Gate area) 
      Cumulative area ratio:    2.26
      Required ratio:    0.00 (Cumulative area) 
      Partial area ratio:   10.14
      Required ratio:  400.00 (Side area) 
      Cumulative area ratio:   10.14
      Required ratio:    0.00 (Cumulative side area) 

    Layer: via
      Partial area ratio:    0.21
      Required ratio:    6.00 (Gate area) 
      Cumulative area ratio:    0.35
      Required ratio:    0.00 (Cumulative area) 

    Layer: met2
      Partial area ratio:   70.11
      Required ratio:    0.00 (Gate area) 
      Cumulative area ratio:   72.38
      Required ratio:    0.00 (Cumulative area) 
      Partial area ratio:  350.02
      Required ratio: 3134.60 (Side area) 
      Cumulative area ratio:  360.15
      Required ratio:    0.00 (Cumulative side area) 



Net: net850
  Pin:   _12216_/B (sky130_fd_sc_hd__and2_0)
    Layer: mcon
      Partial area ratio:    0.23
      Required ratio:    3.00 (Gate area) 
      Cumulative area ratio:    0.23
      Required ratio:    0.00 (Cumulative area) 

    Layer: met1
      Partial area ratio:    3.57
      Required ratio:    0.00 (Gate area) 
      Cumulative area ratio:    3.57
      Required ratio:    0.00 (Cumulative area) 
      Partial area ratio:   16.37
      Required ratio:  400.00 (Side area) 
      Cumulative area ratio:   16.37
      Required ratio:    0.00 (Cumulative side area) 

    Layer: via
      Partial area ratio:    0.36
      Required ratio:    6.00 (Gate area) 
      Cumulative area ratio:    0.59
      Required ratio:    0.00 (Cumulative area) 

    Layer: met2
      Partial area ratio:   12.96
      Required ratio:    0.00 (Gate area) 
      Cumulative area ratio:   16.53
      Required ratio:    0.00 (Cumulative area) 
      Partial area ratio:   64.31
      Required ratio: 2759.04 (Side area) 
      Cumulative area ratio:   80.68
      Required ratio:    0.00 (Cumulative side area) 


  Pin:   _14655_/B (sky130_fd_sc_hd__nand2_1)
    Layer: mcon
      Partial area ratio:    0.12
      Required ratio:    3.00 (Gate area) 
      Cumulative area ratio:    0.12
      Required ratio:    0.00 (Cumulative area) 

    Layer: met1
      Partial area ratio:   95.52
      Required ratio:    0.00 (Gate area) 
      Cumulative area ratio:   95.52
      Required ratio:    0.00 (Cumulative area) 
      Partial area ratio:  476.44
      Required ratio:  400.00 (Side area) (VIOLATED)
      Cumulative area ratio:  476.44
      Required ratio:    0.00 (Cumulative side area) 

    Layer: via
      Partial area ratio:    0.27
      Required ratio:    6.00 (Gate area) 
      Cumulative area ratio:    0.39
      Required ratio:    0.00 (Cumulative area) 

    Layer: met2
      Partial area ratio:   12.96
      Required ratio:    0.00 (Gate area) 
      Cumulative area ratio:  108.49
      Required ratio:    0.00 (Cumulative area) 
      Partial area ratio:   64.31
      Required ratio: 2759.04 (Side area) 
      Cumulative area ratio:  540.75
      Required ratio:    0.00 (Cumulative side area) 


  Pin:   _14748_/B (sky130_fd_sc_hd__nand2_1)
    Layer: mcon
      Partial area ratio:    0.12
      Required ratio:    3.00 (Gate area) 
      Cumulative area ratio:    0.12
      Required ratio:    0.00 (Cumulative area) 

    Layer: met1
      Partial area ratio:    2.19
      Required ratio:    0.00 (Gate area) 
      Cumulative area ratio:    2.19
      Required ratio:    0.00 (Cumulative area) 
      Partial area ratio:   10.20
      Required ratio:  400.00 (Side area) 
      Cumulative area ratio:   10.20
      Required ratio:    0.00 (Cumulative side area) 

    Layer: via
      Partial area ratio:    0.18
      Required ratio:    6.00 (Gate area) 
      Cumulative area ratio:    0.30
      Required ratio:    0.00 (Cumulative area) 

    Layer: met2
      Partial area ratio:   12.96
      Required ratio:    0.00 (Gate area) 
      Cumulative area ratio:   15.15
      Required ratio:    0.00 (Cumulative area) 
      Partial area ratio:   64.31
      Required ratio: 2759.04 (Side area) 
      Cumulative area ratio:   74.51
      Required ratio:    0.00 (Cumulative side area) 


  Pin:   load_slew851/A (sky130_fd_sc_hd__buf_4)
    Layer: mcon
      Partial area ratio:    0.12
      Required ratio:    3.00 (Gate area) 
      Cumulative area ratio:    0.12
      Required ratio:    0.00 (Cumulative area) 

    Layer: met1
      Partial area ratio:    3.30
      Required ratio:    0.00 (Gate area) 
      Cumulative area ratio:    3.30
      Required ratio:    0.00 (Cumulative area) 
      Partial area ratio:   15.35
      Required ratio: 2759.04 (Side area) 
      Cumulative area ratio:   15.35
      Required ratio:    0.00 (Cumulative side area) 

    Layer: via
      Partial area ratio:    0.21
      Required ratio:   20.31 (Gate area) 
      Cumulative area ratio:    0.33
      Required ratio:    0.00 (Cumulative area) 

    Layer: met2
      Partial area ratio:   12.96
      Required ratio:    0.00 (Gate area) 
      Cumulative area ratio:   16.26
      Required ratio:    0.00 (Cumulative area) 
      Partial area ratio:   64.31
      Required ratio: 2759.04 (Side area) 
      Cumulative area ratio:   79.66
      Required ratio:    0.00 (Cumulative side area) 



Net: net915
  Pin:   fanout902/A (sky130_fd_sc_hd__clkdlybuf4s50_1)
    Layer: mcon
      Partial area ratio:    0.14
      Required ratio:    3.00 (Gate area) 
      Cumulative area ratio:    0.14
      Required ratio:    0.00 (Cumulative area) 

    Layer: met1
      Partial area ratio:    1.92
      Required ratio:    0.00 (Gate area) 
      Cumulative area ratio:    1.92
      Required ratio:    0.00 (Cumulative area) 
      Partial area ratio:    8.75
      Required ratio:  400.00 (Side area) 
      Cumulative area ratio:    8.75
      Required ratio:    0.00 (Cumulative side area) 

    Layer: via
      Partial area ratio:    0.21
      Required ratio:    6.00 (Gate area) 
      Cumulative area ratio:    0.35
      Required ratio:    0.00 (Cumulative area) 

    Layer: met2
      Partial area ratio:   94.13
      Required ratio:    0.00 (Gate area) 
      Cumulative area ratio:   96.05
      Required ratio:    0.00 (Cumulative area) 
      Partial area ratio:  470.02
      Required ratio: 3134.60 (Side area) 
      Cumulative area ratio:  478.77
      Required ratio:    0.00 (Cumulative side area) 


  Pin:   fanout904/A (sky130_fd_sc_hd__clkdlybuf4s50_1)
    Layer: mcon
      Partial area ratio:    0.14
      Required ratio:    3.00 (Gate area) 
      Cumulative area ratio:    0.14
      Required ratio:    0.00 (Cumulative area) 

    Layer: met1
      Partial area ratio:  111.67
      Required ratio:    0.00 (Gate area) 
      Cumulative area ratio:  111.67
      Required ratio:    0.00 (Cumulative area) 
      Partial area ratio:  556.97
      Required ratio:  400.00 (Side area) (VIOLATED)
      Cumulative area ratio:  556.97
      Required ratio:    0.00 (Cumulative side area) 

    Layer: via
      Partial area ratio:    0.32
      Required ratio:    6.00 (Gate area) 
      Cumulative area ratio:    0.45
      Required ratio:    0.00 (Cumulative area) 

    Layer: met2
      Partial area ratio:   94.13
      Required ratio:    0.00 (Gate area) 
      Cumulative area ratio:  205.80
      Required ratio:    0.00 (Cumulative area) 
      Partial area ratio:  470.02
      Required ratio: 3134.60 (Side area) 
      Cumulative area ratio: 1026.99
      Required ratio:    0.00 (Cumulative side area) 



Net: net925
  Pin:   fanout918/A (sky130_fd_sc_hd__clkdlybuf4s15_2)
    Layer: mcon
      Partial area ratio:    0.14
      Required ratio:    3.00 (Gate area) 
      Cumulative area ratio:    0.14
      Required ratio:    0.00 (Cumulative area) 

    Layer: met1
      Partial area ratio:  165.23
      Required ratio:    0.00 (Gate area) 
      Cumulative area ratio:  165.23
      Required ratio:    0.00 (Cumulative area) 
      Partial area ratio:  824.78
      Required ratio:  400.00 (Side area) (VIOLATED)
      Cumulative area ratio:  824.78
      Required ratio:    0.00 (Cumulative side area) 

    Layer: via
      Partial area ratio:    0.32
      Required ratio:    6.00 (Gate area) 
      Cumulative area ratio:    0.45
      Required ratio:    0.00 (Cumulative area) 

    Layer: met2
      Partial area ratio:   69.18
      Required ratio:    0.00 (Gate area) 
      Cumulative area ratio:  234.42
      Required ratio:    0.00 (Cumulative area) 
      Partial area ratio:  345.30
      Required ratio: 2956.40 (Side area) 
      Cumulative area ratio: 1170.08
      Required ratio:    0.00 (Cumulative side area) 


  Pin:   fanout920/A (sky130_fd_sc_hd__clkdlybuf4s15_2)
    Layer: mcon
      Partial area ratio:    0.14
      Required ratio:    3.00 (Gate area) 
      Cumulative area ratio:    0.14
      Required ratio:    0.00 (Cumulative area) 

    Layer: met1
      Partial area ratio:    3.06
      Required ratio:    0.00 (Gate area) 
      Cumulative area ratio:    3.06
      Required ratio:    0.00 (Cumulative area) 
      Partial area ratio:   14.44
      Required ratio:  400.00 (Side area) 
      Cumulative area ratio:   14.44
      Required ratio:    0.00 (Cumulative side area) 

    Layer: via
      Partial area ratio:    0.21
      Required ratio:    6.00 (Gate area) 
      Cumulative area ratio:    0.35
      Required ratio:    0.00 (Cumulative area) 

    Layer: met2
      Partial area ratio:   69.18
      Required ratio:    0.00 (Gate area) 
      Cumulative area ratio:   72.25
      Required ratio:    0.00 (Cumulative area) 
      Partial area ratio:  345.30
      Required ratio: 2956.40 (Side area) 
      Cumulative area ratio:  359.74
      Required ratio:    0.00 (Cumulative side area) 



Net: net931
  Pin:   _16519_/A (sky130_fd_sc_hd__nand2_1)
    Layer: mcon
      Partial area ratio:    0.12
      Required ratio:    3.00 (Gate area) 
      Cumulative area ratio:    0.12
      Required ratio:    0.00 (Cumulative area) 

    Layer: met1
      Partial area ratio:    6.57
      Required ratio:    0.00 (Gate area) 
      Cumulative area ratio:    6.57
      Required ratio:    0.00 (Cumulative area) 
      Partial area ratio:   31.64
      Required ratio:  400.00 (Side area) 
      Cumulative area ratio:   31.64
      Required ratio:    0.00 (Cumulative side area) 

    Layer: via
      Partial area ratio:    0.27
      Required ratio:    6.00 (Gate area) 
      Cumulative area ratio:    0.39
      Required ratio:    0.00 (Cumulative area) 

    Layer: met2
      Partial area ratio:   40.35
      Required ratio:    0.00 (Gate area) 
      Cumulative area ratio:   46.92
      Required ratio:    0.00 (Cumulative area) 
      Partial area ratio:  201.05
      Required ratio: 2956.40 (Side area) 
      Cumulative area ratio:  232.69
      Required ratio:    0.00 (Cumulative side area) 


  Pin:   _16522_/A (sky130_fd_sc_hd__and2_0)
    Layer: mcon
      Partial area ratio:    0.23
      Required ratio:    3.00 (Gate area) 
      Cumulative area ratio:    0.23
      Required ratio:    0.00 (Cumulative area) 

    Layer: met1
      Partial area ratio:    4.70
      Required ratio:    0.00 (Gate area) 
      Cumulative area ratio:    4.70
      Required ratio:    0.00 (Cumulative area) 
      Partial area ratio:   22.02
      Required ratio:  400.00 (Side area) 
      Cumulative area ratio:   22.02
      Required ratio:    0.00 (Cumulative side area) 

    Layer: via
      Partial area ratio:    0.36
      Required ratio:    6.00 (Gate area) 
      Cumulative area ratio:    0.59
      Required ratio:    0.00 (Cumulative area) 

    Layer: met2
      Partial area ratio:   40.35
      Required ratio:    0.00 (Gate area) 
      Cumulative area ratio:   45.05
      Required ratio:    0.00 (Cumulative area) 
      Partial area ratio:  201.05
      Required ratio: 2956.40 (Side area) 
      Cumulative area ratio:  223.07
      Required ratio:    0.00 (Cumulative side area) 


  Pin:   _16754_/A (sky130_fd_sc_hd__and2_0)
    Layer: mcon
      Partial area ratio:    0.23
      Required ratio:    3.00 (Gate area) 
      Cumulative area ratio:    0.23
      Required ratio:    0.00 (Cumulative area) 

    Layer: met1
      Partial area ratio:    3.54
      Required ratio:    0.00 (Gate area) 
      Cumulative area ratio:    3.54
      Required ratio:    0.00 (Cumulative area) 
      Partial area ratio:   16.24
      Required ratio:  400.00 (Side area) 
      Cumulative area ratio:   16.24
      Required ratio:    0.00 (Cumulative side area) 

    Layer: via
      Partial area ratio:    0.36
      Required ratio:    6.00 (Gate area) 
      Cumulative area ratio:    0.59
      Required ratio:    0.00 (Cumulative area) 

    Layer: met2
      Partial area ratio:   40.35
      Required ratio:    0.00 (Gate area) 
      Cumulative area ratio:   43.89
      Required ratio:    0.00 (Cumulative area) 
      Partial area ratio:  201.05
      Required ratio: 2956.40 (Side area) 
      Cumulative area ratio:  217.29
      Required ratio:    0.00 (Cumulative side area) 


  Pin:   fanout928/A (sky130_fd_sc_hd__clkdlybuf4s15_2)
    Layer: mcon
      Partial area ratio:    0.14
      Required ratio:    3.00 (Gate area) 
      Cumulative area ratio:    0.14
      Required ratio:    0.00 (Cumulative area) 

    Layer: met1
      Partial area ratio:  129.98
      Required ratio:    0.00 (Gate area) 
      Cumulative area ratio:  129.98
      Required ratio:    0.00 (Cumulative area) 
      Partial area ratio:  649.03
      Required ratio:  400.00 (Side area) (VIOLATED)
      Cumulative area ratio:  649.03
      Required ratio:    0.00 (Cumulative side area) 

    Layer: via
      Partial area ratio:    0.21
      Required ratio:    6.00 (Gate area) 
      Cumulative area ratio:    0.35
      Required ratio:    0.00 (Cumulative area) 

    Layer: met2
      Partial area ratio:   40.35
      Required ratio:    0.00 (Gate area) 
      Cumulative area ratio:  170.33
      Required ratio:    0.00 (Cumulative area) 
      Partial area ratio:  201.05
      Required ratio: 2956.40 (Side area) 
      Cumulative area ratio:  850.08
      Required ratio:    0.00 (Cumulative side area) 



Net: net953
  Pin:   fanout935/A (sky130_fd_sc_hd__clkdlybuf4s50_1)
    Layer: mcon
      Partial area ratio:    0.14
      Required ratio:    3.00 (Gate area) 
      Cumulative area ratio:    0.14
      Required ratio:    0.00 (Cumulative area) 

    Layer: met1
      Partial area ratio:   24.53
      Required ratio:    0.00 (Gate area) 
      Cumulative area ratio:   24.53
      Required ratio:    0.00 (Cumulative area) 
      Partial area ratio:  121.29
      Required ratio:  400.00 (Side area) 
      Cumulative area ratio:  121.29
      Required ratio:    0.00 (Cumulative side area) 

    Layer: via
      Partial area ratio:    0.32
      Required ratio:    6.00 (Gate area) 
      Cumulative area ratio:    0.45
      Required ratio:    0.00 (Cumulative area) 

    Layer: met2
      Partial area ratio:    6.37
      Required ratio:    0.00 (Gate area) 
      Cumulative area ratio:   30.91
      Required ratio:    0.00 (Cumulative area) 
      Partial area ratio:   30.92
      Required ratio: 2956.40 (Side area) 
      Cumulative area ratio:  152.22
      Required ratio:    0.00 (Cumulative side area) 

    Layer: via2
      Partial area ratio:    0.19
      Required ratio:   38.08 (Gate area) 
      Cumulative area ratio:    0.64
      Required ratio:    0.00 (Cumulative area) 

    Layer: met3
      Partial area ratio:  141.19
      Required ratio:    0.00 (Gate area) 
      Cumulative area ratio:  172.10
      Required ratio:    0.00 (Cumulative area) 
      Partial area ratio:  754.14
      Required ratio: 2956.40 (Side area) 
      Cumulative area ratio:  906.36
      Required ratio:    0.00 (Cumulative side area) 


  Pin:   fanout937/A (sky130_fd_sc_hd__clkdlybuf4s50_1)
    Layer: mcon
      Partial area ratio:    0.14
      Required ratio:    3.00 (Gate area) 
      Cumulative area ratio:    0.14
      Required ratio:    0.00 (Cumulative area) 

    Layer: met1
      Partial area ratio:    1.90
      Required ratio:    0.00 (Gate area) 
      Cumulative area ratio:    1.90
      Required ratio:    0.00 (Cumulative area) 
      Partial area ratio:    8.62
      Required ratio:  400.00 (Side area) 
      Cumulative area ratio:    8.62
      Required ratio:    0.00 (Cumulative side area) 

    Layer: via
      Partial area ratio:    0.21
      Required ratio:    6.00 (Gate area) 
      Cumulative area ratio:    0.35
      Required ratio:    0.00 (Cumulative area) 

    Layer: met2
      Partial area ratio:  146.17
      Required ratio:    0.00 (Gate area) 
      Cumulative area ratio:  148.07
      Required ratio:    0.00 (Cumulative area) 
      Partial area ratio:  729.99
      Required ratio:  400.00 (Side area) (VIOLATED)
      Cumulative area ratio:  738.61
      Required ratio:    0.00 (Cumulative side area) 

    Layer: via2
      Partial area ratio:    0.19
      Required ratio:    6.00 (Gate area) 
      Cumulative area ratio:    0.53
      Required ratio:    0.00 (Cumulative area) 

    Layer: met3
      Partial area ratio:  141.19
      Required ratio:    0.00 (Gate area) 
      Cumulative area ratio:  289.26
      Required ratio:    0.00 (Cumulative area) 
      Partial area ratio:  754.14
      Required ratio: 2956.40 (Side area) 
      Cumulative area ratio: 1492.75
      Required ratio:    0.00 (Cumulative side area) 



Net: net968
  Pin:   _16473_/A (sky130_fd_sc_hd__and2_0)
    Layer: mcon
      Partial area ratio:    0.23
      Required ratio:    3.00 (Gate area) 
      Cumulative area ratio:    0.23
      Required ratio:    0.00 (Cumulative area) 

    Layer: met1
      Partial area ratio:    5.08
      Required ratio:    0.00 (Gate area) 
      Cumulative area ratio:    5.08
      Required ratio:    0.00 (Cumulative area) 
      Partial area ratio:   23.93
      Required ratio:  400.00 (Side area) 
      Cumulative area ratio:   23.93
      Required ratio:    0.00 (Cumulative side area) 

    Layer: via
      Partial area ratio:    0.36
      Required ratio:    6.00 (Gate area) 
      Cumulative area ratio:    0.59
      Required ratio:    0.00 (Cumulative area) 

    Layer: met2
      Partial area ratio:   47.25
      Required ratio:    0.00 (Gate area) 
      Cumulative area ratio:   52.33
      Required ratio:    0.00 (Cumulative area) 
      Partial area ratio:  235.51
      Required ratio: 3134.60 (Side area) 
      Cumulative area ratio:  259.45
      Required ratio:    0.00 (Cumulative side area) 


  Pin:   _16500_/A (sky130_fd_sc_hd__and2_0)
    Layer: mcon
      Partial area ratio:    0.23
      Required ratio:    3.00 (Gate area) 
      Cumulative area ratio:    0.23
      Required ratio:    0.00 (Cumulative area) 

    Layer: met1
      Partial area ratio:    3.14
      Required ratio:    0.00 (Gate area) 
      Cumulative area ratio:    3.14
      Required ratio:    0.00 (Cumulative area) 
      Partial area ratio:   14.51
      Required ratio:  400.00 (Side area) 
      Cumulative area ratio:   14.51
      Required ratio:    0.00 (Cumulative side area) 

    Layer: via
      Partial area ratio:    0.36
      Required ratio:    6.00 (Gate area) 
      Cumulative area ratio:    0.59
      Required ratio:    0.00 (Cumulative area) 

    Layer: met2
      Partial area ratio:   47.25
      Required ratio:    0.00 (Gate area) 
      Cumulative area ratio:   50.39
      Required ratio:    0.00 (Cumulative area) 
      Partial area ratio:  235.51
      Required ratio: 3134.60 (Side area) 
      Cumulative area ratio:  250.03
      Required ratio:    0.00 (Cumulative side area) 


  Pin:   _16512_/A (sky130_fd_sc_hd__nand2_1)
    Layer: mcon
      Partial area ratio:    0.12
      Required ratio:    3.00 (Gate area) 
      Cumulative area ratio:    0.12
      Required ratio:    0.00 (Cumulative area) 

    Layer: met1
      Partial area ratio:  102.59
      Required ratio:    0.00 (Gate area) 
      Cumulative area ratio:  102.59
      Required ratio:    0.00 (Cumulative area) 
      Partial area ratio:  511.31
      Required ratio:  400.00 (Side area) (VIOLATED)
      Cumulative area ratio:  511.31
      Required ratio:    0.00 (Cumulative side area) 

    Layer: via
      Partial area ratio:    0.36
      Required ratio:    6.00 (Gate area) 
      Cumulative area ratio:    0.48
      Required ratio:    0.00 (Cumulative area) 

    Layer: met2
      Partial area ratio:   47.25
      Required ratio:    0.00 (Gate area) 
      Cumulative area ratio:  149.83
      Required ratio:    0.00 (Cumulative area) 
      Partial area ratio:  235.51
      Required ratio: 3134.60 (Side area) 
      Cumulative area ratio:  746.83
      Required ratio:    0.00 (Cumulative side area) 


  Pin:   fanout965/A (sky130_fd_sc_hd__clkdlybuf4s50_1)
    Layer: mcon
      Partial area ratio:    0.14
      Required ratio:    3.00 (Gate area) 
      Cumulative area ratio:    0.14
      Required ratio:    0.00 (Cumulative area) 

    Layer: met1
      Partial area ratio:    3.46
      Required ratio:    0.00 (Gate area) 
      Cumulative area ratio:    3.46
      Required ratio:    0.00 (Cumulative area) 
      Partial area ratio:   16.44
      Required ratio:  400.00 (Side area) 
      Cumulative area ratio:   16.44
      Required ratio:    0.00 (Cumulative side area) 

    Layer: via
      Partial area ratio:    0.21
      Required ratio:    6.00 (Gate area) 
      Cumulative area ratio:    0.35
      Required ratio:    0.00 (Cumulative area) 

    Layer: met2
      Partial area ratio:   47.25
      Required ratio:    0.00 (Gate area) 
      Cumulative area ratio:   50.71
      Required ratio:    0.00 (Cumulative area) 
      Partial area ratio:  235.51
      Required ratio: 3134.60 (Side area) 
      Cumulative area ratio:  251.96
      Required ratio:    0.00 (Cumulative side area) 



Net: net988
  Pin:   _16501_/A (sky130_fd_sc_hd__and2_0)
    Layer: mcon
      Partial area ratio:    0.23
      Required ratio:    3.00 (Gate area) 
      Cumulative area ratio:    0.23
      Required ratio:    0.00 (Cumulative area) 

    Layer: met1
      Partial area ratio:   14.39
      Required ratio:    0.00 (Gate area) 
      Cumulative area ratio:   14.39
      Required ratio:    0.00 (Cumulative area) 
      Partial area ratio:   69.60
      Required ratio:  400.00 (Side area) 
      Cumulative area ratio:   69.60
      Required ratio:    0.00 (Cumulative side area) 

    Layer: via
      Partial area ratio:    0.54
      Required ratio:    6.00 (Gate area) 
      Cumulative area ratio:    0.77
      Required ratio:    0.00 (Cumulative area) 

    Layer: met2
      Partial area ratio:   45.68
      Required ratio:    0.00 (Gate area) 
      Cumulative area ratio:   60.06
      Required ratio:    0.00 (Cumulative area) 
      Partial area ratio:  227.45
      Required ratio: 2918.08 (Side area) 
      Cumulative area ratio:  297.05
      Required ratio:    0.00 (Cumulative side area) 


  Pin:   _16513_/A (sky130_fd_sc_hd__and2_0)
    Layer: mcon
      Partial area ratio:    0.23
      Required ratio:    3.00 (Gate area) 
      Cumulative area ratio:    0.23
      Required ratio:    0.00 (Cumulative area) 

    Layer: met1
      Partial area ratio:   28.08
      Required ratio:    0.00 (Gate area) 
      Cumulative area ratio:   28.08
      Required ratio:    0.00 (Cumulative area) 
      Partial area ratio:  138.08
      Required ratio:  400.00 (Side area) 
      Cumulative area ratio:  138.08
      Required ratio:    0.00 (Cumulative side area) 

    Layer: via
      Partial area ratio:    0.54
      Required ratio:    6.00 (Gate area) 
      Cumulative area ratio:    0.77
      Required ratio:    0.00 (Cumulative area) 

    Layer: met2
      Partial area ratio:   45.68
      Required ratio:    0.00 (Gate area) 
      Cumulative area ratio:   73.76
      Required ratio:    0.00 (Cumulative area) 
      Partial area ratio:  227.45
      Required ratio: 2918.08 (Side area) 
      Cumulative area ratio:  365.53
      Required ratio:    0.00 (Cumulative side area) 


  Pin:   fanout984/A (sky130_fd_sc_hd__clkdlybuf4s50_1)
    Layer: mcon
      Partial area ratio:    0.14
      Required ratio:    3.00 (Gate area) 
      Cumulative area ratio:    0.14
      Required ratio:    0.00 (Cumulative area) 

    Layer: met1
      Partial area ratio:    4.70
      Required ratio:    0.00 (Gate area) 
      Cumulative area ratio:    4.70
      Required ratio:    0.00 (Cumulative area) 
      Partial area ratio:   22.62
      Required ratio:  400.00 (Side area) 
      Cumulative area ratio:   22.62
      Required ratio:    0.00 (Cumulative side area) 

    Layer: via
      Partial area ratio:    0.21
      Required ratio:    6.00 (Gate area) 
      Cumulative area ratio:    0.35
      Required ratio:    0.00 (Cumulative area) 

    Layer: met2
      Partial area ratio:   45.68
      Required ratio:    0.00 (Gate area) 
      Cumulative area ratio:   50.38
      Required ratio:    0.00 (Cumulative area) 
      Partial area ratio:  227.45
      Required ratio: 2918.08 (Side area) 
      Cumulative area ratio:  250.07
      Required ratio:    0.00 (Cumulative side area) 


  Pin:   fanout986/A (sky130_fd_sc_hd__clkdlybuf4s50_1)
    Layer: mcon
      Partial area ratio:    0.14
      Required ratio:    3.00 (Gate area) 
      Cumulative area ratio:    0.14
      Required ratio:    0.00 (Cumulative area) 

    Layer: met1
      Partial area ratio:   88.16
      Required ratio:    0.00 (Gate area) 
      Cumulative area ratio:   88.16
      Required ratio:    0.00 (Cumulative area) 
      Partial area ratio:  439.40
      Required ratio:  400.00 (Side area) (VIOLATED)
      Cumulative area ratio:  439.40
      Required ratio:    0.00 (Cumulative side area) 

    Layer: via
      Partial area ratio:    0.32
      Required ratio:    6.00 (Gate area) 
      Cumulative area ratio:    0.45
      Required ratio:    0.00 (Cumulative area) 

    Layer: met2
      Partial area ratio:   45.68
      Required ratio:    0.00 (Gate area) 
      Cumulative area ratio:  133.83
      Required ratio:    0.00 (Cumulative area) 
      Partial area ratio:  227.45
      Required ratio: 2918.08 (Side area) 
      Cumulative area ratio:  666.85
      Required ratio:    0.00 (Cumulative side area) 



Net: net1005
  Pin:   _16475_/A (sky130_fd_sc_hd__nand2_1)
    Layer: mcon
      Partial area ratio:    0.12
      Required ratio:    3.00 (Gate area) 
      Cumulative area ratio:    0.12
      Required ratio:    0.00 (Cumulative area) 

    Layer: met1
      Partial area ratio:    5.02
      Required ratio:    0.00 (Gate area) 
      Cumulative area ratio:    5.02
      Required ratio:    0.00 (Cumulative area) 
      Partial area ratio:   24.37
      Required ratio:  400.00 (Side area) 
      Cumulative area ratio:   24.37
      Required ratio:    0.00 (Cumulative side area) 

    Layer: via
      Partial area ratio:    0.18
      Required ratio:    6.00 (Gate area) 
      Cumulative area ratio:    0.30
      Required ratio:    0.00 (Cumulative area) 

    Layer: met2
      Partial area ratio:   32.09
      Required ratio:    0.00 (Gate area) 
      Cumulative area ratio:   37.11
      Required ratio:    0.00 (Cumulative area) 
      Partial area ratio:  159.79
      Required ratio: 2956.40 (Side area) 
      Cumulative area ratio:  184.16
      Required ratio:    0.00 (Cumulative side area) 


  Pin:   _16502_/A (sky130_fd_sc_hd__and2_0)
    Layer: mcon
      Partial area ratio:    0.23
      Required ratio:    3.00 (Gate area) 
      Cumulative area ratio:    0.23
      Required ratio:    0.00 (Cumulative area) 

    Layer: met1
      Partial area ratio:    3.01
      Required ratio:    0.00 (Gate area) 
      Cumulative area ratio:    3.01
      Required ratio:    0.00 (Cumulative area) 
      Partial area ratio:   13.60
      Required ratio:  400.00 (Side area) 
      Cumulative area ratio:   13.60
      Required ratio:    0.00 (Cumulative side area) 

    Layer: via
      Partial area ratio:    0.36
      Required ratio:    6.00 (Gate area) 
      Cumulative area ratio:    0.59
      Required ratio:    0.00 (Cumulative area) 

    Layer: met2
      Partial area ratio:   32.09
      Required ratio:    0.00 (Gate area) 
      Cumulative area ratio:   35.10
      Required ratio:    0.00 (Cumulative area) 
      Partial area ratio:  159.79
      Required ratio: 2956.40 (Side area) 
      Cumulative area ratio:  173.39
      Required ratio:    0.00 (Cumulative side area) 


  Pin:   _16515_/A (sky130_fd_sc_hd__and2_0)
    Layer: mcon
      Partial area ratio:    0.23
      Required ratio:    3.00 (Gate area) 
      Cumulative area ratio:    0.23
      Required ratio:    0.00 (Cumulative area) 

    Layer: met1
      Partial area ratio:   14.82
      Required ratio:    0.00 (Gate area) 
      Cumulative area ratio:   14.82
      Required ratio:    0.00 (Cumulative area) 
      Partial area ratio:   71.79
      Required ratio:  400.00 (Side area) 
      Cumulative area ratio:   71.79
      Required ratio:    0.00 (Cumulative side area) 

    Layer: via
      Partial area ratio:    0.54
      Required ratio:    6.00 (Gate area) 
      Cumulative area ratio:    0.77
      Required ratio:    0.00 (Cumulative area) 

    Layer: met2
      Partial area ratio:   32.09
      Required ratio:    0.00 (Gate area) 
      Cumulative area ratio:   46.91
      Required ratio:    0.00 (Cumulative area) 
      Partial area ratio:  159.79
      Required ratio: 2956.40 (Side area) 
      Cumulative area ratio:  231.58
      Required ratio:    0.00 (Cumulative side area) 


  Pin:   _16733_/A (sky130_fd_sc_hd__nand2_1)
    Layer: mcon
      Partial area ratio:    0.12
      Required ratio:    3.00 (Gate area) 
      Cumulative area ratio:    0.12
      Required ratio:    0.00 (Cumulative area) 

    Layer: met1
      Partial area ratio:   90.72
      Required ratio:    0.00 (Gate area) 
      Cumulative area ratio:   90.72
      Required ratio:    0.00 (Cumulative area) 
      Partial area ratio:  452.43
      Required ratio:  400.00 (Side area) (VIOLATED)
      Cumulative area ratio:  452.43
      Required ratio:    0.00 (Cumulative side area) 

    Layer: via
      Partial area ratio:    0.27
      Required ratio:    6.00 (Gate area) 
      Cumulative area ratio:    0.39
      Required ratio:    0.00 (Cumulative area) 

    Layer: met2
      Partial area ratio:   32.09
      Required ratio:    0.00 (Gate area) 
      Cumulative area ratio:  122.81
      Required ratio:    0.00 (Cumulative area) 
      Partial area ratio:  159.79
      Required ratio: 2956.40 (Side area) 
      Cumulative area ratio:  612.22
      Required ratio:    0.00 (Cumulative side area) 


  Pin:   fanout1002/A (sky130_fd_sc_hd__clkdlybuf4s50_1)
    Layer: mcon
      Partial area ratio:    0.14
      Required ratio:    3.00 (Gate area) 
      Cumulative area ratio:    0.14
      Required ratio:    0.00 (Cumulative area) 

    Layer: met1
      Partial area ratio:    2.02
      Required ratio:    0.00 (Gate area) 
      Cumulative area ratio:    2.02
      Required ratio:    0.00 (Cumulative area) 
      Partial area ratio:    9.22
      Required ratio:  400.00 (Side area) 
      Cumulative area ratio:    9.22
      Required ratio:    0.00 (Cumulative side area) 

    Layer: via
      Partial area ratio:    0.21
      Required ratio:    6.00 (Gate area) 
      Cumulative area ratio:    0.35
      Required ratio:    0.00 (Cumulative area) 

    Layer: met2
      Partial area ratio:   32.09
      Required ratio:    0.00 (Gate area) 
      Cumulative area ratio:   34.11
      Required ratio:    0.00 (Cumulative area) 
      Partial area ratio:  159.79
      Required ratio: 2956.40 (Side area) 
      Cumulative area ratio:  169.01
      Required ratio:    0.00 (Cumulative side area) 



Net: net1050
  Pin:   fanout1044/A (sky130_fd_sc_hd__clkdlybuf4s15_2)
    Layer: mcon
      Partial area ratio:    0.14
      Required ratio:    3.00 (Gate area) 
      Cumulative area ratio:    0.14
      Required ratio:    0.00 (Cumulative area) 

    Layer: met1
      Partial area ratio:    2.52
      Required ratio:    0.00 (Gate area) 
      Cumulative area ratio:    2.52
      Required ratio:    0.00 (Cumulative area) 
      Partial area ratio:   11.74
      Required ratio:  400.00 (Side area) 
      Cumulative area ratio:   11.74
      Required ratio:    0.00 (Cumulative side area) 

    Layer: via
      Partial area ratio:    0.21
      Required ratio:    6.00 (Gate area) 
      Cumulative area ratio:    0.35
      Required ratio:    0.00 (Cumulative area) 

    Layer: met2
      Partial area ratio:   64.58
      Required ratio:    0.00 (Gate area) 
      Cumulative area ratio:   67.10
      Required ratio:    0.00 (Cumulative area) 
      Partial area ratio:  321.90
      Required ratio:  400.00 (Side area) 
      Cumulative area ratio:  333.64
      Required ratio:    0.00 (Cumulative side area) 

    Layer: via2
      Partial area ratio:    0.09
      Required ratio:    6.00 (Gate area) 
      Cumulative area ratio:    0.44
      Required ratio:    0.00 (Cumulative area) 

    Layer: met3
      Partial area ratio:   63.45
      Required ratio:    0.00 (Gate area) 
      Cumulative area ratio:  130.55
      Required ratio:    0.00 (Cumulative area) 
      Partial area ratio:  339.49
      Required ratio: 2918.08 (Side area) 
      Cumulative area ratio:  673.14
      Required ratio:    0.00 (Cumulative side area) 


  Pin:   fanout1046/A (sky130_fd_sc_hd__clkdlybuf4s15_2)
    Layer: mcon
      Partial area ratio:    0.14
      Required ratio:    3.00 (Gate area) 
      Cumulative area ratio:    0.14
      Required ratio:    0.00 (Cumulative area) 

    Layer: met1
      Partial area ratio:   84.11
      Required ratio:    0.00 (Gate area) 
      Cumulative area ratio:   84.11
      Required ratio:    0.00 (Cumulative area) 
      Partial area ratio:  419.66
      Required ratio:  400.00 (Side area) (VIOLATED)
      Cumulative area ratio:  419.66
      Required ratio:    0.00 (Cumulative side area) 

    Layer: via
      Partial area ratio:    0.21
      Required ratio:    6.00 (Gate area) 
      Cumulative area ratio:    0.35
      Required ratio:    0.00 (Cumulative area) 

    Layer: met2
      Partial area ratio:   64.58
      Required ratio:    0.00 (Gate area) 
      Cumulative area ratio:  148.68
      Required ratio:    0.00 (Cumulative area) 
      Partial area ratio:  321.90
      Required ratio:  400.00 (Side area) 
      Cumulative area ratio:  741.56
      Required ratio:    0.00 (Cumulative side area) 

    Layer: via2
      Partial area ratio:    0.09
      Required ratio:    6.00 (Gate area) 
      Cumulative area ratio:    0.44
      Required ratio:    0.00 (Cumulative area) 

    Layer: met3
      Partial area ratio:   63.45
      Required ratio:    0.00 (Gate area) 
      Cumulative area ratio:  212.13
      Required ratio:    0.00 (Cumulative area) 
      Partial area ratio:  339.49
      Required ratio: 2918.08 (Side area) 
      Cumulative area ratio: 1081.06
      Required ratio:    0.00 (Cumulative side area) 



Net: net1094
  Pin:   fanout1089/A (sky130_fd_sc_hd__clkdlybuf4s50_1)
    Layer: mcon
      Partial area ratio:    0.14
      Required ratio:    3.00 (Gate area) 
      Cumulative area ratio:    0.14
      Required ratio:    0.00 (Cumulative area) 

    Layer: met1
      Partial area ratio:    4.52
      Required ratio:    0.00 (Gate area) 
      Cumulative area ratio:    4.52
      Required ratio:    0.00 (Cumulative area) 
      Partial area ratio:   21.71
      Required ratio:  400.00 (Side area) 
      Cumulative area ratio:   21.71
      Required ratio:    0.00 (Cumulative side area) 

    Layer: via
      Partial area ratio:    0.21
      Required ratio:    6.00 (Gate area) 
      Cumulative area ratio:    0.35
      Required ratio:    0.00 (Cumulative area) 

    Layer: met2
      Partial area ratio:   82.63
      Required ratio:    0.00 (Gate area) 
      Cumulative area ratio:   87.15
      Required ratio:    0.00 (Cumulative area) 
      Partial area ratio:  412.45
      Required ratio:  400.00 (Side area) (VIOLATED)
      Cumulative area ratio:  434.16
      Required ratio:    0.00 (Cumulative side area) 

    Layer: via2
      Partial area ratio:    0.09
      Required ratio:    6.00 (Gate area) 
      Cumulative area ratio:    0.44
      Required ratio:    0.00 (Cumulative area) 

    Layer: met3
      Partial area ratio:   34.31
      Required ratio:    0.00 (Gate area) 
      Cumulative area ratio:  121.46
      Required ratio:    0.00 (Cumulative area) 
      Partial area ratio:  184.06
      Required ratio:  400.00 (Side area) 
      Cumulative area ratio:  618.22
      Required ratio:    0.00 (Cumulative side area) 

    Layer: via3
      Partial area ratio:    0.09
      Required ratio:    6.00 (Gate area) 
      Cumulative area ratio:    0.53
      Required ratio:    0.00 (Cumulative area) 

    Layer: met4
      Partial area ratio:   63.45
      Required ratio:    0.00 (Gate area) 
      Cumulative area ratio:  184.90
      Required ratio:    0.00 (Cumulative area) 
      Partial area ratio:  339.49
      Required ratio: 2956.40 (Side area) 
      Cumulative area ratio:  957.71
      Required ratio:    0.00 (Cumulative side area) 


  Pin:   fanout1090/A (sky130_fd_sc_hd__clkdlybuf4s50_1)
    Layer: mcon
      Partial area ratio:    0.14
      Required ratio:    3.00 (Gate area) 
      Cumulative area ratio:    0.14
      Required ratio:    0.00 (Cumulative area) 

    Layer: met1
      Partial area ratio:   42.94
      Required ratio:    0.00 (Gate area) 
      Cumulative area ratio:   42.94
      Required ratio:    0.00 (Cumulative area) 
      Partial area ratio:  213.34
      Required ratio:  400.00 (Side area) 
      Cumulative area ratio:  213.34
      Required ratio:    0.00 (Cumulative side area) 

    Layer: via
      Partial area ratio:    0.32
      Required ratio:    6.00 (Gate area) 
      Cumulative area ratio:    0.45
      Required ratio:    0.00 (Cumulative area) 

    Layer: met2
      Partial area ratio:   82.63
      Required ratio:    0.00 (Gate area) 
      Cumulative area ratio:  125.58
      Required ratio:    0.00 (Cumulative area) 
      Partial area ratio:  412.45
      Required ratio:  400.00 (Side area) (VIOLATED)
      Cumulative area ratio:  625.79
      Required ratio:    0.00 (Cumulative side area) 

    Layer: via2
      Partial area ratio:    0.09
      Required ratio:    6.00 (Gate area) 
      Cumulative area ratio:    0.55
      Required ratio:    0.00 (Cumulative area) 

    Layer: met3
      Partial area ratio:   34.31
      Required ratio:    0.00 (Gate area) 
      Cumulative area ratio:  159.88
      Required ratio:    0.00 (Cumulative area) 
      Partial area ratio:  184.06
      Required ratio:  400.00 (Side area) 
      Cumulative area ratio:  809.85
      Required ratio:    0.00 (Cumulative side area) 

    Layer: via3
      Partial area ratio:    0.09
      Required ratio:    6.00 (Gate area) 
      Cumulative area ratio:    0.64
      Required ratio:    0.00 (Cumulative area) 

    Layer: met4
      Partial area ratio:   63.45
      Required ratio:    0.00 (Gate area) 
      Cumulative area ratio:  223.33
      Required ratio:    0.00 (Cumulative area) 
      Partial area ratio:  339.49
      Required ratio: 2956.40 (Side area) 
      Cumulative area ratio: 1149.34
      Required ratio:    0.00 (Cumulative side area) 



Net: net1125
  Pin:   _09269_/A1 (sky130_fd_sc_hd__o21ai_0)
    Layer: mcon
      Partial area ratio:    0.18
      Required ratio:    3.00 (Gate area) 
      Cumulative area ratio:    0.18
      Required ratio:    0.00 (Cumulative area) 

    Layer: met1
      Partial area ratio:    9.63
      Required ratio:    0.00 (Gate area) 
      Cumulative area ratio:    9.63
      Required ratio:    0.00 (Cumulative area) 
      Partial area ratio:   46.31
      Required ratio:  400.00 (Side area) 
      Cumulative area ratio:   46.31
      Required ratio:    0.00 (Cumulative side area) 

    Layer: via
      Partial area ratio:    0.42
      Required ratio:    6.00 (Gate area) 
      Cumulative area ratio:    0.61
      Required ratio:    0.00 (Cumulative area) 

    Layer: met2
      Partial area ratio:   15.58
      Required ratio:    0.00 (Gate area) 
      Cumulative area ratio:   25.21
      Required ratio:    0.00 (Cumulative area) 
      Partial area ratio:   77.33
      Required ratio: 2918.08 (Side area) 
      Cumulative area ratio:  123.64
      Required ratio:    0.00 (Cumulative side area) 


  Pin:   _09279_/A (sky130_fd_sc_hd__nand2_1)
    Layer: mcon
      Partial area ratio:    0.12
      Required ratio:    3.00 (Gate area) 
      Cumulative area ratio:    0.12
      Required ratio:    0.00 (Cumulative area) 

    Layer: met1
      Partial area ratio:    2.04
      Required ratio:    0.00 (Gate area) 
      Cumulative area ratio:    2.04
      Required ratio:    0.00 (Cumulative area) 
      Partial area ratio:    9.45
      Required ratio:  400.00 (Side area) 
      Cumulative area ratio:    9.45
      Required ratio:    0.00 (Cumulative side area) 

    Layer: via
      Partial area ratio:    0.18
      Required ratio:    6.00 (Gate area) 
      Cumulative area ratio:    0.30
      Required ratio:    0.00 (Cumulative area) 

    Layer: met2
      Partial area ratio:   15.58
      Required ratio:    0.00 (Gate area) 
      Cumulative area ratio:   17.62
      Required ratio:    0.00 (Cumulative area) 
      Partial area ratio:   77.33
      Required ratio: 2918.08 (Side area) 
      Cumulative area ratio:   86.78
      Required ratio:    0.00 (Cumulative side area) 


  Pin:   _16492_/A (sky130_fd_sc_hd__nand2_1)
    Layer: mcon
      Partial area ratio:    0.12
      Required ratio:    3.00 (Gate area) 
      Cumulative area ratio:    0.12
      Required ratio:    0.00 (Cumulative area) 

    Layer: met1
      Partial area ratio:    5.54
      Required ratio:    0.00 (Gate area) 
      Cumulative area ratio:    5.54
      Required ratio:    0.00 (Cumulative area) 
      Partial area ratio:   26.97
      Required ratio:  400.00 (Side area) 
      Cumulative area ratio:   26.97
      Required ratio:    0.00 (Cumulative side area) 

    Layer: via
      Partial area ratio:    0.18
      Required ratio:    6.00 (Gate area) 
      Cumulative area ratio:    0.30
      Required ratio:    0.00 (Cumulative area) 

    Layer: met2
      Partial area ratio:   15.58
      Required ratio:    0.00 (Gate area) 
      Cumulative area ratio:   21.12
      Required ratio:    0.00 (Cumulative area) 
      Partial area ratio:   77.33
      Required ratio: 2918.08 (Side area) 
      Cumulative area ratio:  104.30
      Required ratio:    0.00 (Cumulative side area) 


  Pin:   _16723_/A (sky130_fd_sc_hd__nand2_1)
    Layer: mcon
      Partial area ratio:    0.12
      Required ratio:    3.00 (Gate area) 
      Cumulative area ratio:    0.12
      Required ratio:    0.00 (Cumulative area) 

    Layer: met1
      Partial area ratio:    2.64
      Required ratio:    0.00 (Gate area) 
      Cumulative area ratio:    2.64
      Required ratio:    0.00 (Cumulative area) 
      Partial area ratio:   12.45
      Required ratio:  400.00 (Side area) 
      Cumulative area ratio:   12.45
      Required ratio:    0.00 (Cumulative side area) 

    Layer: via
      Partial area ratio:    0.18
      Required ratio:    6.00 (Gate area) 
      Cumulative area ratio:    0.30
      Required ratio:    0.00 (Cumulative area) 

    Layer: met2
      Partial area ratio:   15.58
      Required ratio:    0.00 (Gate area) 
      Cumulative area ratio:   18.22
      Required ratio:    0.00 (Cumulative area) 
      Partial area ratio:   77.33
      Required ratio: 2918.08 (Side area) 
      Cumulative area ratio:   89.78
      Required ratio:    0.00 (Cumulative side area) 


  Pin:   fanout1122/A (sky130_fd_sc_hd__clkdlybuf4s50_1)
    Layer: mcon
      Partial area ratio:    0.14
      Required ratio:    3.00 (Gate area) 
      Cumulative area ratio:    0.14
      Required ratio:    0.00 (Cumulative area) 

    Layer: met1
      Partial area ratio:  154.11
      Required ratio:    0.00 (Gate area) 
      Cumulative area ratio:  154.11
      Required ratio:    0.00 (Cumulative area) 
      Partial area ratio:  769.16
      Required ratio:  400.00 (Side area) (VIOLATED)
      Cumulative area ratio:  769.16
      Required ratio:    0.00 (Cumulative side area) 

    Layer: via
      Partial area ratio:    0.32
      Required ratio:    6.00 (Gate area) 
      Cumulative area ratio:    0.45
      Required ratio:    0.00 (Cumulative area) 

    Layer: met2
      Partial area ratio:   15.58
      Required ratio:    0.00 (Gate area) 
      Cumulative area ratio:  169.69
      Required ratio:    0.00 (Cumulative area) 
      Partial area ratio:   77.33
      Required ratio: 2918.08 (Side area) 
      Cumulative area ratio:  846.49
      Required ratio:    0.00 (Cumulative side area) 



Net: net1126
  Pin:   fanout1110/A (sky130_fd_sc_hd__clkdlybuf4s50_1)
    Layer: mcon
      Partial area ratio:    0.14
      Required ratio:    3.00 (Gate area) 
      Cumulative area ratio:    0.14
      Required ratio:    0.00 (Cumulative area) 

    Layer: met1
      Partial area ratio:    2.82
      Required ratio:    0.00 (Gate area) 
      Cumulative area ratio:    2.82
      Required ratio:    0.00 (Cumulative area) 
      Partial area ratio:   13.24
      Required ratio:  400.00 (Side area) 
      Cumulative area ratio:   13.24
      Required ratio:    0.00 (Cumulative side area) 

    Layer: via
      Partial area ratio:    0.21
      Required ratio:    6.00 (Gate area) 
      Cumulative area ratio:    0.35
      Required ratio:    0.00 (Cumulative area) 

    Layer: met2
      Partial area ratio:   88.54
      Required ratio:    0.00 (Gate area) 
      Cumulative area ratio:   91.36
      Required ratio:    0.00 (Cumulative area) 
      Partial area ratio:  442.02
      Required ratio:  400.00 (Side area) (VIOLATED)
      Cumulative area ratio:  455.26
      Required ratio:    0.00 (Cumulative side area) 

    Layer: via2
      Partial area ratio:    0.06
      Required ratio:    6.00 (Gate area) 
      Cumulative area ratio:    0.41
      Required ratio:    0.00 (Cumulative area) 

    Layer: met3
      Partial area ratio:   55.26
      Required ratio:    0.00 (Gate area) 
      Cumulative area ratio:  146.62
      Required ratio:    0.00 (Cumulative area) 
      Partial area ratio:  295.44
      Required ratio: 3134.60 (Side area) 
      Cumulative area ratio:  750.70
      Required ratio:    0.00 (Cumulative side area) 


  Pin:   fanout1112/A (sky130_fd_sc_hd__clkdlybuf4s50_1)
    Layer: mcon
      Partial area ratio:    0.14
      Required ratio:    3.00 (Gate area) 
      Cumulative area ratio:    0.14
      Required ratio:    0.00 (Cumulative area) 

    Layer: met1
      Partial area ratio:   25.69
      Required ratio:    0.00 (Gate area) 
      Cumulative area ratio:   25.69
      Required ratio:    0.00 (Cumulative area) 
      Partial area ratio:  127.58
      Required ratio:  400.00 (Side area) 
      Cumulative area ratio:  127.58
      Required ratio:    0.00 (Cumulative side area) 

    Layer: via
      Partial area ratio:    0.21
      Required ratio:    6.00 (Gate area) 
      Cumulative area ratio:    0.35
      Required ratio:    0.00 (Cumulative area) 

    Layer: met2
      Partial area ratio:   88.54
      Required ratio:    0.00 (Gate area) 
      Cumulative area ratio:  114.23
      Required ratio:    0.00 (Cumulative area) 
      Partial area ratio:  442.02
      Required ratio:  400.00 (Side area) (VIOLATED)
      Cumulative area ratio:  569.61
      Required ratio:    0.00 (Cumulative side area) 

    Layer: via2
      Partial area ratio:    0.06
      Required ratio:    6.00 (Gate area) 
      Cumulative area ratio:    0.41
      Required ratio:    0.00 (Cumulative area) 

    Layer: met3
      Partial area ratio:   55.26
      Required ratio:    0.00 (Gate area) 
      Cumulative area ratio:  169.49
      Required ratio:    0.00 (Cumulative area) 
      Partial area ratio:  295.44
      Required ratio: 3134.60 (Side area) 
      Cumulative area ratio:  865.04
      Required ratio:    0.00 (Cumulative side area) 


  Pin:   fanout1124/A (sky130_fd_sc_hd__clkdlybuf4s15_2)
    Layer: mcon
      Partial area ratio:    0.14
      Required ratio:    3.00 (Gate area) 
      Cumulative area ratio:    0.14
      Required ratio:    0.00 (Cumulative area) 

    Layer: met1
      Partial area ratio:    2.30
      Required ratio:    0.00 (Gate area) 
      Cumulative area ratio:    2.30
      Required ratio:    0.00 (Cumulative area) 
      Partial area ratio:   10.62
      Required ratio:  400.00 (Side area) 
      Cumulative area ratio:   10.62
      Required ratio:    0.00 (Cumulative side area) 

    Layer: via
      Partial area ratio:    0.21
      Required ratio:    6.00 (Gate area) 
      Cumulative area ratio:    0.35
      Required ratio:    0.00 (Cumulative area) 

    Layer: met2
      Partial area ratio:   88.54
      Required ratio:    0.00 (Gate area) 
      Cumulative area ratio:   90.84
      Required ratio:    0.00 (Cumulative area) 
      Partial area ratio:  442.02
      Required ratio:  400.00 (Side area) (VIOLATED)
      Cumulative area ratio:  452.65
      Required ratio:    0.00 (Cumulative side area) 

    Layer: via2
      Partial area ratio:    0.06
      Required ratio:    6.00 (Gate area) 
      Cumulative area ratio:    0.41
      Required ratio:    0.00 (Cumulative area) 

    Layer: met3
      Partial area ratio:   55.26
      Required ratio:    0.00 (Gate area) 
      Cumulative area ratio:  146.09
      Required ratio:    0.00 (Cumulative area) 
      Partial area ratio:  295.44
      Required ratio: 3134.60 (Side area) 
      Cumulative area ratio:  748.08
      Required ratio:    0.00 (Cumulative side area) 



Net: net1132
  Pin:   _11629_/A1 (sky130_fd_sc_hd__a22o_1)
    Layer: mcon
      Partial area ratio:    0.12
      Required ratio:    3.00 (Gate area) 
      Cumulative area ratio:    0.12
      Required ratio:    0.00 (Cumulative area) 

    Layer: met1
      Partial area ratio:    2.74
      Required ratio:    0.00 (Gate area) 
      Cumulative area ratio:    2.74
      Required ratio:    0.00 (Cumulative area) 
      Partial area ratio:   12.95
      Required ratio:  400.00 (Side area) 
      Cumulative area ratio:   12.95
      Required ratio:    0.00 (Cumulative side area) 

    Layer: via
      Partial area ratio:    0.18
      Required ratio:    6.00 (Gate area) 
      Cumulative area ratio:    0.30
      Required ratio:    0.00 (Cumulative area) 

    Layer: met2
      Partial area ratio:   21.07
      Required ratio:    0.00 (Gate area) 
      Cumulative area ratio:   23.81
      Required ratio:    0.00 (Cumulative area) 
      Partial area ratio:  104.60
      Required ratio: 3134.60 (Side area) 
      Cumulative area ratio:  117.55
      Required ratio:    0.00 (Cumulative side area) 


  Pin:   _11748_/A (sky130_fd_sc_hd__nand2_1)
    Layer: mcon
      Partial area ratio:    0.12
      Required ratio:    3.00 (Gate area) 
      Cumulative area ratio:    0.12
      Required ratio:    0.00 (Cumulative area) 

    Layer: met1
      Partial area ratio:   99.99
      Required ratio:    0.00 (Gate area) 
      Cumulative area ratio:   99.99
      Required ratio:    0.00 (Cumulative area) 
      Partial area ratio:  498.31
      Required ratio:  400.00 (Side area) (VIOLATED)
      Cumulative area ratio:  498.31
      Required ratio:    0.00 (Cumulative side area) 

    Layer: via
      Partial area ratio:    0.36
      Required ratio:    6.00 (Gate area) 
      Cumulative area ratio:    0.48
      Required ratio:    0.00 (Cumulative area) 

    Layer: met2
      Partial area ratio:   21.07
      Required ratio:    0.00 (Gate area) 
      Cumulative area ratio:  121.06
      Required ratio:    0.00 (Cumulative area) 
      Partial area ratio:  104.60
      Required ratio: 3134.60 (Side area) 
      Cumulative area ratio:  602.91
      Required ratio:    0.00 (Cumulative side area) 


  Pin:   _16058_/A (sky130_fd_sc_hd__nand2_1)
    Layer: mcon
      Partial area ratio:    0.12
      Required ratio:    3.00 (Gate area) 
      Cumulative area ratio:    0.12
      Required ratio:    0.00 (Cumulative area) 

    Layer: met1
      Partial area ratio:    6.10
      Required ratio:    0.00 (Gate area) 
      Cumulative area ratio:    6.10
      Required ratio:    0.00 (Cumulative area) 
      Partial area ratio:   29.32
      Required ratio:  400.00 (Side area) 
      Cumulative area ratio:   29.32
      Required ratio:    0.00 (Cumulative side area) 

    Layer: via
      Partial area ratio:    0.27
      Required ratio:    6.00 (Gate area) 
      Cumulative area ratio:    0.39
      Required ratio:    0.00 (Cumulative area) 

    Layer: met2
      Partial area ratio:   21.07
      Required ratio:    0.00 (Gate area) 
      Cumulative area ratio:   27.17
      Required ratio:    0.00 (Cumulative area) 
      Partial area ratio:  104.60
      Required ratio: 3134.60 (Side area) 
      Cumulative area ratio:  133.91
      Required ratio:    0.00 (Cumulative side area) 


  Pin:   _16156_/A (sky130_fd_sc_hd__nand2_1)
    Layer: mcon
      Partial area ratio:    0.12
      Required ratio:    3.00 (Gate area) 
      Cumulative area ratio:    0.12
      Required ratio:    0.00 (Cumulative area) 

    Layer: met1
      Partial area ratio:    0.73
      Required ratio:    0.00 (Gate area) 
      Cumulative area ratio:    0.73
      Required ratio:    0.00 (Cumulative area) 
      Partial area ratio:    3.24
      Required ratio:  400.00 (Side area) 
      Cumulative area ratio:    3.24
      Required ratio:    0.00 (Cumulative side area) 

    Layer: via
      Partial area ratio:    0.12
      Required ratio:    6.00 (Gate area) 
      Cumulative area ratio:    0.23
      Required ratio:    0.00 (Cumulative area) 

    Layer: met2
      Partial area ratio:   21.07
      Required ratio:    0.00 (Gate area) 
      Cumulative area ratio:   21.80
      Required ratio:    0.00 (Cumulative area) 
      Partial area ratio:  104.60
      Required ratio: 3134.60 (Side area) 
      Cumulative area ratio:  107.84
      Required ratio:    0.00 (Cumulative side area) 


  Pin:   fanout1129/A (sky130_fd_sc_hd__clkbuf_2)
    Layer: mcon
      Partial area ratio:    0.14
      Required ratio:    3.00 (Gate area) 
      Cumulative area ratio:    0.14
      Required ratio:    0.00 (Cumulative area) 

    Layer: met1
      Partial area ratio:    4.86
      Required ratio:    0.00 (Gate area) 
      Cumulative area ratio:    4.86
      Required ratio:    0.00 (Cumulative area) 
      Partial area ratio:   23.45
      Required ratio:  400.00 (Side area) 
      Cumulative area ratio:   23.45
      Required ratio:    0.00 (Cumulative side area) 

    Layer: via
      Partial area ratio:    0.21
      Required ratio:    6.00 (Gate area) 
      Cumulative area ratio:    0.35
      Required ratio:    0.00 (Cumulative area) 

    Layer: met2
      Partial area ratio:   21.07
      Required ratio:    0.00 (Gate area) 
      Cumulative area ratio:   25.93
      Required ratio:    0.00 (Cumulative area) 
      Partial area ratio:  104.60
      Required ratio: 3134.60 (Side area) 
      Cumulative area ratio:  128.05
      Required ratio:    0.00 (Cumulative side area) 



Net: net1141
  Pin:   _09269_/A2 (sky130_fd_sc_hd__o21ai_0)
    Layer: mcon
      Partial area ratio:    0.18
      Required ratio:    3.00 (Gate area) 
      Cumulative area ratio:    0.18
      Required ratio:    0.00 (Cumulative area) 

    Layer: met1
      Partial area ratio:   86.17
      Required ratio:    0.00 (Gate area) 
      Cumulative area ratio:   86.17
      Required ratio:    0.00 (Cumulative area) 
      Partial area ratio:  429.61
      Required ratio:  400.00 (Side area) (VIOLATED)
      Cumulative area ratio:  429.61
      Required ratio:    0.00 (Cumulative side area) 

    Layer: via
      Partial area ratio:    0.24
      Required ratio:    6.00 (Gate area) 
      Cumulative area ratio:    0.42
      Required ratio:    0.00 (Cumulative area) 

    Layer: met2
      Partial area ratio:   16.37
      Required ratio:    0.00 (Gate area) 
      Cumulative area ratio:  102.55
      Required ratio:    0.00 (Cumulative area) 
      Partial area ratio:   81.31
      Required ratio: 2956.40 (Side area) 
      Cumulative area ratio:  510.92
      Required ratio:    0.00 (Cumulative side area) 


  Pin:   _09278_/A (sky130_fd_sc_hd__nand2_1)
    Layer: mcon
      Partial area ratio:    0.12
      Required ratio:    3.00 (Gate area) 
      Cumulative area ratio:    0.12
      Required ratio:    0.00 (Cumulative area) 

    Layer: met1
      Partial area ratio:    5.93
      Required ratio:    0.00 (Gate area) 
      Cumulative area ratio:    5.93
      Required ratio:    0.00 (Cumulative area) 
      Partial area ratio:   28.47
      Required ratio:  400.00 (Side area) 
      Cumulative area ratio:   28.47
      Required ratio:    0.00 (Cumulative side area) 

    Layer: via
      Partial area ratio:    0.27
      Required ratio:    6.00 (Gate area) 
      Cumulative area ratio:    0.39
      Required ratio:    0.00 (Cumulative area) 

    Layer: met2
      Partial area ratio:   16.37
      Required ratio:    0.00 (Gate area) 
      Cumulative area ratio:   22.30
      Required ratio:    0.00 (Cumulative area) 
      Partial area ratio:   81.31
      Required ratio: 2956.40 (Side area) 
      Cumulative area ratio:  109.77
      Required ratio:    0.00 (Cumulative side area) 


  Pin:   _16691_/A (sky130_fd_sc_hd__nand2_1)
    Layer: mcon
      Partial area ratio:    0.12
      Required ratio:    3.00 (Gate area) 
      Cumulative area ratio:    0.12
      Required ratio:    0.00 (Cumulative area) 

    Layer: met1
      Partial area ratio:    2.71
      Required ratio:    0.00 (Gate area) 
      Cumulative area ratio:    2.71
      Required ratio:    0.00 (Cumulative area) 
      Partial area ratio:   12.79
      Required ratio:  400.00 (Side area) 
      Cumulative area ratio:   12.79
      Required ratio:    0.00 (Cumulative side area) 

    Layer: via
      Partial area ratio:    0.18
      Required ratio:    6.00 (Gate area) 
      Cumulative area ratio:    0.30
      Required ratio:    0.00 (Cumulative area) 

    Layer: met2
      Partial area ratio:   16.37
      Required ratio:    0.00 (Gate area) 
      Cumulative area ratio:   19.08
      Required ratio:    0.00 (Cumulative area) 
      Partial area ratio:   81.31
      Required ratio: 2956.40 (Side area) 
      Cumulative area ratio:   94.10
      Required ratio:    0.00 (Cumulative side area) 


  Pin:   _16724_/A (sky130_fd_sc_hd__nand2_1)
    Layer: mcon
      Partial area ratio:    0.12
      Required ratio:    3.00 (Gate area) 
      Cumulative area ratio:    0.12
      Required ratio:    0.00 (Cumulative area) 

    Layer: met1
      Partial area ratio:    1.86
      Required ratio:    0.00 (Gate area) 
      Cumulative area ratio:    1.86
      Required ratio:    0.00 (Cumulative area) 
      Partial area ratio:    8.55
      Required ratio:  400.00 (Side area) 
      Cumulative area ratio:    8.55
      Required ratio:    0.00 (Cumulative side area) 

    Layer: via
      Partial area ratio:    0.18
      Required ratio:    6.00 (Gate area) 
      Cumulative area ratio:    0.30
      Required ratio:    0.00 (Cumulative area) 

    Layer: met2
      Partial area ratio:   16.37
      Required ratio:    0.00 (Gate area) 
      Cumulative area ratio:   18.23
      Required ratio:    0.00 (Cumulative area) 
      Partial area ratio:   81.31
      Required ratio: 2956.40 (Side area) 
      Cumulative area ratio:   89.86
      Required ratio:    0.00 (Cumulative side area) 


  Pin:   fanout1138/A (sky130_fd_sc_hd__clkdlybuf4s50_1)
    Layer: mcon
      Partial area ratio:    0.14
      Required ratio:    3.00 (Gate area) 
      Cumulative area ratio:    0.14
      Required ratio:    0.00 (Cumulative area) 

    Layer: met1
      Partial area ratio:   86.17
      Required ratio:    0.00 (Gate area) 
      Cumulative area ratio:   86.17
      Required ratio:    0.00 (Cumulative area) 
      Partial area ratio:  429.61
      Required ratio:  400.00 (Side area) (VIOLATED)
      Cumulative area ratio:  429.61
      Required ratio:    0.00 (Cumulative side area) 

    Layer: via
      Partial area ratio:    0.24
      Required ratio:    6.00 (Gate area) 
      Cumulative area ratio:    0.38
      Required ratio:    0.00 (Cumulative area) 

    Layer: met2
      Partial area ratio:   16.37
      Required ratio:    0.00 (Gate area) 
      Cumulative area ratio:  102.55
      Required ratio:    0.00 (Cumulative area) 
      Partial area ratio:   81.31
      Required ratio: 2956.40 (Side area) 
      Cumulative area ratio:  510.92
      Required ratio:    0.00 (Cumulative side area) 



Net: net1143
  Pin:   rebuffer1486/A (sky130_fd_sc_hd__buf_4)
    Layer: mcon
      Partial area ratio:    0.12
      Required ratio:    3.00 (Gate area) 
      Cumulative area ratio:    0.12
      Required ratio:    0.00 (Cumulative area) 

    Layer: met1
      Partial area ratio:    4.09
      Required ratio:    0.00 (Gate area) 
      Cumulative area ratio:    4.09
      Required ratio:    0.00 (Cumulative area) 
      Partial area ratio:   19.71
      Required ratio:  400.00 (Side area) 
      Cumulative area ratio:   19.71
      Required ratio:    0.00 (Cumulative side area) 

    Layer: via
      Partial area ratio:    0.18
      Required ratio:    6.00 (Gate area) 
      Cumulative area ratio:    0.30
      Required ratio:    0.00 (Cumulative area) 

    Layer: met2
      Partial area ratio:    8.58
      Required ratio:    0.00 (Gate area) 
      Cumulative area ratio:   12.67
      Required ratio:    0.00 (Cumulative area) 
      Partial area ratio:   42.07
      Required ratio: 3134.60 (Side area) 
      Cumulative area ratio:   61.78
      Required ratio:    0.00 (Cumulative side area) 


  Pin:   fanout1131/A (sky130_fd_sc_hd__buf_4)
    Layer: mcon
      Partial area ratio:    0.12
      Required ratio:    3.00 (Gate area) 
      Cumulative area ratio:    0.12
      Required ratio:    0.00 (Cumulative area) 

    Layer: met1
      Partial area ratio:  206.02
      Required ratio:    0.00 (Gate area) 
      Cumulative area ratio:  206.02
      Required ratio:    0.00 (Cumulative area) 
      Partial area ratio: 1029.35
      Required ratio:  400.00 (Side area) (VIOLATED)
      Cumulative area ratio: 1029.35
      Required ratio:    0.00 (Cumulative side area) 

    Layer: via
      Partial area ratio:    0.18
      Required ratio:    6.00 (Gate area) 
      Cumulative area ratio:    0.30
      Required ratio:    0.00 (Cumulative area) 

    Layer: met2
      Partial area ratio:    8.58
      Required ratio:    0.00 (Gate area) 
      Cumulative area ratio:  214.60
      Required ratio:    0.00 (Cumulative area) 
      Partial area ratio:   42.07
      Required ratio: 3134.60 (Side area) 
      Cumulative area ratio: 1071.42
      Required ratio:    0.00 (Cumulative side area) 



Net: net1238
  Pin:   _09219_/B (sky130_fd_sc_hd__nand2_1)
    Layer: mcon
      Partial area ratio:    0.12
      Required ratio:    3.00 (Gate area) 
      Cumulative area ratio:    0.12
      Required ratio:    0.00 (Cumulative area) 

    Layer: met1
      Partial area ratio:    3.84
      Required ratio:    0.00 (Gate area) 
      Cumulative area ratio:    3.84
      Required ratio:    0.00 (Cumulative area) 
      Partial area ratio:   18.27
      Required ratio:  400.00 (Side area) 
      Cumulative area ratio:   18.27
      Required ratio:    0.00 (Cumulative side area) 

    Layer: via
      Partial area ratio:    0.18
      Required ratio:    6.00 (Gate area) 
      Cumulative area ratio:    0.30
      Required ratio:    0.00 (Cumulative area) 

    Layer: met2
      Partial area ratio:   10.78
      Required ratio:    0.00 (Gate area) 
      Cumulative area ratio:   14.62
      Required ratio:    0.00 (Cumulative area) 
      Partial area ratio:   53.37
      Required ratio: 3134.60 (Side area) 
      Cumulative area ratio:   71.63
      Required ratio:    0.00 (Cumulative side area) 


  Pin:   _09220_/C (sky130_fd_sc_hd__and3_1)
    Layer: mcon
      Partial area ratio:    0.23
      Required ratio:    3.00 (Gate area) 
      Cumulative area ratio:    0.23
      Required ratio:    0.00 (Cumulative area) 

    Layer: met1
      Partial area ratio:  173.65
      Required ratio:    0.00 (Gate area) 
      Cumulative area ratio:  173.65
      Required ratio:    0.00 (Cumulative area) 
      Partial area ratio:  865.93
      Required ratio:  400.00 (Side area) (VIOLATED)
      Cumulative area ratio:  865.93
      Required ratio:    0.00 (Cumulative side area) 

    Layer: via
      Partial area ratio:    0.54
      Required ratio:    6.00 (Gate area) 
      Cumulative area ratio:    0.77
      Required ratio:    0.00 (Cumulative area) 

    Layer: met2
      Partial area ratio:   10.78
      Required ratio:    0.00 (Gate area) 
      Cumulative area ratio:  184.43
      Required ratio:    0.00 (Cumulative area) 
      Partial area ratio:   53.37
      Required ratio: 3134.60 (Side area) 
      Cumulative area ratio:  919.30
      Required ratio:    0.00 (Cumulative side area) 


  Pin:   _09223_/A2 (sky130_fd_sc_hd__o21ai_0)
    Layer: mcon
      Partial area ratio:    0.18
      Required ratio:    3.00 (Gate area) 
      Cumulative area ratio:    0.18
      Required ratio:    0.00 (Cumulative area) 

    Layer: met1
      Partial area ratio:    3.02
      Required ratio:    0.00 (Gate area) 
      Cumulative area ratio:    3.02
      Required ratio:    0.00 (Cumulative area) 
      Partial area ratio:   13.96
      Required ratio:  400.00 (Side area) 
      Cumulative area ratio:   13.96
      Required ratio:    0.00 (Cumulative side area) 

    Layer: via
      Partial area ratio:    0.28
      Required ratio:    6.00 (Gate area) 
      Cumulative area ratio:    0.46
      Required ratio:    0.00 (Cumulative area) 

    Layer: met2
      Partial area ratio:   10.78
      Required ratio:    0.00 (Gate area) 
      Cumulative area ratio:   13.81
      Required ratio:    0.00 (Cumulative area) 
      Partial area ratio:   53.37
      Required ratio: 3134.60 (Side area) 
      Cumulative area ratio:   67.32
      Required ratio:    0.00 (Cumulative side area) 


  Pin:   _12436_/A (sky130_fd_sc_hd__and2_0)
    Layer: mcon
      Partial area ratio:    0.23
      Required ratio:    3.00 (Gate area) 
      Cumulative area ratio:    0.23
      Required ratio:    0.00 (Cumulative area) 

    Layer: met1
      Partial area ratio:   19.23
      Required ratio:    0.00 (Gate area) 
      Cumulative area ratio:   19.23
      Required ratio:    0.00 (Cumulative area) 
      Partial area ratio:   93.82
      Required ratio:  400.00 (Side area) 
      Cumulative area ratio:   93.82
      Required ratio:    0.00 (Cumulative side area) 

    Layer: via
      Partial area ratio:    0.54
      Required ratio:    6.00 (Gate area) 
      Cumulative area ratio:    0.77
      Required ratio:    0.00 (Cumulative area) 

    Layer: met2
      Partial area ratio:   10.78
      Required ratio:    0.00 (Gate area) 
      Cumulative area ratio:   30.01
      Required ratio:    0.00 (Cumulative area) 
      Partial area ratio:   53.37
      Required ratio: 3134.60 (Side area) 
      Cumulative area ratio:  147.18
      Required ratio:    0.00 (Cumulative side area) 


  Pin:   _12615_/A (sky130_fd_sc_hd__nand2_1)
    Layer: mcon
      Partial area ratio:    0.12
      Required ratio:    3.00 (Gate area) 
      Cumulative area ratio:    0.12
      Required ratio:    0.00 (Cumulative area) 

    Layer: met1
      Partial area ratio:    2.12
      Required ratio:    0.00 (Gate area) 
      Cumulative area ratio:    2.12
      Required ratio:    0.00 (Cumulative area) 
      Partial area ratio:    9.88
      Required ratio:  400.00 (Side area) 
      Cumulative area ratio:    9.88
      Required ratio:    0.00 (Cumulative side area) 

    Layer: via
      Partial area ratio:    0.18
      Required ratio:    6.00 (Gate area) 
      Cumulative area ratio:    0.30
      Required ratio:    0.00 (Cumulative area) 

    Layer: met2
      Partial area ratio:   10.78
      Required ratio:    0.00 (Gate area) 
      Cumulative area ratio:   12.90
      Required ratio:    0.00 (Cumulative area) 
      Partial area ratio:   53.37
      Required ratio: 3134.60 (Side area) 
      Cumulative area ratio:   63.24
      Required ratio:    0.00 (Cumulative side area) 


  Pin:   _12713_/A (sky130_fd_sc_hd__nand2_1)
    Layer: mcon
      Partial area ratio:    0.12
      Required ratio:    3.00 (Gate area) 
      Cumulative area ratio:    0.12
      Required ratio:    0.00 (Cumulative area) 

    Layer: met1
      Partial area ratio:    3.91
      Required ratio:    0.00 (Gate area) 
      Cumulative area ratio:    3.91
      Required ratio:    0.00 (Cumulative area) 
      Partial area ratio:   18.80
      Required ratio:  400.00 (Side area) 
      Cumulative area ratio:   18.80
      Required ratio:    0.00 (Cumulative side area) 

    Layer: via
      Partial area ratio:    0.18
      Required ratio:    6.00 (Gate area) 
      Cumulative area ratio:    0.30
      Required ratio:    0.00 (Cumulative area) 

    Layer: met2
      Partial area ratio:   10.78
      Required ratio:    0.00 (Gate area) 
      Cumulative area ratio:   14.69
      Required ratio:    0.00 (Cumulative area) 
      Partial area ratio:   53.37
      Required ratio: 3134.60 (Side area) 
      Cumulative area ratio:   72.17
      Required ratio:    0.00 (Cumulative side area) 


  Pin:   _16254_/B (sky130_fd_sc_hd__nand2_1)
    Layer: mcon
      Partial area ratio:    0.12
      Required ratio:    3.00 (Gate area) 
      Cumulative area ratio:    0.12
      Required ratio:    0.00 (Cumulative area) 

    Layer: met1
      Partial area ratio:    1.82
      Required ratio:    0.00 (Gate area) 
      Cumulative area ratio:    1.82
      Required ratio:    0.00 (Cumulative area) 
      Partial area ratio:    8.34
      Required ratio:  400.00 (Side area) 
      Cumulative area ratio:    8.34
      Required ratio:    0.00 (Cumulative side area) 

    Layer: via
      Partial area ratio:    0.18
      Required ratio:    6.00 (Gate area) 
      Cumulative area ratio:    0.30
      Required ratio:    0.00 (Cumulative area) 

    Layer: met2
      Partial area ratio:   10.78
      Required ratio:    0.00 (Gate area) 
      Cumulative area ratio:   12.60
      Required ratio:    0.00 (Cumulative area) 
      Partial area ratio:   53.37
      Required ratio: 3134.60 (Side area) 
      Cumulative area ratio:   61.71
      Required ratio:    0.00 (Cumulative side area) 


  Pin:   _16356_/B1 (sky130_fd_sc_hd__a22o_1)
    Layer: mcon
      Partial area ratio:    0.12
      Required ratio:    3.00 (Gate area) 
      Cumulative area ratio:    0.12
      Required ratio:    0.00 (Cumulative area) 

    Layer: met1
      Partial area ratio:    3.84
      Required ratio:    0.00 (Gate area) 
      Cumulative area ratio:    3.84
      Required ratio:    0.00 (Cumulative area) 
      Partial area ratio:   18.27
      Required ratio:  400.00 (Side area) 
      Cumulative area ratio:   18.27
      Required ratio:    0.00 (Cumulative side area) 

    Layer: via
      Partial area ratio:    0.18
      Required ratio:    6.00 (Gate area) 
      Cumulative area ratio:    0.30
      Required ratio:    0.00 (Cumulative area) 

    Layer: met2
      Partial area ratio:   10.78
      Required ratio:    0.00 (Gate area) 
      Cumulative area ratio:   14.62
      Required ratio:    0.00 (Cumulative area) 
      Partial area ratio:   53.37
      Required ratio: 3134.60 (Side area) 
      Cumulative area ratio:   71.63
      Required ratio:    0.00 (Cumulative side area) 



Net: net1250
  Pin:   _13356_/A (sky130_fd_sc_hd__and2_0)
    Layer: mcon
      Partial area ratio:    0.23
      Required ratio:    3.00 (Gate area) 
      Cumulative area ratio:    0.23
      Required ratio:    0.00 (Cumulative area) 

    Layer: met1
      Partial area ratio:   17.90
      Required ratio:    0.00 (Gate area) 
      Cumulative area ratio:   17.90
      Required ratio:    0.00 (Cumulative area) 
      Partial area ratio:   86.66
      Required ratio: 2918.08 (Side area) 
      Cumulative area ratio:   86.66
      Required ratio:    0.00 (Cumulative side area) 

    Layer: via
      Partial area ratio:    0.54
      Required ratio:   34.63 (Gate area) 
      Cumulative area ratio:    0.77
      Required ratio:    0.00 (Cumulative area) 

    Layer: met2
      Partial area ratio:   11.79
      Required ratio:    0.00 (Gate area) 
      Cumulative area ratio:   29.69
      Required ratio:    0.00 (Cumulative area) 
      Partial area ratio:   58.50
      Required ratio: 2918.08 (Side area) 
      Cumulative area ratio:  145.16
      Required ratio:    0.00 (Cumulative side area) 


  Pin:   _13482_/A (sky130_fd_sc_hd__and2_0)
    Layer: mcon
      Partial area ratio:    0.23
      Required ratio:    3.00 (Gate area) 
      Cumulative area ratio:    0.23
      Required ratio:    0.00 (Cumulative area) 

    Layer: met1
      Partial area ratio:  195.25
      Required ratio:    0.00 (Gate area) 
      Cumulative area ratio:  195.25
      Required ratio:    0.00 (Cumulative area) 
      Partial area ratio:  973.08
      Required ratio:  400.00 (Side area) (VIOLATED)
      Cumulative area ratio:  973.08
      Required ratio:    0.00 (Cumulative side area) 

    Layer: via
      Partial area ratio:    0.71
      Required ratio:    6.00 (Gate area) 
      Cumulative area ratio:    0.94
      Required ratio:    0.00 (Cumulative area) 

    Layer: met2
      Partial area ratio:   11.79
      Required ratio:    0.00 (Gate area) 
      Cumulative area ratio:  207.04
      Required ratio:    0.00 (Cumulative area) 
      Partial area ratio:   58.50
      Required ratio: 2918.08 (Side area) 
      Cumulative area ratio: 1031.59
      Required ratio:    0.00 (Cumulative side area) 


  Pin:   _13588_/A (sky130_fd_sc_hd__and2_0)
    Layer: mcon
      Partial area ratio:    0.23
      Required ratio:    3.00 (Gate area) 
      Cumulative area ratio:    0.23
      Required ratio:    0.00 (Cumulative area) 

    Layer: met1
      Partial area ratio:    4.21
      Required ratio:    0.00 (Gate area) 
      Cumulative area ratio:    4.21
      Required ratio:    0.00 (Cumulative area) 
      Partial area ratio:   19.57
      Required ratio:  400.00 (Side area) 
      Cumulative area ratio:   19.57
      Required ratio:    0.00 (Cumulative side area) 

    Layer: via
      Partial area ratio:    0.36
      Required ratio:    6.00 (Gate area) 
      Cumulative area ratio:    0.59
      Required ratio:    0.00 (Cumulative area) 

    Layer: met2
      Partial area ratio:   11.79
      Required ratio:    0.00 (Gate area) 
      Cumulative area ratio:   16.00
      Required ratio:    0.00 (Cumulative area) 
      Partial area ratio:   58.50
      Required ratio: 2918.08 (Side area) 
      Cumulative area ratio:   78.07
      Required ratio:    0.00 (Cumulative side area) 


  Pin:   _14511_/A (sky130_fd_sc_hd__nand2_1)
    Layer: mcon
      Partial area ratio:    0.12
      Required ratio:    3.00 (Gate area) 
      Cumulative area ratio:    0.12
      Required ratio:    0.00 (Cumulative area) 

    Layer: met1
      Partial area ratio:    3.69
      Required ratio:    0.00 (Gate area) 
      Cumulative area ratio:    3.69
      Required ratio:    0.00 (Cumulative area) 
      Partial area ratio:   17.72
      Required ratio:  400.00 (Side area) 
      Cumulative area ratio:   17.72
      Required ratio:    0.00 (Cumulative side area) 

    Layer: via
      Partial area ratio:    0.18
      Required ratio:    6.00 (Gate area) 
      Cumulative area ratio:    0.30
      Required ratio:    0.00 (Cumulative area) 

    Layer: met2
      Partial area ratio:   11.79
      Required ratio:    0.00 (Gate area) 
      Cumulative area ratio:   15.48
      Required ratio:    0.00 (Cumulative area) 
      Partial area ratio:   58.50
      Required ratio: 2918.08 (Side area) 
      Cumulative area ratio:   76.23
      Required ratio:    0.00 (Cumulative side area) 


  Pin:   _14576_/B (sky130_fd_sc_hd__nand4_1)
    Layer: mcon
      Partial area ratio:    0.12
      Required ratio:    3.00 (Gate area) 
      Cumulative area ratio:    0.12
      Required ratio:    0.00 (Cumulative area) 

    Layer: met1
      Partial area ratio:    2.90
      Required ratio:    0.00 (Gate area) 
      Cumulative area ratio:    2.90
      Required ratio:    0.00 (Cumulative area) 
      Partial area ratio:   13.77
      Required ratio:  400.00 (Side area) 
      Cumulative area ratio:   13.77
      Required ratio:    0.00 (Cumulative side area) 

    Layer: via
      Partial area ratio:    0.14
      Required ratio:    6.00 (Gate area) 
      Cumulative area ratio:    0.25
      Required ratio:    0.00 (Cumulative area) 

    Layer: met2
      Partial area ratio:   11.79
      Required ratio:    0.00 (Gate area) 
      Cumulative area ratio:   14.69
      Required ratio:    0.00 (Cumulative area) 
      Partial area ratio:   58.50
      Required ratio: 2918.08 (Side area) 
      Cumulative area ratio:   72.27
      Required ratio:    0.00 (Cumulative side area) 


  Pin:   _14628_/A1 (sky130_fd_sc_hd__a22o_1)
    Layer: mcon
      Partial area ratio:    0.12
      Required ratio:    3.00 (Gate area) 
      Cumulative area ratio:    0.12
      Required ratio:    0.00 (Cumulative area) 

    Layer: met1
      Partial area ratio:    2.90
      Required ratio:    0.00 (Gate area) 
      Cumulative area ratio:    2.90
      Required ratio:    0.00 (Cumulative area) 
      Partial area ratio:   13.77
      Required ratio:  400.00 (Side area) 
      Cumulative area ratio:   13.77
      Required ratio:    0.00 (Cumulative side area) 

    Layer: via
      Partial area ratio:    0.14
      Required ratio:    6.00 (Gate area) 
      Cumulative area ratio:    0.25
      Required ratio:    0.00 (Cumulative area) 

    Layer: met2
      Partial area ratio:   11.79
      Required ratio:    0.00 (Gate area) 
      Cumulative area ratio:   14.69
      Required ratio:    0.00 (Cumulative area) 
      Partial area ratio:   58.50
      Required ratio: 2918.08 (Side area) 
      Cumulative area ratio:   72.27
      Required ratio:    0.00 (Cumulative side area) 


  Pin:   _14683_/A (sky130_fd_sc_hd__and3_1)
    Layer: mcon
      Partial area ratio:    0.23
      Required ratio:    3.00 (Gate area) 
      Cumulative area ratio:    0.23
      Required ratio:    0.00 (Cumulative area) 

    Layer: met1
      Partial area ratio:    4.32
      Required ratio:    0.00 (Gate area) 
      Cumulative area ratio:    4.32
      Required ratio:    0.00 (Cumulative area) 
      Partial area ratio:   20.65
      Required ratio:  400.00 (Side area) 
      Cumulative area ratio:   20.65
      Required ratio:    0.00 (Cumulative side area) 

    Layer: via
      Partial area ratio:    0.18
      Required ratio:    6.00 (Gate area) 
      Cumulative area ratio:    0.41
      Required ratio:    0.00 (Cumulative area) 

    Layer: met2
      Partial area ratio:   11.79
      Required ratio:    0.00 (Gate area) 
      Cumulative area ratio:   16.11
      Required ratio:    0.00 (Cumulative area) 
      Partial area ratio:   58.50
      Required ratio: 2918.08 (Side area) 
      Cumulative area ratio:   79.15
      Required ratio:    0.00 (Cumulative side area) 


  Pin:   _14835_/A1 (sky130_fd_sc_hd__a21oi_1)
    Layer: mcon
      Partial area ratio:    0.12
      Required ratio:    3.00 (Gate area) 
      Cumulative area ratio:    0.12
      Required ratio:    0.00 (Cumulative area) 

    Layer: met1
      Partial area ratio:    4.32
      Required ratio:    0.00 (Gate area) 
      Cumulative area ratio:    4.32
      Required ratio:    0.00 (Cumulative area) 
      Partial area ratio:   20.65
      Required ratio:  400.00 (Side area) 
      Cumulative area ratio:   20.65
      Required ratio:    0.00 (Cumulative side area) 

    Layer: via
      Partial area ratio:    0.18
      Required ratio:    6.00 (Gate area) 
      Cumulative area ratio:    0.30
      Required ratio:    0.00 (Cumulative area) 

    Layer: met2
      Partial area ratio:   11.79
      Required ratio:    0.00 (Gate area) 
      Cumulative area ratio:   16.11
      Required ratio:    0.00 (Cumulative area) 
      Partial area ratio:   58.50
      Required ratio: 2918.08 (Side area) 
      Cumulative area ratio:   79.15
      Required ratio:    0.00 (Cumulative side area) 



Net: net1252
  Pin:   _09221_/A (sky130_fd_sc_hd__and2_0)
    Layer: mcon
      Partial area ratio:    0.23
      Required ratio:    3.00 (Gate area) 
      Cumulative area ratio:    0.23
      Required ratio:    0.00 (Cumulative area) 

    Layer: met1
      Partial area ratio:    4.63
      Required ratio:    0.00 (Gate area) 
      Cumulative area ratio:    4.63
      Required ratio:    0.00 (Cumulative area) 
      Partial area ratio:   21.68
      Required ratio:  400.00 (Side area) 
      Cumulative area ratio:   21.68
      Required ratio:    0.00 (Cumulative side area) 

    Layer: via
      Partial area ratio:    0.36
      Required ratio:    6.00 (Gate area) 
      Cumulative area ratio:    0.59
      Required ratio:    0.00 (Cumulative area) 

    Layer: met2
      Partial area ratio:   28.47
      Required ratio:    0.00 (Gate area) 
      Cumulative area ratio:   33.10
      Required ratio:    0.00 (Cumulative area) 
      Partial area ratio:  141.48
      Required ratio: 2918.08 (Side area) 
      Cumulative area ratio:  163.16
      Required ratio:    0.00 (Cumulative side area) 


  Pin:   _09222_/B (sky130_fd_sc_hd__nand2_1)
    Layer: mcon
      Partial area ratio:    0.12
      Required ratio:    3.00 (Gate area) 
      Cumulative area ratio:    0.12
      Required ratio:    0.00 (Cumulative area) 

    Layer: met1
      Partial area ratio:    2.93
      Required ratio:    0.00 (Gate area) 
      Cumulative area ratio:    2.93
      Required ratio:    0.00 (Cumulative area) 
      Partial area ratio:   13.92
      Required ratio:  400.00 (Side area) 
      Cumulative area ratio:   13.92
      Required ratio:    0.00 (Cumulative side area) 

    Layer: via
      Partial area ratio:    0.18
      Required ratio:    6.00 (Gate area) 
      Cumulative area ratio:    0.30
      Required ratio:    0.00 (Cumulative area) 

    Layer: met2
      Partial area ratio:   28.47
      Required ratio:    0.00 (Gate area) 
      Cumulative area ratio:   31.41
      Required ratio:    0.00 (Cumulative area) 
      Partial area ratio:  141.48
      Required ratio: 2918.08 (Side area) 
      Cumulative area ratio:  155.40
      Required ratio:    0.00 (Cumulative side area) 


  Pin:   _12338_/A (sky130_fd_sc_hd__nand2_1)
    Layer: mcon
      Partial area ratio:    0.12
      Required ratio:    3.00 (Gate area) 
      Cumulative area ratio:    0.12
      Required ratio:    0.00 (Cumulative area) 

    Layer: met1
      Partial area ratio:   24.25
      Required ratio:    0.00 (Gate area) 
      Cumulative area ratio:   24.25
      Required ratio:    0.00 (Cumulative area) 
      Partial area ratio:  119.85
      Required ratio:  400.00 (Side area) 
      Cumulative area ratio:  119.85
      Required ratio:    0.00 (Cumulative side area) 

    Layer: via
      Partial area ratio:    0.27
      Required ratio:    6.00 (Gate area) 
      Cumulative area ratio:    0.39
      Required ratio:    0.00 (Cumulative area) 

    Layer: met2
      Partial area ratio:   28.47
      Required ratio:    0.00 (Gate area) 
      Cumulative area ratio:   52.72
      Required ratio:    0.00 (Cumulative area) 
      Partial area ratio:  141.48
      Required ratio: 2918.08 (Side area) 
      Cumulative area ratio:  261.33
      Required ratio:    0.00 (Cumulative side area) 


  Pin:   _12341_/A (sky130_fd_sc_hd__nand2_1)
    Layer: mcon
      Partial area ratio:    0.12
      Required ratio:    3.00 (Gate area) 
      Cumulative area ratio:    0.12
      Required ratio:    0.00 (Cumulative area) 

    Layer: met1
      Partial area ratio:    4.88
      Required ratio:    0.00 (Gate area) 
      Cumulative area ratio:    4.88
      Required ratio:    0.00 (Cumulative area) 
      Partial area ratio:   23.21
      Required ratio:  400.00 (Side area) 
      Cumulative area ratio:   23.21
      Required ratio:    0.00 (Cumulative side area) 

    Layer: via
      Partial area ratio:    0.27
      Required ratio:    6.00 (Gate area) 
      Cumulative area ratio:    0.39
      Required ratio:    0.00 (Cumulative area) 

    Layer: met2
      Partial area ratio:   28.47
      Required ratio:    0.00 (Gate area) 
      Cumulative area ratio:   33.35
      Required ratio:    0.00 (Cumulative area) 
      Partial area ratio:  141.48
      Required ratio: 2918.08 (Side area) 
      Cumulative area ratio:  164.68
      Required ratio:    0.00 (Cumulative side area) 


  Pin:   _12366_/A (sky130_fd_sc_hd__and2_0)
    Layer: mcon
      Partial area ratio:    0.23
      Required ratio:    3.00 (Gate area) 
      Cumulative area ratio:    0.23
      Required ratio:    0.00 (Cumulative area) 

    Layer: met1
      Partial area ratio:   95.00
      Required ratio:    0.00 (Gate area) 
      Cumulative area ratio:   95.00
      Required ratio:    0.00 (Cumulative area) 
      Partial area ratio:  472.68
      Required ratio:  400.00 (Side area) (VIOLATED)
      Cumulative area ratio:  472.68
      Required ratio:    0.00 (Cumulative side area) 

    Layer: via
      Partial area ratio:    0.54
      Required ratio:    6.00 (Gate area) 
      Cumulative area ratio:    0.77
      Required ratio:    0.00 (Cumulative area) 

    Layer: met2
      Partial area ratio:   28.47
      Required ratio:    0.00 (Gate area) 
      Cumulative area ratio:  123.47
      Required ratio:    0.00 (Cumulative area) 
      Partial area ratio:  141.48
      Required ratio: 2918.08 (Side area) 
      Cumulative area ratio:  614.16
      Required ratio:    0.00 (Cumulative side area) 



Net: net1270
  Pin:   _11094_/A (sky130_fd_sc_hd__nand2_1)
    Layer: mcon
      Partial area ratio:    0.12
      Required ratio:    3.00 (Gate area) 
      Cumulative area ratio:    0.12
      Required ratio:    0.00 (Cumulative area) 

    Layer: met1
      Partial area ratio:    3.42
      Required ratio:    0.00 (Gate area) 
      Cumulative area ratio:    3.42
      Required ratio:    0.00 (Cumulative area) 
      Partial area ratio:   16.35
      Required ratio:  400.00 (Side area) 
      Cumulative area ratio:   16.35
      Required ratio:    0.00 (Cumulative side area) 

    Layer: via
      Partial area ratio:    0.18
      Required ratio:    6.00 (Gate area) 
      Cumulative area ratio:    0.30
      Required ratio:    0.00 (Cumulative area) 

    Layer: met2
      Partial area ratio:    6.96
      Required ratio:    0.00 (Gate area) 
      Cumulative area ratio:   10.38
      Required ratio:    0.00 (Cumulative area) 
      Partial area ratio:   34.36
      Required ratio:  400.00 (Side area) 
      Cumulative area ratio:   50.71
      Required ratio:    0.00 (Cumulative side area) 

    Layer: via2
      Partial area ratio:    0.09
      Required ratio:    6.00 (Gate area) 
      Cumulative area ratio:    0.39
      Required ratio:    0.00 (Cumulative area) 

    Layer: met3
      Partial area ratio:    4.89
      Required ratio:    0.00 (Gate area) 
      Cumulative area ratio:   15.26
      Required ratio:    0.00 (Cumulative area) 
      Partial area ratio:   26.44
      Required ratio: 3312.80 (Side area) 
      Cumulative area ratio:   77.15
      Required ratio:    0.00 (Cumulative side area) 


  Pin:   _13583_/A (sky130_fd_sc_hd__and2_1)
    Layer: mcon
      Partial area ratio:    0.23
      Required ratio:    3.00 (Gate area) 
      Cumulative area ratio:    0.23
      Required ratio:    0.00 (Cumulative area) 

    Layer: met1
      Partial area ratio:   24.08
      Required ratio:    0.00 (Gate area) 
      Cumulative area ratio:   24.08
      Required ratio:    0.00 (Cumulative area) 
      Partial area ratio:  119.14
      Required ratio:  400.00 (Side area) 
      Cumulative area ratio:  119.14
      Required ratio:    0.00 (Cumulative side area) 

    Layer: via
      Partial area ratio:    0.24
      Required ratio:    6.00 (Gate area) 
      Cumulative area ratio:    0.47
      Required ratio:    0.00 (Cumulative area) 

    Layer: met2
      Partial area ratio:   50.69
      Required ratio:    0.00 (Gate area) 
      Cumulative area ratio:   74.77
      Required ratio:    0.00 (Cumulative area) 
      Partial area ratio:  252.57
      Required ratio: 3312.80 (Side area) 
      Cumulative area ratio:  371.70
      Required ratio:    0.00 (Cumulative side area) 

    Layer: via2
      Partial area ratio:    0.05
      Required ratio:   70.15 (Gate area) 
      Cumulative area ratio:    0.52
      Required ratio:    0.00 (Cumulative area) 

    Layer: met3
      Partial area ratio:    4.89
      Required ratio:    0.00 (Gate area) 
      Cumulative area ratio:   79.66
      Required ratio:    0.00 (Cumulative area) 
      Partial area ratio:   26.44
      Required ratio: 3312.80 (Side area) 
      Cumulative area ratio:  398.14
      Required ratio:    0.00 (Cumulative side area) 


  Pin:   _13584_/A (sky130_fd_sc_hd__nand2_1)
    Layer: mcon
      Partial area ratio:    0.12
      Required ratio:    3.00 (Gate area) 
      Cumulative area ratio:    0.12
      Required ratio:    0.00 (Cumulative area) 

    Layer: met1
      Partial area ratio:    3.02
      Required ratio:    0.00 (Gate area) 
      Cumulative area ratio:    3.02
      Required ratio:    0.00 (Cumulative area) 
      Partial area ratio:   14.33
      Required ratio:  400.00 (Side area) 
      Cumulative area ratio:   14.33
      Required ratio:    0.00 (Cumulative side area) 

    Layer: via
      Partial area ratio:    0.18
      Required ratio:    6.00 (Gate area) 
      Cumulative area ratio:    0.30
      Required ratio:    0.00 (Cumulative area) 

    Layer: met2
      Partial area ratio:   50.69
      Required ratio:    0.00 (Gate area) 
      Cumulative area ratio:   53.71
      Required ratio:    0.00 (Cumulative area) 
      Partial area ratio:  252.57
      Required ratio: 3312.80 (Side area) 
      Cumulative area ratio:  266.90
      Required ratio:    0.00 (Cumulative side area) 

    Layer: via2
      Partial area ratio:    0.05
      Required ratio:   70.15 (Gate area) 
      Cumulative area ratio:    0.35
      Required ratio:    0.00 (Cumulative area) 

    Layer: met3
      Partial area ratio:    4.89
      Required ratio:    0.00 (Gate area) 
      Cumulative area ratio:   58.59
      Required ratio:    0.00 (Cumulative area) 
      Partial area ratio:   26.44
      Required ratio: 3312.80 (Side area) 
      Cumulative area ratio:  293.34
      Required ratio:    0.00 (Cumulative side area) 


  Pin:   _13586_/B2 (sky130_fd_sc_hd__a22o_1)
    Layer: mcon
      Partial area ratio:    0.12
      Required ratio:    3.00 (Gate area) 
      Cumulative area ratio:    0.12
      Required ratio:    0.00 (Cumulative area) 

    Layer: met1
      Partial area ratio:   24.08
      Required ratio:    0.00 (Gate area) 
      Cumulative area ratio:   24.08
      Required ratio:    0.00 (Cumulative area) 
      Partial area ratio:  119.14
      Required ratio:  400.00 (Side area) 
      Cumulative area ratio:  119.14
      Required ratio:    0.00 (Cumulative side area) 

    Layer: via
      Partial area ratio:    0.24
      Required ratio:    6.00 (Gate area) 
      Cumulative area ratio:    0.36
      Required ratio:    0.00 (Cumulative area) 

    Layer: met2
      Partial area ratio:   50.69
      Required ratio:    0.00 (Gate area) 
      Cumulative area ratio:   74.77
      Required ratio:    0.00 (Cumulative area) 
      Partial area ratio:  252.57
      Required ratio: 3312.80 (Side area) 
      Cumulative area ratio:  371.70
      Required ratio:    0.00 (Cumulative side area) 

    Layer: via2
      Partial area ratio:    0.05
      Required ratio:   70.15 (Gate area) 
      Cumulative area ratio:    0.41
      Required ratio:    0.00 (Cumulative area) 

    Layer: met3
      Partial area ratio:    4.89
      Required ratio:    0.00 (Gate area) 
      Cumulative area ratio:   79.66
      Required ratio:    0.00 (Cumulative area) 
      Partial area ratio:   26.44
      Required ratio: 3312.80 (Side area) 
      Cumulative area ratio:  398.14
      Required ratio:    0.00 (Cumulative side area) 


  Pin:   fanout1255/A (sky130_fd_sc_hd__clkdlybuf4s50_1)
    Layer: mcon
      Partial area ratio:    0.14
      Required ratio:    3.00 (Gate area) 
      Cumulative area ratio:    0.14
      Required ratio:    0.00 (Cumulative area) 

    Layer: met1
      Partial area ratio:    2.32
      Required ratio:    0.00 (Gate area) 
      Cumulative area ratio:    2.32
      Required ratio:    0.00 (Cumulative area) 
      Partial area ratio:   10.72
      Required ratio:  400.00 (Side area) 
      Cumulative area ratio:   10.72
      Required ratio:    0.00 (Cumulative side area) 

    Layer: via
      Partial area ratio:    0.21
      Required ratio:    6.00 (Gate area) 
      Cumulative area ratio:    0.35
      Required ratio:    0.00 (Cumulative area) 

    Layer: met2
      Partial area ratio:    6.96
      Required ratio:    0.00 (Gate area) 
      Cumulative area ratio:    9.27
      Required ratio:    0.00 (Cumulative area) 
      Partial area ratio:   34.36
      Required ratio:  400.00 (Side area) 
      Cumulative area ratio:   45.09
      Required ratio:    0.00 (Cumulative side area) 

    Layer: via2
      Partial area ratio:    0.09
      Required ratio:    6.00 (Gate area) 
      Cumulative area ratio:    0.43
      Required ratio:    0.00 (Cumulative area) 

    Layer: met3
      Partial area ratio:    4.89
      Required ratio:    0.00 (Gate area) 
      Cumulative area ratio:   14.16
      Required ratio:    0.00 (Cumulative area) 
      Partial area ratio:   26.44
      Required ratio: 3312.80 (Side area) 
      Cumulative area ratio:   71.52
      Required ratio:    0.00 (Cumulative side area) 


  Pin:   fanout1260/A (sky130_fd_sc_hd__clkdlybuf4s15_2)
    Layer: mcon
      Partial area ratio:    0.14
      Required ratio:    3.00 (Gate area) 
      Cumulative area ratio:    0.14
      Required ratio:    0.00 (Cumulative area) 

    Layer: met1
      Partial area ratio:   83.78
      Required ratio:    0.00 (Gate area) 
      Cumulative area ratio:   83.78
      Required ratio:    0.00 (Cumulative area) 
      Partial area ratio:  418.01
      Required ratio:  400.00 (Side area) (VIOLATED)
      Cumulative area ratio:  418.01
      Required ratio:    0.00 (Cumulative side area) 

    Layer: via
      Partial area ratio:    0.21
      Required ratio:    6.00 (Gate area) 
      Cumulative area ratio:    0.35
      Required ratio:    0.00 (Cumulative area) 

    Layer: met2
      Partial area ratio:   50.69
      Required ratio:    0.00 (Gate area) 
      Cumulative area ratio:  134.46
      Required ratio:    0.00 (Cumulative area) 
      Partial area ratio:  252.57
      Required ratio: 3312.80 (Side area) 
      Cumulative area ratio:  670.57
      Required ratio:    0.00 (Cumulative side area) 

    Layer: via2
      Partial area ratio:    0.05
      Required ratio:   70.15 (Gate area) 
      Cumulative area ratio:    0.39
      Required ratio:    0.00 (Cumulative area) 

    Layer: met3
      Partial area ratio:    4.89
      Required ratio:    0.00 (Gate area) 
      Cumulative area ratio:  139.35
      Required ratio:    0.00 (Cumulative area) 
      Partial area ratio:   26.44
      Required ratio: 3312.80 (Side area) 
      Cumulative area ratio:  697.01
      Required ratio:    0.00 (Cumulative side area) 



Net: net1306
  Pin:   _09235_/A1 (sky130_fd_sc_hd__o21ai_0)
    Layer: mcon
      Partial area ratio:    0.18
      Required ratio:    3.00 (Gate area) 
      Cumulative area ratio:    0.18
      Required ratio:    0.00 (Cumulative area) 

    Layer: met1
      Partial area ratio:   86.49
      Required ratio:    0.00 (Gate area) 
      Cumulative area ratio:   86.49
      Required ratio:    0.00 (Cumulative area) 
      Partial area ratio:  430.61
      Required ratio:  400.00 (Side area) (VIOLATED)
      Cumulative area ratio:  430.61
      Required ratio:    0.00 (Cumulative side area) 

    Layer: via
      Partial area ratio:    0.42
      Required ratio:    6.00 (Gate area) 
      Cumulative area ratio:    0.61
      Required ratio:    0.00 (Cumulative area) 

    Layer: met2
      Partial area ratio:   25.33
      Required ratio:    0.00 (Gate area) 
      Cumulative area ratio:  111.82
      Required ratio:    0.00 (Cumulative area) 
      Partial area ratio:  125.88
      Required ratio: 3312.80 (Side area) 
      Cumulative area ratio:  556.49
      Required ratio:    0.00 (Cumulative side area) 


  Pin:   _15691_/B (sky130_fd_sc_hd__nand2_1)
    Layer: mcon
      Partial area ratio:    0.12
      Required ratio:    3.00 (Gate area) 
      Cumulative area ratio:    0.12
      Required ratio:    0.00 (Cumulative area) 

    Layer: met1
      Partial area ratio:    3.02
      Required ratio:    0.00 (Gate area) 
      Cumulative area ratio:    3.02
      Required ratio:    0.00 (Cumulative area) 
      Partial area ratio:   14.33
      Required ratio:  400.00 (Side area) 
      Cumulative area ratio:   14.33
      Required ratio:    0.00 (Cumulative side area) 

    Layer: via
      Partial area ratio:    0.18
      Required ratio:    6.00 (Gate area) 
      Cumulative area ratio:    0.30
      Required ratio:    0.00 (Cumulative area) 

    Layer: met2
      Partial area ratio:   25.33
      Required ratio:    0.00 (Gate area) 
      Cumulative area ratio:   28.35
      Required ratio:    0.00 (Cumulative area) 
      Partial area ratio:  125.88
      Required ratio: 3312.80 (Side area) 
      Cumulative area ratio:  140.21
      Required ratio:    0.00 (Cumulative side area) 


  Pin:   _15710_/B (sky130_fd_sc_hd__nand2_1)
    Layer: mcon
      Partial area ratio:    0.12
      Required ratio:    3.00 (Gate area) 
      Cumulative area ratio:    0.12
      Required ratio:    0.00 (Cumulative area) 

    Layer: met1
      Partial area ratio:    2.80
      Required ratio:    0.00 (Gate area) 
      Cumulative area ratio:    2.80
      Required ratio:    0.00 (Cumulative area) 
      Partial area ratio:   13.26
      Required ratio:  400.00 (Side area) 
      Cumulative area ratio:   13.26
      Required ratio:    0.00 (Cumulative side area) 

    Layer: via
      Partial area ratio:    0.18
      Required ratio:    6.00 (Gate area) 
      Cumulative area ratio:    0.30
      Required ratio:    0.00 (Cumulative area) 

    Layer: met2
      Partial area ratio:   25.33
      Required ratio:    0.00 (Gate area) 
      Cumulative area ratio:   28.13
      Required ratio:    0.00 (Cumulative area) 
      Partial area ratio:  125.88
      Required ratio: 3312.80 (Side area) 
      Cumulative area ratio:  139.14
      Required ratio:    0.00 (Cumulative side area) 


  Pin:   _16195_/A (sky130_fd_sc_hd__nand2_1)
    Layer: mcon
      Partial area ratio:    0.12
      Required ratio:    3.00 (Gate area) 
      Cumulative area ratio:    0.12
      Required ratio:    0.00 (Cumulative area) 

    Layer: met1
      Partial area ratio:    2.06
      Required ratio:    0.00 (Gate area) 
      Cumulative area ratio:    2.06
      Required ratio:    0.00 (Cumulative area) 
      Partial area ratio:    9.57
      Required ratio:  400.00 (Side area) 
      Cumulative area ratio:    9.57
      Required ratio:    0.00 (Cumulative side area) 

    Layer: via
      Partial area ratio:    0.18
      Required ratio:    6.00 (Gate area) 
      Cumulative area ratio:    0.30
      Required ratio:    0.00 (Cumulative area) 

    Layer: met2
      Partial area ratio:   25.33
      Required ratio:    0.00 (Gate area) 
      Cumulative area ratio:   27.40
      Required ratio:    0.00 (Cumulative area) 
      Partial area ratio:  125.88
      Required ratio: 3312.80 (Side area) 
      Cumulative area ratio:  135.45
      Required ratio:    0.00 (Cumulative side area) 


  Pin:   fanout1303/A (sky130_fd_sc_hd__clkdlybuf4s15_2)
    Layer: mcon
      Partial area ratio:    0.14
      Required ratio:    3.00 (Gate area) 
      Cumulative area ratio:    0.14
      Required ratio:    0.00 (Cumulative area) 

    Layer: met1
      Partial area ratio:   10.68
      Required ratio:    0.00 (Gate area) 
      Cumulative area ratio:   10.68
      Required ratio:    0.00 (Cumulative area) 
      Partial area ratio:   52.00
      Required ratio:  400.00 (Side area) 
      Cumulative area ratio:   52.00
      Required ratio:    0.00 (Cumulative side area) 

    Layer: via
      Partial area ratio:    0.32
      Required ratio:    6.00 (Gate area) 
      Cumulative area ratio:    0.45
      Required ratio:    0.00 (Cumulative area) 

    Layer: met2
      Partial area ratio:   25.33
      Required ratio:    0.00 (Gate area) 
      Cumulative area ratio:   36.01
      Required ratio:    0.00 (Cumulative area) 
      Partial area ratio:  125.88
      Required ratio: 3312.80 (Side area) 
      Cumulative area ratio:  177.88
      Required ratio:    0.00 (Cumulative side area) 



Net: clknet_5_16__leaf_clk
  Pin:   _18493_/CLK (sky130_fd_sc_hd__dfrtp_2)
    Layer: mcon
      Partial area ratio:    0.18
      Required ratio:    3.00 (Gate area) 
      Cumulative area ratio:    0.18
      Required ratio:    0.00 (Cumulative area) 

    Layer: met1
      Partial area ratio:    2.46
      Required ratio:    0.00 (Gate area) 
      Cumulative area ratio:    2.46
      Required ratio:    0.00 (Cumulative area) 
      Partial area ratio:   11.14
      Required ratio:  400.00 (Side area) 
      Cumulative area ratio:   11.14
      Required ratio:    0.00 (Cumulative side area) 

    Layer: via
      Partial area ratio:    0.28
      Required ratio:    6.00 (Gate area) 
      Cumulative area ratio:    0.46
      Required ratio:    0.00 (Cumulative area) 

    Layer: met2
      Partial area ratio:   20.61
      Required ratio:    0.00 (Gate area) 
      Cumulative area ratio:   23.08
      Required ratio:    0.00 (Cumulative area) 
      Partial area ratio:  102.26
      Required ratio: 3872.32 (Side area) 
      Cumulative area ratio:  113.39
      Required ratio:    0.00 (Cumulative side area) 


  Pin:   _18511_/CLK (sky130_fd_sc_hd__dfrtp_1)
    Layer: mcon
      Partial area ratio:    0.18
      Required ratio:    3.00 (Gate area) 
      Cumulative area ratio:    0.18
      Required ratio:    0.00 (Cumulative area) 

    Layer: met1
      Partial area ratio:  113.57
      Required ratio:    0.00 (Gate area) 
      Cumulative area ratio:  113.57
      Required ratio:    0.00 (Cumulative area) 
      Partial area ratio:  566.69
      Required ratio:  400.00 (Side area) (VIOLATED)
      Cumulative area ratio:  566.69
      Required ratio:    0.00 (Cumulative side area) 

    Layer: via
      Partial area ratio:    0.28
      Required ratio:    6.00 (Gate area) 
      Cumulative area ratio:    0.46
      Required ratio:    0.00 (Cumulative area) 

    Layer: met2
      Partial area ratio:   20.61
      Required ratio:    0.00 (Gate area) 
      Cumulative area ratio:  134.19
      Required ratio:    0.00 (Cumulative area) 
      Partial area ratio:  102.26
      Required ratio: 3872.32 (Side area) 
      Cumulative area ratio:  668.95
      Required ratio:    0.00 (Cumulative side area) 


  Pin:   _18529_/CLK (sky130_fd_sc_hd__dfrtp_1)
    Layer: mcon
      Partial area ratio:    0.18
      Required ratio:    3.00 (Gate area) 
      Cumulative area ratio:    0.18
      Required ratio:    0.00 (Cumulative area) 

    Layer: met1
      Partial area ratio:    4.76
      Required ratio:    0.00 (Gate area) 
      Cumulative area ratio:    4.76
      Required ratio:    0.00 (Cumulative area) 
      Partial area ratio:   22.63
      Required ratio:  400.00 (Side area) 
      Cumulative area ratio:   22.63
      Required ratio:    0.00 (Cumulative side area) 

    Layer: via
      Partial area ratio:    0.28
      Required ratio:    6.00 (Gate area) 
      Cumulative area ratio:    0.46
      Required ratio:    0.00 (Cumulative area) 

    Layer: met2
      Partial area ratio:   20.61
      Required ratio:    0.00 (Gate area) 
      Cumulative area ratio:   25.37
      Required ratio:    0.00 (Cumulative area) 
      Partial area ratio:  102.26
      Required ratio: 3872.32 (Side area) 
      Cumulative area ratio:  124.88
      Required ratio:    0.00 (Cumulative side area) 


  Pin:   _18534_/CLK (sky130_fd_sc_hd__dfrtp_1)
    Layer: mcon
      Partial area ratio:    0.18
      Required ratio:    3.00 (Gate area) 
      Cumulative area ratio:    0.18
      Required ratio:    0.00 (Cumulative area) 

    Layer: met1
      Partial area ratio:   14.40
      Required ratio:    0.00 (Gate area) 
      Cumulative area ratio:   14.40
      Required ratio:    0.00 (Cumulative area) 
      Partial area ratio:   70.13
      Required ratio:  400.00 (Side area) 
      Cumulative area ratio:   70.13
      Required ratio:    0.00 (Cumulative side area) 

    Layer: via
      Partial area ratio:    0.42
      Required ratio:    6.00 (Gate area) 
      Cumulative area ratio:    0.61
      Required ratio:    0.00 (Cumulative area) 

    Layer: met2
      Partial area ratio:   20.61
      Required ratio:    0.00 (Gate area) 
      Cumulative area ratio:   35.01
      Required ratio:    0.00 (Cumulative area) 
      Partial area ratio:  102.26
      Required ratio: 3872.32 (Side area) 
      Cumulative area ratio:  172.39
      Required ratio:    0.00 (Cumulative side area) 


  Pin:   _18535_/CLK (sky130_fd_sc_hd__dfrtp_1)
    Layer: mcon
      Partial area ratio:    0.18
      Required ratio:    3.00 (Gate area) 
      Cumulative area ratio:    0.18
      Required ratio:    0.00 (Cumulative area) 

    Layer: met1
      Partial area ratio:   15.76
      Required ratio:    0.00 (Gate area) 
      Cumulative area ratio:   15.76
      Required ratio:    0.00 (Cumulative area) 
      Partial area ratio:   76.98
      Required ratio:  400.00 (Side area) 
      Cumulative area ratio:   76.98
      Required ratio:    0.00 (Cumulative side area) 

    Layer: via
      Partial area ratio:    0.42
      Required ratio:    6.00 (Gate area) 
      Cumulative area ratio:    0.61
      Required ratio:    0.00 (Cumulative area) 

    Layer: met2
      Partial area ratio:   20.61
      Required ratio:    0.00 (Gate area) 
      Cumulative area ratio:   36.38
      Required ratio:    0.00 (Cumulative area) 
      Partial area ratio:  102.26
      Required ratio: 3872.32 (Side area) 
      Cumulative area ratio:  179.23
      Required ratio:    0.00 (Cumulative side area) 


  Pin:   _18587_/CLK (sky130_fd_sc_hd__dfrtp_1)
    Layer: mcon
      Partial area ratio:    0.18
      Required ratio:    3.00 (Gate area) 
      Cumulative area ratio:    0.18
      Required ratio:    0.00 (Cumulative area) 

    Layer: met1
      Partial area ratio:    3.24
      Required ratio:    0.00 (Gate area) 
      Cumulative area ratio:    3.24
      Required ratio:    0.00 (Cumulative area) 
      Partial area ratio:   15.01
      Required ratio:  400.00 (Side area) 
      Cumulative area ratio:   15.01
      Required ratio:    0.00 (Cumulative side area) 

    Layer: via
      Partial area ratio:    0.28
      Required ratio:    6.00 (Gate area) 
      Cumulative area ratio:    0.46
      Required ratio:    0.00 (Cumulative area) 

    Layer: met2
      Partial area ratio:   20.61
      Required ratio:    0.00 (Gate area) 
      Cumulative area ratio:   23.85
      Required ratio:    0.00 (Cumulative area) 
      Partial area ratio:  102.26
      Required ratio: 3872.32 (Side area) 
      Cumulative area ratio:  117.27
      Required ratio:    0.00 (Cumulative side area) 



Net: net1574
  Pin:   fanout531/A (sky130_fd_sc_hd__clkdlybuf4s50_1)
    Layer: mcon
      Partial area ratio:    0.14
      Required ratio:    3.00 (Gate area) 
      Cumulative area ratio:    0.14
      Required ratio:    0.00 (Cumulative area) 

    Layer: met1
      Partial area ratio:    1.49
      Required ratio:    0.00 (Gate area) 
      Cumulative area ratio:    1.49
      Required ratio:    0.00 (Cumulative area) 
      Partial area ratio:    6.86
      Required ratio:  400.00 (Side area) 
      Cumulative area ratio:    6.86
      Required ratio:    0.00 (Cumulative side area) 

    Layer: via
      Partial area ratio:    0.16
      Required ratio:    6.00 (Gate area) 
      Cumulative area ratio:    0.30
      Required ratio:    0.00 (Cumulative area) 

    Layer: met2
      Partial area ratio:   49.01
      Required ratio:    0.00 (Gate area) 
      Cumulative area ratio:   50.50
      Required ratio:    0.00 (Cumulative area) 
      Partial area ratio:  244.37
      Required ratio: 2956.40 (Side area) 
      Cumulative area ratio:  251.23
      Required ratio:    0.00 (Cumulative side area) 


  Pin:   wire534/A (sky130_fd_sc_hd__buf_4)
    Layer: mcon
      Partial area ratio:    0.12
      Required ratio:    3.00 (Gate area) 
      Cumulative area ratio:    0.12
      Required ratio:    0.00 (Cumulative area) 

    Layer: met1
      Partial area ratio:   94.91
      Required ratio:    0.00 (Gate area) 
      Cumulative area ratio:   94.91
      Required ratio:    0.00 (Cumulative area) 
      Partial area ratio:  473.79
      Required ratio:  400.00 (Side area) (VIOLATED)
      Cumulative area ratio:  473.79
      Required ratio:    0.00 (Cumulative side area) 

    Layer: via
      Partial area ratio:    0.18
      Required ratio:    6.00 (Gate area) 
      Cumulative area ratio:    0.30
      Required ratio:    0.00 (Cumulative area) 

    Layer: met2
      Partial area ratio:   49.01
      Required ratio:    0.00 (Gate area) 
      Cumulative area ratio:  143.92
      Required ratio:    0.00 (Cumulative area) 
      Partial area ratio:  244.37
      Required ratio: 2956.40 (Side area) 
      Cumulative area ratio:  718.16
      Required ratio:    0.00 (Cumulative side area) 



Net: net1671
  Pin:   wire777/A (sky130_fd_sc_hd__buf_4)
    Layer: mcon
      Partial area ratio:    0.12
      Required ratio:    3.00 (Gate area) 
      Cumulative area ratio:    0.12
      Required ratio:    0.00 (Cumulative area) 

    Layer: met1
      Partial area ratio:  113.66
      Required ratio:    0.00 (Gate area) 
      Cumulative area ratio:  113.66
      Required ratio:    0.00 (Cumulative area) 
      Partial area ratio:  567.75
      Required ratio:  400.00 (Side area) (VIOLATED)
      Cumulative area ratio:  567.75
      Required ratio:    0.00 (Cumulative side area) 

    Layer: via
      Partial area ratio:    0.18
      Required ratio:    6.00 (Gate area) 
      Cumulative area ratio:    0.30
      Required ratio:    0.00 (Cumulative area) 

    Layer: met2
      Partial area ratio:   20.68
      Required ratio:    0.00 (Gate area) 
      Cumulative area ratio:  134.34
      Required ratio:    0.00 (Cumulative area) 
      Partial area ratio:  102.84
      Required ratio: 2956.40 (Side area) 
      Cumulative area ratio:  670.59
      Required ratio:    0.00 (Cumulative side area) 



[INFO ANT-0002] Found 53 net violations.
[INFO ANT-0001] Found 58 pin violations.
